id,date,dnf,time,solving_method,device_name,device_model,device_color_scheme,user,one_turn_away_two_second_penalty,inspection_two_second_penalty,inspection_time,timer_time,missing_turn,solution,timer,description,session_name,session_ruleset,scramble,scramble_provider,ruleset,share_views,share_likes,share_comments,analysis_version,solution_rotation,pickup_time,putdown_time,solving_time,slice_turns,face_turns,quarter_turns,turns_per_second,total_recognition_time,total_execution_time,turns_after_solution,steps_skipped,step_0_name,step_0_moves,step_0_recorded_moves,step_0_skipped,step_0_has_turns,step_0_time,step_0_recognition_time,step_0_execution_time,step_0_cumulative_time,step_0_slice_turns,step_0_face_turns,step_0_quarter_turns,step_0_turns_per_second,step_1_name,step_1_moves,step_1_recorded_moves,step_1_skipped,step_1_has_turns,step_1_time,step_1_recognition_time,step_1_execution_time,step_1_cumulative_time,step_1_slice_turns,step_1_face_turns,step_1_quarter_turns,step_1_turns_per_second,step_2_name,step_2_moves,step_2_recorded_moves,step_2_skipped,step_2_has_turns,step_2_time,step_2_recognition_time,step_2_execution_time,step_2_cumulative_time,step_2_slice_turns,step_2_face_turns,step_2_quarter_turns,step_2_turns_per_second,step_3_name,step_3_moves,step_3_recorded_moves,step_3_skipped,step_3_has_turns,step_3_time,step_3_recognition_time,step_3_execution_time,step_3_cumulative_time,step_3_slice_turns,step_3_face_turns,step_3_quarter_turns,step_3_turns_per_second,step_4_name,step_4_moves,step_4_recorded_moves,step_4_skipped,step_4_has_turns,step_4_time,step_4_recognition_time,step_4_execution_time,step_4_cumulative_time,step_4_slice_turns,step_4_face_turns,step_4_quarter_turns,step_4_turns_per_second,step_5_name,step_5_moves,step_5_recorded_moves,step_5_skipped,step_5_has_turns,step_5_time,step_5_recognition_time,step_5_execution_time,step_5_cumulative_time,step_5_slice_turns,step_5_face_turns,step_5_quarter_turns,step_5_turns_per_second,step_6_name,step_6_moves,step_6_recorded_moves,step_6_skipped,step_6_has_turns,step_6_time,step_6_recognition_time,step_6_execution_time,step_6_cumulative_time,step_6_slice_turns,step_6_face_turns,step_6_quarter_turns,step_6_turns_per_second,step_7_name,step_7_moves,step_7_recorded_moves,step_7_skipped,step_7_has_turns,step_7_time,step_7_recognition_time,step_7_execution_time,step_7_cumulative_time,step_7_slice_turns,step_7_face_turns,step_7_quarter_turns,step_7_turns_per_second,step_8_name,step_8_moves,step_8_recorded_moves,step_8_skipped,step_8_has_turns,step_8_time,step_8_recognition_time,step_8_execution_time,step_8_cumulative_time,step_8_slice_turns,step_8_face_turns,step_8_quarter_turns,step_8_turns_per_second,step_0_case,step_1_case,step_2_case,step_3_case,step_4_case,step_5_case,step_6_case,step_7_case,step_8_case
110f7c27-8af5-45ec-8f85-763f659092f7,2024-08-08 05:02:45 UTC,true,,CFOP (2 look OLL),Newest Gan,Gan 356i 3,Gan 356i,Johan Abildskov,false,false,,,,,cube,,Speedsolving,standard_cube_allowed,U2 R U' F2 D' L U2 R' F D B2 U' B2 U2 F2 L2 D L2 U' F2,random_state,standard_cube_allowed,,,,,,,,,,,,,,,,,Cross,,,,,,,,,,,,,F2L Slot 1,,,,,,,,,,,,,F2L Slot 2,,,,,,,,,,,,,F2L Slot 3,,,,,,,,,,,,,F2L Slot 4,,,,,,,,,,,,,EOLL,,,,,,,,,,,,,OCLL,,,,,,,,,,,,,PLL,,,,,,,,,,,,,,,,,,,,,,,,,,,,,,,,,,
5d5d58e7-00a6-4eba-9e8b-e02dc48f6072,2024-08-01 05:07:57 UTC,false,68474,CFOP,Newest Gan,Gan 356i 3,Gan 356i,Johan Abildskov,false,false,5245,68474,,U'[0] D[777] L'[1315] L'[1434] D'[1750] D'[2007] B'[2600] B'[2678] R[3224] F'[3660] R'[3831] D[6076] R[6391] D[6636] R'[6808] R'[8369] D[8554] D[8817] R[9080] D[9323] B[9734] D[9976] B'[10335] D'[10469] D[12069] D[12202] F[13176] D[13452] F'[13802] D'[13964] D'[14234] F[14428] D[14605] F'[14783] F'[17580] D'[17767] F[17871] L[18838] D'[18991] D'[19180] L'[19511] D[19545] D[19791] L[20055] D'[20588] L'[20770] D[21288] D[21560] F'[21928] D'[22249] R'[22463] D[22564] R[22739] F[23015] L'[24273] D'[24397] L[24462] D'[24753] L'[24900] D'[25020] D'[25180] L[25221] D[27018] D[27103] R'[28135] D'[28235] R[28289] D'[29180] F'[29386] D[29852] F[30251] D[31483] R'[31895] D'[32004] R[32058] L[32940] L[33029] U[33168] L'[33401] D'[33841] D'[34027] L[34327] U'[34534] L'[34734] D'[34910] D'[35077] L'[35221] F[37195] D[37423] F'[38016] D'[39043] F[39817] D[40157] F'[40589] R'[41083] F'[42202] R[42546] F[42852] F[42937] D'[43104] F'[43258] D'[43435] B[45941] R'[46076] B'[46237] D[48596] D[48701] D[49652] R[49998] D[50307] R'[50653] D'[50899] R[51193] D'[51467] D'[51614] R'[51786] D[52206] R[52495] D'[52606] R'[52782] D'[53192] D'[53726] D'[53993] R'[54230] D[54277] R[54801] F[55684] D'[55814] F'[55974] D'[56437] R'[56661] D[56714] R[56896] F'[57472] R'[57791] D'[57923] R[57994] D[58195] F[58560] F[60043] L[60213] D[60465] L'[61085] D'[61208] L[61310] D[61801] L'[62206] D'[62313] L[62423] D[62697] L'[63122] D'[63193] F'[63597] D[64334] F'[65733] D'[65819] F[65874] D'[66184] F'[66344] D'[66504] D'[66625] F[66684] L[67378] D[67454] L'[67535] D[67843] L[67916] D[68208] D[68337] L'[68474],cube,,Speedsolving,standard_cube_allowed,L' F' B' L B R D R' L U' F2 R2 D2 L2 U R2 U L2 U' R2 U L2,random_state,standard_cube_allowed,,,,8,DB,0,0,68474,149,149,170,2.18,11551,56923,"",0,Cross,z2 D' U R2' U2' B2' L F' L',z2[0] D'[0] U[777] R2'[1434] U2'[2007] B2'[2678] L[3224] F'[3660] L'[3831],false,true,3831,0,3831,3831,8,8,11,2.09,F2L Slot 1,U L U L',U[6076] L[6391] U[6636] L'[6808],false,true,2977,2560,417,6808,4,4,4,9.59,F2L Slot 2,L' U2 L U B U B',L'[8369] U2[8817] L[9080] U[9323] B[9734] U[9976] B'[10335],false,true,3527,1561,1966,10335,7,7,8,3.56,F2L Slot 3,U' U2 F U F' U2' F U F' F' U' F R U2' R' U2 R U' R' U2 F' U' L' U L F R' U' R U' R' U2' R U2 L' U' L U' F' U F,U'[10469] U2[12202] F[13176] U[13452] F'[13802] U2'[14234] F[14428] U[14605] F'[14783] F'[17580] U'[17767] F[17871] R[18838] U2'[19180] R'[19511] U2[19791] R[20055] U'[20588] R'[20770] U2[21560] F'[21928] U'[22249] L'[22463] U[22564] L[22739] F[23015] R'[24273] U'[24397] R[24462] U'[24753] R'[24900] U2'[25180] R[25221] U2[27103] L'[28135] U'[28235] L[28289] U'[29180] F'[29386] U[29852] F[30251],false,true,19916,2841,17075,30251,41,41,48,2.4,F2L Slot 4,U L' U' L,U[31483] L'[31895] U'[32004] L[32058],false,true,1807,1644,163,32058,4,4,4,24.54,OLL,R2 D R' U2' R D' R' U2' R',R2[33029] D[33168] R'[33401] U2'[34027] R[34327] D'[34534] R'[34734] U2'[35077] R'[35221],false,true,3163,971,2192,35221,9,9,12,4.11,PLL,F U F' U' F U F' L' F' L F2 U' F' U' B L' B' U2 U L U L' U' L U2' L' U L U' L' U3' L' U L F U' F' U' L' U L F' L' U' L U F F R U R' U' R U R' U' R U R' U' F' U F' U' F U' F' U2' F R U R' U R U2 R',F[37195] U[37423] F'[38016] U'[39043] F[39817] U[40157] F'[40589] L'[41083] F'[42202] L[42546] F2[42937] U'[43104] F'[43258] U'[43435] B[45941] L'[46076] B'[46237] U2[48701] U[49652] L[49998] U[50307] L'[50653] U'[50899] L[51193] U2'[51614] L'[51786] U[52206] L[52495] U'[52606] L'[52782] U3'[53993] L'[54230] U[54277] L[54801] F[55684] U'[55814] F'[55974] U'[56437] L'[56661] U[56714] L[56896] F'[57472] L'[57791] U'[57923] L[57994] U[58195] F[58560] F[60043] R[60213] U[60465] R'[61085] U'[61208] R[61310] U[61801] R'[62206] U'[62313] R[62423] U[62697] R'[63122] U'[63193] F'[63597] U[64334] F'[65733] U'[65819] F[65874] U'[66184] F'[66344] U2'[66625] F[66684] R[67378] U[67454] R'[67535] U[67843] R[67916] U2[68337] R'[68474],false,true,33253,1974,31279,68474,76,76,83,2.43,,,,,,,,,,,,,,,,,,,,,,,,,,,,14,BR->FR 2,"[BL,BR]->FR 59",12,23,T,,
5193006d-eb77-4c88-940b-b450d0539db2,2024-08-01 05:10:06 UTC,false,48762,CFOP,Newest Gan,Gan 356i 3,Gan 356i,Johan Abildskov,false,false,5086,48762,,L[0] B[835] F'[1841] U[2870] L'[3603] D'[4416] F'[4937] F'[5020] D[6951] R[7767] D'[7882] R'[8066] D'[8713] R'[9200] D'[9312] D'[9507] R[9575] B'[12152] D[12325] B[12607] B[12673] D[13115] B'[13460] D[14929] D[16141] L[16471] D'[16745] L'[16980] D[17237] L[17526] D'[17820] L'[18104] D[18394] L[18666] D'[18891] L'[19141] R[20730] D[20949] R'[21233] D'[21540] B[22222] U[22474] B'[22927] D[23034] B[23274] U[23993] U'[24861] U'[25416] B'[25927] D'[26041] B'[26462] D[26492] B[26711] R'[28100] B'[28413] D'[28535] B[28621] D[28826] R[29071] R'[29836] B'[30199] D'[30369] B[30437] D[30731] R[31008] D'[31518] B[31821] R[32139] F'[32565] R'[32658] B'[32934] R[33127] F[33279] R'[33536] R[36104] F'[36211] R[36496] B'[37286] B'[37907] R'[38456] F[38652] R[38931] B'[39343] B'[39427] R'[39555] R'[39880] D'[41306] D[43548] B[45696] R'[46219] B[46489] L'[46883] L'[46976] B'[47331] R[47562] B[47786] L'[48253] L'[48355] B'[48566] B'[48762],cube,,Speedsolving,standard_cube_allowed,F D R' F2 L' F U F R' B R2 B2 D' R2 B2 D2 R2 U' L2 U F2 L2,random_state,standard_cube_allowed,,,,8,DB,0,0,48762,90,90,100,1.85,13881,34881,"",0,Cross,z2 R B F' D R' U' F2',z2[0] R[0] B[835] F'[1841] D[2870] R'[3603] U'[4416] F2'[5020],false,true,5020,0,5020,5020,7,7,8,1.39,F2L Slot 1,U L U' L' U' L' U2' L,U[6951] L[7767] U'[7882] L'[8066] U'[8713] L'[9200] U2'[9507] L[9575],false,true,4555,2747,1808,9575,8,8,9,4.42,F2L Slot 2,B' U B2 U B',B'[12152] U[12325] B2[12673] U[13115] B'[13460],false,true,3885,2577,1308,13460,5,5,6,3.82,F2L Slot 3,U U R U' R' U R U' R' U R U' R',U[14929] U[16141] R[16471] U'[16745] R'[16980] U[17237] R[17526] U'[17820] R'[18104] U[18394] R[18666] U'[18891] R'[19141],false,true,5681,3011,2670,19141,13,13,13,4.87,F2L Slot 4,L U L' U' B D B' U B D D2' B' U' B' U B,L[20730] U[20949] L'[21233] U'[21540] B[22222] D[22474] B'[22927] U[23034] B[23274] D[23993] D2'[25416] B'[25927] U'[26041] B'[26462] U[26492] B[26711],false,true,7570,1589,5981,26711,16,16,17,2.68,OLL,L' B' U' B U L L' B' U' B U L U' B L F' L' B' L F L',L'[28100] B'[28413] U'[28535] B[28621] U[28826] L[29071] L'[29836] B'[30199] U'[30369] B[30437] U[30731] L[31008] U'[31518] B[31821] L[32139] F'[32565] L'[32658] B'[32934] L[33127] F[33279] L'[33536],false,true,6825,1389,5436,33536,21,21,21,3.86,PLL,L F' L B2' L' F L B2' L2' U' U B L' B R2' B' L B R2' B2',L[36104] F'[36211] L[36496] B2'[37907] L'[38456] F[38652] L[38931] B2'[39427] L2'[39880] U'[41306] U[43548] B[45696] L'[46219] B[46489] R2'[46976] B'[47331] L[47562] B[47786] R2'[48355] B2'[48762],false,true,15226,2568,12658,48762,20,20,26,1.58,,,,,,,,,,,,,,,,,,,,,,,,,,,,139,BL->FR 8,"[FL,BR]->FR 37",42,12,E,,
01ebd67b-3693-44b3-815b-950dc4089177,2024-08-01 05:12:54 UTC,false,37664,CFOP (2 look OLL),Newest Gan,Gan 356i 3,Gan 356i,Johan Abildskov,false,false,3493,37664,,D'[0] F[779] D'[2347] B'[4250] U[4768] L[7256] F'[7940] F'[8036] D'[8461] B[8810] B[8924] R[11591] D'[11806] D'[11971] R'[12256] D[12384] F[12852] D'[13020] F'[13207] D'[14546] R[14981] D'[15149] R'[15342] D[15535] R[16000] D[16253] R'[16431] B[17545] D'[17801] B'[17999] L[19447] D'[19594] L'[19723] D[19993] F'[20590] D'[20765] F[20865] B[21876] D[22075] B'[22273] D[22607] B[22754] D[23118] D[23328] B'[23600] D[24415] D[24615] B'[29343] L[29585] B'[29934] R'[30552] R'[30680] B[30884] L'[31274] B'[31484] R'[31813] R'[31917] B[32159] B[32402] D'[32991] R'[34088] D'[34293] R[34349] D'[34703] R'[34893] D'[35076] D'[35234] R[35302] F[35970] D[36082] F'[36282] D[36587] F[36886] D[37320] D[37503] F'[37664],cube,,Speedsolving,standard_cube_allowed,L B L U D R2 B' R2 F' R' F2 U2 D' F2 D R2 D L2 F2 L2 U' L2,random_state,standard_cube_allowed,,,,8,DB,0,0,37664,66,66,76,1.75,13757,23907,"",1,Cross,z2 U' F U' B' D R F2' U' B2,z2[0] U'[0] F[779] U'[2347] B'[4250] D[4768] R[7256] F2'[8036] U'[8461] B2[8924],false,true,8924,0,8924,8924,9,9,11,1.01,F2L Slot 1,L U2' L' U F U' F',L[11591] U2'[11971] L'[12256] U[12384] F[12852] U'[13020] F'[13207],false,true,4283,2667,1616,13207,7,7,8,4.33,F2L Slot 2,U' L U' L' U L U L',U'[14546] L[14981] U'[15149] L'[15342] U[15535] L[16000] U[16253] L'[16431],false,true,3224,1774,1450,16431,8,8,8,5.52,F2L Slot 3,B U' B',B[17545] U'[17801] B'[17999],false,true,1568,1114,454,17999,3,3,3,6.61,F2L Slot 4,R U' R' U F' U' F,R[19447] U'[19594] R'[19723] U[19993] F'[20590] U'[20765] F[20865],false,true,2866,1448,1418,20865,7,7,7,4.94,EOLL,,"",true,false,0,0,0,20865,0,0,0,0,OCLL,B U B' U B U2 B',B[21876] U[22075] B'[22273] U[22607] B[22754] U2[23328] B'[23600],false,true,2735,1011,1724,23600,7,7,8,4.06,PLL,U2 B' R B' L2' B R' B' L2' B2 U' L' U' L U' L' U2' L F U F' U F U2 F',U2[24615] B'[29343] R[29585] B'[29934] L2'[30680] B[30884] R'[31274] B'[31484] L2'[31917] B2[32402] U'[32991] L'[34088] U'[34293] L[34349] U'[34703] L'[34893] U2'[35234] L[35302] F[35970] U[36082] F'[36282] U[36587] F[36886] U2[37503] F'[37664],false,true,14064,5743,8321,37664,25,25,31,3.0,,,,,,,,,,,,,,,9,BR->FR 20,"[BL,BR]->FR 21",18,Solved,S,Gd,
2dddb4b8-2ff1-42d3-b75f-77525e5ad927,2024-08-01 20:11:56 UTC,false,43529,CFOP,Newest Gan,Gan 356i 3,Gan 356i,Johan Abildskov,false,false,10236,43529,,L'[0] R'[582] R'[672] D'[3192] F[3547] L[4628] B'[4734] L'[4850] U[5252] U[5416] D[6380] D[6633] R[6886] D'[7053] R'[7230] D[7760] F'[8724] D'[8851] F[8966] F'[9629] D'[9745] F[9811] D[10352] L'[10780] D[10978] D[11179] L[11451] L[11960] D[12252] L'[12684] D[13470] R[14263] D'[14386] D'[15179] R'[15382] D'[15553] R[15692] D[16504] R'[16829] D[18289] R[18901] U[19140] R'[19661] D[19730] R[20193] U'[20561] R'[21086] D'[21237] R'[21564] D[21836] R[22064] L'[24598] D'[24734] D'[24863] L[24929] D'[25313] D'[25467] L'[25792] D[26082] L[26337] D'[26769] B'[27151] L'[27449] D'[27675] L[27765] D[27989] B[28314] D'[29295] R[30343] D[30506] R'[30682] D[30985] R[31078] D[31368] D[31491] R'[31591] D'[32359] F[35015] L'[35107] F[35372] R'[35755] R'[35821] F'[36225] L[36370] F[36615] R'[37051] R'[37126] F'[37325] F'[37503] D[37993] F'[38814] D'[38948] F[38987] D'[39381] F'[39632] D'[39864] D'[39979] F[40075] D'[40983] B[41514] D[41671] B'[41806] D[42121] B[42296] D[42690] D[42810] B'[42959] D[43529],cube,,Speedsolving,standard_cube_allowed,F U' L' F L' F U' L' D F L2 U' R2 F2 R2 U2 L2 F2 U' R2 F2 R2,random_state,standard_cube_allowed,,,,8,DB,0,0,43529,95,95,108,2.18,11893,31636,"",0,Cross,z2 R' L2' U' F R B' R' D2,z2[0] R'[0] L2'[672] U'[3192] F[3547] R[4628] B'[4734] R'[4850] D2[5416],false,true,5416,0,5416,5416,8,8,10,1.48,F2L Slot 1,U2 L U' L' U F' U' F F' U' F U R' U2 R2 U R',U2[6633] L[6886] U'[7053] L'[7230] U[7760] F'[8724] U'[8851] F[8966] F'[9629] U'[9745] F[9811] U[10352] R'[10780] U2[11179] R2[11960] U[12252] R'[12684],false,true,7268,1470,5798,12684,17,17,20,2.93,F2L Slot 2,U L U' U' L' U' L U L',U[13470] L[14263] U'[14386] U'[15179] L'[15382] U'[15553] L[15692] U[16504] L'[16829],false,true,4145,1579,2566,16829,9,9,9,3.51,F2L Slot 3,U L D L' U L D' L' U' L' U L,U[18289] L[18901] D[19140] L'[19661] U[19730] L[20193] D'[20561] L'[21086] U'[21237] L'[21564] U[21836] L[22064],false,true,5235,2072,3163,22064,12,12,12,3.79,F2L Slot 4,R' U2' R U2' R' U R,R'[24598] U2'[24863] R[24929] U2'[25467] R'[25792] U[26082] R[26337],false,true,4273,2534,1739,26337,7,7,9,4.03,OLL,U' B' R' U' R U B U' L U L' U L U2 L',U'[26769] B'[27151] R'[27449] U'[27675] R[27765] U[27989] B[28314] U'[29295] L[30343] U[30506] L'[30682] U[30985] L[31078] U2[31491] L'[31591],false,true,5254,814,4440,31591,15,15,16,3.38,PLL,U' F R' F L2' F' R F L2' F2' U F' U' F U' F' U2' F U' B U B' U B U2 B' U,U'[32359] F[35015] R'[35107] F[35372] L2'[35821] F'[36225] R[36370] F[36615] L2'[37126] F2'[37503] U[37993] F'[38814] U'[38948] F[38987] U'[39381] F'[39632] U2'[39979] F[40075] U'[40983] B[41514] U[41671] B'[41806] U[42121] B[42296] U2[42810] B'[42959] U[43529],false,true,11938,3424,8514,43529,27,27,32,3.17,,,,,,,,,,,,,,,,,,,,,,,,,,,,111,BL->FR 19,"[FL,BR]->FR 23",17,15,Rb,,
551b2f45-c18a-4086-a571-943f86b8acb3,2024-08-01 20:13:18 UTC,false,39043,CFOP,Newest Gan,Gan 356i 3,Gan 356i,Johan Abildskov,false,true,15524,37043,,U[0] D[1379] R'[2187] D'[2914] D'[3056] B'[3988] D'[4136] D'[4294] B[4336] D'[4814] B'[5230] D[5270] B[5735] L'[7326] D'[7443] L[7510] B[9148] D[9338] B'[9639] D'[9903] L[10464] D'[10584] L'[10769] R'[11187] D'[11334] R[11384] D[12551] R'[13565] D[13699] D[14057] R[14351] D[14511] R'[14769] D'[15119] R[15220] D[16932] D'[18142] L'[18286] D[18335] L[18522] B[19239] D'[19369] B'[19471] D'[19956] L'[20196] D[20228] L[20429] D'[21100] D'[21916] B[22231] R[22412] D[22669] R'[23038] D'[23108] B'[23472] B[23778] R[24006] D[24264] R'[24673] D'[24739] B'[25103] D'[26996] D[28599] F[29985] L'[30086] F[30338] R'[30695] R'[30773] F'[31170] L[31353] F[31570] R'[31925] R'[31992] F'[32116] F'[32369] D[32879] L[34383] D[34523] L'[34656] D[34932] L[35068] D[35365] D[35479] L'[35564] F'[36191] D'[36241] F[36323] D'[36588] F'[36751] D'[36874] D'[37005] F[37043],cube,,Speedsolving,standard_cube_allowed,F2 D R' U' R B D F2 B2 R' D R2 D' L2 U R2 U' R2 L2 D' F2,random_state,standard_cube_allowed,,,,8,DB,0,0,37043,84,84,92,2.27,13560,23483,"",0,Cross,z2 D U L',z2[0] D[0] U[1379] L'[2187],false,true,2187,0,2187,2187,3,3,3,1.37,F2L Slot 1,U2' B' U2' B U' B' U B,U2'[3056] B'[3988] U2'[4294] B[4336] U'[4814] B'[5230] U[5270] B[5735],false,true,3548,1801,1747,5735,8,8,10,4.58,F2L Slot 2,R' U' R B U B' U' R U' R',R'[7326] U'[7443] R[7510] B[9148] U[9338] B'[9639] U'[9903] R[10464] U'[10584] R'[10769],false,true,5034,1591,3443,10769,10,10,10,2.9,F2L Slot 3,L' U' L U L' U2 L U L' U' L,L'[11187] U'[11334] L[11384] U[12551] L'[13565] U2[14057] L[14351] U[14511] L'[14769] U'[15119] L[15220],false,true,4451,418,4033,15220,11,11,12,2.73,F2L Slot 4,U U' R' U R B U' B' U' R' U R,U[16932] U'[18142] R'[18286] U[18335] R[18522] B[19239] U'[19369] B'[19471] U'[19956] R'[20196] U[20228] R[20429],false,true,5209,3066,2143,20429,12,12,12,5.6,OLL,U' U' B L U L' U' B' B L U L' U' B',U'[21100] U'[21916] B[22231] L[22412] U[22669] L'[23038] U'[23108] B'[23472] B[23778] L[24006] U[24264] L'[24673] U'[24739] B'[25103],false,true,4674,1802,2872,25103,14,14,14,4.87,PLL,U' U F R' F L2' F' R F L2' F2' U R U R' U R U2 R' F' U' F U' F' U2' F,U'[26996] U[28599] F[29985] R'[30086] F[30338] L2'[30773] F'[31170] R[31353] F[31570] L2'[31992] F2'[32369] U[32879] R[34383] U[34523] R'[34656] U[34932] R[35068] U2[35479] R'[35564] F'[36191] U'[36241] F[36323] U'[36588] F'[36751] U2'[37005] F[37043],false,true,11940,4882,7058,37043,26,26,31,3.68,,,,,,,,,,,,,,,,,,,,,,,,,,,,10,BL->FR 32,"[FL,BR]->FR 45",32,48,Ga,,
63aec95a-2de4-4547-9089-196908121f4e,2024-08-01 20:14:36 UTC,false,38005,CFOP,Newest Gan,Gan 356i 3,Gan 356i,Johan Abildskov,false,false,6902,38005,,L[0] F[609] L'[1342] B[1702] D[1942] B'[2213] B'[3321] L'[3486] L'[3590] D[6143] D'[7400] L[7791] D'[7918] L'[8136] D[8323] L[8793] L[8882] L'[8954] D[8988] L'[9099] D[10422] R'[10816] D[10970] D[11207] R[11652] R[11714] D[12151] R'[12497] D'[14052] L'[14689] D'[14773] D'[14947] L[15009] D'[15697] L'[15947] D[16049] L[16252] D[18181] D'[19352] F[19736] D'[19857] F'[19996] D'[20360] R'[20888] D'[20976] R[21143] D'[21344] R'[21544] D[21705] R[21926] D[22663] F'[23030] D'[23354] R'[23515] D[23613] R[23790] F[24032] B'[25028] L[25302] B[25586] R'[25992] B'[26091] L'[26364] B[26560] R[26765] D[28488] R[30338] F'[30433] R[30696] B'[31070] B'[31155] R'[31547] F[31950] R[32181] B'[32550] B'[32662] R'[32833] R'[33080] D[33457] R'[34186] D'[34335] R[34398] D'[34684] R'[34872] D'[35018] D'[35148] R[35185] F[36044] D[36146] F'[36223] D[36543] F[36634] D[36952] F'[37135] F[37327] D[37535] F'[38005],cube,,Speedsolving,standard_cube_allowed,U' F2 R' U' F2 D F B U2 L U2 D2 F2 L2 D R2 D R2 L2 D2 L2,random_state,standard_cube_allowed,,,,8,DB,0,0,38005,88,88,97,2.32,16271,21734,"",0,Cross,z2 R F R' B U B' B' R2',z2[0] R[0] F[609] R'[1342] B[1702] U[1942] B'[2213] B'[3321] R2'[3590],false,true,3590,0,3590,3590,8,8,9,2.23,F2L Slot 1,U U' R U' R' U R2 R' U R',U[6143] U'[7400] R[7791] U'[7918] R'[8136] U[8323] R2[8882] R'[8954] U[8988] R'[9099],false,true,5509,4201,1308,9099,10,10,11,7.65,F2L Slot 2,U L' U2 L2 U L',U[10422] L'[10816] U2[11207] L2[11714] U[12151] L'[12497],false,true,3398,1717,1681,12497,6,6,8,3.57,F2L Slot 3,U' R' U2' R U' R' U R,U'[14052] R'[14689] U2'[14947] R[15009] U'[15697] R'[15947] U[16049] R[16252],false,true,3755,2192,1563,16252,8,8,9,5.12,F2L Slot 4,U U' F U' F' U' L' U' L U' L' U L,U[18181] U'[19352] F[19736] U'[19857] F'[19996] U'[20360] L'[20888] U'[20976] L[21143] U'[21344] L'[21544] U[21705] L[21926],false,true,5674,3484,2190,21926,13,13,13,5.94,OLL,U F' U' L' U L F B' R B L' B' R' B L,U[22663] F'[23030] U'[23354] L'[23515] U[23613] L[23790] F[24032] B'[25028] R[25302] B[25586] L'[25992] B'[26091] R'[26364] B[26560] L[26765],false,true,4839,1104,3735,26765,15,15,15,4.02,PLL,U L F' L B2' L' F L B2' L2' U L' U' L U' L' U2' L F U F' U F U F' F U F',U[28488] L[30338] F'[30433] L[30696] B2'[31155] L'[31547] F[31950] L[32181] B2'[32662] L2'[33080] U[33457] L'[34186] U'[34335] L[34398] U'[34684] L'[34872] U2'[35148] L[35185] F[36044] U[36146] F'[36223] U[36543] F[36634] U[36952] F'[37135] F[37327] U[37535] F'[38005],false,true,11240,3573,7667,38005,28,28,32,3.65,,,,,,,,,,,,,,,,,,,,,,,,,,,,20,BL->FR 2,"[FL,BR]->FR 10",22,29,Rb,,
22616b6c-2019-463b-80f6-f8d4b726cc17,2024-08-01 20:16:06 UTC,false,52808,CFOP,Newest Gan,Gan 356i 3,Gan 356i,Johan Abildskov,false,false,9914,52808,,B'[0] U[293] D[1194] B'[1693] B'[1761] D'[2077] D'[2277] F[4630] L[5034] L[5103] L[7465] D'[7566] D'[8033] L'[8249] D[10166] D[10875] B'[11595] D[11704] B[11975] D'[12454] B'[12808] D'[12939] B[12972] D[14999] F[15528] D'[15762] F'[15999] D'[16270] R'[16897] D'[16996] R[17115] L[18281] D'[18414] L'[18573] F'[19210] D'[19286] D'[19455] F[19543] B[20979] D[21242] B'[21527] D'[21877] L[22483] U[22793] L'[23757] D'[24376] D[25248] D[27740] L[28349] U'[29373] L'[30019] D'[30123] L'[30553] D[30989] L[31268] D'[31767] B[32128] R[32313] D[32573] R'[33038] D'[33336] B'[33732] D'[34723] D'[34850] R[35523] D[35628] R'[35737] D[36033] R[36095] D[36418] D[36545] R'[36938] D[39281] D'[41318] L'[42965] F[43182] L'[43430] B'[44378] B'[44482] L[44712] F'[45045] L'[45189] B'[45549] B'[45609] L[45851] L[46090] D'[46784] F'[48051] D'[48136] F[48246] D'[48528] F'[48680] D'[48787] D'[48926] F[48986] D'[49906] B[50524] D[50600] B'[50738] D[51038] B[51124] D[51389] D[51521] B'[51674] D'[52110] D'[52475] D'[52808],cube,,Speedsolving,standard_cube_allowed,U2 B2 L2 B R' B2 D' R' L B' R2 L2 U D L2 D' F2 D' R2 F2 D R2,random_state,standard_cube_allowed,,,,8,DB,0,0,52808,92,92,107,1.74,14407,38401,"",0,Cross,z2 B' D U B2' U2' F R2,z2[0] B'[0] D[293] U[1194] B2'[1761] U2'[2277] F[4630] R2[5103],false,true,5103,0,5103,5103,7,7,10,1.37,F2L Slot 1,R U2' R' U2 B' U B U' B' U' B,R[7465] U2'[8033] R'[8249] U2[10875] B'[11595] U[11704] B[11975] U'[12454] B'[12808] U'[12939] B[12972],false,true,7869,2362,5507,12972,11,11,13,2.0,F2L Slot 2,U F U' F' U' L' U' L,U[14999] F[15528] U'[15762] F'[15999] U'[16270] L'[16897] U'[16996] L[17115],false,true,4143,2556,1587,17115,8,8,8,5.04,F2L Slot 3,R U' R' F' U2' F,R[18281] U'[18414] R'[18573] F'[19210] U2'[19455] F[19543],false,true,2428,1166,1262,19543,6,6,7,4.75,F2L Slot 4,B U B' U' R D R' U' U U R D' R' U' R' U R,B[20979] U[21242] B'[21527] U'[21877] R[22483] D[22793] R'[23757] U'[24376] U[25248] U[27740] R[28349] D'[29373] R'[30019] U'[30123] R'[30553] U[30989] R[31268],false,true,11725,1436,10289,31268,17,17,17,1.65,OLL,U' B L U L' U' B' U2' L U L' U L U2 L',U'[31767] B[32128] L[32313] U[32573] L'[33038] U'[33336] B'[33732] U2'[34850] L[35523] U[35628] L'[35737] U[36033] L[36095] U2[36545] L'[36938],false,true,5670,860,4810,36938,15,15,17,3.12,PLL,U U' R' F R' B2' R F' R' B2' R2 U' F' U' F U' F' U2' F U' B U B' U B U2 B' U3',U[39281] U'[41318] R'[42965] F[43182] R'[43430] B2'[44482] R[44712] F'[45045] R'[45189] B2'[45609] R2[46090] U'[46784] F'[48051] U'[48136] F[48246] U'[48528] F'[48680] U2'[48926] F[48986] U'[49906] B[50524] U[50600] B'[50738] U[51038] B[51124] U2[51521] B'[51674] U3'[52808],false,true,15870,6027,9843,52808,28,28,35,2.84,,,,,,,,,,,,,,,,,,,,,,,,,,,,113,FL->FR 48,"[FL,BL]->FR 40",42,52,Gc,,
c4d1d8b6-1f6b-4e51-9af1-583e2e2df22e,2024-08-01 20:20:09 UTC,false,49607,CFOP,Newest Gan,Gan 356i 3,Gan 356i,Johan Abildskov,false,false,3021,49607,,F'[0] L'[820] D'[1916] L[2421] L[2506] F'[3773] D'[4526] R'[5430] R'[5825] D'[6092] D'[6609] L[7041] B'[7548] L'[7733] F[8761] D'[8882] F'[9012] D'[9283] D'[9431] B'[9777] D[10056] B[11265] D[13272] D[13420] D[14432] F'[15237] D[15696] F[16044] D'[16325] F'[16646] D'[16919] F[17043] D'[20446] D'[20805] F[22374] D'[22539] D'[22713] F'[22871] D[23196] F[23468] D'[23593] F'[23749] B[28701] D'[28851] D'[29017] B'[29182] D'[29498] D'[29671] B[29848] D[30040] B'[30194] D[30822] D'[31149] R'[31544] D'[31839] B'[32006] D[32066] B[32272] R[32566] D'[33428] D'[33557] D[34000] B[34554] D[34661] B'[34744] D[35040] B[35096] D[35443] D[35554] B'[35943] D'[37594] D'[37749] L[39458] B'[39534] L[39814] F'[40161] F'[40233] L'[40619] B[40907] L[41260] F'[41730] F'[41798] L'[41936] L'[42453] D[42914] B[44181] F'[44197] B[44444] F'[44457] U[44691] B[44976] F'[44987] B[45230] F'[45241] D[45510] F[46405] B'[46599] L[46658] L[46894] B[47252] F'[47283] B[47510] F'[47528] R[47676] R[48149] R[48403] R'[48804] F[49168] B'[49223] D[49389] D[49607],cube,,Speedsolving,standard_cube_allowed,R' F2 L2 D' R2 U R L2 B' U F2 D2 B2 L2 U2 D' F2 D' B2 U L2,random_state,standard_cube_allowed,,,,8,DB,0,0,49607,81,86,111,1.63,20148,29459,"",0,Cross,z2 F' R' U' R2 F' U' L2' U2' R B' R',z2[0] F'[0] R'[820] U'[1916] R2[2506] F'[3773] U'[4526] L2'[5825] U2'[6609] R[7041] B'[7548] R'[7733],false,true,7733,0,7733,7733,11,11,14,1.42,F2L Slot 1,F U' F' U2' B' U B,F[8761] U'[8882] F'[9012] U2'[9431] B'[9777] U[10056] B[11265],false,true,3532,1028,2504,11265,7,7,8,2.8,F2L Slot 2,U2 U F' U F U' F' U' F,U2[13420] U[14432] F'[15237] U[15696] F[16044] U'[16325] F'[16646] U'[16919] F[17043],false,true,5778,3972,1806,17043,9,9,10,4.98,F2L Slot 3,U2' F U2' F' U F U' F',U2'[20805] F[22374] U2'[22713] F'[22871] U[23196] F[23468] U'[23593] F'[23749],false,true,6706,5331,1375,23749,8,8,10,5.82,F2L Slot 4,B U2' B' U2' B U B',B[28701] U2'[29017] B'[29182] U2'[29671] B[29848] U[30040] B'[30194],false,true,6445,4952,1493,30194,7,7,9,4.69,OLL,U U' L' U' B' U B L U2' U B U B' U B U2 B',U[30822] U'[31149] L'[31544] U'[31839] B'[32006] U[32066] B[32272] L[32566] U2'[33557] U[34000] B[34554] U[34661] B'[34744] U[35040] B[35096] U2[35554] B'[35943],false,true,5749,1350,4399,35943,17,17,19,3.86,PLL,U2' R B' R F2' R' B R F2' R2' U S2 U S2 U S' U2 S2 U3 U' S' U2,U2'[37749] R[39458] B'[39534] R[39814] F2'[40233] R'[40619] B[40907] R[41260] F2'[41798] R2'[42453] U[42914] S2[44457] U[44691] S2[45241] U[45510] S'[46599] U2[46894] S2[47528] U3[48403] U'[48804] S'[49223] U2[49607],false,true,13664,3515,10149,49607,22,27,41,2.17,,,,,,,,,,,,,,,,,,,,,,,,,,,,79,BL->FR 6,"[FL,BR]->FR 13",27,7,F,,
c38c9c44-3d99-458f-b909-451df6e64af6,2024-08-01 20:17:32 UTC,false,46917,CFOP,Newest Gan,Gan 356i 3,Gan 356i,Johan Abildskov,false,false,9293,46917,,R'[0] L[330] B'[697] U[1405] U[1556] D'[2752] D'[2891] D[6103] B[6617] B[6715] R'[7504] R'[7595] D[10288] D[10545] B[10814] D'[10997] B'[11146] F[11620] D'[11737] D'[11876] F'[12262] D[12530] D[12669] F[13300] D'[13423] F'[13581] D[15100] R[15348] D'[15499] R'[15605] B'[16181] D[16239] B[16421] D[16870] R[17185] D'[17281] R'[17464] F'[20986] D'[21142] F[21251] D'[21833] D'[21972] F'[22317] D[22365] F[22589] D'[24921] D'[25383] D'[25942] L'[26629] D[26695] L[26925] B[27525] D'[27615] B'[27778] D'[28529] L'[28783] D[28860] L[29071] D'[29656] D'[29822] F'[30247] D'[30560] R'[30736] D[30843] R[31028] F[31303] D[32068] D[32358] R[33233] D[33329] R'[33422] D[33705] R[33821] D[34094] D[34235] R'[34376] D[35688] F[38332] L'[38444] F[38681] R'[39041] R'[39366] F'[39881] L[40070] F[40336] R'[40747] R'[40817] F'[41041] F'[41256] F[43445] D[43686] F'[44096] D'[44229] F'[44535] R[45109] F[45462] F[45537] D'[45663] F'[45881] D'[46001] F[46161] D[46421] F'[46807] R'[46917],cube,,Speedsolving,standard_cube_allowed,F L2 B2 L D L' F2 U2 L' B' L2 F2 R2 D' F2 R2 U2 R2 F2 R2 D B2,random_state,standard_cube_allowed,,,,8,DB,0,0,46917,87,87,104,1.85,17680,29237,"",0,Cross,z2 L' R B' D2 U2' U B2 L2',z2[0] L'[0] R[330] B'[697] D2[1556] U2'[2891] U[6103] B2[6715] L2'[7595],false,true,7595,0,7595,7595,8,8,12,1.05,F2L Slot 1,U2 B U' B' F U2' F' U2 F U' F',U2[10545] B[10814] U'[10997] B'[11146] F[11620] U2'[11876] F'[12262] U2[12669] F[13300] U'[13423] F'[13581],false,true,5986,3219,2767,13581,11,11,14,3.98,F2L Slot 2,U L U' L' B' U B U L U' L',U[15100] L[15348] U'[15499] L'[15605] B'[16181] U[16239] B[16421] U[16870] L[17185] U'[17281] L'[17464],false,true,3883,1767,2116,17464,11,11,11,5.2,F2L Slot 3,F' U' F U2' F' U F,F'[20986] U'[21142] F[21251] U2'[21972] F'[22317] U[22365] F[22589],false,true,5125,3522,1603,22589,7,7,8,4.37,F2L Slot 4,U3' R' U R B U' B' U' R' U R,U3'[25942] R'[26629] U[26695] R[26925] B[27525] U'[27615] B'[27778] U'[28529] R'[28783] U[28860] R[29071],false,true,6482,4040,2442,29071,11,11,13,4.5,OLL,U2' F' U' L' U L F U2 L U L' U L U2 L',U2'[29822] F'[30247] U'[30560] L'[30736] U[30843] L[31028] F[31303] U2[32358] L[33233] U[33329] L'[33422] U[33705] L[33821] U2[34235] L'[34376],false,true,5305,1176,4129,34376,15,15,18,3.63,PLL,U F R' F L2' F' R F L2' F2' F U F' U' F' L F2 U' F' U' F U F' L',U[35688] F[38332] R'[38444] F[38681] L2'[39366] F'[39881] R[40070] F[40336] L2'[40817] F2'[41256] F[43445] U[43686] F'[44096] U'[44229] F'[44535] L[45109] F2[45537] U'[45663] F'[45881] U'[46001] F[46161] U[46421] F'[46807] L'[46917],false,true,12541,3956,8585,46917,24,24,28,2.8,,,,,,,,,,,,,,,,,,,,,,,,,,,,111,BR->FR 45,"[FL,BL]->FR 11",32,38,Na,,
3fafe2c4-5db0-43ad-b025-5714857dccae,2024-08-01 20:18:49 UTC,false,44751,CFOP,Newest Gan,Gan 356i 3,Gan 356i,Johan Abildskov,false,false,3833,44751,,B[0] D[397] L'[1145] L'[1223] F'[2313] F'[2429] U[2943] U[3070] F[5606] D'[5707] F'[5847] D[6147] L'[6750] D'[6917] L[7009] D'[7271] L'[7481] D[7645] L[7894] D[9849] R'[10565] D[10643] R[11015] D'[11352] R'[11713] D'[11944] R[12095] F'[13464] D'[13574] F[13656] D[14085] L[14644] D'[14740] D'[14919] L'[15078] R[16390] D'[16785] R'[16917] D'[20157] D'[20716] D'[21191] D'[21423] F'[21761] D[21799] F[22025] L[23990] D'[24090] L'[24216] D'[24678] F'[24973] D[25012] F[25184] R'[25844] D'[26161] B'[26299] D[26407] B[26606] R[26873] D[27692] L'[28074] F[28303] L[28562] B'[28963] L'[29088] F'[29338] L[29520] B[29751] D'[31714] D'[31885] D[33094] B[33693] D[34002] B'[34471] L'[34591] B[34713] D[35071] B'[35516] D'[35623] B'[35880] L[36098] B[36342] B[36413] D'[36527] B'[36685] D'[36818] D'[38133] D'[38280] D[40265] R[42129] F'[42240] R[42509] B'[42861] B'[42963] R'[43474] F[43626] R[43874] B'[44273] B'[44340] R'[44510] R'[44751],cube,,Speedsolving,standard_cube_allowed,U2 D' R' L U R' F' U' D R U D2 L2 U' L2 B2 U' F2 U' B2 L2 D',random_state,standard_cube_allowed,,,,8,DB,0,0,44751,87,87,100,1.94,16022,28729,"",0,Cross,z2 B U R2' F2' D2,z2[0] B[0] U[397] R2'[1223] F2'[2429] D2[3070],false,true,3070,0,3070,3070,5,5,8,1.63,F2L Slot 1,F U' F' U R' U' R U' R' U R,F[5606] U'[5707] F'[5847] U[6147] R'[6750] U'[6917] R[7009] U'[7271] R'[7481] U[7645] R[7894],false,true,4824,2536,2288,7894,11,11,11,4.81,F2L Slot 2,U L' U L U' L' U' L,U[9849] L'[10565] U[10643] L[11015] U'[11352] L'[11713] U'[11944] L[12095],false,true,4201,2671,1530,12095,8,8,8,5.23,F2L Slot 3,F' U' F U R U2' R' L U' L',F'[13464] U'[13574] F[13656] U[14085] R[14644] U2'[14919] R'[15078] L[16390] U'[16785] L'[16917],false,true,4822,1369,3453,16917,10,10,11,2.9,F2L Slot 4,U4' F' U F R U' R' U' F' U F,U4'[21423] F'[21761] U[21799] F[22025] R[23990] U'[24090] R'[24216] U'[24678] F'[24973] U[25012] F[25184],false,true,8267,4844,3423,25184,11,11,14,3.21,OLL,L' U' B' U B L U R' F R B' R' F' R B,L'[25844] U'[26161] B'[26299] U[26407] B[26606] L[26873] U[27692] R'[28074] F[28303] R[28562] B'[28963] R'[29088] F'[29338] R[29520] B[29751],false,true,4567,660,3907,29751,15,15,15,3.84,PLL,U2' U B U B' R' B U B' U' B' R B2 U' B' U' U2' U L F' L B2' L' F L B2' L2',U2'[31885] U[33094] B[33693] U[34002] B'[34471] R'[34591] B[34713] U[35071] B'[35516] U'[35623] B'[35880] R[36098] B2[36413] U'[36527] B'[36685] U'[36818] U2'[38280] U[40265] L[42129] F'[42240] L[42509] B2'[42963] L'[43474] F[43626] L[43874] B2'[44340] L2'[44751],false,true,15000,3942,11058,44751,27,27,33,2.44,,,,,,,,,,,,,,,,,,,,,,,,,,,,22,BL->FR 6,"[FL,BR]->FR 60",32,5,Ja,,
ee9ff178-4f95-41a9-a468-9c2debc1d3e1,2024-08-01 20:21:10 UTC,false,31656,CFOP,Newest Gan,Gan 356i 3,Gan 356i,Johan Abildskov,false,false,3825,31656,,F'[0] R'[679] R'[741] F'[1990] D'[2095] D'[2276] F[2305] B[2867] B[2925] L[3554] F'[3931] D'[4092] F[4118] L'[4971] L'[5047] D'[7155] R'[7889] D'[7998] R[8115] D[10002] D[10094] R[11004] D'[11091] R'[11279] D'[12115] F'[12358] D[12672] F[12965] L'[13928] D'[14072] L[14150] B[16020] D'[16199] D'[16368] B'[16690] D[16780] R[17233] D'[17311] R'[17470] B[19571] D[19879] B'[20275] D[20433] B[20655] D'[20787] B'[20905] D[21944] L'[22377] F'[22695] D'[22812] F[22901] D[23096] L[23377] L'[23722] F'[24041] D'[24165] F[24209] D[24414] L[24674] F[25350] L[25650] B'[26014] L'[26116] F'[26351] L[26567] B[26894] L'[27230] D'[28108] D'[28311] F'[29193] D'[29329] F[29391] D'[29653] F'[29820] D'[29938] D'[30065] F[30090] L[30641] D[30740] L'[30812] D[31121] L[31196] D[31444] D[31577] L'[31656],cube,,Speedsolving,standard_cube_allowed,L' F B' L D L B' D' B' L2 U' R2 U' R2 F2 R2 F2 U' B2 R2 U' R2,random_state,standard_cube_allowed,,,,8,DB,0,0,31656,76,76,85,2.4,12230,19426,"",0,Cross,z2 F' L2' F' U2' F B2 R F' U' F R2',z2[0] F'[0] L2'[741] F'[1990] U2'[2276] F[2305] B2[2925] R[3554] F'[3931] U'[4092] F[4118] R2'[5047],false,true,5047,0,5047,5047,11,11,15,2.18,F2L Slot 1,U' L' U' L,U'[7155] L'[7889] U'[7998] L[8115],false,true,3068,2842,226,8115,4,4,4,17.7,F2L Slot 2,U2 L U' L' U' F' U F,U2[10094] L[11004] U'[11091] L'[11279] U'[12115] F'[12358] U[12672] F[12965],false,true,4850,2889,1961,12965,8,8,9,4.08,F2L Slot 3,R' U' R B U2' B' U L U' L',R'[13928] U'[14072] R[14150] B[16020] U2'[16368] B'[16690] U[16780] L[17233] U'[17311] L'[17470],false,true,4505,963,3542,17470,10,10,11,2.82,F2L Slot 4,B U B' U B U' B',B[19571] U[19879] B'[20275] U[20433] B[20655] U'[20787] B'[20905],false,true,3435,2101,1334,20905,7,7,7,5.25,OLL,U R' F' U' F U R R' F' U' F U R F R B' R' F' R B R',U[21944] R'[22377] F'[22695] U'[22812] F[22901] U[23096] R[23377] R'[23722] F'[24041] U'[24165] F[24209] U[24414] R[24674] F[25350] R[25650] B'[26014] R'[26116] F'[26351] R[26567] B[26894] R'[27230],false,true,6325,1472,4853,27230,21,21,21,4.33,PLL,U2' F' U' F U' F' U2' F R U R' U R U2 R',U2'[28311] F'[29193] U'[29329] F[29391] U'[29653] F'[29820] U2'[30065] F[30090] R[30641] U[30740] R'[30812] U[31121] R[31196] U2[31577] R'[31656],false,true,4426,1963,2463,31656,15,15,18,6.09,,,,,,,,,,,,,,,,,,,,,,,,,,,,12,FL->FR 94,"[BL,BR]->FR 32",7,54,Ua,,
b445e2b4-fed3-4019-aa85-70271c360cd2,2024-08-01 20:24:29 UTC,false,56522,CFOP,Newest Gan,Gan 356i 3,Gan 356i,Johan Abildskov,false,false,7560,56522,,L[0] D[334] F'[1552] F'[1632] B'[2954] L[3152] B[3413] D'[4562] D'[4750] B'[5340] B'[5406] R'[9269] D'[9358] D'[9812] R[9935] D'[10349] D'[10522] R'[10804] D[11020] R[11258] D'[13154] R'[13952] U'[14188] R[14489] D'[14842] R'[15219] U[15404] R[15574] D[15847] R[16123] D'[16252] R'[16440] D[18129] D[18737] L[19006] D[19271] L'[19746] D[21452] D[21574] B[22134] D'[22234] D'[22362] B'[22531] D[22989] B[23316] D'[23426] B'[23629] L[26372] D[27081] L'[27398] D[27748] L[28251] D[28511] L'[28760] D[29020] L[29285] D'[29395] L'[29545] D'[29932] F'[30411] R'[30717] D'[30845] R[30925] D[31152] F[31406] D'[32155] L[32785] D[32852] L'[32972] D[33279] L[33342] D[33693] D[33800] L'[34200] D[35899] D[35975] D[37692] B[38692] D[38966] B'[39449] L'[39635] B[39824] D[40183] B'[40609] D'[40693] B'[40986] L[41222] B[41484] B[41594] D'[41723] B'[41874] D'[42017] D'[43139] B'[45533] L[45769] B'[46026] R'[46667] R'[46744] B[46938] L'[47266] B'[47393] R'[47823] R'[47899] B[48090] B[48358] D'[49074] D[49654] B'[53291] L[53488] B'[53757] R'[54284] R'[54396] B[54696] L'[55069] B'[55262] R'[55644] R'[55719] B[56256] B[56522],cube,,Speedsolving,standard_cube_allowed,U' F R' U2 F2 B' U D2 R F2 U2 R2 U' L2 U' L2 F2 U' B2 U L2 D,random_state,standard_cube_allowed,,,,8,DB,0,0,56522,102,102,119,1.8,17224,39298,"",0,Cross,z2 R U F2' B' R B U2' B2',z2[0] R[0] U[334] F2'[1632] B'[2954] R[3152] B[3413] U2'[4750] B2'[5406],false,true,5406,0,5406,5406,8,8,11,1.48,F2L Slot 1,L' U2' L U2' L' U L,L'[9269] U2'[9812] L[9935] U2'[10522] L'[10804] U[11020] L[11258],false,true,5852,3863,1989,11258,7,7,9,3.52,F2L Slot 2,U' L' D' L U' L' D L U L U' L',U'[13154] L'[13952] D'[14188] L[14489] U'[14842] L'[15219] D[15404] L[15574] U[15847] L[16123] U'[16252] L'[16440],false,true,5182,2694,2488,16440,12,12,12,4.82,F2L Slot 3,U2 R U R' U2 B U2' B' U B U' B',U2[18737] R[19006] U[19271] R'[19746] U2[21574] B[22134] U2'[22362] B'[22531] U[22989] B[23316] U'[23426] B'[23629],false,true,7189,2566,4623,23629,12,12,15,2.6,F2L Slot 4,R U R' U R U R' U R U' R',R[26372] U[27081] R'[27398] U[27748] R[28251] U[28511] R'[28760] U[29020] R[29285] U'[29395] R'[29545],false,true,5916,2743,3173,29545,11,11,11,3.47,OLL,U' F' L' U' L U F U' R U R' U R U2 R',U'[29932] F'[30411] L'[30717] U'[30845] L[30925] U[31152] F[31406] U'[32155] R[32785] U[32852] R'[32972] U[33279] R[33342] U2[33800] R'[34200],false,true,4655,866,3789,34200,15,15,16,3.96,PLL,U2 U B U B' R' B U B' U' B' R B2 U' B' U' U' B' R B' L2' B R' B' L2' B2 U' U B' R B' L2' B R' B' L2' B2,U2[35975] U[37692] B[38692] U[38966] B'[39449] R'[39635] B[39824] U[40183] B'[40609] U'[40693] B'[40986] R[41222] B2[41594] U'[41723] B'[41874] U'[42017] U'[43139] B'[45533] R[45769] B'[46026] L2'[46744] B[46938] R'[47266] B'[47393] L2'[47899] B2[48358] U'[49074] U[49654] B'[53291] R[53488] B'[53757] L2'[54396] B[54696] R'[55069] B'[55262] L2'[55719] B2[56522],false,true,22322,4492,17830,56522,37,37,45,2.08,,,,,,,,,,,,,,,,,,,,,,,,,,,,17,BR->FR 3,"[BL,BR]->FR 58",26,15,Ja,,
5b909b94-f37c-49ac-b507-1d4bfbf101df,2024-08-01 20:22:57 UTC,false,36353,CFOP,Newest Gan,Gan 356i 3,Gan 356i,Johan Abildskov,false,false,4046,36353,,B[0] D[230] L'[1368] L'[1633] L'[2548] F[3121] L[3320] L'[6275] D'[6363] D'[6553] L[6636] R[7157] R[7233] D[9351] F[9901] D'[10035] D'[10187] F'[10395] D'[10602] F[10792] D[10906] F'[11084] R[13595] D[13848] R'[14187] D'[15120] D'[15620] R[15952] D'[16102] R'[16313] D[16557] R[17012] D[17270] R'[17451] D[18954] D[19068] L[19625] D[19831] L'[20125] D'[20263] F'[20905] D'[21045] D'[21161] F[21202] D'[21468] D'[21615] F'[21832] D[22058] F[22298] D[24579] D[24832] L'[25261] D'[25352] L[25405] D'[26167] B'[26592] L'[26898] D'[27125] L[27225] D[27431] B[27725] D'[28311] D'[28425] L[28670] B[28997] R'[29376] B'[29493] L'[29793] B[30208] R[30488] B'[30789] D'[31766] D'[32348] F[33565] D[33662] F'[33736] D[34043] F[34141] D[34445] D[34564] F'[34620] R'[35310] D'[35383] R[35494] D'[35758] R'[35945] D'[36153] D'[36310] R[36353],cube,,Speedsolving,standard_cube_allowed,R2 F2 R U' L2 B2 D' L U2 B L2 F2 U B2 U' R2 L2 U2 L2 D' B2 D,random_state,standard_cube_allowed,,,,8,DB,0,0,36353,76,76,89,2.09,14279,22074,"",0,Cross,z2 B U R2' R' F R R' U2' R L2,z2[0] B[0] U[230] R2'[1633] R'[2548] F[3121] R[3320] R'[6275] U2'[6553] R[6636] L2[7233],false,true,7233,0,7233,7233,10,10,13,1.38,F2L Slot 1,U F U2' F' U' F U F',U[9351] F[9901] U2'[10187] F'[10395] U'[10602] F[10792] U[10906] F'[11084],false,true,3851,2668,1183,11084,8,8,9,6.76,F2L Slot 2,L U L' U2' L U' L' U L U L',L[13595] U[13848] L'[14187] U2'[15620] L[15952] U'[16102] L'[16313] U[16557] L[17012] U[17270] L'[17451],false,true,6367,2511,3856,17451,11,11,12,2.85,F2L Slot 3,U2 R U R' U' F' U2' F U2' F' U F,U2[19068] R[19625] U[19831] R'[20125] U'[20263] F'[20905] U2'[21161] F[21202] U2'[21615] F'[21832] U[22058] F[22298],false,true,4847,2174,2673,22298,12,12,15,4.49,F2L Slot 4,U2 R' U' R,U2[24832] R'[25261] U'[25352] R[25405],false,true,3107,2963,144,25405,4,4,5,27.78,OLL,U' B' R' U' R U B U2' R B L' B' R' B L B',U'[26167] B'[26592] R'[26898] U'[27125] R[27225] U[27431] B[27725] U2'[28425] R[28670] B[28997] L'[29376] B'[29493] R'[29793] B[30208] L[30488] B'[30789],false,true,5384,1187,4197,30789,16,16,17,3.81,PLL,U2' F U F' U F U2 F' L' U' L U' L' U2' L,U2'[32348] F[33565] U[33662] F'[33736] U[34043] F[34141] U2[34564] F'[34620] L'[35310] U'[35383] L[35494] U'[35758] L'[35945] U2'[36310] L[36353],false,true,5564,2776,2788,36353,15,15,18,5.38,,,,,,,,,,,,,,,,,,,,,,,,,,,,19,BR->FR 51,"[FL,BL]->FR 41",12,56,Ub,,
2eceeaad-156a-4698-b899-510ef01cb30b,2024-08-01 20:26:19 UTC,false,41299,CFOP,Newest Gan,Gan 356i 3,Gan 356i,Johan Abildskov,false,false,5780,41299,,R'[0] R'[76] D'[425] B[1128] B[1215] F'[1880] D'[2617] L'[3631] L'[3719] R[5259] D'[5459] R'[6242] F'[7044] F'[7504] D[9328] D[9471] B[10673] D'[10792] B'[10899] D[12030] D[12121] B'[13144] D'[13246] B[13404] D'[14019] B'[14329] D[14473] B[14726] D'[16749] D'[16927] L'[18081] D'[18195] D'[18431] L[18532] D'[18938] L'[19159] D[19237] L[19437] F'[21026] D'[21150] F[21215] F'[22231] D'[22583] F[22635] D'[23454] R'[24532] D'[24687] R[24808] L[26890] D'[27031] D'[27298] L'[27470] D'[27757] L[27868] D[28151] L'[28377] D[29264] B[29733] D[29969] R[30248] D'[30653] R'[30726] B'[31097] D'[32055] D'[32197] B[32628] D[32874] R[33127] D'[33523] R'[33604] B'[33949] F[34680] L[34935] D[35227] L'[35697] D'[35824] F'[36226] R[38404] D[38491] R'[38628] D[38942] R[39073] D[39361] D[39524] R'[39625] B'[40283] D'[40390] B[40446] D'[40783] B'[40959] D'[41097] D'[41265] B[41299],cube,,Speedsolving,standard_cube_allowed,B' R' D R U D L B U2 B2 D' L2 D' B2 R2 U2 R2 U L2 U' B2 D,random_state,standard_cube_allowed,,,,8,DB,0,0,41299,81,81,93,1.96,13729,27494,"",0,Cross,z2 L2' U' B2 F' U' R2' L U' L' F2',z2[38] L2'[76] U'[425] B2[1215] F'[1880] U'[2617] R2'[3719] L[5259] U'[5459] L'[6242] F2'[7504],false,true,7428,0,7428,7504,10,10,14,1.35,F2L Slot 1,U2 B U' B' U2 B' U' B U' B' U B,U2[9471] B[10673] U'[10792] B'[10899] U2[12121] B'[13144] U'[13246] B[13404] U'[14019] B'[14329] U[14473] B[14726],false,true,7222,3169,4053,14726,12,12,14,2.96,F2L Slot 2,U2' R' U2' R U' R' U R,U2'[16927] R'[18081] U2'[18431] R[18532] U'[18938] R'[19159] U[19237] R[19437],false,true,4711,3355,1356,19437,8,8,10,5.9,F2L Slot 3,F' U' F F' U' F U' L' U' L,F'[21026] U'[21150] F[21215] F'[22231] U'[22583] F[22635] U'[23454] L'[24532] U'[24687] L[24808],false,true,5371,1589,3782,24808,10,10,10,2.64,F2L Slot 4,R U2' R' U' R U R',R[26890] U2'[27298] R'[27470] U'[27757] R[27868] U[28151] R'[28377],false,true,3569,2082,1487,28377,7,7,8,4.71,OLL,U B U L U' L' B' U2' B U L U' L' B' F R U R' U' F',U[29264] B[29733] U[29969] L[30248] U'[30653] L'[30726] B'[31097] U2'[32197] B[32628] U[32874] L[33127] U'[33523] L'[33604] B'[33949] F[34680] R[34935] U[35227] R'[35697] U'[35824] F'[36226],false,true,7849,1356,6493,36226,20,20,21,3.08,PLL,L U L' U L U2 L' B' U' B U' B' U2' B,L[38404] U[38491] L'[38628] U[38942] L[39073] U2[39524] L'[39625] B'[40283] U'[40390] B[40446] U'[40783] B'[40959] U2'[41265] B[41299],false,true,5073,2178,2895,41299,14,14,16,4.84,,,,,,,,,,,,,,,,,,,,,,,,,,,,22,BR->FR 10,"[FL,BL]->FR 35",19,42,Ub,,
a4231da1-5db0-47da-97dc-16668200a071,2024-08-01 20:27:36 UTC,false,49550,CFOP,Newest Gan,Gan 356i 3,Gan 356i,Johan Abildskov,false,false,1445,49550,,U'[0] F'[1249] D'[1702] D'[1871] L[2866] D'[3078] L[3413] B'[4322] B'[4410] U[4816] U[5065] D'[5827] D'[5980] D'[6442] F'[6956] D[7160] F[7407] D[8885] D[9048] L'[11290] D'[11599] D'[11761] L[11833] L'[12686] D[13114] D[13353] L[13790] D'[14104] B[14983] D[15452] B'[15865] D'[17186] D[17842] F[18405] D'[18626] F'[18852] D'[19702] R'[20341] D'[20455] R[20511] B'[21577] D'[21675] B[21729] D[22440] D[23485] B'[23891] D[23931] B[24170] D'[24513] B'[24850] D'[24990] B[25053] R[26482] F[26699] D[26955] F'[27315] D'[27372] R'[27729] D[28430] F[28928] D[29055] F'[29113] D[29393] F[29455] D[29806] D[29932] F'[30357] D[32130] L[33845] B'[33934] L[34193] F'[34552] F'[34617] L'[34986] B[35175] L[35405] F'[35800] F'[35872] L'[36082] L'[36261] D'[38433] D[39792] L'[41151] F[41354] L'[41947] B'[42367] B'[42473] L[42666] F'[43038] L'[43167] B'[43556] B'[43659] L[43852] L[44085] D'[44751] B'[46162] D'[46233] B[46303] D'[46618] B'[46834] D'[46989] D'[47156] B[47178] R[48003] D[48115] R'[48203] D[48518] R[48596] D[48901] D[49358] R'[49550],cube,,Speedsolving,standard_cube_allowed,U' D' R L2 F2 U B' U' D F U D2 F2 R2 U2 D F2 D R2 D2 B2,random_state,standard_cube_allowed,,,,8,DB,0,0,49550,94,94,111,1.9,14297,35253,"",0,Cross,z2 D' F' U2' R U' R B2' D2,z2[0] D'[0] F'[1249] U2'[1871] R[2866] U'[3078] R[3413] B2'[4410] D2[5065],false,true,5065,0,5065,5065,8,8,11,1.58,F2L Slot 1,U3' F' U F,U3'[6442] F'[6956] U[7160] F[7407],false,true,2342,1891,451,7407,4,4,6,8.87,F2L Slot 2,U2 R' U2' R R' U2 R U' B U B',U2[9048] R'[11290] U2'[11761] R[11833] R'[12686] U2[13353] R[13790] U'[14104] B[14983] U[15452] B'[15865],false,true,8458,3883,4575,15865,11,11,14,2.4,F2L Slot 3,U' U F U' F' U' L' U' L,U'[17186] U[17842] F[18405] U'[18626] F'[18852] U'[19702] L'[20341] U'[20455] L[20511],false,true,4646,2540,2106,20511,9,9,9,4.27,F2L Slot 4,B' U' B U U B' U B U' B' U' B,B'[21577] U'[21675] B[21729] U[22440] U[23485] B'[23891] U[23931] B[24170] U'[24513] B'[24850] U'[24990] B[25053],false,true,4542,1066,3476,25053,12,12,12,3.45,OLL,L F U F' U' L' U F U F' U F U2 F',L[26482] F[26699] U[26955] F'[27315] U'[27372] L'[27729] U[28430] F[28928] U[29055] F'[29113] U[29393] F[29455] U2[29932] F'[30357],false,true,5304,1429,3875,30357,14,14,15,3.61,PLL,U R B' R F2' R' B R F2' R2' U' U R' F R' B2' R F' R' B2' R2 U' B' U' B U' B' U2' B L U L' U L U2 L',U[32130] R[33845] B'[33934] R[34193] F2'[34617] R'[34986] B[35175] R[35405] F2'[35872] R2'[36261] U'[38433] U[39792] R'[41151] F[41354] R'[41947] B2'[42473] R[42666] F'[43038] R'[43167] B2'[43659] R2[44085] U'[44751] B'[46162] U'[46233] B[46303] U'[46618] B'[46834] U2'[47156] B[47178] L[48003] U[48115] L'[48203] U[48518] L[48596] U2[49358] L'[49550],false,true,19193,3488,15705,49550,36,36,44,2.29,,,,,,,,,,,,,,,,,,,,,,,,,,,,5,FL->FR 14,"[BL,BR]->FR 42",38,15,Ga,,
928592e5-deca-4e1d-94ec-9a3667ddd8ed,2024-08-02 05:57:34 UTC,false,70601,CFOP,Newest Gan,Gan 356i 3,Gan 356i,Johan Abildskov,false,false,6257,70601,,B[0] L[684] D'[1481] D'[1655] L'[2368] F'[2817] F'[2917] R[3544] R[3650] L'[4602] D'[4808] L[4891] B'[5591] B'[5825] B[7088] D'[7290] B'[7462] F'[7989] D'[8300] D'[8461] F[8709] D[9687] D'[10150] F[11031] D[11400] F'[11846] L[13358] D'[13764] L'[14074] D'[16257] D[16773] D'[17676] L[18115] D'[18357] L'[18581] D'[18996] F'[19618] D'[19817] F[19958] D'[20228] F'[20431] D[20595] F[20842] R[22841] D'[23065] R'[23314] D[24748] D[24906] D[25542] B[25860] D'[26103] B'[26344] D'[26859] D'[27088] B[28116] D'[28317] D'[28484] B'[28838] D[28923] D[29215] B[29525] D'[29751] B'[29910] B'[32616] D[32830] B[33121] D'[33460] R[33909] D[34309] R'[34867] B'[35856] L'[36309] D'[36462] L[36608] D[36970] B[38461] L'[44455] D'[44865] L[45079] D'[46765] D'[47035] L'[48050] L[48621] D'[49246] D'[49842] L'[50251] D[50467] L[50743] L'[51673] D'[51884] L[51956] D'[52418] L'[52653] D[52760] L[53117] L'[53782] D'[54129] D[54438] D[54898] L[55289] D'[56947] B[60438] R'[60643] B[61287] L'[61790] L'[61876] B'[62344] R[62592] B[62916] L'[63377] L'[63482] B'[63775] B'[63992] D[64520] L[67322] D[67507] L'[67676] D[67978] L[68084] D[68441] D[68664] L'[68875] F'[69505] D'[69626] F[69700] D'[70054] F'[70218] D'[70379] D'[70539] F[70601],cube,,Speedsolving,standard_cube_allowed,R2 F2 U F2 R' D2 L2 D' F L2 F2 U R2 L2 U2 B2 U L2 D' F2 B2 U,random_state,standard_cube_allowed,,,,8,DB,0,0,70601,112,112,130,1.59,13618,56983,"",0,Cross,z2 B R U2' R' F2' L2 R' U' R B2',z2[0] B[0] R[684] U2'[1655] R'[2368] F2'[2917] L2[3650] R'[4602] U'[4808] R[4891] B2'[5825],false,true,5825,0,5825,5825,10,10,14,1.72,F2L Slot 1,B U' B' F' U2' F U U' F U F',B[7088] U'[7290] B'[7462] F'[7989] U2'[8461] F[8709] U[9687] U'[10150] F[11031] U[11400] F'[11846],false,true,6021,1263,4758,11846,11,11,12,2.31,F2L Slot 2,R U' R' U' U U' R U' R' U' F' U' F U' F' U F,R[13358] U'[13764] R'[14074] U'[16257] U[16773] U'[17676] R[18115] U'[18357] R'[18581] U'[18996] F'[19618] U'[19817] F[19958] U'[20228] F'[20431] U[20595] F[20842],false,true,8996,1512,7484,20842,17,17,17,2.27,F2L Slot 3,L U' L' U3 B U' B' U2' B U2' B' U2 B U' B',L[22841] U'[23065] L'[23314] U3[25542] B[25860] U'[26103] B'[26344] U2'[27088] B[28116] U2'[28484] B'[28838] U2[29215] B[29525] U'[29751] B'[29910],false,true,9068,1999,7069,29910,15,15,20,2.12,F2L Slot 4,B' U B U' L U L',B'[32616] U[32830] B[33121] U'[33460] L[33909] U[34309] L'[34867],false,true,4957,2706,2251,34867,7,7,7,3.11,OLL,B' R' U' R U B R' U' R U2' R' R U2' R' U R R' U' R U' R' U R R' U' U2 R,B'[35856] R'[36309] U'[36462] R[36608] U[36970] B[38461] R'[44455] U'[44865] R[45079] U2'[47035] R'[48050] R[48621] U2'[49842] R'[50251] U[50467] R[50743] R'[51673] U'[51884] R[51956] U'[52418] R'[52653] U[52760] R[53117] R'[53782] U'[54129] U2[54898] R[55289],false,true,20422,989,19433,55289,27,27,30,1.39,PLL,U' B L' B R2' B' L B R2' B2' U R U R' U R U2 R' F' U' F U' F' U2' F,U'[56947] B[60438] L'[60643] B[61287] R2'[61876] B'[62344] L[62592] B[62916] R2'[63482] B2'[63992] U[64520] R[67322] U[67507] R'[67676] U[67978] R[68084] U2[68664] R'[68875] F'[69505] U'[69626] F[69700] U'[70054] F'[70218] U2'[70539] F[70601],false,true,15312,5149,10163,70601,25,25,30,2.46,,,,,,,,,,,,,,,,,,,,,,,,,,,,109,FL->FR 30,"[FL,BL]->FR 50",8,39,Gb,,
1cf56ff1-1c42-4776-a52c-5b5f971e08dc,2024-08-02 05:53:30 UTC,false,33845,CFOP,Newest Gan,Gan 356i 3,Gan 356i,Johan Abildskov,false,false,9130,33845,,L'[0] F'[337] D'[675] R[1636] F'[2385] F'[2462] F'[4539] D[4767] D[5088] F[5336] B[5735] B[5822] F'[6944] D'[7162] F[7208] D[7993] D[8092] R'[9093] D[9217] D[9499] R[9812] D[9965] R'[10239] D'[10532] R[10623] R[13884] D[14186] R'[14522] D'[14914] B[15330] D[15549] B'[15847] R[16731] D'[16895] R'[17018] B'[17688] D'[17888] D'[18368] B[18440] D[20748] F'[21245] D'[21369] F[21441] D'[22460] L'[22839] F'[23158] D'[23274] F[23366] D[23559] L[23845] D'[24625] B[24975] B[25103] U[25320] B'[25553] D[25760] D[26049] B[26302] U'[26458] B'[26930] D'[27064] D'[27232] B'[27330] D'[28004] D'[29014] R[30770] D[31053] R'[31507] B'[31605] R[31721] D[32006] R'[32406] D'[32507] R'[32841] B[33046] R[33283] R[33367] D'[33518] R'[33631] D'[33845],cube,,Speedsolving,standard_cube_allowed,D B L' F L' F D2 F R' F' U F2 L2 U2 B2 U B2 R2 L2 U' F2 B2,random_state,standard_cube_allowed,,,,8,DB,0,0,33845,70,70,80,2.07,12910,20935,"",0,Cross,z2 R' F' U' L F2' F' U2 F B2,z2[0] R'[0] F'[337] U'[675] L[1636] F2'[2462] F'[4539] U2[5088] F[5336] B2[5822],false,true,5822,0,5822,5822,9,9,12,1.55,F2L Slot 1,F' U' F U2 L' U2 L U L' U' L,F'[6944] U'[7162] F[7208] U2[8092] L'[9093] U2[9499] L[9812] U[9965] L'[10239] U'[10532] L[10623],false,true,4801,1122,3679,10623,11,11,13,2.99,F2L Slot 2,L U L' U' B U B',L[13884] U[14186] L'[14522] U'[14914] B[15330] U[15549] B'[15847],false,true,5224,3261,1963,15847,7,7,7,3.57,F2L Slot 3,L U' L' B' U2' B,L[16731] U'[16895] L'[17018] B'[17688] U2'[18368] B[18440],false,true,2593,884,1709,18440,6,6,7,3.51,F2L Slot 4,U F' U' F,U[20748] F'[21245] U'[21369] F[21441],false,true,3001,2805,196,21441,4,4,4,20.41,OLL,U' R' F' U' F U R U' B2 D B' U2 B D' B' U2' B',U'[22460] R'[22839] F'[23158] U'[23274] F[23366] U[23559] R[23845] U'[24625] B2[25103] D[25320] B'[25553] U2[26049] B[26302] D'[26458] B'[26930] U2'[27232] B'[27330],false,true,5889,1398,4491,27330,17,17,20,3.79,PLL,U' U' L U L' B' L U L' U' L' B L2 U' L' U',U'[28004] U'[29014] L[30770] U[31053] L'[31507] B'[31605] L[31721] U[32006] L'[32406] U'[32507] L'[32841] B[33046] L2[33367] U'[33518] L'[33631] U'[33845],false,true,6515,3440,3075,33845,16,16,17,5.2,,,,,,,,,,,,,,,,,,,,,,,,,,,,96,BL->FR 71,"[FL,BR]->FR 40",12,57,Jb,,
603d0e94-1910-47d6-91f1-8337e031b2b5,2024-08-02 05:54:49 UTC,false,45271,CFOP,Newest Gan,Gan 356i 3,Gan 356i,Johan Abildskov,false,false,6758,45271,,D[0] R'[601] R'[701] D[1185] L[1754] L[1891] D'[3737] R[4160] F'[4365] R'[4526] L[5104] D[5855] L'[6252] B[7529] D[7907] B'[8271] D[8568] B[8877] D'[9128] B'[9380] L[10456] D'[10680] D'[10882] L'[11637] D[11772] F'[12559] D'[12766] F[12861] R[14092] D[14414] R'[14980] D[15502] D[15615] R'[16703] D[16778] D[17070] R[17336] D[17552] R'[17838] D'[18058] R[18188] D'[19657] D'[20817] R[21145] D'[21335] R'[21525] D[21931] R[22424] D[22641] R'[22816] F'[23467] D'[23811] R'[24015] D[24116] R[24313] F[24619] D[25366] B'[25727] L[25943] B[26368] R'[26817] B'[26935] L'[27186] B[27420] R[27610] D[29325] D[29416] D[30505] R[31371] F'[31489] R[31751] B'[32105] B'[32174] R'[32583] F[32763] R[33000] B'[33384] B'[33508] R'[33705] R'[33899] B[35884] R'[36007] B[36276] L'[36658] L'[36731] B'[37164] R[37350] B[37659] L'[38094] L'[38192] B'[38705] B'[38853] D[39296] R[40445] L'[40478] R[40800] L'[40831] U[41104] R[41361] L'[41483] R[41815] L'[41834] D[41998] L[42529] R'[42626] B[42791] B[43018] R[43333] L'[43352] R[43658] L'[43694] F[43868] F[44103] L[44645] R'[44713] D[44950] D[45271],cube,,Speedsolving,standard_cube_allowed,F2 L2 F' R' D' F' L' F R' F2 U R2 B2 D2 F2 D F2 R2 U R2 U F2,random_state,standard_cube_allowed,,,,8,DB,0,0,45271,91,96,117,2.01,10254,35017,"",0,Cross,z2 U L2' U R2 U' L F' L',z2[0] U[0] L2'[701] U[1185] R2[1891] U'[3737] L[4160] F'[4365] L'[4526],false,true,4526,0,4526,4526,8,8,10,1.77,F2L Slot 1,R U R' B U B' U B U' B',R[5104] U[5855] R'[6252] B[7529] U[7907] B'[8271] U[8568] B[8877] U'[9128] B'[9380],false,true,4854,578,4276,9380,10,10,10,2.34,F2L Slot 2,R U2' R' U F' U' F,R[10456] U2'[10882] R'[11637] U[11772] F'[12559] U'[12766] F[12861],false,true,3481,1076,2405,12861,7,7,8,2.91,F2L Slot 3,L U L' U2 L' U2 L U L' U' L,L[14092] U[14414] L'[14980] U2[15615] L'[16703] U2[17070] L[17336] U[17552] L'[17838] U'[18058] L[18188],false,true,5327,1231,4096,18188,11,11,13,2.69,F2L Slot 4,U' U' L U' L' U L U L',U'[19657] U'[20817] L[21145] U'[21335] L'[21525] U[21931] L[22424] U[22641] L'[22816],false,true,4628,2957,1671,22816,9,9,9,5.39,OLL,F' U' L' U L F U B' R B L' B' R' B L,F'[23467] U'[23811] L'[24015] U[24116] L[24313] F[24619] U[25366] B'[25727] R[25943] B[26368] L'[26817] B'[26935] R'[27186] B[27420] L[27610],false,true,4794,651,4143,27610,15,15,15,3.62,PLL,U2 U L F' L B2' L' F L B2' L2' B L' B R2' B' L B R2' B2' U M2' U M2' U M U2 M2' U2 M U2,U2[29416] U[30505] L[31371] F'[31489] L[31751] B2'[32174] L'[32583] F[32763] L[33000] B2'[33508] L2'[33899] B[35884] L'[36007] B[36276] R2'[36731] B'[37164] L[37350] B[37659] R2'[38192] B2'[38853] U[39296] M2'[40831] U[41104] M2'[41834] U[41998] M[42626] U2[43018] M2'[43694] U2[44103] M[44713] U2[45271],false,true,17661,3761,13900,45271,31,36,52,2.23,,,,,,,,,,,,,,,,,,,,,,,,,,,,44,BR->FR 24,"[BL,BR]->FR 35",20,5,Nb,,
c9543062-f2b5-4fd7-aabb-d0b8b2af0fd7,2024-08-02 05:55:58 UTC,false,38796,CFOP,Newest Gan,Gan 356i 3,Gan 356i,Johan Abildskov,false,false,7108,38796,,L'[0] R'[708] R'[798] D[1059] L[1529] L[1656] F[2886] B'[3790] U[4039] U[4214] B[5634] D[5949] B'[6366] D[7844] D[7949] F'[8695] D'[8832] F[8950] D'[9205] F'[9438] D[9595] F[9871] D'[10395] D'[11929] D'[12442] B'[13223] D'[13394] B[13512] D'[13780] B'[14069] D[14173] B[14485] D'[14734] D[17718] D'[18812] B[19439] D'[19653] B'[19846] D[20041] B[20514] D[20713] B'[20921] R'[23129] D[23177] R[23371] F[24007] D'[24216] D[24983] F'[25385] D[25950] R'[26644] D[26707] R[26888] D[27387] F[27705] D'[27853] F'[28040] D'[28454] L'[28791] D'[29136] F'[29281] D[29357] F[29578] L[29848] D[30483] R'[30848] B[31100] R[31386] F'[31847] R'[31977] B'[32290] R[32459] F[32667] B[34713] D[35067] B'[35789] L'[36054] B[36191] D[36494] B'[37347] D'[37513] B'[37793] L[38017] B[38250] B[38359] D'[38476] B'[38622] D'[38796],cube,,Speedsolving,standard_cube_allowed,F' B2 R' U2 B U' R' L' F' L2 U' B2 R2 U L2 U2 F2 D B2 U2 L2 F2,random_state,standard_cube_allowed,,,,8,DB,0,0,38796,82,82,88,2.11,14731,24065,"",0,Cross,z2 R' L2' U R2 F B' D2,z2[0] R'[0] L2'[798] U[1059] R2[1656] F[2886] B'[3790] D2[4214],false,true,4214,0,4214,4214,7,7,10,1.66,F2L Slot 1,B U B' U2 F' U' F U' F' U F,B[5634] U[5949] B'[6366] U2[7949] F'[8695] U'[8832] F[8950] U'[9205] F'[9438] U[9595] F[9871],false,true,5657,1420,4237,9871,11,11,12,2.6,F2L Slot 2,U' U2' B' U' B U' B' U B,U'[10395] U2'[12442] B'[13223] U'[13394] B[13512] U'[13780] B'[14069] U[14173] B[14485],false,true,4614,3352,1262,14485,9,9,10,7.13,F2L Slot 3,U' U U' B U' B' U B U B',U'[14734] U[17718] U'[18812] B[19439] U'[19653] B'[19846] U[20041] B[20514] U[20713] B'[20921],false,true,6436,4954,1482,20921,10,10,10,6.75,F2L Slot 4,L' U L F U' U F' U L' U L U F U' F',L'[23129] U[23177] L[23371] F[24007] U'[24216] U[24983] F'[25385] U[25950] L'[26644] U[26707] L[26888] U[27387] F[27705] U'[27853] F'[28040],false,true,7119,2208,4911,28040,15,15,15,3.05,OLL,U' R' U' F' U F R U L' B L F' L' B' L F,U'[28454] R'[28791] U'[29136] F'[29281] U[29357] F[29578] R[29848] U[30483] L'[30848] B[31100] L[31386] F'[31847] L'[31977] B'[32290] L[32459] F[32667],false,true,4627,751,3876,32667,16,16,16,4.13,PLL,B U B' R' B U B' U' B' R B2 U' B' U',B[34713] U[35067] B'[35789] R'[36054] B[36191] U[36494] B'[37347] U'[37513] B'[37793] R[38017] B2[38359] U'[38476] B'[38622] U'[38796],false,true,6129,2046,4083,38796,14,14,15,3.43,,,,,,,,,,,,,,,,,,,,,,,,,,,,35,BL->FR 16,"[FL,BR]->FR 20",35,5,Jb,,
d107b9e9-73ba-4ee5-8291-85d1621810e8,2024-08-02 06:00:31 UTC,false,63765,CFOP,Newest Gan,Gan 356i 3,Gan 356i,Johan Abildskov,false,false,7585,63765,,D'[0] D'[169] B[800] F'[3554] F'[3659] B[4090] B[4220] U[4891] U[5094] L'[5903] D'[6075] L[6196] B'[6836] B'[6940] D[7909] R[8349] F'[8570] R'[8900] L'[9981] L'[10176] B[13051] D'[13266] B'[13417] R'[15065] R'[15171] D[17637] F[17951] D'[18148] F'[18410] B[18826] D'[19053] D'[19207] B'[19528] F[19815] D'[20037] F'[20233] D'[22522] D'[23315] R[24458] D'[24690] R'[24894] D[25441] R[25955] D[26124] R'[26352] D[27974] L'[28804] D'[28994] L[29175] D'[29480] L'[29798] D[29964] L[30304] D'[32905] L[33281] D'[33491] L'[33693] F'[34588] D[34656] F[34875] D[35405] L[35769] D'[35943] L'[36104] D[37318] F[37876] L[38067] D[38341] L'[38776] D'[38907] F'[39333] F'[39634] R'[40003] D'[40148] R[40250] D[40499] F[40829] D'[41883] D'[42047] B[42420] D[42698] R[43001] D'[43416] R'[43500] B'[44081] F[44407] L[44576] D[44863] L'[45267] D'[45395] F'[45894] D[47423] L[48798] B'[48932] L[49198] F'[49572] F'[49683] L'[50130] B[50328] L[50616] F'[51093] F'[51232] L'[51514] L'[51723] F[55353] L'[55567] F[55888] R'[56313] R'[56412] F'[56852] L[57078] F[57330] R'[57756] R'[58180] F'[58355] F'[58567] D[59002] F'[59893] D'[60073] F[60149] D'[60496] F'[60649] D'[60867] D'[61302] F[61334] L[62054] D[62165] L'[62253] D[62933] L[63035] D[63393] D[63560] L'[63765],cube,,Speedsolving,standard_cube_allowed,U D R F B' D2 L' B D2 L F2 R2 U2 R2 U2 D' F2 B2 D' R2 U' B2,random_state,standard_cube_allowed,,,,8,DB,0,0,63765,114,115,133,1.79,17110,46486,"",0,Cross,z2 U2' B F2' B2 D2 R' U' R B2' U L F' L' R2' B U' B' L2',z2[84] U2'[169] B[800] F2'[3659] B2[4220] D2[5094] R'[5903] U'[6075] R[6196] B2'[6940] U[7909] L[8349] F'[8570] L'[8900] R2'[10176] B[13051] U'[13266] B'[13417] L2'[15171],false,true,15002,0,15002,15171,18,18,25,1.2,F2L Slot 1,U F U' F' B U2' S' L' F' z,U[17637] F[17951] U'[18148] F'[18410] B[18826] U2'[19207] S'[19815] L'[20037] F'[20233] z[21377],false,true,5062,2780,2282,20233,9,10,11,3.94,F2L Slot 2,U' U' L U' L' U L U L',U'[22522] U'[23315] L[24458] U'[24690] L'[24894] U[25441] L[25955] U[26124] L'[26352],false,true,6119,4225,1894,26352,9,9,9,4.75,F2L Slot 3,U R' U' R U' R' U R,U[27974] R'[28804] U'[28994] R[29175] U'[29480] R'[29798] U[29964] R[30304],false,true,3952,2452,1500,30304,8,8,8,5.33,F2L Slot 4,U' R U' R' F' U F U R U' R',U'[32905] R[33281] U'[33491] R'[33693] F'[34588] U[34656] F[34875] U[35405] R[35769] U'[35943] R'[36104],false,true,5800,2977,2823,36104,11,11,11,3.9,OLL,U F R U R' U' F2' L' U' L U F U2' B U L U' L' B' F R U R' U' F',U[37318] F[37876] R[38067] U[38341] R'[38776] U'[38907] F2'[39634] L'[40003] U'[40148] L[40250] U[40499] F[40829] U2'[42047] B[42420] U[42698] L[43001] U'[43416] L'[43500] B'[44081] F[44407] R[44576] U[44863] R'[45267] U'[45395] F'[45894],false,true,9790,1772,8018,45894,25,25,27,3.12,PLL,U R B' R F2' R' B R F2' R2' F R' F L2' F' R F L2' F2' U F' U' F U' F' U2' F R U R' U R U2 R',U[47423] R[48798] B'[48932] R[49198] F2'[49683] R'[50130] B[50328] R[50616] F2'[51232] R2'[51723] F[55353] R'[55567] F[55888] L2'[56412] F'[56852] R[57078] F[57330] L2'[58180] F2'[58567] U[59002] F'[59893] U'[60073] F[60149] U'[60496] F'[60649] U2'[61302] F[61334] R[62054] U[62165] R'[62253] U[62933] R[63035] U2[63560] R'[63765],false,true,17871,2904,14967,63765,34,34,42,2.27,,,,,,,,,,,,,,,,,,,,,,,,,,,,51,BR->FR 20,"[BL,BR]->FR 16",33,50,Y,,
f8dc1447-3ab3-4227-8516-0541b870ead9,2024-08-02 05:58:44 UTC,false,38764,CFOP,Newest Gan,Gan 356i 3,Gan 356i,Johan Abildskov,false,false,5894,38764,,U[0] U[327] F'[780] R[1546] R[1645] D[3312] B'[3924] L[4124] B[4425] L'[6112] D[6287] L[6533] D[6883] D[7001] R[7479] D[7752] R'[8179] D'[10423] D[11771] L'[12170] D[12705] L[13369] D'[14024] L'[14282] D'[14557] L[14654] D'[16528] R'[17271] D'[17442] D'[17569] R[17683] D'[17955] R'[18232] D[18447] R[18729] D'[19452] D'[19926] D'[21078] L[21781] D'[22016] L'[22393] D'[22883] F'[23543] D'[23686] F[23807] D'[24038] F'[24232] D[24400] F[24658] D'[25522] D'[25650] B'[26022] D'[26178] B[26272] D'[26616] B'[26819] D'[26935] D'[27089] B[27178] D'[28671] R[30691] F'[30834] R[31168] B'[31558] B'[31611] R'[32047] F[32215] R[32486] B'[32925] B'[33048] R'[33292] R'[33505] D[34110] F[35407] D[35668] F'[35858] D[36179] F[36434] D[36755] D[36909] F'[37050] R'[37808] D'[37895] R[37947] D'[38282] R'[38415] D'[38567] D'[38736] R[38764],cube,,Speedsolving,standard_cube_allowed,L' F B' L D L B' D' B' L2 U' R2 U' R2 F2 R2 F2 U' B2 R2 U' R2,random_state,standard_cube_allowed,,,,8,DB,0,0,38764,77,77,89,1.99,16224,22213,"",0,Cross,z2 D2 F' L2 U B' R B,z2[163] D2[327] F'[780] L2[1645] U[3312] B'[3924] R[4124] B[4425],false,true,4098,0,4098,4425,7,7,9,1.71,F2L Slot 1,R' U R U2 L U L',R'[6112] U[6287] R[6533] U2[7001] L[7479] U[7752] L'[8179],false,true,3754,1687,2067,8179,7,7,8,3.39,F2L Slot 2,U' U R' U R U' R' U' R,U'[10423] U[11771] R'[12170] U[12705] R[13369] U'[14024] R'[14282] U'[14557] R[14654],false,true,6475,3991,2484,14654,9,9,9,3.62,F2L Slot 3,U' L' U2' L U' L' U L,U'[16528] L'[17271] U2'[17569] L[17683] U'[17955] L'[18232] U[18447] L[18729],false,true,4075,2617,1458,18729,8,8,9,5.49,F2L Slot 4,U2' U' R U' R' U' F' U' F U' F' U F,U2'[19926] U'[21078] R[21781] U'[22016] R'[22393] U'[22883] F'[23543] U'[23686] F[23807] U'[24038] F'[24232] U[24400] F[24658],false,true,5929,3052,2877,24658,13,13,14,4.52,OLL,U2' B' U' B U' B' U2' B,U2'[25650] B'[26022] U'[26178] B[26272] U'[26616] B'[26819] U2'[27089] B[27178],false,true,2520,1364,1156,27178,8,8,10,6.92,PLL,U' L F' L B2' L' F L B2' L2' U F U F' U F U2 F' L' U' L U' L' U2' L,U'[28671] L[30691] F'[30834] L[31168] B2'[31611] L'[32047] F[32215] L[32486] B2'[33048] L2'[33505] U[34110] F[35407] U[35668] F'[35858] U[36179] F[36434] U2[36909] F'[37050] L'[37808] U'[37895] L[37947] U'[38282] L'[38415] U2'[38736] L[38764],false,true,11586,3513,8073,38764,25,25,30,3.1,,,,,,,,,,,,,,,,,,,,,,,,,,,,8,BR->FR 6,"[FL,BL]->FR 10",22,26,Ga,,
ce8167b8-2b44-436f-a627-b3cb4bc1bdd5,2024-08-02 19:26:12 UTC,false,37078,CFOP,Newest Gan,Gan 356i 3,Gan 356i,Johan Abildskov,false,false,9819,37078,,L'[0] B'[381] B'[878] D[1561] B[1917] L'[2600] L'[2657] L'[4735] D[4901] D[5184] L[5401] D[5874] D[5986] R[6568] D[6896] R'[7239] L[7672] L'[7794] R[8285] D[8524] R'[8832] D[9222] B[9828] D'[10047] B'[10220] D[12567] D[12688] D[13343] D[13787] D[14098] R[14358] D'[14530] R'[14681] L[15312] D'[15453] D'[15591] L'[15895] D'[16209] F[17385] D'[17524] F'[17939] D'[19847] L[20347] D'[20466] D'[20627] L'[20953] D'[21813] B'[22684] D'[22801] B[22952] D'[25447] D'[25597] F'[26291] D'[26363] D'[26541] F[26624] D'[26951] F'[27275] D[27369] F[27564] B[28585] D[28688] B'[28769] D[29070] B[29150] D[29416] D[29538] B'[29634] D[30737] L[32375] R'[32387] L[32629] R'[32644] U[32869] L[33104] R'[33121] L[33354] R'[33369] D[33479] R[33904] L'[33932] F[34066] F[34303] L[34566] R'[34588] L[34824] R'[34841] B[35058] B[35695] R[36562] L'[36592] D[36860] D[37078],cube,,Speedsolving,standard_cube_allowed,B D F' L2 B2 D' L D B L2 D' B2 U' B2 U2 F2 L2 F2 R2 U' B2 U,random_state,standard_cube_allowed,,,,8,DB,0,0,37078,66,71,93,1.78,15994,21084,"",0,Cross,z2 R' B2' U B R2',z2[0] R'[0] B2'[878] U[1561] B[1917] R2'[2657],false,true,2657,0,2657,2657,5,5,7,1.88,F2L Slot 1,R' U2 R U2 L U L' R R' L U L' U B U' B',R'[4735] U2[5184] R[5401] U2[5986] L[6568] U[6896] L'[7239] R[7672] R'[7794] L[8285] U[8524] L'[8832] U[9222] B[9828] U'[10047] B'[10220],false,true,7563,2078,5485,10220,16,16,18,2.92,F2L Slot 2,U5 L U' L' R U2' R' U' F U' F',U5[14098] L[14358] U'[14530] L'[14681] R[15312] U2'[15591] R'[15895] U'[16209] F[17385] U'[17524] F'[17939],false,true,7719,4138,3581,17939,11,11,16,3.07,F2L Slot 3,U' R U2' R' U' B' U' B,U'[19847] R[20347] U2'[20627] R'[20953] U'[21813] B'[22684] U'[22801] B[22952],false,true,5013,2408,2605,22952,8,8,9,3.07,F2L Slot 4,U2' F' U2' F U' F' U F,U2'[25597] F'[26291] U2'[26541] F[26624] U'[26951] F'[27275] U[27369] F[27564],false,true,4612,3339,1273,27564,8,8,10,6.28,OLL,B U B' U B U2 B',B[28585] U[28688] B'[28769] U[29070] B[29150] U2[29538] B'[29634],false,true,2070,1021,1049,29634,7,7,8,6.67,PLL,U M2 U M2 U M' U2 M2 U2 M' U2,U[30737] M2[32644] U[32869] M2[33369] U[33479] M'[33932] U2[34303] M2[34841] U2[35695] M'[36592] U2[37078],false,true,7444,3010,4434,37078,11,16,25,2.48,,,,,,,,,,,,,,,,,,,,,,,,,,,,2,BL->FR 96,"[FL,BR]->FR 24",10,27,Z,,
f1f1a3ed-ee64-4b26-a17c-a326efbca278,2024-08-02 19:27:42 UTC,false,55361,CFOP,Newest Gan,Gan 356i 3,Gan 356i,Johan Abildskov,false,false,9206,55361,,F'[0] B[377] R'[1469] F[2020] D'[2414] F'[2761] B'[3818] B[4271] L[9416] L[9502] D[10675] B[11973] R'[12621] R'[12709] U[14763] U[15065] D'[18897] D'[19486] B[19825] D'[19973] B'[20180] D[20391] B[20899] D[21036] B'[21122] D[23034] D[23140] D'[24156] D[24740] D[25220] D[25704] D[28908] D[29018] L[29750] D'[29843] D'[30161] L'[30511] D'[31031] L[31200] D[31307] L'[31472] D'[33314] F[33871] D'[33964] F'[34146] D'[34875] D'[35040] B'[35668] D[36002] B[36253] D'[37887] D'[38031] D'[38370] D[38727] D'[39007] D[39382] L[39641] D[39990] L'[40315] F[41105] D'[41223] D'[41403] F'[41491] D[41844] F[42116] D'[42206] F'[42381] D[43253] D[43378] F'[44208] D'[44613] D'[44766] F[44907] D[45429] F'[45701] D'[45818] F[45914] L[46525] B[46767] D[47021] B'[47400] D'[47482] L'[47842] D'[49292] F[51342] D[51646] F'[52101] D'[52213] F'[52534] R[53016] F[53281] F[53350] D'[53475] F'[53625] D'[53786] F[54596] D[54870] F'[55276] R'[55361],cube,,Speedsolving,standard_cube_allowed,R U' L B' R' L D F L2 U R2 U' F2 B2 L2 U' B2 D' B2 R2 U,random_state,standard_cube_allowed,,,,8,DB,0,0,55361,83,83,99,1.5,22714,32647,"",0,Cross,z2 F' B L' F U' F' B' B R2 U B L2' D2,z2[0] F'[0] B[377] L'[1469] F[2020] U'[2414] F'[2761] B'[3818] B[4271] R2[9502] U[10675] B[11973] L2'[12709] D2[15065],false,true,15065,0,15065,15065,13,13,16,0.86,F2L Slot 1,U2' B U' B' U B U B',U2'[19486] B[19825] U'[19973] B'[20180] U[20391] B[20899] U[21036] B'[21122],false,true,6057,4760,1297,21122,8,8,9,6.17,F2L Slot 2,U2 U' U3 U2 R U2' R' U' R U R' U' F U' F' U2' B' U B,U2[23140] U'[24156] U3[25704] U2[29018] R[29750] U2'[30161] R'[30511] U'[31031] R[31200] U[31307] R'[31472] U'[33314] F[33871] U'[33964] F'[34146] U2'[35040] B'[35668] U[36002] B[36253],false,true,15131,8628,6503,36253,19,19,25,2.92,F2L Slot 3,U3' U U' U R U R' F U2' F' U F U' F',U3'[38370] U[38727] U'[39007] U[39382] R[39641] U[39990] R'[40315] F[41105] U2'[41403] F'[41491] U[41844] F[42116] U'[42206] F'[42381],false,true,6128,3388,2740,42381,14,14,17,5.11,F2L Slot 4,U2 F' U2' F U F' U' F,U2[43378] F'[44208] U2'[44766] F[44907] U[45429] F'[45701] U'[45818] F[45914],false,true,3533,1827,1706,45914,8,8,10,4.69,OLL,R B U B' U' R',R[46525] B[46767] U[47021] B'[47400] U'[47482] R'[47842],false,true,1928,611,1317,47842,6,6,6,4.56,PLL,U' F U F' U' F' L F2 U' F' U' F U F' L',U'[49292] F[51342] U[51646] F'[52101] U'[52213] F'[52534] L[53016] F2[53350] U'[53475] F'[53625] U'[53786] F[54596] U[54870] F'[55276] L'[55361],false,true,7519,3500,4019,55361,15,15,16,3.73,,,,,,,,,,,,,,,,,,,,,,,,,,,,20,FL->FR 86,"[FL,BL]->FR 58",4,45,T,,
735b4d38-f2fd-4830-9afe-5351104e7eb3,2024-08-07 05:13:23 UTC,false,28997,CFOP,Newest Gan,Gan 356i 3,Gan 356i,Johan Abildskov,false,false,5405,28997,,U'[0] D'[4984] D'[5250] R'[5879] L'[6712] D[6877] L'[7530] F'[8165] F'[8286] U[8776] U[8977] B[10276] D[10691] B'[11001] R[11973] D'[12193] R'[12397] R[13662] R'[14219] R[15524] D'[15913] R'[16179] R'[17312] D[17578] R[17879] L'[21984] D[22143] L[22493] D[23692] B[24049] D[24217] B'[24552] D[24725] B[25036] D'[25245] B'[25403] D'[26161] L[26797] D'[26939] D'[27090] L'[27249] D[27686] L[27964] D'[28137] L'[28295] D'[28997],cube,,Speedsolving,standard_cube_allowed,R' U' R2 F2 D' F2 R' B' L U2 L2 F2 B2 U' B2 D' R2 L2 D' L2 U F2,random_state,standard_cube_allowed,,,,8,DB,0,0,28997,42,42,46,1.45,8633,20364,"",2,Cross,z2 D' U2' L' R' U R' F2' D2,z2[0] D'[0] U2'[5250] L'[5879] R'[6712] U[6877] R'[7530] F2'[8286] D2[8977],false,true,8977,0,8977,8977,8,8,11,0.89,F2L Slot 1,B U B' L U' L' L L' L U' L',B[10276] U[10691] B'[11001] L[11973] U'[12193] L'[12397] L[13662] L'[14219] L[15524] U'[15913] L'[16179],false,true,7202,1299,5903,16179,11,11,11,1.86,F2L Slot 2,L' U L,L'[17312] U[17578] L[17879],false,true,1700,1133,567,17879,3,3,3,5.29,F2L Slot 3,R' U R U B U B' U B U' B',R'[21984] U[22143] R[22493] U[23692] B[24049] U[24217] B'[24552] U[24725] B[25036] U'[25245] B'[25403],false,true,7524,4105,3419,25403,11,11,11,3.22,F2L Slot 4,U' R U2' R' U R U' R',U'[26161] R[26797] U2'[27090] R'[27249] U[27686] R[27964] U'[28137] R'[28295],false,true,2892,1394,1498,28295,8,8,9,5.34,OLL,,"",true,false,0,0,0,28295,0,0,0,0,PLL,U',U'[28997],true,true,702,702,0,28997,1,1,1,,,,,,,,,,,,,,,,,,,,,,,,,,,,,166,FL->FR 5,"[BL,BR]->FR 1",13,Solved,Solved,,
454b0d08-5250-49e1-8277-180c71956b71,2024-08-06 14:57:10 UTC,false,45498,CFOP,Newest Gan,Gan 356i 3,Gan 356i,Johan Abildskov,false,false,13218,45498,,R'[0] B'[345] L'[1608] L[2189] L'[2787] F'[3200] R[3783] D[3990] R'[4276] B'[4901] B'[4979] B[6396] D'[6524] D'[6642] B'[6851] D[7158] D[7384] B[7687] D'[7809] B'[7935] F[8624] D'[8967] F'[9477] D'[10136] D'[10788] F[11719] F'[12363] L[13938] D'[14094] D'[14231] D'[14766] L'[15144] D'[15525] F[16015] D'[16195] F'[16535] F'[18382] D'[18520] F[18615] D'[19496] R[19950] D[20035] D'[21190] D'[21490] D'[22193] R'[22958] D'[23188] R[23464] D[23548] R'[23687] D'[26964] L[27443] D'[27561] L'[27666] D[27911] F'[29232] D'[29329] F[29424] L'[30104] F'[30393] D'[30478] F[30543] D[30733] L[30955] D'[31309] L'[31678] F'[31981] D'[32069] F[32130] D[32337] L[32547] D'[33207] D'[33532] F'[33861] D'[33935] F[34006] D'[34292] F'[34452] D'[34554] D'[34770] F[34953] D'[35859] D'[36699] D'[36818] L'[37301] D'[37877] L[38280] B[38934] L'[40071] D'[40625] L[41137] D[41657] L[42112] B'[42807] L'[43477] L'[43698] D[43953] L[44134] D[44779] D'[45033] D'[45498],cube,,Speedsolving,standard_cube_allowed,F B R D2 B R2 F B' L F2 L2 F2 L2 D2 R2 D' F2 L2 D' R2 B2,random_state,standard_cube_allowed,,,,8,DB,0,0,45498,88,88,101,1.93,10737,34761,"",0,Cross,z2 L' B' R' R R' F' L U L' B2',z2[0] L'[0] B'[345] R'[1608] R[2189] R'[2787] F'[3200] L[3783] U[3990] L'[4276] B2'[4979],false,true,4979,0,4979,4979,10,10,11,2.01,F2L Slot 1,B U2' B' U2 B U' B',B[6396] U2'[6642] B'[6851] U2[7384] B[7687] U'[7809] B'[7935],false,true,2956,1417,1539,7935,7,7,9,4.55,F2L Slot 2,F U' F' U2' F F' R U3' R' U' F U' F',F[8624] U'[8967] F'[9477] U2'[10788] F[11719] F'[12363] R[13938] U3'[14766] R'[15144] U'[15525] F[16015] U'[16195] F'[16535],false,true,8600,689,7911,16535,13,13,16,1.64,F2L Slot 3,F' U' F U' L U U3' L' U' L U L',F'[18382] U'[18520] F[18615] U'[19496] L[19950] U[20035] U3'[22193] L'[22958] U'[23188] L[23464] U[23548] L'[23687],false,true,7152,1847,5305,23687,12,12,14,2.26,F2L Slot 4,U' R U' R' U F' U' F,U'[26964] R[27443] U'[27561] R'[27666] U[27911] F'[29232] U'[29329] F[29424],false,true,5737,3756,1981,29424,8,8,8,4.04,OLL,R' F' U' F U R U' R' F' U' F U R U2' F' U' F U' F' U2' F,R'[30104] F'[30393] U'[30478] F[30543] U[30733] R[30955] U'[31309] R'[31678] F'[31981] U'[32069] F[32130] U[32337] R[32547] U2'[33532] F'[33861] U'[33935] F[34006] U'[34292] F'[34452] U2'[34770] F[34953],false,true,5529,680,4849,34953,21,21,23,4.33,PLL,U' U2' R' U' R B R' U' R U R B' R2' U R U U2',U'[35859] U2'[36818] R'[37301] U'[37877] R[38280] B[38934] R'[40071] U'[40625] R[41137] U[41657] R[42112] B'[42807] R2'[43698] U[43953] R[44134] U[44779] U2'[45498],false,true,10545,2348,8197,45498,17,17,20,2.07,,,,,,,,,,,,,,,,,,,,,,,,,,,,9,BL->FR 50,"[FL,BR]->FR 33",18,41,Ja,,
9c91cab8-93ee-4c25-b7ea-4c57c7edd0a0,2024-08-06 15:03:34 UTC,false,41185,CFOP,Newest Gan,Gan 356i 3,Gan 356i,Johan Abildskov,false,false,7159,41185,,U[0] U[138] B'[926] D[1411] L'[1973] L'[2041] R'[3407] D'[3532] R[3595] F'[4591] F'[4661] D[6460] D[7344] L[7564] D[7754] L'[8194] D'[8329] D'[8488] B[8802] D'[8926] D'[9096] B'[9261] D[9497] B[9718] D'[9876] B'[10073] R'[11147] D'[11279] R[11341] D[12837] D[13193] L[13824] D[13965] L'[14210] D[14261] L[14594] D'[14673] L'[14816] D[15644] R'[16086] U'[16298] R[16485] D'[16758] R'[16936] U[17107] R[17291] D[17551] R[17793] D'[17944] R'[18098] D'[20602] F[20990] D'[21103] F'[21235] D[21507] R'[22009] D'[22082] R[22162] D'[22582] D[23333] F'[23687] R'[23988] D'[24109] R[24168] D[24348] F[24606] F'[24949] R'[25142] D'[25325] R[25422] D[25613] F[25825] R[26598] F[26938] L'[27366] F'[27477] R'[27707] F[27871] L[28067] F'[28328] D[30630] L[32059] B'[32146] L[32409] F'[32722] F'[32772] L'[33101] B[33298] L[33505] F'[33829] F'[33895] L'[34058] L'[34216] D[35131] L'[37845] D[37903] L'[38163] D'[38791] L[39021] L[39285] L[39555] D'[39832] L'[40091] D[40184] L[40516] D[40784] L[40979] L[41185],cube,,Speedsolving,standard_cube_allowed,F' R2 D2 R B U' F' D R U B2 U F2 D R2 U2 F2 L2 D R2 U' R2,random_state,standard_cube_allowed,,,,8,DB,0,0,41185,96,96,108,2.33,13395,27652,"",0,Cross,z2 D2 B' U R2' L' U' L F2',z2[69] D2[138] B'[926] U[1411] R2'[2041] L'[3407] U'[3532] L[3595] F2'[4661],false,true,4523,0,4523,4661,8,8,11,1.77,F2L Slot 1,U U R U R' U2' B U2' B' U B U' B',U[6460] U[7344] R[7564] U[7754] R'[8194] U2'[8488] B[8802] U2'[9096] B'[9261] U[9497] B[9718] U'[9876] B'[10073],false,true,5412,2903,2509,10073,13,13,15,5.18,F2L Slot 2,L' U' L U2 R U R' U R U' R',L'[11147] U'[11279] L[11341] U2[13193] R[13824] U[13965] R'[14210] U[14261] R[14594] U'[14673] R'[14816],false,true,4743,1074,3669,14816,11,11,12,3.0,F2L Slot 3,U L' D' L U' L' D L U L U' L',U[15644] L'[16086] D'[16298] L[16485] U'[16758] L'[16936] D[17107] L[17291] U[17551] L[17793] U'[17944] L'[18098],false,true,3282,1270,2012,18098,12,12,12,5.96,F2L Slot 4,U' F U' F' U L' U' L,U'[20602] F[20990] U'[21103] F'[21235] U[21507] L'[22009] U'[22082] L[22162],false,true,4064,2892,1172,22162,8,8,8,6.83,OLL,U' U F' L' U' L U F F' L' U' L U F L F R' F' L' F R F',U'[22582] U[23333] F'[23687] L'[23988] U'[24109] L[24168] U[24348] F[24606] F'[24949] L'[25142] U'[25325] L[25422] U[25613] F[25825] L[26598] F[26938] R'[27366] F'[27477] L'[27707] F[27871] R[28067] F'[28328],false,true,6166,1525,4641,28328,22,22,22,4.74,PLL,U R B' R F2' R' B R F2' R2' U R' U R' U' R3 U' R' U R U R2,U[30630] R[32059] B'[32146] R[32409] F2'[32772] R'[33101] B[33298] R[33505] F2'[33895] R2'[34216] U[35131] R'[37845] U[37903] R'[38163] U'[38791] R3[39555] U'[39832] R'[40091] U[40184] R[40516] U[40784] R2[41185],false,true,12857,3731,9126,41185,22,22,28,2.41,,,,,,,,,,,,,,,,,,,,,,,,,,,,142,BR->FR 39,"[FL,BL]->FR 3",18,54,Gd,,
6820b931-b0b7-4693-ac3c-1701faf3de63,2024-08-06 14:58:39 UTC,false,49727,CFOP,Newest Gan,Gan 356i 3,Gan 356i,Johan Abildskov,false,false,6144,49727,,F'[0] R[603] L'[1169] D'[1801] L[2606] B'[2945] L'[3189] D[5452] R[6524] D'[6684] R'[6816] B'[7489] D'[7735] D'[7954] B[8072] D'[9696] F[10261] D'[10357] F'[10457] D'[10952] R'[11482] D'[11556] R[11702] D'[11929] R'[12101] D[12299] R[12530] D[13897] F[14471] U[14655] F'[15266] D[15430] F[16076] U'[16459] F'[16792] D'[16991] F'[17306] D[17374] F[17607] D[18651] D[18748] L'[19341] D'[19415] L[19563] D'[19719] D'[19888] L'[20053] D[20316] L[20563] D'[20778] F'[21207] R'[21494] D'[21596] R[21687] D[21885] F[22106] F'[23002] R[23197] F[23442] L'[23823] F'[23876] R'[24153] F[24341] L[24529] D'[25848] D[27685] B'[29657] L[29877] B'[30086] R'[30893] R'[30967] B[31338] L'[31829] B'[31957] R'[32302] R'[32357] B[32564] B[32801] D'[36109] L'[37271] F[37440] L'[37628] B'[38171] B'[38263] L[38464] F'[38812] L'[38916] B'[39309] B'[39358] L[39522] L[39777] D'[40375] B[43420] D[43564] B'[44198] D[44533] B'[45097] D'[45602] B[46592] B[46847] D'[47219] B'[47505] D[47699] B'[47970] D[48176] B[48484] D'[48920] D[49192] D'[49472] D'[49727],cube,,Speedsolving,standard_cube_allowed,L' F U L2 D' F R' U D2 B' L2 U L2 U' F2 D R2 U' L2 F2 L2 U2,random_state,standard_cube_allowed,,,,8,DB,0,0,49727,99,99,110,1.99,14971,34756,"",0,Cross,z2 F' L R' U' R B' R',z2[0] F'[0] L[603] R'[1169] U'[1801] R[2606] B'[2945] R'[3189],false,true,3189,0,3189,3189,7,7,7,2.2,F2L Slot 1,U L U' L' B' U2' B,U[5452] L[6524] U'[6684] L'[6816] B'[7489] U2'[7954] B[8072],false,true,4883,3335,1548,8072,7,7,8,4.52,F2L Slot 2,U' F U' F' U' L' U' L U' L' U L,U'[9696] F[10261] U'[10357] F'[10457] U'[10952] L'[11482] U'[11556] L[11702] U'[11929] L'[12101] U[12299] L[12530],false,true,4458,2189,2269,12530,12,12,12,5.29,F2L Slot 3,U F D F' U F D' F' U' F' U F,U[13897] F[14471] D[14655] F'[15266] U[15430] F[16076] D'[16459] F'[16792] U'[16991] F'[17306] U[17374] F[17607],false,true,5077,1941,3136,17607,12,12,12,3.83,F2L Slot 4,U2 R' U' R U2' R' U R,U2[18748] R'[19341] U'[19415] R[19563] U2'[19888] R'[20053] U[20316] R[20563],false,true,2956,1734,1222,20563,8,8,10,6.55,OLL,U' F' L' U' L U F F' L F R' F' L' F R,U'[20778] F'[21207] L'[21494] U'[21596] L[21687] U[21885] F[22106] F'[23002] L[23197] F[23442] R'[23823] F'[23876] L'[24153] F[24341] R[24529],false,true,3966,644,3322,24529,15,15,15,4.52,PLL,U' U B' R B' L2' B R' B' L2' B2 U' R' F R' B2' R F' R' B2' R2 U' B U B' U B' U' B2 U' B' U B' U B U' U U2',U'[25848] U[27685] B'[29657] R[29877] B'[30086] L2'[30967] B[31338] R'[31829] B'[31957] L2'[32357] B2[32801] U'[36109] R'[37271] F[37440] R'[37628] B2'[38263] R[38464] F'[38812] R'[38916] B2'[39358] R2[39777] U'[40375] B[43420] U[43564] B'[44198] U[44533] B'[45097] U'[45602] B2[46847] U'[47219] B'[47505] U[47699] B'[47970] U[48176] B[48484] U'[48920] U[49192] U2'[49727],false,true,25198,5128,20070,49727,38,38,46,1.89,,,,,,,,,,,,,,,,,,,,,,,,,,,,52,FL->FR 22,"[FL,BL]->FR 23",11,34,Gb,,
5aaffe8e-353d-4230-9802-6b4dd62fb320,2024-08-06 14:59:50 UTC,false,40560,CFOP,Newest Gan,Gan 356i 3,Gan 356i,Johan Abildskov,false,false,7613,40560,,F'[0] B[480] B[554] R'[3107] D'[3847] D'[4013] L[4381] L[4467] U'[5080] B[7246] D'[7366] D'[7470] B'[7629] D'[8217] L[8799] D'[9019] L'[9269] D'[10533] D'[10671] B[11264] D[11408] B'[11537] B'[13391] D'[14014] B[14138] D[14927] R'[15396] D'[15479] R[15546] D'[17230] D'[17380] B[18103] U[18292] B'[18785] D[18838] B[19391] U'[19765] B'[20233] D'[20355] B'[20520] D[20828] B[21059] D[22455] D'[22672] L'[22982] D'[23324] F'[23400] D[23511] F[23645] L[23866] F[24721] D[24774] F'[24868] D[25153] F[25215] D[25498] D[25597] F'[25706] D[28132] D[28207] D'[29727] L[31237] B'[31308] L[31578] F'[31892] F'[31945] L'[32289] B[32483] L[33065] F'[33517] F'[33586] L'[33799] L'[34004] D[34619] B'[36371] D[36552] B'[36865] D'[37920] B[38111] B[38275] B[38567] D'[38711] B'[39106] D[39219] B[39532] D[39801] B'[40482] B'[40560],cube,,Speedsolving,standard_cube_allowed,U B' U2 D' L' B' U2 L F L2 U' R2 U R2 L2 F2 R2 L2 U2 B2 D' B2,random_state,standard_cube_allowed,,,,8,DB,0,0,40560,74,74,88,1.82,16026,24534,"",0,Cross,z2 F' B2 L' U2' R2 D',z2[0] F'[0] B2[554] L'[3107] U2'[4013] R2[4467] D'[5080],false,true,5080,0,5080,5080,6,6,9,1.18,F2L Slot 1,B U2' B' U' R U' R',B[7246] U2'[7470] B'[7629] U'[8217] R[8799] U'[9019] R'[9269],false,true,4189,2166,2023,9269,7,7,8,3.46,F2L Slot 2,U2' B U B',U2'[10671] B[11264] U[11408] B'[11537],false,true,2268,1995,273,11537,4,4,5,14.65,F2L Slot 3,B' U' B U L' U' L,B'[13391] U'[14014] B[14138] U[14927] L'[15396] U'[15479] L[15546],false,true,4009,1854,2155,15546,7,7,7,3.25,F2L Slot 4,U2' B D B' U B D' B' U' B' U B,U2'[17380] B[18103] D[18292] B'[18785] U[18838] B[19391] D'[19765] B'[20233] U'[20355] B'[20520] U[20828] B[21059],false,true,5513,2557,2956,21059,12,12,13,4.06,OLL,U U' R' U' F' U F R F U F' U F U2 F',U[22455] U'[22672] R'[22982] U'[23324] F'[23400] U[23511] F[23645] R[23866] F[24721] U[24774] F'[24868] U[25153] F[25215] U2[25597] F'[25706],false,true,4647,1923,2724,25706,15,15,16,5.51,PLL,U2 U' R B' R F2' R' B R F2' R2' U B' U B' U' B3 U' B' U B U B2',U2[28207] U'[29727] R[31237] B'[31308] R[31578] F2'[31945] R'[32289] B[32483] R[33065] F2'[33586] R2'[34004] U[34619] B'[36371] U[36552] B'[36865] U'[37920] B3[38567] U'[38711] B'[39106] U[39219] B[39532] U[39801] B2'[40560],false,true,14854,5531,9323,40560,23,23,30,2.47,,,,,,,,,,,,,,,,,,,,,,,,,,,,9,FL->FR 14,"[BL,BR]->FR 60",23,50,Gb,,
c9f55459-ba86-40ce-81a4-50fa042b27f9,2024-08-06 15:01:16 UTC,false,47992,CFOP,Newest Gan,Gan 356i 3,Gan 356i,Johan Abildskov,false,false,10638,47992,,L'[0] R[766] R'[1981] R[2978] U[3794] U[4125] B'[5409] D'[6335] R'[7066] R'[7151] L'[7566] D[9549] R'[10112] D'[10181] R[10281] D'[10478] R'[10632] D[10823] R[11020] R[14804] D'[15074] R'[15357] D'[15844] B[16281] D'[16381] D'[16507] B'[16949] D[17007] D[17284] B[17565] D'[17666] B'[17779] D[19010] D[19107] L[19598] D[19868] L'[20142] D'[20339] D'[20463] L[20742] D[20846] L'[20972] B'[22685] D'[22878] D'[22980] B[23023] D'[23225] D'[23379] B'[23541] D[23799] B[24050] D'[24975] D'[25166] R[25532] D[25763] F[25987] D'[26327] F'[26381] R'[26679] L[26942] B[27084] D[27355] B'[27691] D'[27786] L'[28149] D[30141] F[31653] L'[31792] F[32065] R'[32425] R'[32488] F'[32886] L[33286] F[33511] D[33956] D'[34507] R'[35141] R'[35220] F'[35569] F'[35734] D'[37236] D'[37347] L[38870] B'[38968] L[39219] F'[39537] F'[39596] L'[39955] B[40129] L[40368] F'[40817] F'[40900] L'[41343] L'[41492] D[42000] B'[44617] D[44750] B'[45058] D'[45407] B[45586] B[45779] B[46208] D'[46560] B'[46833] D[47002] B[47257] D[47510] B[47793] B[47992],cube,,Speedsolving,standard_cube_allowed,R2 D2 B R' L D2 B L' U' L U' R2 D R2 U' B2 D2 B2 U2 R2 D B2,random_state,standard_cube_allowed,,,,8,DB,0,0,47992,89,90,109,1.85,14848,33144,"",0,Cross,z2 R' L L' L D2 B' U' L2' R',z2[0] R'[0] L[766] L'[1981] L[2978] D2[4125] B'[5409] U'[6335] L2'[7151] R'[7566],false,true,7566,0,7566,7566,9,9,11,1.19,F2L Slot 1,U L' U' L U' L' U L,U[9549] L'[10112] U'[10181] L[10281] U'[10478] L'[10632] U[10823] L[11020],false,true,3454,2546,908,11020,8,8,8,8.81,F2L Slot 2,L U' L' U' B U2' B' U2 B U' B',L[14804] U'[15074] L'[15357] U'[15844] B[16281] U2'[16507] B'[16949] U2[17284] B[17565] U'[17666] B'[17779],false,true,6759,3784,2975,17779,11,11,13,3.7,F2L Slot 3,U2 R U R' U2' R U R',U2[19107] R[19598] U[19868] R'[20142] U2'[20463] R[20742] U[20846] R'[20972],false,true,3193,1819,1374,20972,8,8,10,5.82,F2L Slot 4,B' U2' B U2' B' U B,B'[22685] U2'[22980] B[23023] U2'[23379] B'[23541] U[23799] B[24050],false,true,3078,1713,1365,24050,7,7,9,5.13,OLL,U2' L U F U' F' M U F U' F' R' x,U2'[25166] L[25532] U[25763] F[25987] U'[26327] F'[26381] M[26942] U[27084] F[27355] U'[27691] F'[27786] R'[28149] x[29145],false,true,4099,1482,2617,28149,12,13,14,4.59,PLL,U F R' F L2' F' R F U U' L2' F2' U2' R B' R F2' R' B R F2' R2' U B' U B' U' B3 U' B' U B U B2,U[30141] F[31653] R'[31792] F[32065] L2'[32488] F'[32886] R[33286] F[33511] U[33956] U'[34507] L2'[35220] F2'[35734] U2'[37347] R[38870] B'[38968] R[39219] F2'[39596] R'[39955] B[40129] R[40368] F2'[40900] R2'[41492] U[42000] B'[44617] U[44750] B'[45058] U'[45407] B3[46208] U'[46560] B'[46833] U[47002] B[47257] U[47510] B2[47992],false,true,19843,3504,16339,47992,34,34,44,2.08,,,,,,,,,,,,,,,,,,,,,,,,,,,,16,BL->FR 72,"[FL,BR]->FR 38",17,22,V,,
87edebc7-6770-4fd1-a6d6-ce63acd5dd84,2024-08-06 15:02:16 UTC,false,30673,CFOP,Newest Gan,Gan 356i 3,Gan 356i,Johan Abildskov,false,false,1698,30673,,D'[0] R[1759] F'[2502] F'[2570] D[2934] L[3590] B'[3820] F[6480] D'[6924] D'[7064] F'[7354] D[7471] L[8009] D'[8169] L'[8336] D'[8758] F[9657] D'[9824] F'[9999] D'[10511] L'[10769] D[10801] D[10914] D'[11317] L[11368] R[12756] D[13100] R'[13543] D'[13708] D'[13852] R[13919] D[14270] R'[14770] D'[15025] D'[15429] D'[15592] R'[15911] D[16085] R[16310] D[16785] F[17175] D[17385] L[17618] D'[17948] L'[18016] F'[18342] D'[18971] B'[19270] L[19476] B[19711] R'[20133] B'[20315] L'[20667] B[20906] R[21092] D[22043] D[22121] L[23536] B'[23633] L[23885] F'[24212] F'[24276] L'[24631] B[24833] L[25072] F'[25399] F'[25462] L'[25606] L'[25775] D[26362] B'[28125] D[28187] B'[28426] D'[28784] B[28916] B[29037] B[29183] D'[29316] B'[29548] D[29700] B[30012] D[30324] B[30543] B[30673],cube,,Speedsolving,standard_cube_allowed,D2 B L2 D L B' D L2 B' R D' F2 U B2 U' R2 U' F2 L2 F2 D L2,random_state,standard_cube_allowed,,,,8,DB,0,0,30673,71,71,84,2.31,9819,20854,"",0,Cross,z2 U' L F2' U R B',z2[0] U'[0] L[1759] F2'[2570] U[2934] R[3590] B'[3820],false,true,3820,0,3820,3820,6,6,7,1.57,F2L Slot 1,F U2' F' U R U' R',F[6480] U2'[7064] F'[7354] U[7471] R[8009] U'[8169] R'[8336],false,true,4516,2660,1856,8336,7,7,8,3.77,F2L Slot 2,U' F U' F' U' R' U2 U' R,U'[8758] F[9657] U'[9824] F'[9999] U'[10511] R'[10769] U2[10914] U'[11317] R[11368],false,true,3032,1321,1711,11368,9,9,10,5.26,F2L Slot 3,L U L' U2' L U L',L[12756] U[13100] L'[13543] U2'[13852] L[13919] U[14270] L'[14770],false,true,3402,1388,2014,14770,7,7,8,3.48,F2L Slot 4,U3' L' U L,U3'[15592] L'[15911] U[16085] L[16310],false,true,1540,1141,399,16310,4,4,6,10.03,OLL,U F U R U' R' F' U' B' R B L' B' R' B L,U[16785] F[17175] U[17385] R[17618] U'[17948] R'[18016] F'[18342] U'[18971] B'[19270] R[19476] B[19711] L'[20133] B'[20315] R'[20667] B[20906] L[21092],false,true,4782,865,3917,21092,16,16,16,4.08,PLL,U2 R B' R F2' R' B R F2' R2' U B' U B' U' B3 U' B' U B U B2,U2[22121] R[23536] B'[23633] R[23885] F2'[24276] R'[24631] B[24833] R[25072] F2'[25462] R2'[25775] U[26362] B'[28125] U[28187] B'[28426] U'[28784] B3[29183] U'[29316] B'[29548] U[29700] B[30012] U[30324] B2[30673],false,true,9581,2444,7137,30673,22,22,29,3.08,,,,,,,,,,,,,,,,,,,,,,,,,,,,9,FL->FR 94,"[FL,BL]->FR 38",5,7,Gb,,
fdf28e6a-54d8-48db-80b1-f9748db40986,2024-08-07 05:04:47 UTC,false,49774,CFOP,Newest Gan,Gan 356i 3,Gan 356i,Johan Abildskov,false,false,8157,49774,,F[0] R[1794] F[2137] D[3498] F[3763] L'[3948] F'[4125] R'[6657] D[6819] R[7013] B'[8198] B'[8301] D[9765] D[9914] D[10883] B'[11312] D[11363] B[11611] D'[11934] B'[14557] D'[14762] B[14845] L'[15947] D'[16152] L[16213] D'[17500] L'[18571] D'[18995] L[19104] D'[19483] L'[19709] D[19765] L[20090] D[22021] F[22459] D'[22746] F'[23041] D[23737] L[24160] D[24385] D[25482] L'[26212] D[26292] D[26629] L[26954] D'[27113] L'[27262] D'[30045] R'[30520] D[30977] R[31669] D[31871] F[32528] D[32849] F'[33596] B'[34440] D'[34887] L'[35043] D[35113] L[35354] B[35641] D'[36964] D'[37119] L[37657] D[37836] L'[38009] D[38346] L[38456] D[38740] D[38873] L'[39023] D[40425] R[41908] F'[42044] R[42342] B'[42796] B'[42871] R'[43326] F[43857] R[44274] B'[44725] B'[44809] R'[44980] R'[45165] D[45900] B'[47168] D[47236] B'[47561] D'[47825] B[47977] B[48139] B[48378] D'[48622] B'[48860] D[48901] B[49123] D[49386] B[49542] B[49774],cube,,Speedsolving,standard_cube_allowed,U' F B' U D' B2 R D L' B U F2 B2 U' F2 D' B2 U2 R2 B2 D,random_state,standard_cube_allowed,,,,8,DB,0,0,49774,88,88,99,1.77,13469,36305,"",0,Cross,z2 F L F U F R' F' L' U L B2',z2[0] F[0] L[1794] F[2137] U[3498] F[3763] R'[3948] F'[4125] L'[6657] U[6819] L[7013] B2'[8301],false,true,8301,0,8301,8301,11,11,12,1.33,F2L Slot 1,U2 U B' U B U' B' U' B,U2[9914] U[10883] B'[11312] U[11363] B[11611] U'[11934] B'[14557] U'[14762] B[14845],false,true,6544,3011,3533,14845,9,9,10,2.55,F2L Slot 2,R' U' R U' R' U' R U' R' U R,R'[15947] U'[16152] R[16213] U'[17500] R'[18571] U'[18995] R[19104] U'[19483] R'[19709] U[19765] R[20090],false,true,5245,1102,4143,20090,11,11,11,2.66,F2L Slot 3,U F U' F' U R U U R' U2 R U' R',U[22021] F[22459] U'[22746] F'[23041] U[23737] R[24160] U[24385] U[25482] R'[26212] U2[26629] R[26954] U'[27113] R'[27262],false,true,7172,2369,4803,27262,13,13,14,2.71,F2L Slot 4,U' L' U L U F U F',U'[30045] L'[30520] U[30977] L[31669] U[31871] F[32528] U[32849] F'[33596],false,true,6334,3258,3076,33596,8,8,8,2.6,OLL,B' U' R' U R B U2' R U R' U R U2 R',B'[34440] U'[34887] R'[35043] U[35113] R[35354] B[35641] U2'[37119] R[37657] U[37836] R'[38009] U[38346] R[38456] U2[38873] R'[39023],false,true,5427,844,4583,39023,14,14,16,3.05,PLL,U L F' L B2' L' F L B2' L2' U B' U B' U' B3 U' B' U B U B2,U[40425] L[41908] F'[42044] L[42342] B2'[42871] L'[43326] F[43857] L[44274] B2'[44809] L2'[45165] U[45900] B'[47168] U[47236] B'[47561] U'[47825] B3[48378] U'[48622] B'[48860] U[48901] B[49123] U[49386] B2[49774],false,true,10751,2885,7866,49774,22,22,28,2.8,,,,,,,,,,,,,,,,,,,,,,,,,,,,6,BR->FR 30,"[BL,BR]->FR 60",35,38,Ga,,
34383615-6e74-4311-95e2-be31ef730846,2024-08-07 05:06:44 UTC,false,36372,CFOP,Newest Gan,Gan 356i 3,Gan 356i,Johan Abildskov,false,false,7393,36372,,L[0] B'[727] D'[1845] L'[2775] R'[3457] U[3517] R'[4844] L[6911] L[7163] D'[7653] D'[7915] F'[8428] F'[8522] D'[8821] D'[8980] B[9314] B[9451] D[10956] B[11448] D'[11620] B'[11771] L'[12433] D'[12636] D'[12908] L[13006] D[13988] D[14265] R[14510] D'[14685] R'[14848] L[15262] D'[15408] D'[15538] L'[15887] D'[16087] F[16767] D'[17322] F'[17466] D'[18530] R'[19125] U'[19320] R[19486] D'[19681] R'[19877] U[20009] R[20132] D[20462] R[20755] D'[20981] R'[21143] D'[22373] L[22794] D[22913] L'[23508] D[23647] D[24332] L[24598] D'[24750] L'[24939] F[25709] D[25922] L[26216] D'[26657] L'[26885] F'[27225] D'[27821] D'[28443] L'[28998] D'[29148] L[29218] D'[29539] L'[29706] D'[29890] D'[30021] L[30113] D[31314] R[32960] F'[33113] R[33363] B'[33715] B'[33792] R'[34355] F[34652] R[34916] B'[35908] B'[36023] R'[36278] R'[36372],cube,,Speedsolving,standard_cube_allowed,U' F D' B L' B R L U' D' F' U R2 F2 U' F2 U D L2 U' F2 R2,random_state,standard_cube_allowed,,,,8,DB,0,0,36372,74,74,88,2.03,10428,25944,"",0,Cross,z2 R B' U' R' L' D L' R2 U2' F2' U2' B2,z2[0] R[0] B'[727] U'[1845] R'[2775] L'[3457] D[3517] L'[4844] R2[7163] U2'[7915] F2'[8522] U2'[8980] B2[9451],false,true,9451,0,9451,9451,12,12,17,1.27,F2L Slot 1,U B U' B' R' U2' R,U[10956] B[11448] U'[11620] B'[11771] R'[12433] U2'[12908] R[13006],false,true,3555,1997,1558,13006,7,7,8,4.49,F2L Slot 2,U2 L U' L' R U2' R' U' F U' F',U2[14265] L[14510] U'[14685] L'[14848] R[15262] U2'[15538] R'[15887] U'[16087] F[16767] U'[17322] F'[17466],false,true,4460,1504,2956,17466,11,11,13,3.72,F2L Slot 3,U' L' D' L U' L' D L U L U' L',U'[18530] L'[19125] D'[19320] L[19486] U'[19681] L'[19877] D[20009] L[20132] U[20462] L[20755] U'[20981] L'[21143],false,true,3677,1659,2018,21143,12,12,12,5.95,F2L Slot 4,U' R U R' U2 R U' R',U'[22373] R[22794] U[22913] R'[23508] U2[24332] R[24598] U'[24750] R'[24939],false,true,3796,1651,2145,24939,8,8,9,3.73,OLL,F U R U' R' F' U2' R' U' R U' R' U2' R,F[25709] U[25922] R[26216] U'[26657] R'[26885] F'[27225] U2'[28443] R'[28998] U'[29148] R[29218] U'[29539] R'[29706] U2'[30021] R[30113],false,true,5174,770,4404,30113,14,14,16,3.18,PLL,U L F' L B2' L' F L B2' L2',U[31314] L[32960] F'[33113] L[33363] B2'[33792] L'[34355] F[34652] L[34916] B2'[36023] L2'[36372],false,true,6259,2847,3412,36372,10,10,13,2.93,,,,,,,,,,,,,,,,,,,,,,,,,,,,52,BL->FR 96,"[FL,BR]->FR 3",15,36,Ab,,
142a4770-2640-480b-a01a-01b0a9ff3e9d,2024-08-07 05:07:49 UTC,false,28643,CFOP,Newest Gan,Gan 356i 3,Gan 356i,Johan Abildskov,false,false,5240,28643,,F[0] R[1251] U[2135] U[2335] F[3924] F[4257] B[4772] D[6420] F[6779] D[7025] F'[7430] B'[7890] D'[8016] D'[8183] B[8266] F'[10197] D[10428] F[10734] L'[12051] D[12436] D[12674] L[12940] D'[13126] B[13422] D[13902] B'[14618] D'[15315] B'[15876] D'[16024] B[16106] D'[16323] B'[16539] D[16804] B[17086] D'[18222] F[18589] D[18824] F'[19405] D[19500] F[19844] D'[19945] F'[20110] D'[20803] F[21012] L[21420] B'[21945] L'[22076] F'[22275] L[22475] B[22660] L'[23123] D'[24387] F[25735] L'[25910] F[26172] R'[26532] R'[26611] F'[27258] L[27401] F[27632] R'[28210] R'[28297] F'[28524] F'[28643],cube,,Speedsolving,standard_cube_allowed,F2 D F' B L' U D B' U' L2 U' B2 D B2 R2 U L2 F2 B2 D R2 D2,random_state,standard_cube_allowed,,,,8,DB,0,0,28643,57,57,64,1.99,9599,19044,"",0,Cross,z2 F L D2 F2 B,z2[0] F[0] L[1251] D2[2335] F2[4257] B[4772],false,true,4772,0,4772,4772,5,5,7,1.05,F2L Slot 1,U F U F' B' U2' B F' U F,U[6420] F[6779] U[7025] F'[7430] B'[7890] U2'[8183] B[8266] F'[10197] U[10428] F[10734],false,true,5962,2007,3955,10734,10,10,11,2.53,F2L Slot 2,R' U2 R U' B U B',R'[12051] U2[12674] R[12940] U'[13126] B[13422] U[13902] B'[14618],false,true,3884,1317,2567,14618,7,7,8,2.73,F2L Slot 3,U' B' U' B U' B' U B,U'[15315] B'[15876] U'[16024] B[16106] U'[16323] B'[16539] U[16804] B[17086],false,true,2468,1258,1210,17086,8,8,8,6.61,F2L Slot 4,U' F U F' U F U' F',U'[18222] F[18589] U[18824] F'[19405] U[19500] F[19844] U'[19945] F'[20110],false,true,3024,1503,1521,20110,8,8,8,5.26,OLL,U' F R B' R' F' R B R',U'[20803] F[21012] R[21420] B'[21945] R'[22076] F'[22275] R[22475] B[22660] R'[23123],false,true,3013,902,2111,23123,9,9,9,4.26,PLL,U' F R' F L2' F' R F L2' F2',U'[24387] F[25735] R'[25910] F[26172] L2'[26611] F'[27258] R[27401] F[27632] L2'[28297] F2'[28643],false,true,5520,2612,2908,28643,10,10,13,3.44,,,,,,,,,,,,,,,,,,,,,,,,,,,,140,FL->FR 2,"[FL,BL]->FR 16",7,24,Ab,,
d836669b-dea6-4957-b547-d136194a3bd0,2024-08-07 05:09:12 UTC,false,38272,CFOP,Newest Gan,Gan 356i 3,Gan 356i,Johan Abildskov,false,false,11451,38272,,B'[0] F[367] L'[1098] R[2912] B'[3324] D'[3574] B[3684] R'[4289] R'[4438] U[4793] U[4962] D'[5669] D'[6074] F'[8110] D[8170] F[8375] B'[10406] D'[10664] B[10796] L'[13320] D'[13525] L[13642] D'[14568] B'[14850] D[14909] B[15104] R[15697] D'[15908] R'[16054] D'[16902] B'[17190] D[17249] B[17513] L'[19070] D'[19196] L[19259] D'[19938] D'[20095] L'[20830] D[20978] L[21272] F[22836] D[23145] F'[23575] D'[23732] D'[24113] F[24260] D'[24507] F'[24688] D[24942] D[25424] D'[26309] F[26534] D[26833] F'[27038] D'[27821] R'[28215] B'[28547] D'[28623] B[28717] D[28876] R[29133] D[30106] R'[30498] B[30711] R[31031] F'[31485] R'[31599] B'[31833] R[32066] F[32280] D[33645] D[34139] B[35518] R'[35641] B[35901] L'[36243] L'[36347] B'[36781] R[36945] B[37163] L'[37788] L'[37873] B'[38115] B'[38272],cube,,Speedsolving,standard_cube_allowed,R2 U' B' U L B R D2 F U' D L2 B2 R2 F2 U2 B2 U' F2 U R2,random_state,standard_cube_allowed,,,,8,DB,0,0,38272,75,75,85,1.96,12715,25557,"",0,Cross,z2 B' F R' L B' U' B L2' D2,z2[0] B'[0] F[367] R'[1098] L[2912] B'[3324] U'[3574] B[3684] L2'[4438] D2[4962],false,true,4962,0,4962,4962,9,9,11,1.81,F2L Slot 1,U2' F' U F,U2'[6074] F'[8110] U[8170] F[8375],false,true,3413,3148,265,8375,4,4,5,15.09,F2L Slot 2,B' U' B R' U' R U' B' U B L U' L' U' B' U B,B'[10406] U'[10664] B[10796] R'[13320] U'[13525] R[13642] U'[14568] B'[14850] U[14909] B[15104] L[15697] U'[15908] L'[16054] U'[16902] B'[17190] U[17249] B[17513],false,true,9138,2031,7107,17513,17,17,17,2.39,F2L Slot 3,R' U' R U2' R' U R,R'[19070] U'[19196] R[19259] U2'[20095] R'[20830] U[20978] R[21272],false,true,3759,1557,2202,21272,7,7,8,3.18,F2L Slot 4,F U F' U2' F U' F' U2 U' F U F',F[22836] U[23145] F'[23575] U2'[24113] F[24260] U'[24507] F'[24688] U2[25424] U'[26309] F[26534] U[26833] F'[27038],false,true,5766,1564,4202,27038,12,12,14,2.86,OLL,U' L' B' U' B U L U L' B L F' L' B' L F,U'[27821] L'[28215] B'[28547] U'[28623] B[28717] U[28876] L[29133] U[30106] L'[30498] B[30711] L[31031] F'[31485] L'[31599] B'[31833] L[32066] F[32280],false,true,5242,1177,4065,32280,16,16,16,3.94,PLL,U2 B L' B R2' B' L B R2' B2',U2[34139] B[35518] L'[35641] B[35901] R2'[36347] B'[36781] L[36945] B[37163] R2'[37873] B2'[38272],false,true,5992,3238,2754,38272,10,10,14,3.63,,,,,,,,,,,,,,,,,,,,,,,,,,,,5,BL->FR 40,"[FL,BR]->FR 11",39,13,Ab,,
f1cabaac-3a44-402d-ac11-64d55e86ba90,2024-08-07 05:11:12 UTC,false,84860,CFOP,Newest Gan,Gan 356i 3,Gan 356i,Johan Abildskov,false,false,7542,84860,,R[0] L'[363] F[2081] D'[4401] D'[4992] L[5735] B'[6243] L'[6776] U'[7243] B[7853] D'[8262] B'[8744] R[9132] R[9230] D[10512] D'[10897] R'[11375] R'[11450] R'[13073] D'[13427] D'[13611] R[13728] D[14275] D[14495] D[16489] F'[17953] F'[18028] D'[19715] R'[20318] D'[20458] R[20499] R[22175] D'[22321] D'[22502] R'[22713] D[22976] B'[23723] D'[23958] B[24022] D[25462] L[26545] D'[26809] L'[26982] D[27463] D[27574] L'[28646] D'[28773] L[28866] D'[29106] L'[29284] D[29485] L[29727] D[32869] F'[33231] D[33383] F[33654] D[33948] L[34304] D[34454] L'[34736] D[34886] L[35221] D'[35364] L'[35933] D'[36721] F'[39020] D'[39355] R'[39516] D[39629] R[39851] F[40175] L'[41064] D'[41189] L[41223] D'[41489] L'[41657] D'[41751] D'[41872] L[41946] R[45980] F'[46086] R[46369] B'[46762] B'[46868] R'[47338] F[47556] R[47827] B'[48264] B'[48359] R'[48568] R'[48753] D[49177] D[50111] D[51083] L'[51838] D[52005] L'[52471] D'[52718] L[52837] L[52970] D'[53273] D[54106] L'[55617] D[56757] D'[57171] D'[57538] L'[58194] L[58531] L[61006] D'[63079] D'[63740] L'[64904] L'[65082] D'[68086] L[68578] D'[69017] L'[69176] D[69520] D[69618] L'[70415] D'[70578] L[70733] D'[71008] L'[71229] L'[71686] L[71771] L'[72041] L[72413] D[72607] L[72880] L[74301] D[74509] L'[74769] D'[75948] R[76160] F[76645] L'[77167] F'[77333] R'[77561] F[77852] L[78023] F'[78310] D[80109] F[81216] D[81508] F'[81972] R'[82102] F[82185] D[82925] F'[83354] D'[83494] F'[83734] R[83995] F[84243] F[84321] D'[84480] F'[84646] D'[84860],cube,,Speedsolving,standard_cube_allowed,U R2 L' B D R F R2 D' R F2 L2 F2 D' L2 B2 D' B2 R2 U' F2 U,random_state,standard_cube_allowed,,,,8,DB,0,0,84860,139,139,158,1.64,17114,67746,"",0,Cross,z2 L R' F U2' R B' R' D' B U' B' L2 U U' L2' L' U2' L U2 U F2',z2[0] L[0] R'[363] F[2081] U2'[4992] R[5735] B'[6243] R'[6776] D'[7243] B[7853] U'[8262] B'[8744] L2[9230] U[10512] U'[10897] L2'[11450] L'[13073] U2'[13611] L[13728] U2[14495] U[16489] F2'[18028],false,true,18028,0,18028,18028,21,21,27,1.16,F2L Slot 1,U' L' U' L,U'[19715] L'[20318] U'[20458] L[20499],false,true,2471,2290,181,20499,4,4,4,22.1,F2L Slot 2,L U2' L' U B' U' B,L[22175] U2'[22502] L'[22713] U[22976] B'[23723] U'[23958] B[24022],false,true,3523,1676,1847,24022,7,7,8,3.79,F2L Slot 3,U R U' R' U2 R' U' R U' R' U R,U[25462] R[26545] U'[26809] R'[26982] U2[27574] R'[28646] U'[28773] R[28866] U'[29106] R'[29284] U[29485] R[29727],false,true,5705,2523,3182,29727,12,12,13,3.77,F2L Slot 4,U F' U F U R U R' U R U' R',U[32869] F'[33231] U[33383] F[33654] U[33948] R[34304] U[34454] R'[34736] U[34886] R[35221] U'[35364] R'[35933],false,true,6206,3504,2702,35933,12,12,12,4.44,OLL,U' F' U' L' U L F R' U' R U' R' U2' R,U'[36721] F'[39020] U'[39355] L'[39516] U[39629] L[39851] F[40175] R'[41064] U'[41189] R[41223] U'[41489] R'[41657] U2'[41872] R[41946],false,true,6013,3087,2926,41946,14,14,15,4.78,PLL,L F' L B2' L' F L B2' L2' U U U R' U R' U' R2 U' U R' U U2' R' R R U2' R2' U' R U' R' U2 R' U' R U' R2' R R' R U R R U R' U' L F R' F' L' F R F' U F U F' L' F U F' U' F' L F2 U' F' U',L[45980] F'[46086] L[46369] B2'[46868] L'[47338] F[47556] L[47827] B2'[48359] L2'[48753] U[49177] U[50111] U[51083] R'[51838] U[52005] R'[52471] U'[52718] R2[52970] U'[53273] U[54106] R'[55617] U[56757] U2'[57538] R'[58194] R[58531] R[61006] U2'[63740] R2'[65082] U'[68086] R[68578] U'[69017] R'[69176] U2[69618] R'[70415] U'[70578] R[70733] U'[71008] R2'[71686] R[71771] R'[72041] R[72413] U[72607] R[72880] R[74301] U[74509] R'[74769] U'[75948] L[76160] F[76645] R'[77167] F'[77333] L'[77561] F[77852] R[78023] F'[78310] U[80109] F[81216] U[81508] F'[81972] L'[82102] F[82185] U[82925] F'[83354] U'[83494] F'[83734] L[83995] F2[84321] U'[84480] F'[84646] U'[84860],false,true,42914,4034,38880,84860,69,69,79,1.77,,,,,,,,,,,,,,,,,,,,,,,,,,,,12,BR->FR 24,"[BL,BR]->FR 22",1,35,Gd,,
eb33c654-b026-4c22-b920-48a3ced00698,2024-08-07 05:14:04 UTC,true,,CFOP,Newest Gan,Gan 356i 3,Gan 356i,Johan Abildskov,false,false,,,,,cube,,Speedsolving,standard_cube_allowed,F' R2 D2 R B U' F' D R U B2 U F2 D R2 U2 F2 L2 D R2 U' R2,random_state,standard_cube_allowed,,,,,,,,,,,,,,,,,Cross,,,,,,,,,,,,,F2L Slot 1,,,,,,,,,,,,,F2L Slot 2,,,,,,,,,,,,,F2L Slot 3,,,,,,,,,,,,,F2L Slot 4,,,,,,,,,,,,,OLL,,,,,,,,,,,,,PLL,,,,,,,,,,,,,,,,,,,,,,,,,,,,,,,,,,,,,,,,,,,,,,,
bcb1de99-24b1-4e8f-bb55-a8041aa9b9aa,2024-08-07 05:12:11 UTC,false,32220,CFOP,Newest Gan,Gan 356i 3,Gan 356i,Johan Abildskov,false,false,4262,32220,,D'[0] F[647] L'[1548] D'[2249] D'[2411] R[2733] R[2826] B'[3516] D[4577] D[4858] F[5116] D'[5317] F'[5553] B[6081] D'[6240] D'[6412] B'[6605] D[6903] R[7408] D'[7652] R'[7888] D'[9244] L[9510] D[9687] L'[9959] D[10045] L[10371] D'[10504] L'[10770] D'[12132] D'[12377] F[12801] D[13165] F'[13335] D[16092] D[16206] L'[16773] D'[16922] D'[17237] L[17383] D'[17580] L'[17809] D[20088] L[20409] L[22159] D[22330] L'[22620] D'[23170] R[24525] L'[24527] F[25020] L[25290] F'[25497] R'[25731] B[27950] D[28256] B'[28897] L'[29328] B[29486] D[30248] B'[30744] D'[30848] B'[31129] L[31369] B[31589] B[31679] D'[31846] B'[32004] D'[32220],cube,,Speedsolving,standard_cube_allowed,R2 D L D2 R' D F' B' R' U' L2 D2 R2 U' R2 D B2 D2 L2 B2 U L2,random_state,standard_cube_allowed,,,,8,DB,0,0,32220,60,61,69,1.86,12660,19560,"",0,Cross,z2 U' F R' U2' L2 B',z2[0] U'[0] F[647] R'[1548] U2'[2411] L2[2826] B'[3516],false,true,3516,0,3516,3516,6,6,8,1.71,F2L Slot 1,U2 F U' F' B U2' B' U L U' L',U2[4858] F[5116] U'[5317] F'[5553] B[6081] U2'[6412] B'[6605] U[6903] L[7408] U'[7652] L'[7888],false,true,4372,1600,2772,7888,11,11,13,3.97,F2L Slot 2,U' R U R' U R U' R',U'[9244] R[9510] U[9687] R'[9959] U[10045] R[10371] U'[10504] R'[10770],false,true,2882,1622,1260,10770,8,8,8,6.35,F2L Slot 3,U2' F U F',U2'[12377] F[12801] U[13165] F'[13335],false,true,2565,2031,534,13335,4,4,5,7.49,F2L Slot 4,U2 R' U2' R U' R' U R,U2[16206] R'[16773] U2'[17237] R[17383] U'[17580] R'[17809] U[20088] R[20409],false,true,7074,3438,3636,20409,8,8,10,2.2,OLL,R U R' U' M' U R U' L' x',R[22159] U[22330] R'[22620] U'[23170] M'[24527] U[25020] R[25290] U'[25497] L'[25731] x'[26840],false,true,5322,1750,3572,25731,9,10,10,2.52,PLL,B U B' R' B U B' U' B' R B2 U' B' U',B[27950] U[28256] B'[28897] R'[29328] B[29486] U[30248] B'[30744] U'[30848] B'[31129] R[31369] B2[31679] U'[31846] B'[32004] U'[32220],false,true,6489,2219,4270,32220,14,14,15,3.28,,,,,,,,,,,,,,,,,,,,,,,,,,,,84,BL->FR 7,"[FL,BR]->FR 14",10,57,Jb,,
e4626abb-a5d1-4878-bd2c-f3d154b33647,2024-08-07 11:11:25 UTC,false,44154,CFOP,Newest Gan,Gan 356i 3,Gan 356i,Johan Abildskov,false,false,6325,44154,,B[0] R'[515] F'[1858] R'[2330] L'[3273] U[3814] U[4044] D[5428] F[5862] U[6786] F'[7639] D[7833] F[8114] U'[8630] F'[8886] D'[9048] F'[9374] D[9429] F[9947] D[12208] B[13416] D'[13695] B'[13899] F[14777] D'[14928] D'[15061] F'[15443] D[15463] D[15699] F[16027] D'[16436] F'[16604] D[19007] D[19117] D[19783] D'[20069] D'[20406] B[20794] D'[20946] B'[21085] L'[21597] D[21628] L[22140] D[22595] B[22905] D'[23083] B'[23262] D'[24252] B'[24532] D[24556] B[24994] D'[26076] R[26561] D'[26685] D'[26842] D[27371] D'[27768] D'[28118] D'[28343] D[29401] D[29774] R'[29984] D[30312] D[30554] R[30813] D'[30942] R'[31087] L[32630] D[33034] L'[33501] D'[33714] R[34920] L'[34969] F[35265] L[35533] F'[35669] R'[35947] D[36538] D[36855] D[37625] R[39179] D[39288] R'[39653] D[40046] R'[40578] D'[41405] R[41834] R[42370] D'[42719] R'[42958] D[43053] R'[43337] D[43496] R[43766] D'[44062] D'[44154],cube,,Speedsolving,standard_cube_allowed,R' B2 L2 D B L F2 B' U F U2 F2 U B2 L2 U' F2 D B2 D2 F2 R2,random_state,standard_cube_allowed,,,,8,DB,0,0,44154,81,82,96,1.83,15522,28632,"",0,Cross,z2 B L' F' L' R' D2,z2[0] B[0] L'[515] F'[1858] L'[2330] R'[3273] D2[4044],false,true,4044,0,4044,4044,6,6,7,1.48,F2L Slot 1,U F D F' U F D' F' U' F' U F,U[5428] F[5862] D[6786] F'[7639] U[7833] F[8114] D'[8630] F'[8886] U'[9048] F'[9374] U[9429] F[9947],false,true,5903,1818,4085,9947,12,12,12,2.94,F2L Slot 2,U B U' B' F U2' F' U2 F U' F',U[12208] B[13416] U'[13695] B'[13899] F[14777] U2'[15061] F'[15443] U2[15699] F[16027] U'[16436] F'[16604],false,true,6657,3469,3188,16604,11,11,13,3.45,F2L Slot 3,U3 U2' B U' B' R' U R U B U' B',U3[19783] U2'[20406] B[20794] U'[20946] B'[21085] R'[21597] U[21628] R[22140] U[22595] B[22905] U'[23083] B'[23262],false,true,6658,4190,2468,23262,12,12,15,4.86,F2L Slot 4,U' B' U B U' L U2' U U3' U2 L' U2 L U' L',U'[24252] B'[24532] U[24556] B[24994] U'[26076] L[26561] U2'[26842] U[27371] U3'[28343] U2[29774] L'[29984] U2[30554] L[30813] U'[30942] L'[31087],false,true,7825,1270,6555,31087,15,15,20,2.29,OLL,R U R' U' M' U R U' L' x',R[32630] U[33034] R'[33501] U'[33714] M'[34969] U[35265] R[35533] U'[35669] L'[35947] x'[36242],false,true,4860,1543,3317,35947,9,10,10,2.71,PLL,U2 U L U L' U L' U' L2 U' L' U L' U L U2',U2[36855] U[37625] L[39179] U[39288] L'[39653] U[40046] L'[40578] U'[41405] L2[42370] U'[42719] L'[42958] U[43053] L'[43337] U[43496] L[43766] U2'[44154],false,true,8207,3232,4975,44154,16,16,19,3.22,,,,,,,,,,,,,,,,,,,,,,,,,,,,23,BR->FR 69,"[FL,BL]->FR 39",40,57,Ua,,
c2f44976-56f2-4da9-b5f0-b32f675d6c20,2024-08-07 11:12:45 UTC,false,45528,CFOP,Newest Gan,Gan 356i 3,Gan 356i,Johan Abildskov,false,false,6620,45528,,B[0] D'[5871] B[7211] R'[7953] U[8051] R[8254] B'[9941] B'[10258] R'[11410] R'[11489] L[12330] L[12417] D[13955] F[14275] D[14494] F'[14938] D'[15057] D'[15293] L'[16529] D'[16658] D'[17991] D'[18139] L[18507] L[18800] D[19329] L'[19729] D[20014] L[20246] D'[20407] L'[20622] F[21588] D'[21784] F'[22002] F[22368] D'[22582] D'[22735] F'[23187] D[23341] D[23594] F[23869] D'[24030] F'[24173] D'[24865] D'[25396] B'[25926] D[25986] B[26216] D'[27328] D'[27480] L'[27731] D[27794] L[27966] F[28793] D[28996] L[29248] D'[29590] L'[29711] F'[30040] R[30607] R[30691] U[30861] R'[31448] D'[31609] D'[31765] R[31895] U'[32754] R'[33087] D'[33266] D'[33334] R'[33494] D[34783] D[34909] L[37424] B'[37506] L[37739] F'[38073] F'[38123] L'[38756] B[38931] L[39137] F'[39503] F'[39594] L'[39767] L'[39982] D[40435] R'[41385] D[41472] R'[41713] D'[41925] R[42041] R[42153] R[42294] D'[42462] R'[43781] D[44555] R[44963] D[45206] R[45368] R[45528],cube,,Speedsolving,standard_cube_allowed,U L B2 R2 F R' F2 R D' B' D2 R2 L2 F2 B2 U R2 F2 D' F2 U2 F2,random_state,standard_cube_allowed,,,,8,DB,0,0,45528,79,79,99,1.74,10849,34679,"",0,Cross,z2 B U' B L' D L B2' L2' R2,z2[0] B[0] U'[5871] B[7211] L'[7953] D[8051] L[8254] B2'[10258] L2'[11489] R2[12417],false,true,12417,0,12417,12417,9,9,12,0.72,F2L Slot 1,U F U F' U2' R' U' U2' R2 U R' U R U' R',U[13955] F[14275] U[14494] F'[14938] U2'[15293] R'[16529] U'[16658] U2'[18139] R2[18800] U[19329] R'[19729] U[20014] R[20246] U'[20407] R'[20622],false,true,8205,1858,6347,20622,15,15,18,2.36,F2L Slot 2,F U' F' F U2' F' U2 F U' F',F[21588] U'[21784] F'[22002] F[22368] U2'[22735] F'[23187] U2[23594] F[23869] U'[24030] F'[24173],false,true,3551,966,2585,24173,10,10,12,3.87,F2L Slot 3,U2' B' U B,U2'[25396] B'[25926] U[25986] B[26216],false,true,2043,1753,290,26216,4,4,5,13.79,F2L Slot 4,U2' R' U R,U2'[27480] R'[27731] U[27794] R[27966],false,true,1750,1515,235,27966,4,4,5,17.02,OLL,F U R U' R' F' L2 D L' U2' L D' L' U2' L',F[28793] U[28996] R[29248] U'[29590] R'[29711] F'[30040] L2[30691] D[30861] L'[31448] U2'[31765] L[31895] D'[32754] L'[33087] U2'[33334] L'[33494],false,true,5528,827,4701,33494,15,15,18,3.19,PLL,U2 R B' R F2' R' B R F2' R2' U L' U L' U' L3 U' L' U L U L2,U2[34909] R[37424] B'[37506] R[37739] F2'[38123] R'[38756] B[38931] R[39137] F2'[39594] R2'[39982] U[40435] L'[41385] U[41472] L'[41713] U'[41925] L3[42294] U'[42462] L'[43781] U[44555] L[44963] U[45206] L2[45528],false,true,12034,3930,8104,45528,22,22,29,2.71,,,,,,,,,,,,,,,,,,,,,,,,,,,,142,BR->FR 15,"[BL,BR]->FR 5",5,12,Gc,,
2343c6df-26ea-4268-8d5b-9fabfc5c0f31,2024-08-07 11:14:02 UTC,false,43717,CFOP,Newest Gan,Gan 356i 3,Gan 356i,Johan Abildskov,false,false,6782,43717,,R'[0] L[732] B[1528] R[3381] U[3908] F'[5845] F'[6056] D'[6413] L'[7050] L'[7137] F[7629] R'[7955] D'[8090] R[8162] F'[8919] F'[9016] D[11216] R[11753] D'[11865] D'[12037] R'[12203] D'[12399] R[12535] D[12704] R'[12914] D'[13122] R[16031] R'[16218] D'[16607] F[17021] D'[17169] F'[17318] D[17612] D[17697] F'[18334] D'[18440] F[18567] D'[18824] F'[19003] D[19151] F[19404] F[20484] D'[20717] D'[20839] F'[21041] B[23290] D[23635] B'[23810] D[25204] L'[25589] F'[25881] D'[25968] F[26048] D[26511] L[26883] L'[27222] F'[27541] D'[27669] F[27733] D[27920] L[28209] D'[28715] D[28942] F[29262] L[29508] B'[29893] L'[29999] F'[30237] L[30436] B[30622] L'[30895] D'[31919] D'[33218] D'[33362] B'[33877] D'[35493] B[38330] R[39096] B'[39650] D'[40023] B[41045] D[41314] B[41781] R'[42219] B'[42497] B'[42704] D[42974] B[43155] D'[43717],cube,,Speedsolving,standard_cube_allowed,U' L' U2 D R L D F U2 R L2 U2 F2 U' B2 R2 U' R2 U B2 U2 B2,random_state,standard_cube_allowed,,,,8,DB,0,0,43717,81,81,89,1.85,13944,29773,"",0,Cross,z2 L' R B L D F2' U' R2' F L' U' L F2',z2[0] L'[0] R[732] B[1528] L[3381] D[3908] F2'[6056] U'[6413] R2'[7137] F[7629] L'[7955] U'[8090] L[8162] F2'[9016],false,true,9016,0,9016,9016,13,13,16,1.44,F2L Slot 1,U L U2' L' U' L U L',U[11216] L[11753] U2'[12037] L'[12203] U'[12399] L[12535] U[12704] L'[12914],false,true,3898,2737,1161,12914,8,8,9,6.89,F2L Slot 2,U' L L' U' F U' F' U2 F' U' F U' F' U F,U'[13122] L[16031] L'[16218] U'[16607] F[17021] U'[17169] F'[17318] U2[17697] F'[18334] U'[18440] F[18567] U'[18824] F'[19003] U[19151] F[19404],false,true,6490,3117,3373,19404,15,15,16,4.45,F2L Slot 3,F U2' F',F[20484] U2'[20839] F'[21041],false,true,1637,1080,557,21041,3,3,4,5.39,F2L Slot 4,B U B',B[23290] U[23635] B'[23810],false,true,2769,2249,520,23810,3,3,3,5.77,OLL,U R' F' U' F U R R' F' U' F U R U' U F R B' R' F' R B R',U[25204] R'[25589] F'[25881] U'[25968] F[26048] U[26511] R[26883] R'[27222] F'[27541] U'[27669] F[27733] U[27920] R[28209] U'[28715] U[28942] F[29262] R[29508] B'[29893] R'[29999] F'[30237] R[30436] B[30622] R'[30895],false,true,7085,1779,5306,30895,23,23,23,4.33,PLL,U' U2' B' U' B L B' U' B U B L' B2' U B U',U'[31919] U2'[33362] B'[33877] U'[35493] B[38330] L[39096] B'[39650] U'[40023] B[41045] U[41314] B[41781] L'[42219] B2'[42704] U[42974] B[43155] U'[43717],false,true,12822,2982,9840,43717,16,16,18,1.63,,,,,,,,,,,,,,,,,,,,,,,,,,,,19,BL->FR 22,"[FL,BR]->FR 21",14,54,Ja,,
c0162b2d-53f9-45e3-9f2a-4ca148c7f6e1,2024-08-07 11:14:59 UTC,false,28317,CFOP,Newest Gan,Gan 356i 3,Gan 356i,Johan Abildskov,false,false,8166,28317,,U'[0] D'[839] B'[1866] L'[2576] L'[2627] R[3198] D'[3522] R'[3689] F[4221] F[4304] D'[5939] D[6720] B[6942] D[7154] B'[7540] L[8094] D'[8198] D'[8345] L'[8449] D[9084] L[9356] D'[9479] L'[9675] D[10400] D[10691] F[10964] D'[11085] F'[11251] D'[11455] R'[12001] D'[12087] R[12176] D'[13880] B'[14477] D'[14579] D'[14726] B[14813] D'[15121] B'[15287] D[15640] B[15815] D'[16964] L'[17215] D[17252] L[17425] B[17978] D'[18175] B'[18295] D'[18875] L'[19163] D[19197] L[19352] D'[19763] B[20795] R[20966] D[21207] R'[21580] D'[21653] B'[22004] D[22570] R[23581] D[23852] R'[24278] R[24537] R'[24942] B'[25144] R[25337] D[25619] R'[26826] D'[27055] R'[27326] B[27549] R[27791] R[27878] D'[28011] R'[28150] D'[28317],cube,,Speedsolving,standard_cube_allowed,U' R' F U' B' D2 L2 F' R F2 D' R2 L2 U R2 U' R2 U' F2 B2 U2 R2,random_state,standard_cube_allowed,,,,8,DB,0,0,28317,71,71,77,2.51,10648,17669,"",0,Cross,z2 D' U' B' R2' L U' L' F2,z2[0] D'[0] U'[839] B'[1866] R2'[2627] L[3198] U'[3522] L'[3689] F2[4304],false,true,4304,0,4304,4304,8,8,10,1.86,F2L Slot 1,U' U B U B' R U2' R' U R U' R',U'[5939] U[6720] B[6942] U[7154] B'[7540] R[8094] U2'[8345] R'[8449] U[9084] R[9356] U'[9479] R'[9675],false,true,5371,2638,2733,9675,12,12,13,4.39,F2L Slot 2,U2 F U' F' U' L' U' L,U2[10691] F[10964] U'[11085] F'[11251] U'[11455] L'[12001] U'[12087] L[12176],false,true,2501,1289,1212,12176,8,8,9,6.6,F2L Slot 3,U' B' U2' B U' B' U B,U'[13880] B'[14477] U2'[14726] B[14813] U'[15121] B'[15287] U[15640] B[15815],false,true,3639,2301,1338,15815,8,8,9,5.98,F2L Slot 4,U' R' U R B U' B' U' R' U R,U'[16964] R'[17215] U[17252] R[17425] B[17978] U'[18175] B'[18295] U'[18875] R'[19163] U[19197] R[19352],false,true,3537,1400,2137,19352,11,11,11,5.15,OLL,U' B L U L' U' B',U'[19763] B[20795] L[20966] U[21207] L'[21580] U'[21653] B'[22004],false,true,2652,1443,1209,22004,7,7,7,5.79,PLL,U L U L' L L' B' L U L' U' L' B L2 U' L' U',U[22570] L[23581] U[23852] L'[24278] L[24537] L'[24942] B'[25144] L[25337] U[25619] L'[26826] U'[27055] L'[27326] B[27549] L2[27878] U'[28011] L'[28150] U'[28317],false,true,6313,1577,4736,28317,17,17,18,3.59,,,,,,,,,,,,,,,,,,,,,,,,,,,,82,BR->FR 48,"[BL,BR]->FR 10",32,45,Jb,,
83812620-4ebf-427a-9026-caa0d19c49e2,2024-08-07 11:16:27 UTC,false,42741,CFOP,Newest Gan,Gan 356i 3,Gan 356i,Johan Abildskov,false,false,7984,42741,,U[0] R'[1391] B'[2388] D'[2499] B[2560] B'[3900] D'[3986] B[4067] D[4627] D[4711] B'[5246] D'[5296] B[5395] B[6297] D[6535] B'[6849] D[8228] D[8334] L[9814] D[10500] L'[10752] D[10956] L[11432] D'[11546] L'[11739] D[13625] D[13721] D[15428] L'[15826] D[15973] L[16218] D'[16384] B[16908] D[17089] B'[17216] F[18376] D[18774] F'[19069] D'[19283] D'[19675] F[19864] D'[20069] F'[20248] D[20431] F[20953] D[21161] F'[21268] L'[21917] D'[22190] F'[22347] D[22400] F[22607] L[22829] D'[23351] B[23674] R[23909] F'[24266] R'[24347] B'[24596] R[24916] F[25100] R'[25366] D'[28016] F[29817] L'[29915] F[30149] R'[30472] R'[30522] F'[30878] L[31052] F[31630] R'[32153] R'[32210] F'[32434] F'[32597] L'[35199] F[35420] L'[35591] B'[36070] B'[36147] L[36379] F'[36677] L'[36806] B'[37167] B'[37220] L[37678] L[37915] D'[38323] R'[39274] D[39404] R'[39646] D'[39853] R[39990] R[40854] R[41068] D'[41381] R'[41614] D[41668] R[42112] D[42401] R[42567] R[42741],cube,,Speedsolving,standard_cube_allowed,F2 D R' U' R B D F2 B2 R' D R2 D' L2 U R2 U' R2 L2 D' F2,random_state,standard_cube_allowed,,,,8,DB,0,0,42741,90,90,102,2.11,12246,30495,"",0,Cross,z2 D L',z2[0] D[0] L'[1391],false,true,1391,0,1391,1391,2,2,2,1.44,F2L Slot 1,B' U' B B' U' B U2 B' U' B,B'[2388] U'[2499] B[2560] B'[3900] U'[3986] B[4067] U2[4711] B'[5246] U'[5296] B[5395],false,true,4004,997,3007,5395,10,10,11,3.33,F2L Slot 2,B U B' U2 R U R' U R U' R',B[6297] U[6535] B'[6849] U2[8334] R[9814] U[10500] R'[10752] U[10956] R[11432] U'[11546] R'[11739],false,true,6344,902,5442,11739,11,11,12,2.02,F2L Slot 3,U2 U R' U R U' B U B',U2[13721] U[15428] R'[15826] U[15973] R[16218] U'[16384] B[16908] U[17089] B'[17216],false,true,5477,4087,1390,17216,9,9,10,6.47,F2L Slot 4,F U F' U2' F U' F' U F U F',F[18376] U[18774] F'[19069] U2'[19675] F[19864] U'[20069] F'[20248] U[20431] F[20953] U[21161] F'[21268],false,true,4052,1160,2892,21268,11,11,12,3.8,OLL,R' U' F' U F R U' B L F' L' B' L F L',R'[21917] U'[22190] F'[22347] U[22400] F[22607] R[22829] U'[23351] B[23674] L[23909] F'[24266] L'[24347] B'[24596] L[24916] F[25100] L'[25366],false,true,4098,649,3449,25366,15,15,15,4.35,PLL,U' F R' F L2' F' R F L2' F2' R' F R' B2' R F' R' B2' R2 U' L' U L' U' L L2 U' L' U L U L2,U'[28016] F[29817] R'[29915] F[30149] L2'[30522] F'[30878] R[31052] F[31630] L2'[32210] F2'[32597] R'[35199] F[35420] R'[35591] B2'[36147] R[36379] F'[36677] R'[36806] B2'[37220] R2[37915] U'[38323] L'[39274] U[39404] L'[39646] U'[39853] L[39990] L2[41068] U'[41381] L'[41614] U[41668] L[42112] U[42401] L2[42741],false,true,17375,4451,12924,42741,32,32,40,2.48,,,,,,,,,,,,,,,,,,,,,,,,,,,,29,BL->FR 32,"[FL,BR]->FR 8",39,37,V,,
9deee1ee-eae7-42f0-9203-6e1cd53f476b,2024-08-07 11:17:40 UTC,false,34798,CFOP,Newest Gan,Gan 356i 3,Gan 356i,Johan Abildskov,false,false,8101,34798,,U'[0] D'[265] D'[1394] B'[1805] R'[3822] R'[3892] D'[4110] D'[4251] L[4548] L[4641] B[8260] D'[8365] B'[8485] D[8817] R'[9513] D'[9613] R[9740] D'[9955] R'[10110] D[10305] R[10509] D[11524] D[12146] B[12368] D[12557] B'[12951] D'[13172] D'[13624] R[14190] D'[14363] D'[14475] R'[14614] D[14920] R[15197] D'[15351] R'[15522] B[16968] D[17203] B'[17710] D'[18767] D[19638] L[19952] D[20361] D'[20760] D'[21061] L'[21409] D[21655] L[22063] D'[22488] L'[22731] D[23211] L[23484] D'[23592] L'[23725] D'[24516] F'[25064] R'[25386] D'[25462] R[25559] D[25729] F[26364] D'[27034] F'[27340] R[27556] F[27794] L'[28722] F'[28929] R'[29176] F[29373] L[29549] D'[30339] F[32042] B'[32053] F[32283] B'[32295] U[32466] F[32709] B'[32726] F[32942] B'[32954] D[33040] D[33247] F[33471] B'[33493] F[33731] B'[33743] U[33832] U[34101] U'[34338] F[34572] B'[34575] F[34787] B'[34798],cube,,Speedsolving,standard_cube_allowed,D R F2 D' B' L D L' F L2 U B2 L2 U' R2 B2 D' L2 D F2 U' F2,random_state,standard_cube_allowed,,,,8,DB,0,0,34798,72,76,93,2.07,13251,21547,"",0,Cross,z2 D' U' U' B' L2' U2' R2,z2[0] D'[0] U'[265] U'[1394] B'[1805] L2'[3892] U2'[4251] R2[4641],false,true,4641,0,4641,4641,7,7,10,1.51,F2L Slot 1,B U' B' U L' U' L U' L' U L,B[8260] U'[8365] B'[8485] U[8817] L'[9513] U'[9613] L[9740] U'[9955] L'[10110] U[10305] L[10509],false,true,5868,3619,2249,10509,11,11,11,4.89,F2L Slot 2,U2 B U B' U2' L U2' L' U L U' L',U2[12146] B[12368] U[12557] B'[12951] U2'[13624] L[14190] U2'[14475] L'[14614] U[14920] L[15197] U'[15351] L'[15522],false,true,5013,1859,3154,15522,12,12,15,3.8,F2L Slot 3,B U B',B[16968] U[17203] B'[17710],false,true,2188,1446,742,17710,3,3,3,4.04,F2L Slot 4,U' U R U U2' R' U R U' R' U R U' R',U'[18767] U[19638] R[19952] U[20361] U2'[21061] R'[21409] U[21655] R[22063] U'[22488] R'[22731] U[23211] R[23484] U'[23592] R'[23725],false,true,6015,2242,3773,23725,14,14,15,3.71,OLL,U' F' L' U' L U F U' F' L F R' F' L' F R,U'[24516] F'[25064] L'[25386] U'[25462] L[25559] U[25729] F[26364] U'[27034] F'[27340] L[27556] F[27794] R'[28722] F'[28929] L'[29176] F[29373] R[29549],false,true,5824,1339,4485,29549,16,16,16,3.57,PLL,U' S2' U S2' U2 S2' U2 U' S2',U'[30339] S2'[32295] U[32466] S2'[32954] U2[33247] S2'[33743] U2[34101] U'[34338] S2'[34798],false,true,5249,2746,2503,34798,9,13,23,3.6,,,,,,,,,,,,,,,,,,,,,,,,,,,,22,BR->FR 94,"[BL,BR]->FR 14",31,34,H,,
1320ef3d-fdbf-49c1-8e8e-116a5c31e6ec,2024-08-07 11:18:54 UTC,false,45993,CFOP,Newest Gan,Gan 356i 3,Gan 356i,Johan Abildskov,false,false,3482,45993,,L[0] U[528] B[1451] B'[2800] L'[3361] L'[3433] F[4138] D[5182] B[5485] R'[5624] B'[5806] D[8140] D[8413] B[9721] D'[10121] D'[10262] B'[10503] D'[11308] D[11868] L'[12572] D[12741] L[13109] D'[13320] L'[14000] D'[14205] L[14267] F'[15124] D'[15224] F[15362] D'[16784] F'[17447] D'[17533] F[17691] D'[17985] F'[18228] D[18266] F[18473] D'[19561] D'[19865] D'[20022] B'[20503] D[20600] B[20822] R'[21561] D'[21896] B'[22077] D[22153] B[22358] R[22664] D[23341] D[23572] D'[25833] F[27261] D'[27405] F'[27551] R'[28488] D[28537] R[28684] D[29092] F[29357] D'[29455] F'[29607] L[30417] D[30633] B[30889] D'[31268] B'[31332] L'[31649] D[32201] B[32405] R[32633] F'[33056] R'[33139] B'[33380] R[33559] F[33794] R'[34019] D[35534] L[37192] B'[37329] L[37660] F'[38000] F'[38063] L'[38429] B[38720] L[39011] F'[39547] F'[39619] L'[39753] L'[40224] L[42409] D[42616] L'[43203] F'[43332] L[43404] D[43751] L'[44158] D'[44258] L'[44512] F[45283] L[45512] L[45611] D'[45693] L'[45884] D'[45993],cube,,Speedsolving,standard_cube_allowed,U2 B' U' F' U R' B U B L' F2 R2 L2 U F2 U' R2 D L2 D' B2 D2,random_state,standard_cube_allowed,,,,8,DB,0,0,45993,95,95,105,2.07,11524,34469,"",0,Cross,z2 R D B B' R2' F U B L' B',z2[0] R[0] D[528] B[1451] B'[2800] R2'[3433] F[4138] U[5182] B[5485] L'[5624] B'[5806],false,true,5806,0,5806,5806,10,10,11,1.72,F2L Slot 1,U2 B U2' B' U' U R' U R U' R' U' R,U2[8413] B[9721] U2'[10262] B'[10503] U'[11308] U[11868] R'[12572] U[12741] R[13109] U'[13320] R'[14000] U'[14205] R[14267],false,true,8461,3915,4546,14267,13,13,15,2.86,F2L Slot 2,F' U' F U' F' U' F U' F' U F,F'[15124] U'[15224] F[15362] U'[16784] F'[17447] U'[17533] F[17691] U'[17985] F'[18228] U[18266] F[18473],false,true,4206,857,3349,18473,11,11,11,3.28,F2L Slot 3,U3' B' U B,U3'[20022] B'[20503] U[20600] B[20822],false,true,2349,2030,319,20822,4,4,6,12.54,F2L Slot 4,L' U' B' U B L U2 U' F U' F' L' U L U F U' F',L'[21561] U'[21896] B'[22077] U[22153] B[22358] L[22664] U2[23572] U'[25833] F[27261] U'[27405] F'[27551] L'[28488] U[28537] L[28684] U[29092] F[29357] U'[29455] F'[29607],false,true,8785,739,8046,29607,18,18,19,2.24,OLL,R U B U' B' R' U B L F' L' B' L F L',R[30417] U[30633] B[30889] U'[31268] B'[31332] R'[31649] U[32201] B[32405] L[32633] F'[33056] L'[33139] B'[33380] L[33559] F[33794] L'[34019],false,true,4412,810,3602,34019,15,15,15,4.16,PLL,U R B' R F2' R' B R F2' R2' R U R' F' R U R' U' R' F R2 U' R' U',U[35534] R[37192] B'[37329] R[37660] F2'[38063] R'[38429] B[38720] R[39011] F2'[39619] R2'[40224] R[42409] U[42616] R'[43203] F'[43332] R[43404] U[43751] R'[44158] U'[44258] R'[44512] F[45283] R2[45611] U'[45693] R'[45884] U'[45993],false,true,11974,3173,8801,45993,24,24,28,2.73,,,,,,,,,,,,,,,,,,,,,,,,,,,,53,BR->FR 30,"[FL,BL]->FR 5",32,38,V,,
eb868f8b-278e-409c-9f59-1e374e1b34f8,2024-08-07 11:20:14 UTC,false,43283,CFOP,Newest Gan,Gan 356i 3,Gan 356i,Johan Abildskov,false,true,16470,41283,,U'[0] L[1197] B'[1905] D'[2120] D'[2258] B[2353] F[2870] F[2981] R[3501] D[3678] R'[4205] B'[4350] B'[4453] F'[6062] D'[6167] F[6209] D'[6628] R'[6980] D[7041] R[7565] L[8975] D'[9195] D'[10471] D'[10685] D[11335] D'[11867] D'[12028] L'[12251] D'[13912] D'[15200] L[16570] D'[16825] L'[17055] B[19429] D[19563] B'[20194] D[20238] B[20556] B[20657] B'[20854] D'[20955] B'[21305] D[21362] R[22781] D[22901] R'[23019] D[24768] D[25630] L[25978] D'[26315] L'[26546] D[26780] L[27037] D'[27450] L'[28139] D[28417] L[28600] D'[28798] L'[28936] F'[29457] R'[29745] D'[29866] R[29895] D[30089] F[30359] B'[31159] D'[31646] L'[31887] D[31943] L[32140] B[32399] D'[32957] D'[33097] R[33270] F[33563] L'[33970] F'[34071] R'[34316] F[34507] L[34641] F'[34930] D'[35947] B[38176] D[38459] B'[38890] L'[39286] B[39393] D[39663] B'[40012] D'[40095] B'[40321] L[40551] B[40763] B[40827] D'[40959] B'[41130] D'[41283],cube,,Speedsolving,standard_cube_allowed,R F L B2 D2 L B U F L F B2 U R2 D' R2 F2 B2 U D2 R2 D',random_state,standard_cube_allowed,,,,8,DB,0,0,41283,89,89,97,2.16,11221,30062,"",0,Cross,z2 D' R B' U2' B F2 L U L' B2',z2[0] D'[0] R[1197] B'[1905] U2'[2258] B[2353] F2[2981] L[3501] U[3678] L'[4205] B2'[4453],false,true,4453,0,4453,4453,10,10,13,2.25,F2L Slot 1,F' U' F U' L' U L,F'[6062] U'[6167] F[6209] U'[6628] L'[6980] U[7041] L[7565],false,true,3112,1609,1503,7565,7,7,7,4.66,F2L Slot 2,R U' U2' U U2' R' U' U' R U' R' B U B' U B2 B' U' B',R[8975] U'[9195] U2'[10685] U[11335] U2'[12028] R'[12251] U'[13912] U'[15200] R[16570] U'[16825] R'[17055] B[19429] U[19563] B'[20194] U[20238] B2[20657] B'[20854] U'[20955] B'[21305],false,true,13740,1410,12330,21305,19,19,22,1.54,F2L Slot 3,U L U L',U[21362] L[22781] U[22901] L'[23019],false,true,1714,1476,238,23019,4,4,4,16.81,F2L Slot 4,U U R U' R' U R U' R' U R U' R',U[24768] U[25630] R[25978] U'[26315] R'[26546] U[26780] R[27037] U'[27450] R'[28139] U[28417] R[28600] U'[28798] R'[28936],false,true,5917,2959,2958,28936,13,13,13,4.39,OLL,F' L' U' L U F B' U' R' U R B U2' L F R' F' L' F R F',F'[29457] L'[29745] U'[29866] L[29895] U[30089] F[30359] B'[31159] U'[31646] R'[31887] U[31943] R[32140] B[32399] U2'[33097] L[33270] F[33563] R'[33970] F'[34071] L'[34316] F[34507] R[34641] F'[34930],false,true,5994,521,5473,34930,21,21,22,3.84,PLL,U' B U B' R' B U B' U' B' R B2 U' B' U',U'[35947] B[38176] U[38459] B'[38890] R'[39286] B[39393] U[39663] B'[40012] U'[40095] B'[40321] R[40551] B2[40827] U'[40959] B'[41130] U'[41283],false,true,6353,3246,3107,41283,15,15,16,4.83,,,,,,,,,,,,,,,,,,,,,,,,,,,,11,BL->FR 94,"[FL,BR]->FR 14",31,19,Jb,,
262a063d-2a7f-4471-8810-ea8effed3f2c,2024-08-07 11:26:43 UTC,false,40572,CFOP,Newest Gan,Gan 356i 3,Gan 356i,Johan Abildskov,false,false,6206,40572,,B[0] D'[439] R'[1739] R'[2966] B'[3149] D[3835] B'[4248] L'[4961] L'[5010] D'[7177] D[7647] D[7964] R[8501] D[9270] L[10849] D'[10970] D'[11117] L'[11386] D'[11603] L[11826] D[11972] L'[12126] D[15172] R[16518] D'[16798] D'[17272] D[17671] R'[18303] D'[18834] B[19312] D[19476] D[19947] B'[20240] D[20324] D[20675] B[20925] D'[21033] B'[21189] D[22483] D[23361] R[23774] D[24019] R'[24449] D'[24744] D'[24875] R[25531] D[25638] R'[25779] R'[27574] D'[27655] D'[27827] R[27893] D'[28150] D'[28295] R'[28468] D[28681] R[28923] B'[29445] L'[29760] D'[30000] L[30035] D[30540] B[31127] D'[31808] B'[32118] L[32301] B[32563] R'[32972] B'[33019] L'[33271] B[33467] R[33634] D[34307] B'[36487] D[36536] B'[36773] D'[37064] B[37449] B[37742] B[38056] D'[39195] B'[39465] D[39607] B[39915] D[40159] B[40362] B[40572],cube,,Speedsolving,standard_cube_allowed,B U' L B D' L F U' L2 U' B2 U R2 U' R2 D R2 U' R2 F2 R2 F2,random_state,standard_cube_allowed,,,,8,DB,0,0,40572,75,75,87,1.85,14495,26077,"",0,Cross,z2 B U' L' L' B' U B' R2' U' U2 L,z2[0] B[0] U'[439] L'[1739] L'[2966] B'[3149] U[3835] B'[4248] R2'[5010] U'[7177] U2[7964] L[8501],false,true,8501,0,8501,8501,11,11,13,1.29,F2L Slot 1,U R U2' R' U' R U R',U[9270] R[10849] U2'[11117] R'[11386] U'[11603] R[11826] U[11972] R'[12126],false,true,3625,2348,1277,12126,8,8,9,6.26,F2L Slot 2,U L U2' U L' U' B U2 B' U2 B U' B',U[15172] L[16518] U2'[17272] U[17671] L'[18303] U'[18834] B[19312] U2[19947] B'[20240] U2[20675] B[20925] U'[21033] B'[21189],false,true,9063,4392,4671,21189,13,13,16,2.78,F2L Slot 3,U U L U L' U2' L U L',U[22483] U[23361] L[23774] U[24019] L'[24449] U2'[24875] L[25531] U[25638] L'[25779],false,true,4590,2585,2005,25779,9,9,10,4.49,F2L Slot 4,L' U2' L U2' L' U L,L'[27574] U2'[27827] L[27893] U2'[28295] L'[28468] U[28681] L[28923],false,true,3144,1795,1349,28923,7,7,9,5.19,OLL,B' R' U' R U B U' B' R B L' B' R' B L,B'[29445] R'[29760] U'[30000] R[30035] U[30540] B[31127] U'[31808] B'[32118] R[32301] B[32563] L'[32972] B'[33019] R'[33271] B[33467] L[33634],false,true,4711,522,4189,33634,15,15,15,3.58,PLL,U B' U B' U' B3 U' B' U B U B2,U[34307] B'[36487] U[36536] B'[36773] U'[37064] B3[38056] U'[39195] B'[39465] U[39607] B[39915] U[40159] B2[40572],false,true,6938,2853,4085,40572,12,12,15,2.94,,,,,,,,,,,,,,,,,,,,,,,,,,,,19,FL->FR 72,"[FL,BL]->FR 38",17,34,Ub,,
afc04df2-a232-4850-801f-ad85d646573a,2024-08-07 11:27:55 UTC,false,36974,CFOP,Newest Gan,Gan 356i 3,Gan 356i,Johan Abildskov,false,false,10147,36974,,B'[0] U'[573] F'[1396] U'[1902] B'[3109] D[3785] D'[4427] D'[4722] F[5255] L'[5380] F'[5492] D[8259] B'[8688] D'[8804] D'[8942] B[9029] D[9200] B'[9482] D'[9701] B[9761] D'[13560] R'[14190] D'[14982] D'[15501] D'[15963] R[16454] D'[17326] B[17781] D[17885] B'[17982] D'[19271] R'[19448] D[19497] R[19684] F'[22045] D'[22159] D'[22386] F[22521] D'[23053] F'[23261] D[23701] F[24304] D[25186] F[25506] L[25819] B'[26305] L'[26401] F'[26632] L[26813] B[26988] L'[27237] D'[28217] D'[29211] D'[29335] L'[29812] D'[30474] L[30867] B'[31368] B[32145] B[32535] L'[32877] D'[33842] L[34153] D[34504] L[34941] B'[35269] L'[35447] L'[35696] D[36278] L[36491] D'[36974],cube,,Speedsolving,standard_cube_allowed,F' R' L F U' L2 D B' U2 R U R2 L2 B2 D' L2 U D2 F2 D2 B2 L2,random_state,standard_cube_allowed,,,,8,DB,0,0,36974,63,63,71,1.7,15229,21745,"",0,Cross,z2 B' D' F' D' B' U U2' F R' F',z2[0] B'[0] D'[573] F'[1396] D'[1902] B'[3109] U[3785] U2'[4722] F[5255] R'[5380] F'[5492],false,true,5492,0,5492,5492,10,10,11,1.82,F2L Slot 1,U B' U2' B U B' U' B,U[8259] B'[8688] U2'[8942] B[9029] U[9200] B'[9482] U'[9701] B[9761],false,true,4269,3196,1073,9761,8,8,9,7.46,F2L Slot 2,U' L' U3' L U' B U B',U'[13560] L'[14190] U3'[15963] L[16454] U'[17326] B[17781] U[17885] B'[17982],false,true,8221,4429,3792,17982,8,8,10,2.11,F2L Slot 3,U' L' U L,U'[19271] L'[19448] U[19497] L[19684],false,true,1702,1466,236,19684,4,4,4,16.95,F2L Slot 4,F' U2' F U' F' U F,F'[22045] U2'[22386] F[22521] U'[23053] F'[23261] U[23701] F[24304],false,true,4620,2361,2259,24304,7,7,8,3.1,OLL,U F R B' R' F' R B R',U[25186] F[25506] R[25819] B'[26305] R'[26401] F'[26632] R[26813] B[26988] R'[27237],false,true,2933,1202,1731,27237,9,9,9,5.2,PLL,U' U2' R' U' R B' B2 R' U' R U R B' R2' U R U',U'[28217] U2'[29335] R'[29812] U'[30474] R[30867] B'[31368] B2[32535] R'[32877] U'[33842] R[34153] U[34504] R[34941] B'[35269] R2'[35696] U[36278] R[36491] U'[36974],false,true,9737,2575,7162,36974,17,17,20,2.37,,,,,,,,,,,,,,,,,,,,,,,,,,,,4,BR->FR 71,"[FL,BL]->FR 5",10,24,Ja,,
88b4d4bd-02f0-48c1-b900-c35929659948,2024-08-07 11:28:59 UTC,false,37251,CFOP,Newest Gan,Gan 356i 3,Gan 356i,Johan Abildskov,false,false,4515,37251,,F'[0] F'[81] L'[711] R[1329] U[6494] D[7174] L'[7898] L'[7972] R[8613] B'[9317] D'[9423] B[9468] R'[10130] R'[10218] B[12404] D'[12554] B'[12674] D[12935] L'[13509] D'[13613] L[13674] D[15805] D[16153] D'[16579] D'[16771] F[18144] D'[18325] F'[18571] B'[19230] D'[19663] D'[19876] B[19986] D'[20509] D'[20664] F[21143] D[21278] F'[21367] D'[21652] F'[23470] D'[23529] F[23645] D'[23847] F'[24040] D[24190] F[24394] D[26657] D[27775] D'[28451] D'[28604] R[28970] D'[29129] D'[29262] R'[29401] D'[29650] D'[29926] R[30159] D[30284] R'[30434] D'[31715] D'[31856] F'[32212] D'[32500] R'[32668] D[32728] R[32912] F[33225] B[34548] R[34736] D[34917] R'[35298] D'[35369] R[35463] D[35701] R'[36047] D'[36161] R[36197] D[36447] R'[36822] D'[36872] B'[37251],cube,,Speedsolving,standard_cube_allowed,F' L U' D' F B' L' F' B2 L' B2 D' L2 D F2 R2 D' L2 U R2 U B2,random_state,standard_cube_allowed,,,,8,DB,0,0,37251,69,69,80,1.85,15113,22057,"",1,Cross,z2 F2' R' L D U R2' L B' U' B L2',z2[40] F2'[81] R'[711] L[1329] D[6494] U[7174] R2'[7972] L[8613] B'[9317] U'[9423] B[9468] L2'[10218],false,true,10137,0,10137,10218,11,11,14,1.09,F2L Slot 1,B U' B' U R' U' R,B[12404] U'[12554] B'[12674] U[12935] R'[13509] U'[13613] R[13674],false,true,3456,2186,1270,13674,7,7,7,5.51,F2L Slot 2,U2 U2' F U' F' B' U2' B U2' F U F',U2[16153] U2'[16771] F[18144] U'[18325] F'[18571] B'[19230] U2'[19876] B[19986] U2'[20664] F[21143] U[21278] F'[21367],false,true,7693,4470,3223,21367,12,12,16,3.72,F2L Slot 3,U' F' U' F U' F' U F,U'[21652] F'[23470] U'[23529] F[23645] U'[23847] F'[24040] U[24190] F[24394],false,true,3027,2103,924,24394,8,8,8,8.66,F2L Slot 4,U U U2' L U2' L' U2' L U L',U[26657] U[27775] U2'[28604] L[28970] U2'[29262] L'[29401] U2'[29926] L[30159] U[30284] L'[30434],false,true,6040,4576,1464,30434,10,10,13,6.83,OLL,U2' F' U' L' U L F B L U L' U' L U L' U' L U L' U' B',U2'[31856] F'[32212] U'[32500] L'[32668] U[32728] L[32912] F[33225] B[34548] L[34736] U[34917] L'[35298] U'[35369] L[35463] U[35701] L'[36047] U'[36161] L[36197] U[36447] L'[36822] U'[36872] B'[37251],false,true,6817,1778,5039,37251,21,21,22,4.17,PLL,,"",true,false,0,0,0,37251,0,0,0,0,,,,,,,,,,,,,,,,,,,,,,,,,,,,18,BL->FR 43,"[FL,BR]->FR 16",27,47,Solved,,
1eac4053-93c9-4745-a9d1-3b5323f7a90e,2024-08-07 11:30:22 UTC,false,49557,CFOP,Newest Gan,Gan 356i 3,Gan 356i,Johan Abildskov,false,false,11387,49557,,F'[0] F'[69] D'[471] D'[609] B[1016] B[1134] R'[1890] D'[2095] R[2170] F'[3000] F'[3089] B'[4918] L[5175] B[5419] D'[8171] D[9064] R'[9460] D[10028] R[10311] U'[11671] R'[12493] R[13281] U[13831] D[18843] D'[19730] R[19998] D'[20129] R'[20312] D[20530] R[20980] D[21093] R'[21219] D'[23292] F[23751] D'[23861] F'[23990] D'[24455] R'[25098] D'[25239] R[25608] D'[25879] R'[26073] D[26279] R[26518] D[27929] D[28174] B[29000] D'[29228] B'[29383] D[31043] D[32027] L[33212] D'[33436] L'[33653] D[33870] L[34185] D'[34559] L'[34989] D[35164] L[35395] D'[35548] L'[35724] D'[36122] F'[36505] R'[36788] D'[36908] R[36941] D[37134] F[37370] D[38304] R[38639] F[38843] L'[39413] F'[39623] R'[39890] F[40075] L[40213] F'[40448] D[41677] D[41746] D'[43066] D'[43200] F'[43722] D'[44042] F[45048] L[45692] F'[46076] D'[46343] F[46571] D[47263] F[47886] L'[48152] F'[48344] F'[48609] D[48857] F[49057] D'[49557],cube,,Speedsolving,standard_cube_allowed,U' F R' U2 F2 B' U D2 R F2 U2 R2 U' L2 U' L2 F2 U' B2 U L2 D,random_state,standard_cube_allowed,,,,8,DB,0,0,49557,89,89,97,1.8,16939,32549,"",0,Cross,z2 F2' U2' B2 L' U' L F2' B' R B,z2[34] F2'[69] U2'[609] B2[1134] L'[1890] U'[2095] L[2170] F2'[3089] B'[4918] R[5175] B[5419],false,true,5350,0,5350,5419,10,10,14,1.87,F2L Slot 1,U' U L' U L D' L' L D U U' L U' L' U L U L',U'[8171] U[9064] L'[9460] U[10028] L[10311] D'[11671] L'[12493] L[13281] D[13831] U[18843] U'[19730] L[19998] U'[20129] L'[20312] U[20530] L[20980] U[21093] L'[21219],false,true,15800,4041,11759,21219,18,18,18,1.53,F2L Slot 2,U' F U' F' U' L' U' L U' L' U L,U'[23292] F[23751] U'[23861] F'[23990] U'[24455] L'[25098] U'[25239] L[25608] U'[25879] L'[26073] U[26279] L[26518],false,true,5299,2532,2767,26518,12,12,12,4.34,F2L Slot 3,U2 B U' B',U2[28174] B[29000] U'[29228] B'[29383],false,true,2865,2482,383,29383,4,4,5,10.44,F2L Slot 4,U U R U' R' U R U' R' U R U' R',U[31043] U[32027] R[33212] U'[33436] R'[33653] U[33870] R[34185] U'[34559] R'[34989] U[35164] R[35395] U'[35548] R'[35724],false,true,6341,3829,2512,35724,13,13,13,5.18,OLL,U' F' L' U' L U F U L F R' F' L' F R F',U'[36122] F'[36505] L'[36788] U'[36908] L[36941] U[37134] F[37370] U[38304] L[38639] F[38843] R'[39413] F'[39623] L'[39890] F[40075] R[40213] F'[40448],false,true,4724,781,3943,40448,16,16,16,4.06,PLL,U2 U2' F' U' F R F' U' F U F R' F2' U F U',U2[41746] U2'[43200] F'[43722] U'[44042] F[45048] R[45692] F'[46076] U'[46343] F[46571] U[47263] F[47886] R'[48152] F2'[48609] U[48857] F[49057] U'[49557],false,true,9109,3274,5835,49557,16,16,19,2.74,,,,,,,,,,,,,,,,,,,,,,,,,,,,33,FL->FR 22,"[BL,BR]->FR 21",31,40,Ja,,
f4117d03-74e9-4077-9073-5f0aecf84b90,2024-08-08 04:53:57 UTC,false,50141,CFOP,Newest Gan,Gan 356i 3,Gan 356i,Johan Abildskov,false,false,6209,50141,,F[0] D[316] R'[1377] D'[1522] R'[2440] U[3876] U[4052] F'[5153] F'[5441] D'[7611] L[7917] B'[8070] L'[8228] L'[10476] D'[10590] D'[10776] L[10902] B'[11679] D[11749] D[12131] B[12368] L[13717] D'[13869] L'[14095] L'[14262] D[14671] L[14932] D[16138] F[16425] D'[16684] F'[16880] D[17277] F[17584] D'[17827] F'[18063] D[18728] F[18986] D'[19255] F'[19480] D'[20242] D'[20409] F'[20832] D[20957] F[21193] D[22240] L[22681] D[22891] B[23145] D'[23549] B'[23627] L'[24488] D'[25310] F[25648] F[25728] U[25900] F'[26102] D'[26332] D'[26479] F[26631] U'[26881] F'[27036] D'[27240] D'[27330] F'[27915] D'[29605] B[31270] R'[31389] B[31661] L'[32003] L'[32091] B'[32477] R[32672] B[32919] L'[33396] L'[33498] B'[33714] B'[33961] D'[35380] D[37607] D'[38844] D'[39284] D[39965] D[41079] D[43098] D'[43390] D[43699] D[44070] F[44745] D[44953] F'[45749] R'[46035] F[46172] D[46487] F'[46965] D'[47353] F'[47637] R[47909] F[48185] F[48281] D'[48430] F'[48572] D'[48967] D'[49358] D'[50141],cube,,Speedsolving,standard_cube_allowed,U F' L' D' R2 B2 L U B' R F U B2 D2 L2 U' F2 B2 L2 D R2 F2,random_state,standard_cube_allowed,,,,8,DB,0,0,50141,88,88,104,1.76,11285,38856,"",0,Cross,z2 F U L' U' L' D2 F2' U' R B' R',z2[0] F[0] U[316] L'[1377] U'[1522] L'[2440] D2[4052] F2'[5441] U'[7611] R[7917] B'[8070] R'[8228],false,true,8228,0,8228,8228,11,11,13,1.34,F2L Slot 1,R' U2' R B' U2 B,R'[10476] U2'[10776] R[10902] B'[11679] U2[12131] B[12368],false,true,4140,2248,1892,12368,6,6,8,3.17,F2L Slot 2,R U' R2' U R,R[13717] U'[13869] R2'[14262] U[14671] R[14932],false,true,2564,1349,1215,14932,5,5,6,4.12,F2L Slot 3,U F U' F' U F U' F' U F U' F',U[16138] F[16425] U'[16684] F'[16880] U[17277] F[17584] U'[17827] F'[18063] U[18728] F[18986] U'[19255] F'[19480],false,true,4548,1493,3055,19480,12,12,12,3.93,F2L Slot 4,U2' F' U F,U2'[20409] F'[20832] U[20957] F[21193],false,true,1713,1352,361,21193,4,4,5,11.08,OLL,U R U B U' B' R' U' F2 D F' U2' F D' F' U2' F',U[22240] R[22681] U[22891] B[23145] U'[23549] B'[23627] R'[24488] U'[25310] F2[25728] D[25900] F'[26102] U2'[26479] F[26631] D'[26881] F'[27036] U2'[27330] F'[27915],false,true,6722,1488,5234,27915,17,17,20,3.25,PLL,U' B L' B R2' B' L B R2' B2' U' U U2' U U U U' U2 F U F' L' F U F' U' F' L F2 U' F' U2' U',U'[29605] B[31270] L'[31389] B[31661] R2'[32091] B'[32477] L[32672] B[32919] R2'[33498] B2'[33961] U'[35380] U[37607] U2'[39284] U[39965] U[41079] U[43098] U'[43390] U2[44070] F[44745] U[44953] F'[45749] L'[46035] F[46172] U[46487] F'[46965] U'[47353] F'[47637] L[47909] F2[48281] U'[48430] F'[48572] U2'[49358] U'[50141],false,true,22226,3355,18871,50141,33,33,40,1.75,,,,,,,,,,,,,,,,,,,,,,,,,,,,17,BR->FR 91,"[FL,BL]->FR 37",5,50,V,,
5c0fd4e5-550e-43e0-b2c5-782135dc01db,2024-08-08 04:55:59 UTC,false,39928,CFOP,Newest Gan,Gan 356i 3,Gan 356i,Johan Abildskov,false,true,15909,37928,,F'[0] B[293] D[589] L'[1374] L'[1462] D[2301] B'[2856] B'[2957] R[3389] B'[3742] D'[3919] B[3960] R'[4744] R'[4825] D'[5395] R[5732] F'[5910] R'[6071] L'[8338] D[8388] L[8592] D[12034] L[12936] D'[13191] L'[13389] R[13700] D'[14089] D'[14230] R'[14522] L[15148] D'[15363] L'[15468] D[19043] D[19347] R[19579] D'[19772] R'[19925] D[20550] F[20873] D[21042] D[21596] F'[22202] D[22242] D[22573] F[22871] D'[22980] F'[23137] B'[24963] D[25007] B[25559] D[25902] B'[26282] D[26340] B[26512] D[26994] R[27276] D'[27673] R'[27856] D[28464] F'[28768] D'[29050] R'[29248] D[29322] R[29547] F[29813] R[30736] R[30818] U[31055] R'[31282] D'[31575] D'[31766] R[32003] U'[32257] R'[32458] D'[32584] D'[32730] R'[32907] D[34166] R'[35777] D[35874] R'[36087] D'[36232] R[36402] R[36527] R[36647] D'[36812] R'[37044] D[37103] R[37343] D[37600] R[37779] R[37928],cube,,Speedsolving,standard_cube_allowed,L2 B U L' D2 F L2 U' R' B2 R2 U L2 U' B2 L2 D' F2 D' F2 L2 D2,random_state,standard_cube_allowed,,,,8,DB,0,0,37928,78,79,92,2.06,16330,21305,"",0,Cross,z S U R2' U B2' L B' U' B L2' U' L F' L',z[146] S[293] U[589] R2'[1462] U[2301] B2'[2957] L[3389] B'[3742] U'[3919] B[3960] L2'[4825] U'[5395] L[5732] F'[5910] L'[6071],false,true,5778,0,5778,6071,14,15,18,2.42,F2L Slot 1,R' U R,R'[8338] U[8388] R[8592],false,true,2521,2267,254,8592,3,3,3,11.81,F2L Slot 2,U R U' R' L U2' L' R U' R',U[12034] R[12936] U'[13191] R'[13389] L[13700] U2'[14230] L'[14522] R[15148] U'[15363] R'[15468],false,true,6876,4344,2532,15468,10,10,11,3.95,F2L Slot 3,U2 L U' L' U F U2 F' U2 F U' F',U2[19347] L[19579] U'[19772] L'[19925] U[20550] F[20873] U2[21596] F'[22202] U2[22573] F[22871] U'[22980] F'[23137],false,true,7669,4111,3558,23137,12,12,15,3.37,F2L Slot 4,B' U B U B' U B U L U' L',B'[24963] U[25007] B[25559] U[25902] B'[26282] U[26340] B[26512] U[26994] L[27276] U'[27673] L'[27856],false,true,4719,1826,2893,27856,11,11,11,3.8,OLL,U F' U' L' U L F L2 D L' U2' L D' L' U2' L',U[28464] F'[28768] U'[29050] L'[29248] U[29322] L[29547] F[29813] L2[30818] D[31055] L'[31282] U2'[31766] L[32003] D'[32257] L'[32458] U2'[32730] L'[32907],false,true,5051,912,4139,32907,16,16,19,3.87,PLL,U L' U L' U' L3 U' L' U L U L2,U[34166] L'[35777] U[35874] L'[36087] U'[36232] L3[36647] U'[36812] L'[37044] U[37103] L[37343] U[37600] L2[37928],false,true,5021,2870,2151,37928,12,12,15,5.58,,,,,,,,,,,,,,,,,,,,,,,,,,,,5,BR->FR 45,"[BL,BR]->FR 60",35,11,Ub,,
a3036470-c4b0-4b38-9443-9b46b4178085,2024-08-08 04:57:49 UTC,false,52518,CFOP,Newest Gan,Gan 356i 3,Gan 356i,Johan Abildskov,false,false,12422,52518,,U[0] U[172] L[1046] R'[1543] D[2098] L'[2573] D'[3450] D'[3656] L'[4562] D'[4668] D'[4815] L[4920] L'[5435] L[6750] R[7048] R[7267] B'[7868] B'[7952] F[8248] F[8361] D[9636] D'[10027] D[11084] D[11188] D[11867] B[12211] D[12514] B'[12967] F[13215] D[13421] F'[13628] D[16437] B'[17468] D'[17693] B[17792] D[18325] R[18848] D'[18968] D'[19153] R'[19296] D[19600] R[19895] D'[20080] R'[20248] R[20400] D[20791] R'[21194] D[21402] R[21661] D'[21825] R'[21996] L'[23431] D'[23693] L[23746] D[24857] D[25007] L'[26976] D'[27076] D'[27272] L[27306] D'[27796] F'[28077] D[28202] F[28541] B[29723] D'[29886] D'[30068] B'[30294] D[30490] B[30709] D'[31146] B'[31354] L'[31928] F'[32218] D'[32318] F[32403] D[32611] L[32887] R'[33518] D'[33810] B'[33989] D[34075] B[34276] R[34530] D[35054] F[35262] L[35466] B'[36021] L'[36219] F'[36364] L[36651] B[36779] L'[37064] D[38543] F'[42361] R[42605] F'[42798] L'[43296] L'[43369] F[43542] R'[43894] F'[44047] L'[44366] L'[44434] F[44742] F[45008] F[47362] D[47661] F'[48237] D[48528] F'[49254] D'[49512] F'[50033] F'[50245] D'[50532] F'[50984] D[51464] F'[51688] D[51850] F[52121] D'[52366] D'[52518],cube,,Speedsolving,standard_cube_allowed,R L' D' L U' F' R F' D2 L' D F2 L2 D' R2 L2 U' F2 D2 B2 R2,random_state,standard_cube_allowed,,,,8,DB,0,0,52518,105,107,122,2.0,16178,36168,"",0,Cross,z' L2 D U' R D' R2' D' R2' D D' D U2 B' S' F,z'[86] L2[172] D[1046] U'[1543] R[2098] D'[2573] R2'[3656] D'[4562] R2'[4815] D[4920] D'[5435] D[6750] U2[7267] B'[7868] S'[8248] F[8361],false,true,8189,0,8189,8361,15,16,20,1.83,F2L Slot 1,U U' U3 B U S' L F' z,U[9636] U'[10027] U3[11867] B[12211] U[12514] S'[13215] L[13421] F'[13628] z[15032],false,true,5267,3850,1417,13628,8,9,11,5.65,F2L Slot 2,U B' U' B U L U2' L' U L U' L' L U L' U L U' L',U[16437] B'[17468] U'[17693] B[17792] U[18325] L[18848] U2'[19153] L'[19296] U[19600] L[19895] U'[20080] L'[20248] L[20400] U[20791] L'[21194] U[21402] L[21661] U'[21825] L'[21996],false,true,8368,3840,4528,21996,19,19,20,4.2,F2L Slot 3,R' U' R U2 R' U2' R U' F' U F,R'[23431] U'[23693] R[23746] U2[25007] R'[26976] U2'[27272] R[27306] U'[27796] F'[28077] U[28202] F[28541],false,true,6545,1435,5110,28541,11,11,13,2.15,F2L Slot 4,B U2' B' U B U' B',B[29723] U2'[30068] B'[30294] U[30490] B[30709] U'[31146] B'[31354],false,true,2813,1182,1631,31354,7,7,8,4.29,OLL,R' F' U' F U R L' U' B' U B L U F R B' R' F' R B R',R'[31928] F'[32218] U'[32318] F[32403] U[32611] R[32887] L'[33518] U'[33810] B'[33989] U[34075] B[34276] L[34530] U[35054] F[35262] R[35466] B'[36021] R'[36219] F'[36364] R[36651] B[36779] R'[37064],false,true,5710,574,5136,37064,21,21,21,4.09,PLL,U F' L F' R2' F L' F' R2' F2 F U F' U F' U' F2' U' F' U F' U F U2',U[38543] F'[42361] L[42605] F'[42798] R2'[43369] F[43542] L'[43894] F'[44047] R2'[44434] F2[45008] F[47362] U[47661] F'[48237] U[48528] F'[49254] U'[49512] F2'[50245] U'[50532] F'[50984] U[51464] F'[51688] U[51850] F[52121] U2'[52518],false,true,15454,5297,10157,52518,24,24,29,2.36,,,,,,,,,,,,,,,,,,,,,,,,,,,,110,BR->FR 48,"[FL,BL]->FR 34",13,3,Gd,,
50df7fa1-570b-4a00-b45f-929bc1a5992b,2024-08-08 04:59:09 UTC,false,45305,CFOP,Newest Gan,Gan 356i 3,Gan 356i,Johan Abildskov,false,false,10200,45305,,B[0] L'[710] L'[1765] D'[4716] F'[5180] D[5442] F'[6308] R'[6622] R'[6725] D[8341] D[8521] D[9147] F'[9782] D[10007] F[10814] D'[11226] F'[11483] D'[11739] F[11851] D[13026] D[13174] D'[13625] D[14404] R'[14874] D[14937] R[15173] D[15622] D[15710] R[16447] D[16570] R'[16887] D[16973] R[17219] D'[17331] R'[17522] D[18474] D[19221] R'[20043] D[20261] R[20608] D'[20941] R'[21223] D'[21439] R[21523] L'[24870] D'[25002] L[25063] D'[25602] D'[25998] F[26674] D[27013] L[27322] D'[27732] L'[27854] F'[28176] D'[29746] B[34042] R'[34131] B[34391] L'[34752] L'[34815] B'[35197] R[35435] B[35685] L'[36667] L'[37332] B'[37483] B'[37658] D[38576] L[40122] D[40272] L'[40781] D[40934] L'[41344] D'[41695] L'[42203] L'[42658] D'[42939] L'[43892] D[44292] L'[44505] D[44638] L[44889] D'[45134] D'[45305],cube,,Speedsolving,standard_cube_allowed,R D2 F R2 B R2 D R' F' U' L2 D L2 U R2 F2 D F2 B2 D L2 F2,random_state,standard_cube_allowed,,,,8,DB,0,0,45305,73,73,85,1.61,19425,25880,"",0,Cross,z2 B R' R' U' F' U F' L2',z2[0] B[0] R'[710] R'[1765] U'[4716] F'[5180] U[5442] F'[6308] L2'[6725],false,true,6725,0,6725,6725,8,8,9,1.19,F2L Slot 1,U3 F' U F U' F' U' F,U3[9147] F'[9782] U[10007] F[10814] U'[11226] F'[11483] U'[11739] F[11851],false,true,5126,3057,2069,11851,8,8,10,3.87,F2L Slot 2,U2 U' U L' U L U2 L U L' U L U' L',U2[13174] U'[13625] U[14404] L'[14874] U[14937] L[15173] U2[15710] L[16447] U[16570] L'[16887] U[16973] L[17219] U'[17331] L'[17522],false,true,5671,3023,2648,17522,14,14,16,5.29,F2L Slot 3,U2 L' U L U' L' U' L,U2[19221] L'[20043] U[20261] L[20608] U'[20941] L'[21223] U'[21439] L[21523],false,true,4001,2521,1480,21523,8,8,9,5.41,F2L Slot 4,R' U' R,R'[24870] U'[25002] R[25063],false,true,3540,3347,193,25063,3,3,3,15.54,OLL,U2' F U R U' R' F',U2'[25998] F[26674] U[27013] R[27322] U'[27732] R'[27854] F'[28176],false,true,3113,1611,1502,28176,7,7,8,4.66,PLL,U' B L' B R2' B' L B R2' B2' U R U R' U R' U' R2' U' R' U R' U R U2',U'[29746] B[34042] L'[34131] B[34391] R2'[34815] B'[35197] L[35435] B[35685] R2'[37332] B2'[37658] U[38576] R[40122] U[40272] R'[40781] U[40934] R'[41344] U'[41695] R2'[42658] U'[42939] R'[43892] U[44292] R'[44505] U[44638] R[44889] U2'[45305],false,true,17129,5866,11263,45305,25,25,30,2.22,,,,,,,,,,,,,,,,,,,,,,,,,,,,6,BL->FR 1,"[FL,BR]->FR 6",12,44,Ra,,
