id,date,dnf,time,solving_method,device_name,device_model,device_color_scheme,user,one_turn_away_two_second_penalty,inspection_two_second_penalty,inspection_time,timer_time,missing_turn,solution,timer,description,session_name,session_ruleset,scramble,scramble_provider,ruleset,share_views,share_likes,share_comments,analysis_version,solution_rotation,pickup_time,putdown_time,solving_time,slice_turns,face_turns,quarter_turns,turns_per_second,total_recognition_time,total_execution_time,turns_after_solution,steps_skipped,step_0_name,step_0_moves,step_0_recorded_moves,step_0_skipped,step_0_has_turns,step_0_time,step_0_recognition_time,step_0_execution_time,step_0_cumulative_time,step_0_slice_turns,step_0_face_turns,step_0_quarter_turns,step_0_turns_per_second,step_1_name,step_1_moves,step_1_recorded_moves,step_1_skipped,step_1_has_turns,step_1_time,step_1_recognition_time,step_1_execution_time,step_1_cumulative_time,step_1_slice_turns,step_1_face_turns,step_1_quarter_turns,step_1_turns_per_second,step_2_name,step_2_moves,step_2_recorded_moves,step_2_skipped,step_2_has_turns,step_2_time,step_2_recognition_time,step_2_execution_time,step_2_cumulative_time,step_2_slice_turns,step_2_face_turns,step_2_quarter_turns,step_2_turns_per_second,step_3_name,step_3_moves,step_3_recorded_moves,step_3_skipped,step_3_has_turns,step_3_time,step_3_recognition_time,step_3_execution_time,step_3_cumulative_time,step_3_slice_turns,step_3_face_turns,step_3_quarter_turns,step_3_turns_per_second,step_4_name,step_4_moves,step_4_recorded_moves,step_4_skipped,step_4_has_turns,step_4_time,step_4_recognition_time,step_4_execution_time,step_4_cumulative_time,step_4_slice_turns,step_4_face_turns,step_4_quarter_turns,step_4_turns_per_second,step_5_name,step_5_moves,step_5_recorded_moves,step_5_skipped,step_5_has_turns,step_5_time,step_5_recognition_time,step_5_execution_time,step_5_cumulative_time,step_5_slice_turns,step_5_face_turns,step_5_quarter_turns,step_5_turns_per_second,step_6_name,step_6_moves,step_6_recorded_moves,step_6_skipped,step_6_has_turns,step_6_time,step_6_recognition_time,step_6_execution_time,step_6_cumulative_time,step_6_slice_turns,step_6_face_turns,step_6_quarter_turns,step_6_turns_per_second,step_7_name,step_7_moves,step_7_recorded_moves,step_7_skipped,step_7_has_turns,step_7_time,step_7_recognition_time,step_7_execution_time,step_7_cumulative_time,step_7_slice_turns,step_7_face_turns,step_7_quarter_turns,step_7_turns_per_second,step_8_name,step_8_moves,step_8_recorded_moves,step_8_skipped,step_8_has_turns,step_8_time,step_8_recognition_time,step_8_execution_time,step_8_cumulative_time,step_8_slice_turns,step_8_face_turns,step_8_quarter_turns,step_8_turns_per_second,step_0_case,step_1_case,step_2_case,step_3_case,step_4_case,step_5_case,step_6_case,step_7_case,step_8_case
8c1096ff-4148-431d-8bf6-e706b9785f43,2023-09-07 23:01:41 UTC,false,20512,CFOP,Gan Smart Cube,Gan i Carry,Gan 356i,Jacob Pfeifer,false,false,22133,20512,,L[0] D'[172] B[378] B[451] D'[655] B'[878] U'[1778] F[1872] U[2072] L[2818] U'[3376] L[3435] U[3612] L[3759] U'[3948] L[4034] U[4176] F'[4655] L[4743] F[5232] L'[6259] L'[6568] L'[6825] B[6926] L[7026] B'[7200] L[7265] F[7662] L[7777] F'[8067] B'[10105] L[10182] B[10324] B[10940] L[11053] B'[11166] L[11318] B'[11826] L[11879] B[12005] L[13093] L[13204] B[13451] L[13551] B'[13635] L'[14609] L[15112] B[15395] L[15489] B'[15583] L[15611] B[15824] L[15919] L[15989] B'[16104] U[16254] B[16388] L[16504] B'[16604] L'[16674] U'[16837] L[18474] B[18808] D'[18915] B[19027] U[19178] U[19379] B'[19561] D[19633] B[19809] U[20021] U[20168] B'[20456] B'[20512],cube,,Playground,custom_rules,F2 R F' D L' F2 U2 F' R B U B2 L2 D R2 U' L2 D' B2 U' R2 F2,random_state,custom_rules,,,,8,LU,0,0,20512,65,65,74,3.17,10213,10299,"",0,Cross,z U L' B2 L' B' R' F R,z[0] U[0] L'[172] B2[451] L'[655] B'[878] R'[1778] F[1872] R[2072],false,true,2072,0,2072,2072,8,8,9,3.86,F2L Slot 1,U R' U R U R' U R F' U F,U[2818] R'[3376] U[3435] R[3612] U[3759] R'[3948] U[4034] R[4176] F'[4655] U[4743] F[5232],false,true,3160,1304,1856,5232,11,11,11,5.93,F2L Slot 2,U3' B U B' U F U F',U3'[6825] B[6926] U[7026] B'[7200] U[7265] F[7662] U[7777] F'[8067],false,true,2835,1694,1141,8067,8,8,10,7.01,F2L Slot 3,B' U B2 U B' U B' U B,B'[10105] U[10182] B2[10940] U[11053] B'[11166] U[11318] B'[11826] U[11879] B[12005],false,true,3938,2038,1900,12005,9,9,10,4.74,F2L Slot 4,U2 B U B',U2[13204] B[13451] U[13551] B'[13635],false,true,1630,1446,184,13635,4,4,5,21.74,OLL,U' U B U B' U B U2 B' R B U B' U' R',U'[14609] U[15112] B[15395] U[15489] B'[15583] U[15611] B[15824] U2[15989] B'[16104] R[16254] B[16388] U[16504] B'[16604] U'[16674] R'[16837],false,true,3202,1760,1442,16837,15,15,16,10.4,PLL,U B L' B R2 B' L B R2 B2',U[18474] B[18808] L'[18915] B[19027] R2[19379] B'[19561] L[19633] B[19809] R2[20168] B2'[20512],false,true,3675,1971,1704,20512,10,10,13,5.87,,,,,,,,,,,,,,,,,,,,,,,,,,,,22,BR->FR 33,"[BL,BR]->FR 51",14,41,Ab,,
6f63fa3c-c985-4198-9833-acba6ede393b,2023-09-07 23:10:17 UTC,false,13387,CFOP,Gan Smart Cube,Gan i Carry,Gan 356i,Jacob Pfeifer,false,false,16445,13387,,U'[0] L[117] B'[870] D[1338] B'[2058] B'[2306] F'[3220] R[3375] F[3503] F[3609] R'[3916] R'[4025] F'[4207] R[4380] F[4929] L'[5282] F[5454] F[5551] L[5671] F'[5823] L'[5971] F[6041] L[6173] F'[7165] L[7621] F'[7789] L'[7948] F[8378] R[8516] F'[8618] R'[8708] F'[9214] R[9482] F[9556] R'[9662] F'[9736] R'[9942] D[9987] R[10082] D'[10232] F'[11146] R[11381] F[11465] R'[11560] D[12269] D[12354] B'[12585] L[12656] F'[12741] L'[12860] F[12893] L'[12947] B[13143] D[13276] D[13316] F'[13387],cube,,Playground,custom_rules,R2 U B' U F U' L' D2 L F' R2 D' B2 U B2 R2 D L2 U F2 D2 L2,random_state,custom_rules,,,,8,FU,0,0,13387,50,50,56,3.73,5910,7477,"",0,Cross,x B' L D' F D2',x[0] B'[0] L[117] D'[870] F[1338] D2'[2306],false,true,2306,0,2306,2306,5,5,6,2.17,F2L Slot 1,U' R U2 R2' U' R,U'[3220] R[3375] U2[3609] R2'[4025] U'[4207] R[4380],false,true,2074,1069,1005,4380,6,6,8,5.97,F2L Slot 2,U L' U2 L U' L' U L,U[4929] L'[5282] U2[5551] L[5671] U'[5823] L'[5971] U[6041] L[6173],false,true,1793,902,891,6173,8,8,9,8.98,F2L Slot 3,U' L U' L',U'[7165] L[7621] U'[7789] L'[7948],false,true,1775,1448,327,7948,4,4,4,12.23,F2L Slot 4,U R U' R',U[8378] R[8516] U'[8618] R'[8708],false,true,760,568,192,8708,4,4,4,20.83,OLL,U' R U R' U' R' F R F',U'[9214] R[9482] U[9556] R'[9662] U'[9736] R'[9942] F[9987] R[10082] F'[10232],false,true,1524,774,750,10232,9,9,9,12.0,PLL,U' R U R' F2 D' L U' L' U L' D F2 U',U'[11146] R[11381] U[11465] R'[11560] F2[12354] D'[12585] L[12656] U'[12741] L'[12860] U[12893] L'[12947] D[13143] F2[13316] U'[13387],false,true,3155,1149,2006,13387,14,14,16,6.98,,,,,,,,,,,,,,,,,,,,,,,,,,,,24,BL->FR 10,"[FL,BR]->FR 21",21,33,Gd,,
3c73b808-59df-4934-adb0-4539da944a57,2023-09-07 23:18:42 UTC,false,24821,CFOP,Gan Smart Cube,Gan i Carry,Gan 356i,Jacob Pfeifer,false,false,36471,24821,,R'[0] F[94] D'[427] B'[762] D[888] L'[1730] F[4814] F[4902] R[5572] R[5700] B'[5895] B'[6048] R[7878] B'[8155] R'[8433] B[8496] R[8699] R[8796] U[9872] R'[10246] U'[10347] D'[10632] R[10675] D[11201] R'[11335] D[11575] R[11705] D'[11810] B[13300] R'[13455] B'[13565] R[13632] B[13827] R[13943] R[14006] B'[14085] R[14323] B[14411] R'[14488] B'[14575] R[16468] R[16818] F[16978] R'[17092] F'[17247] R[17288] R[17355] U'[17650] R'[17759] U[17815] R'[18511] D'[19444] F'[19534] D[19688] U'[19742] R'[19955] U[20051] R[20242] D'[20743] F[20807] D[20880] U[22282] U[22363] R[22577] U[22730] R[22846] U'[22892] R'[23000] U'[23218] R'[23286] U'[23410] R[23444] U'[23562] R[23642] R'[24409] R'[24611] R'[24821],cube,,Playground,custom_rules,U L2 F L' D2 F' B' R F' U B' U F2 L2 B2 D' L2 D' F2 D L2,random_state,custom_rules,,,,8,RU,0,0,24821,66,67,77,2.66,9397,15424,"",0,Cross,z' U' F R' B' R D' F2 U2 B2',z'[0] U'[0] F[94] R'[427] B'[762] R[888] D'[1730] F2[4902] U2[5700] B2'[6048],false,true,6048,0,6048,6048,9,9,12,1.49,F2L Slot 1,U B' U' B U2 L U' L',U[7878] B'[8155] U'[8433] B[8496] U2[8796] L[9872] U'[10246] L'[10347],false,true,4299,2107,2192,10347,8,8,9,3.65,F2L Slot 2,R' U R U' R U R',R'[10632] U[10675] R[11201] U'[11335] R[11575] U[11705] R'[11810],false,true,1463,285,1178,11810,7,7,7,5.94,F2L Slot 3,B U' B' U B U2 B' U B U' B',B[13300] U'[13455] B'[13565] U[13632] B[13827] U2[14006] B'[14085] U[14323] B[14411] U'[14488] B'[14575],false,true,2765,1490,1275,14575,11,11,12,8.63,F2L Slot 4,U2 F U' F' U2 L' U' L,U2[16818] F[16978] U'[17092] F'[17247] U2[17355] L'[17650] U'[17759] L[17815],false,true,3240,2403,837,17815,8,8,10,9.56,OLL,U' R' F' M F' L F R' D R x,U'[18511] R'[19444] F'[19534] M[19742] F'[19955] L[20051] F[20242] R'[20743] D[20807] R[20880] x[21581],false,true,3065,1629,1436,20880,10,11,11,6.96,PLL,L2 U L U L' U' L' U' L' U L' U U3',L2[22363] U[22577] L[22730] U[22846] L'[22892] U'[23000] L'[23218] U'[23286] L'[23410] U[23444] L'[23562] U[23642] U3'[24821],false,true,3941,1483,2458,24821,13,13,16,5.29,,,,,,,,,,,,,,,,,,,,,,,,,,,,26,BL->FR 3,"[FL,BR]->FR 45",23,15,Ub,,
cea7b4f8-4dd1-49a0-a3a4-750e17c38655,2023-09-09 02:14:49 UTC,false,18936,CFOP,Gan Smart Cube,Gan i Carry,Gan 356i,Jacob Pfeifer,false,false,7815,18936,,D[0] B[207] U'[375] B[680] R'[1994] U[2180] U'[2546] R[2922] U'[3297] R'[3405] U[3509] R'[3745] B'[4277] R[4425] B[4621] R[5386] B[5673] R[5853] R[5980] B'[6148] R'[6306] D[6492] R'[6846] D'[7568] R[8400] R[8616] D'[9235] R[9332] R[9450] D[9593] R[9873] D'[10062] R'[10236] D[10404] R'[12512] F[12678] R'[12805] F'[12933] R[13055] F[13181] R'[13275] F'[13360] R[14478] D[14839] R[15053] B[15171] R'[15240] B'[15335] D'[15545] R'[15820] U[16005] F[16194] R[16335] F'[16413] R'[16474] U'[16670] F[17698] R[17790] F'[17855] R'[17956] F'[18105] U[18142] F[18207] F[18256] R'[18302] F'[18390] R'[18481] F[18604] R[18687] F'[18752] U'[18888] R[18936],cube,,Playground,custom_rules,R L2 B' R B D R2 F R U D' F2 R2 F2 D2 L2 D' R2 D' B2 U' R2,random_state,custom_rules,,,,8,RU,0,0,18936,68,68,72,3.59,9000,9936,"",0,Cross,z' R B L' B,z'[0] R[0] B[207] L'[375] B[680],false,true,680,0,680,680,4,4,4,5.88,F2L Slot 1,U' L L' U L' U' L U' B' U B,U'[1994] L[2180] L'[2546] U[2922] L'[3297] U'[3405] L[3509] U'[3745] B'[4277] U[4425] B[4621],false,true,3941,1500,2441,4621,11,11,11,4.51,F2L Slot 2,U B U2 B' U' R U' R',U[5386] B[5673] U2[5980] B'[6148] U'[6306] R[6492] U'[6846] R'[7568],false,true,2947,1052,1895,7568,8,8,9,4.22,F2L Slot 3,U2 R' U2 R U R' U' R,U2[8616] R'[9235] U2[9450] R[9593] U[9873] R'[10062] U'[10236] R[10404],false,true,2836,1667,1169,10404,8,8,10,6.84,F2L Slot 4,U' F U' F' U F U' F',U'[12512] F[12678] U'[12805] F'[12933] U[13055] F[13181] U'[13275] F'[13360],false,true,2956,2274,682,13360,8,8,8,11.73,OLL,U R U B U' B' R' U' L F U F' U' L',U[14478] R[14839] U[15053] B[15171] U'[15240] B'[15335] R'[15545] U'[15820] L[16005] F[16194] U[16335] F'[16413] U'[16474] L'[16670],false,true,3310,1479,1831,16670,14,14,14,7.65,PLL,F U F' U' F' L F2 U' F' U' F U F' L' U,F[17698] U[17790] F'[17855] U'[17956] F'[18105] L[18142] F2[18256] U'[18302] F'[18390] U'[18481] F[18604] U[18687] F'[18752] L'[18888] U[18936],false,true,2266,1028,1238,18936,15,15,16,12.12,,,,,,,,,,,,,,,,,,,,,,,,,,,,11,BL->FR 9,"[FL,BR]->FR 4",26,3,T,,
3d087369-f185-4bb3-8872-11ee155f9083,2023-09-09 02:24:27 UTC,false,16880,CFOP,Gan Smart Cube,Gan i Carry,Gan 356i,Jacob Pfeifer,false,false,20189,16880,,U'[0] B'[161] B'[271] D[462] R'[1335] F'[1565] D[1846] L[2381] U'[2720] L'[3230] U'[3470] R[3726] U[3894] R'[4043] U'[4962] L[5231] U[5432] L'[5731] L'[6112] U'[6344] L[6396] U[6495] L'[6658] U'[6769] L[6884] U'[7351] R'[7634] U'[7793] R[7951] U[8581] L'[8793] U'[9021] L[9099] U[9358] U'[9731] U'[9991] L[10207] F'[10370] L'[10501] F[10553] U'[11943] F[12152] R[12321] U[12438] R'[12488] U'[12560] R[12622] U[12692] R'[12765] U'[12838] R[12887] U[12973] R'[13055] U'[13152] F'[13270] L[14469] U[14626] U[14704] L'[14830] U[15028] U[15095] L[15176] F'[15302] L'[15419] U'[15539] L[15606] U[15755] L[16066] F[16341] L'[16465] L'[16542] U[16822] U[16880],cube,,Playground,custom_rules,F U2 D F2 B' U2 F D2 R' B2 U' R2 D F2 D' R2 D' F2 U2 L2 F2,random_state,custom_rules,,,,8,UF,0,0,16880,66,66,73,3.91,5744,11136,"",0,Cross,U' B2' D R' F' D,U'[0] B2'[271] D[462] R'[1335] F'[1565] D[1846],false,true,1846,0,1846,1846,6,6,7,3.25,F2L Slot 1,L U' L' U' R U R',L[2381] U'[2720] L'[3230] U'[3470] R[3726] U[3894] R'[4043],false,true,2197,535,1662,4043,7,7,7,4.21,F2L Slot 2,U' L U L',U'[4962] L[5231] U[5432] L'[5731],false,true,1688,1188,500,5731,4,4,4,8.0,F2L Slot 3,L' U' L U L' U' L U' R' U' R,L'[6112] U'[6344] L[6396] U[6495] L'[6658] U'[6769] L[6884] U'[7351] R'[7634] U'[7793] R[7951],false,true,2220,381,1839,7951,11,11,11,5.98,F2L Slot 4,U L' U' L U U2' L F' L' F,U[8581] L'[8793] U'[9021] L[9099] U[9358] U2'[9991] L[10207] F'[10370] L'[10501] F[10553],false,true,2602,842,1760,10553,10,10,11,5.68,OLL,U' F R U R' U' R U R' U' R U R' U' F',U'[11943] F[12152] R[12321] U[12438] R'[12488] U'[12560] R[12622] U[12692] R'[12765] U'[12838] R[12887] U[12973] R'[13055] U'[13152] F'[13270],false,true,2717,1599,1118,13270,15,15,15,13.42,PLL,L U2 L' U2 L F' L' U' L U L F L2' U2,L[14469] U2[14704] L'[14830] U2[15095] L[15176] F'[15302] L'[15419] U'[15539] L[15606] U[15755] L[16066] F[16341] L2'[16542] U2[16880],false,true,3610,1199,2411,16880,14,14,18,5.81,,,,,,,,,,,,,,,,,,,,,,,,,,,,20,BL->FR 14,"[FL,BR]->FR 55",11,21,Ra,,
5871c061-65b0-4a7b-b14c-6e61545bb421,2023-09-08 20:26:06 UTC,false,24243,CFOP,Gan Smart Cube,Gan i Carry,Gan 356i,Jacob Pfeifer,false,false,14727,24243,,L'[0] F'[179] D[564] L'[1337] B[1818] L'[2416] R[3720] U'[4399] R[4527] R[4634] U[4845] R'[5062] U'[5213] R[5317] U[5687] D'[6788] R[6967] D[7185] R[7470] R[7605] D'[8028] R[8246] D[8483] R[9240] D[9771] R[10084] D'[10237] R'[10446] D[10559] R[10694] D'[10887] R[11107] U[11405] R[11563] U'[11746] R'[13853] F'[14108] R[14164] F[14290] R[14765] D[14871] R'[15196] D'[16066] R'[17161] U[17753] F'[18166] F[19084] F[19282] D'[19747] F[19806] D[19952] F'[20090] D'[20220] F[20299] D[20406] F[20749] F[20812] U'[21087] R'[22243] R'[22486] D'[22742] R[22832] U'[23009] R[23280] R[23342] D[23406] R'[23491] D'[23602] R[23680] R[23731] D[23807] U[23922] R[24209] R[24243],cube,,Playground,custom_rules,U B' U2 D' L' B' U2 L F L2 U' R2 U R2 L2 F2 R2 L2 U2 B2 D' B2,random_state,custom_rules,,,,8,RU,0,0,24243,66,66,74,2.72,10076,14167,"",0,Cross,z' D' F' R D' B D',z'[0] D'[0] F'[179] R[564] D'[1337] B[1818] D'[2416],false,true,2416,0,2416,2416,6,6,6,2.48,F2L Slot 1,U L' U2 L U' L' U L,U[3720] L'[4399] U2[4634] L[4845] U'[5062] L'[5213] U[5317] L[5687],false,true,3271,1983,1288,5687,8,8,9,6.21,F2L Slot 2,R' U R U2 R' U R,R'[6788] U[6967] R[7185] U2[7605] R'[8028] U[8246] R[8483],false,true,2796,1101,1695,8483,7,7,8,4.13,F2L Slot 3,U R U R' U' R U R' U L U L',U[9240] R[9771] U[10084] R'[10237] U'[10446] R[10559] U[10694] R'[10887] U[11107] L[11405] U[11563] L'[11746],false,true,3263,1288,1975,11746,12,12,12,6.08,F2L Slot 4,U' F' U F U R U' R',U'[13853] F'[14108] U[14164] F[14290] U[14765] R[14871] U'[15196] R'[16066],false,true,4320,2362,1958,16066,8,8,8,4.09,OLL,U' L F' F2 R' F R F' R' F R F2 L',U'[17161] L[17753] F'[18166] F2[19282] R'[19747] F[19806] R[19952] F'[20090] R'[20220] F[20299] R[20406] F2[20812] L'[21087],false,true,5021,1687,3334,21087,13,13,15,3.9,PLL,U2' R' U L' U2 R U' R' U2 R L U2,U2'[22486] R'[22742] U[22832] L'[23009] U2[23342] R[23406] U'[23491] R'[23602] U2[23731] R[23807] L[23922] U2[24243],false,true,3156,1655,1501,24243,12,12,16,7.99,,,,,,,,,,,,,,,,,,,,,,,,,,,,10,BL->FR 44,"[FL,BR]->FR 55",25,54,Ja,,
b61a97b3-a08f-4807-b670-1471b1b05455,2023-09-09 13:48:22 UTC,false,17895,CFOP,Gan Smart Cube,Gan i Carry,Gan 356i,Jacob Pfeifer,false,false,40086,17895,,U[0] D'[109] F[288] L[1143] F'[1508] U[1646] F[1829] F[3199] R[3681] R[3793] F'[3981] R'[4190] U[4368] R'[4701] U'[5068] R'[5728] F'[6700] R[6866] R[6979] F[7120] R'[7342] F'[7609] R'[7774] F[7974] R'[8300] F[8473] R'[8633] F'[8793] R[8886] R[9277] U'[9639] R'[9850] U[9994] R'[11375] B[11958] R'[12071] B'[12217] R'[12512] D'[12709] R[12790] D[12901] R'[13713] U[13845] R[13943] U'[14030] R'[14180] U'[14307] B[14364] U[14466] U[14563] R[14714] U'[14834] R'[14902] B'[15105] R[15907] U'[16423] R[16510] D'[16701] R[16914] R[16970] U[17039] R'[17140] U'[17242] R[17328] R[17379] U[17452] D[17649] R[17827] R[17895],cube,,Playground,custom_rules,L' F' U2 L F' D' F' R' B2 R B2 D L2 U' F2 D' B2 L2 F2 D' R2 U,random_state,custom_rules,,,,8,RU,0,0,17895,61,62,69,3.41,7727,10059,"",0,Cross,x' S' R D R' F R,x'[54] S'[109] R[288] D[1143] R'[1508] F[1646] R[1829],false,true,1720,0,1720,1829,6,7,7,3.49,F2L Slot 1,R U2 R' U' F U' F',R[3199] U2[3793] R'[3981] U'[4190] F[4368] U'[4701] F'[5068],false,true,3239,1370,1869,5068,7,7,8,3.75,F2L Slot 2,U' R' U2 R U' R' U' R,U'[5728] R'[6700] U2[6979] R[7120] U'[7342] R'[7609] U'[7774] R[7974],false,true,2906,1632,1274,7974,8,8,9,6.28,F2L Slot 3,U' R U' R' U2 F' U' F,U'[8300] R[8473] U'[8633] R'[8793] U2[9277] F'[9639] U'[9850] F[9994],false,true,2020,499,1521,9994,8,8,9,5.26,F2L Slot 4,U' L U' L' U' B' U B,U'[11375] L[11958] U'[12071] L'[12217] U'[12512] B'[12709] U[12790] B[12901],false,true,2907,1964,943,12901,8,8,8,8.48,OLL,U' F U F' U' F' L F2 U F' U' L',U'[13713] F[13845] U[13943] F'[14030] U'[14180] F'[14307] L[14364] F2[14563] U[14714] F'[14834] U'[14902] L'[15105],false,true,2204,944,1260,15105,12,12,13,9.52,PLL,U F' U B' U2 F U' F' U2 F B U2,U[15907] F'[16423] U[16510] B'[16701] U2[16970] F[17039] U'[17140] F'[17242] U2[17379] F[17452] B[17649] U2[17895],false,true,2790,1318,1472,17895,12,12,15,8.15,,,,,,,,,,,,,,,,,,,,,,,,,,,,9,BL->FR 45,"[FL,BR]->FR 23",28,9,Ja,,
06996c0b-ee5f-4604-9bef-f70456dd1ffb,2023-09-09 13:49:09 UTC,false,14562,CFOP,Gan Smart Cube,Gan i Carry,Gan 356i,Jacob Pfeifer,false,false,10063,14562,,B'[0] L[64] B[200] U[403] D[982] D[1105] B[1640] D[1916] B'[2102] D'[3812] L[4256] D[4434] L'[4721] D'[5462] R[5782] D'[5969] R'[6148] D[6349] F[6681] D'[6898] F'[7167] D[7379] R[7666] D'[7783] R'[7902] D'[8735] L[9555] B[9832] R'[10013] B[10090] R[10328] B[10508] B[10617] L'[10808] L'[11030] F'[11283] R[11410] F'[11593] R'[11713] F[11792] F[11856] L[11982] R'[13125] D[13175] L'[13319] D[13537] D[13592] R[13674] D'[13776] R'[13909] D[13977] D[14030] R[14107] L[14174] D[14524] D[14562],cube,,Playground,custom_rules,B' D' R U F L F2 L2 D R U' L2 B2 U2 B2 U' L2 D F2 U' B2 L2,random_state,custom_rules,,,,8,DB,0,0,14562,49,49,56,3.36,7747,6815,"",0,Cross,z2 B' R B D,z2[0] B'[0] R[64] B[200] D[403],false,true,403,0,403,403,4,4,4,9.93,F2L Slot 1,U2 B U B',U2[1105] B[1640] U[1916] B'[2102],false,true,1699,1237,462,2102,4,4,5,8.66,F2L Slot 2,U' R U R',U'[3812] R[4256] U[4434] R'[4721],false,true,2619,2154,465,4721,4,4,4,8.6,F2L Slot 3,U' L U' L' U F U' F',U'[5462] L[5782] U'[5969] L'[6148] U[6349] F[6681] U'[6898] F'[7167],false,true,2446,1061,1385,7167,8,8,8,5.78,F2L Slot 4,U L U' L',U[7379] L[7666] U'[7783] L'[7902],false,true,735,499,236,7902,4,4,4,16.95,OLL,U' R B L' B L B2 R2' F' L F' L' F2 R,U'[8735] R[9555] B[9832] L'[10013] B[10090] L[10328] B2[10617] R2'[11030] F'[11283] L[11410] F'[11593] L'[11713] F2[11856] R[11982],false,true,4080,1653,2427,11982,14,14,17,5.77,PLL,L' U R' U2 L U' L' U2 L R U2,L'[13125] U[13175] R'[13319] U2[13592] L[13674] U'[13776] L'[13909] U2[14030] L[14107] R[14174] U2[14562],false,true,2580,1143,1437,14562,11,11,14,7.65,,,,,,,,,,,,,,,,,,,,,,,,,,,,14,BR->FR 14,"[BL,BR]->FR 60",21,18,Ja,,
a9376d66-2dac-46d8-a44e-4e48f8fc6c48,2023-09-09 13:55:49 UTC,false,19968,CFOP,Gan Smart Cube,Gan i Carry,Gan 356i,Jacob Pfeifer,false,false,24415,19968,,B[0] L'[284] U'[560] D[1186] B'[1408] D'[1838] U[2183] R[2275] U'[2405] D'[2748] R[2789] D[2898] R[3110] R[3205] U[3306] R'[3483] U'[3703] R[5343] R[5489] D'[5873] R'[6234] D[6330] R'[6646] D'[6852] R[6974] D[7291] R'[8940] F'[10246] R'[10379] F[10455] R'[10747] F'[10911] R'[11101] F[11175] F[12463] R'[12565] F'[12702] R[12770] U'[13073] R'[13174] U[13230] U[14234] R[14336] U'[14423] R[14505] U[14766] R'[15010] U'[15158] R'[15259] U'[15393] B[15443] U[15550] B'[15776] R'[16801] R'[17059] U'[17261] R[17306] U'[17432] R'[17720] F'[17990] U'[18111] F[18158] F[18217] R'[18291] F'[18407] R[18443] F'[18547] U[18676] F[18778] R'[18938] R[19226] U[19461] R'[19787] R'[19968],cube,,Playground,custom_rules,F' R2 D2 R B U' F' D R U B2 U F2 D R2 U2 F2 L2 D R2 U' R2,random_state,custom_rules,,,,8,RU,0,0,19968,69,69,74,3.46,9247,10721,"",0,Cross,z' B D' L' R B' R',z'[0] B[0] D'[284] L'[560] R[1186] B'[1408] R'[1838],false,true,1838,0,1838,1838,6,6,6,3.26,F2L Slot 1,L U L' R' U R U2 L U' L',L[2183] U[2275] L'[2405] R'[2748] U[2789] R[2898] U2[3205] L[3306] U'[3483] L'[3703],false,true,1865,345,1520,3703,10,10,11,6.58,F2L Slot 2,U2 R' U' R U' R' U R,U2[5489] R'[5873] U'[6234] R[6330] U'[6646] R'[6852] U[6974] R[7291],false,true,3588,2170,1418,7291,8,8,9,5.64,F2L Slot 3,U' F' U' F U' F' U' F,U'[8940] F'[10246] U'[10379] F[10455] U'[10747] F'[10911] U'[11101] F[11175],false,true,3884,2955,929,11175,8,8,8,8.61,F2L Slot 4,F U' F' U L' U' L,F[12463] U'[12565] F'[12702] U[12770] L'[13073] U'[13174] L[13230],false,true,2055,1288,767,13230,7,7,7,9.13,OLL,L U L' U L U' L' U' L' B L B',L[14234] U[14336] L'[14423] U[14505] L[14766] U'[15010] L'[15158] U'[15259] L'[15393] B[15443] L[15550] B'[15776],false,true,2546,1004,1542,15776,12,12,12,7.78,PLL,U2' L' U L' U' F' L' F2 U' F' U F' L F U' U L U2',U2'[17059] L'[17261] U[17306] L'[17432] U'[17720] F'[17990] L'[18111] F2[18217] U'[18291] F'[18407] U[18443] F'[18547] L[18676] F[18778] U'[18938] U[19226] L[19461] U2'[19968],false,true,4192,1485,2707,19968,18,18,21,6.65,,,,,,,,,,,,,,,,,,,,,,,,,,,,146,BR->FR 16,"[BL,BR]->FR 18",18,38,V,,
9ccb1b8e-99ec-42e3-8ef7-f87e57f163b1,2023-09-15 00:41:49 UTC,false,18277,CFOP,Gan Smart Cube,Gan i Carry,Gan 356i,Jacob Pfeifer,false,false,7658,18277,,U'[0] B'[163] R[253] B'[427] D'[978] D'[1215] U[2171] B[2703] U[2849] B'[3040] U[3140] U[3353] F'[3775] U'[4097] F[4234] U'[5164] U[5435] L[6535] U[6658] U[6754] L'[6884] U[7133] L[7484] U'[7740] L'[8113] U[8301] L'[8713] U'[8933] L[9192] U'[9435] F[9837] U[9975] F'[10246] U'[10669] U'[10915] U'[11129] B[11174] U'[11751] B'[11874] U[11943] B[12040] U[12282] B'[12371] U'[13173] U'[13419] F'[13850] B[13995] L[14130] B[14282] L[14384] B'[14447] L'[14540] B'[14716] U[14771] B[14869] U'[15038] F[15231] B'[15268] B[16406] B[16454] D[16655] L'[16766] U[16965] L'[17052] U'[17135] L[17225] D'[17403] B[17453] B[17538] R'[17964] U[18054] R[18174] U'[18277],cube,,Playground,custom_rules,L' D L U' L' F R U' F' D L2 D' B2 L2 D2 B2 D L2 D R2 B2 R2,random_state,custom_rules,,,,8,UF,0,0,18277,63,65,73,3.45,8127,10150,"",0,Cross,U' B' R B' D2',U'[0] B'[163] R[253] B'[427] D2'[1215],false,true,1215,0,1215,1215,5,5,6,4.12,F2L Slot 1,U B U B' U2 F' U' F,U[2171] B[2703] U[2849] B'[3040] U2[3353] F'[3775] U'[4097] F[4234],false,true,3019,1488,1531,4234,8,8,9,5.23,F2L Slot 2,U' U L U2 L' U L U' L',U'[5164] U[5435] L[6535] U2[6754] L'[6884] U[7133] L[7484] U'[7740] L'[8113],false,true,3879,2301,1578,8113,9,9,10,5.7,F2L Slot 3,U L' U' L U' F U F',U[8301] L'[8713] U'[8933] L[9192] U'[9435] F[9837] U[9975] F'[10246],false,true,2133,600,1533,10246,8,8,8,5.22,F2L Slot 4,U3' B U' B' U B U B',U3'[11129] B[11174] U'[11751] B'[11874] U[11943] B[12040] U[12282] B'[12371],false,true,2125,928,1197,12371,8,8,10,6.68,OLL,U2' S U B U B' U' B' R B R' S',U2'[13419] S[13995] U[14130] B[14282] U[14384] B'[14447] U'[14540] B'[14716] R[14771] B[14869] R'[15038] S'[15268],false,true,2897,1624,1273,15268,12,14,15,9.43,PLL,B2 D L' U L' U' L D' B2 R' U R U',B2[16454] D[16655] L'[16766] U[16965] L'[17052] U'[17135] L[17225] D'[17403] B2[17538] R'[17964] U[18054] R[18174] U'[18277],false,true,3009,1186,1823,18277,13,13,15,7.13,,,,,,,,,,,,,,,,,,,,,,,,,,,,81,BL->FR 13,"[FL,BR]->FR 41",20,29,Ga,,
e9789e7f-e5c2-4c77-8659-2fec3e56f501,2023-08-22 13:20:42 UTC,false,20208,CFOP,Gan Smart Cube,Gan i Carry,Gan 356i,Jacob Pfeifer,false,false,36632,20208,,F[0] L'[260] D[1535] D[1630] R[2034] D'[2298] B[2382] D[2537] D'[3452] L[3524] L[3610] D[3679] D[4372] L[4483] D'[4599] D'[7075] L[7209] D[7403] L[7734] L[7878] D'[8413] L[8507] D[8722] L[9714] L[10064] B[10653] L[10821] B'[11072] L[11206] L[11348] B[11524] L'[11749] B'[11889] U[14662] L'[14778] U'[14919] L'[15437] F'[15677] L[15778] F[15896] L[16580] L[16675] U[17185] B[17335] L'[17417] B'[17521] L'[17633] B[17685] L[17762] B'[17833] U'[17902] L'[18645] L'[18863] B[18982] L[19053] B'[19144] U'[19226] B[19306] L[19436] B'[19496] L'[19616] B'[19797] U[19847] B[19921] B[19963] L'[20021] B'[20096] L'[20208],cube,,Playground,custom_rules,F2 R2 D2 L' F' B' R D L D F2 L2 U L2 D' R2 D' F2 D' L2 B2 U,random_state,custom_rules,,,,8,LU,0,0,20208,59,59,68,2.92,10464,9744,"",0,Cross,z F U' L2 D L' B L,z[0] F[0] U'[260] L2[1630] D[2034] L'[2298] B[2382] L[2537],false,true,2537,0,2537,2537,7,7,8,2.76,F2L Slot 1,L' U2 L2 U L',L'[3452] U2[3610] L2[4372] U[4483] L'[4599],false,true,2062,915,1147,4599,5,5,7,4.36,F2L Slot 2,L' U L U2 L' U L,L'[7075] U[7209] L[7403] U2[7878] L'[8413] U[8507] L[8722],false,true,4123,2476,1647,8722,7,7,8,4.25,F2L Slot 3,U2 B U B' U2 B U' B',U2[10064] B[10653] U[10821] B'[11072] U2[11348] B[11524] U'[11749] B'[11889],false,true,3167,1931,1236,11889,8,8,10,6.47,F2L Slot 4,R U' R' U' F' U F,R[14662] U'[14778] R'[14919] U'[15437] F'[15677] U[15778] F[15896],false,true,4007,2773,1234,15896,7,7,7,5.67,OLL,U2 R B U' B' U' B U B' R',U2[16675] R[17185] B[17335] U'[17417] B'[17521] U'[17633] B[17685] U[17762] B'[17833] R'[17902],false,true,2006,1289,717,17902,10,10,11,13.95,PLL,U2' B U B' R' B U B' U' B' R B2 U' B' U',U2'[18863] B[18982] U[19053] B'[19144] R'[19226] B[19306] U[19436] B'[19496] U'[19616] B'[19797] R[19847] B2[19963] U'[20021] B'[20096] U'[20208],false,true,2306,1080,1226,20208,15,15,17,12.23,,,,,,,,,,,,,,,,,,,,,,,,,,,,2,FL->FR 44,"[BL,BR]->FR 15",28,37,Jb,,
1347beca-aa4d-463e-9ed6-c6c94ba9b6f0,2023-08-30 23:53:23 UTC,false,19384,CFOP,Gan Smart Cube,Gan i Carry,Gan 356i,Jacob Pfeifer,false,false,13165,19384,,D'[0] U[185] L[918] R'[1006] B'[1670] B'[1836] U'[2757] B[2826] U[2979] D[3220] B'[3477] D'[3710] B'[4876] B'[5330] L[5450] B[5631] L'[5857] B[6023] B[6153] L[6523] B'[6752] L'[6930] B'[7995] U[8346] B[8531] B[8639] U'[8905] B[9012] B[9116] U[9445] B'[9612] U'[9812] B[11078] R[11322] B'[11486] R'[11644] B[11959] R[12080] B'[12187] R'[12288] R[13607] R'[13852] B'[14081] B'[14334] L'[14645] R[14818] D'[14956] L'[15097] D'[15277] L[15349] D[15501] L[15581] B'[15726] L'[15868] B[15925] L[16436] R'[16536] B'[17372] B'[17593] U[17791] R[17899] B'[17958] R'[18063] B'[18154] R[18221] B[18286] R'[18353] U'[18440] R[18505] B[18633] R'[18691] B'[18771] R'[18973] U[19039] R[19217] U'[19384],cube,,Playground,custom_rules,B2 D B' U' L2 F2 L' D2 F L2 U R2 F2 U B2 L2 B2 L2 D' B2 D2 R2,random_state,custom_rules,,,,8,BU,0,0,19384,65,69,76,3.35,8991,10208,"",0,Cross,z2 E' S',z2[92] E'[185] S'[1006],false,true,821,0,821,1006,2,4,4,2.44,F2L Slot 1,U2' R' U R L U' L',U2'[1836] R'[2757] U[2826] R[2979] L[3220] U'[3477] L'[3710],false,true,2704,1751,953,3710,7,7,8,7.35,F2L Slot 2,U2' F U F' U2 F U' F',U2'[5330] F[5450] U[5631] F'[5857] U2[6153] F[6523] U'[6752] F'[6930],false,true,3220,1740,1480,6930,8,8,10,5.41,F2L Slot 3,U' R U2 R' U2 R U' R',U'[7995] R[8346] U2[8639] R'[8905] U2[9116] R[9445] U'[9612] R'[9812],false,true,2882,1416,1466,9812,8,8,10,5.46,F2L Slot 4,U B U' B' U B U' B',U[11078] B[11322] U'[11486] B'[11644] U[11959] B[12080] U'[12187] B'[12288],false,true,2476,1510,966,12288,8,8,8,8.28,OLL,B B' U2' S U' F' U' F U F R' F' R S',B[13607] B'[13852] U2'[14334] S[14818] U'[14956] F'[15097] U'[15277] F[15349] U[15501] F[15581] R'[15726] F'[15868] R[15925] S'[16536],false,true,4248,1319,2929,16536,14,16,17,4.78,PLL,U2' R B U' B' U' B U B' R' B U B' U' B' R B R',U2'[17593] R[17791] B[17899] U'[17958] B'[18063] U'[18154] B[18221] U[18286] B'[18353] R'[18440] B[18505] U[18633] B'[18691] U'[18771] B'[18973] R[19039] B[19217] R'[19384],false,true,2848,1255,1593,19384,18,18,19,11.3,,,,,,,,,,,,,,,,,,,,,,,,,,,,43,FL->FR 15,"[FL,BL]->FR 9",26,30,Y,,
4e17203d-ae18-42ad-8782-8a4b784b93c0,2023-08-30 23:54:32 UTC,false,21590,CFOP,Gan Smart Cube,Gan i Carry,Gan 356i,Jacob Pfeifer,false,false,33179,21590,,L'[0] B'[147] B'[342] D[838] D[963] F[1129] F'[2858] R'[3550] D[4960] R'[5986] B[6154] F'[7954] L'[8576] F[8712] L'[9167] D'[9795] L[9877] D[10068] L[10947] F'[11371] L[11468] L[11625] F[11795] L'[12048] F'[12195] L[12315] F[12467] U'[13498] L[13646] L[13740] U[13835] L[14147] L[14246] U'[14593] L[14718] U[14892] D[15421] L[15595] L'[15904] L'[16193] D'[16316] L[16467] L[16758] D[17219] L'[17374] D'[17451] F'[18175] D[18435] F[18522] U'[18604] F'[18734] D'[18880] F[18923] U[19064] L[19791] U[20198] L'[20302] U[20398] L[20576] U[20731] L[20880] U[21078] L'[21172] U'[21297] L'[21363] U[21460] U[21494] L'[21590],cube,,Playground,custom_rules,R D' L' F' D2 B2 R D F R' U2 L2 U' F2 B2 U' L2 D' R2 D B2 R2,random_state,custom_rules,,,,8,LU,0,0,21590,60,60,68,2.78,6521,15069,"",0,Cross,z U' B2' L2 F F' D' L D' B,z[0] U'[0] B2'[342] L2[963] F[1129] F'[2858] D'[3550] L[4960] D'[5986] B[6154],false,true,6154,0,6154,6154,9,9,11,1.46,F2L Slot 1,F' U' F U' L' U L,F'[7954] U'[8576] F[8712] U'[9167] L'[9795] U[9877] L[10068],false,true,3914,1800,2114,10068,7,7,7,3.31,F2L Slot 2,U F' U2 F U' F' U F,U[10947] F'[11371] U2[11625] F[11795] U'[12048] F'[12195] U[12315] F[12467],false,true,2399,1303,1096,12467,8,8,9,7.3,F2L Slot 3,R' U2 R U2 R' U R,R'[13498] U2[13740] R[13835] U2[14246] R'[14593] U[14718] R[14892],false,true,2425,1031,1394,14892,7,7,9,5.02,F2L Slot 4,L U U2' L' U2 L U' L',L[15421] U[15595] U2'[16193] L'[16316] U2[16758] L[17219] U'[17374] L'[17451],false,true,2559,529,2030,17451,8,8,10,3.94,OLL,F' L F R' F' L' F R,F'[18175] L[18435] F[18522] R'[18604] F'[18734] L'[18880] F[18923] R[19064],false,true,1613,724,889,19064,8,8,8,9.0,PLL,U R U' R U R U R U' R' U' R2 U',U[19791] R[20198] U'[20302] R[20398] U[20576] R[20731] U[20880] R[21078] U'[21172] R'[21297] U'[21363] R2[21494] U'[21590],false,true,2526,1134,1392,21590,13,13,14,9.34,,,,,,,,,,,,,,,,,,,,,,,,,,,,11,FL->FR 10,"[FL,BL]->FR 17",33,25,Ua,,
844cc126-16f4-4835-a381-eaf82178aab0,2023-08-30 23:59:02 UTC,false,20066,CFOP,Gan Smart Cube,Gan i Carry,Gan 356i,Jacob Pfeifer,false,false,16587,20066,,B[0] R'[314] D[529] D[631] R'[965] U[1103] R[1432] L'[3221] L'[3817] U[4114] L[4360] U'[4583] L[4753] U[4934] L'[5166] U'[5373] L[6194] L[6301] U'[6665] L[6744] U[6965] D'[7321] L[7450] D[7836] L'[8950] L'[10797] L'[11058] D[11266] L[11380] D'[11666] L[11795] L[11927] D[12112] L'[12324] D'[12547] L[14137] L[14504] L[14810] B[14925] L'[15010] B'[15112] L'[15397] U'[15709] L[15768] U[15868] L[16554] L[16657] D'[16982] L'[17076] D'[17158] B[17187] D[17301] B'[17500] L[17718] D[17874] D'[18837] L[18877] U'[19028] L[19261] L[19315] D[19385] L'[19473] D'[19622] L[19674] L[19716] D[19805] U[19886] L[20066],cube,,Playground,custom_rules,B' L' U' B' L' B D' B' D' R U' L2 U2 L2 B2 R2 D B2 R2 U' D L2,random_state,custom_rules,,,,8,LU,0,0,20066,58,58,68,2.89,11859,8207,"",0,Cross,z B D' L2 D' R D,z[0] B[0] D'[314] L2[631] D'[965] R[1103] D[1432],false,true,1432,0,1432,1432,6,6,7,4.19,F2L Slot 1,U2' R U R' U R U' R',U2'[3817] R[4114] U[4360] R'[4583] U[4753] R[4934] U'[5166] R'[5373],false,true,3941,2682,1259,5373,8,8,9,6.35,F2L Slot 2,U2 R' U R L' U L,U2[6301] R'[6665] U[6744] R[6965] L'[7321] U[7450] L[7836],false,true,2463,1292,1171,7836,7,7,8,5.98,F2L Slot 3,U' U2' L U L' U2 L U' L',U'[8950] U2'[11058] L[11266] U[11380] L'[11666] U2[11927] L[12112] U'[12324] L'[12547],false,true,4711,3430,1281,12547,9,9,11,7.03,F2L Slot 4,U3 B U' B' U' R' U R,U3[14810] B[14925] U'[15010] B'[15112] U'[15397] R'[15709] U[15768] R[15868],false,true,3321,2378,943,15868,8,8,10,8.48,OLL,U2 L' U' L' B L B' U L,U2[16657] L'[16982] U'[17076] L'[17158] B[17187] L[17301] B'[17500] U[17718] L[17874],false,true,2006,1114,892,17874,9,9,10,10.09,PLL,L' U R' U2 L U' L' U2 L R U,L'[18837] U[18877] R'[19028] U2[19315] L[19385] U'[19473] L'[19622] U2[19716] L[19805] R[19886] U[20066],false,true,2192,963,1229,20066,11,11,13,8.95,,,,,,,,,,,,,,,,,,,,,,,,,,,,7,BR->FR 68,"[BL,BR]->FR 15",28,46,Ja,,
d50cfaa2-65f1-4596-9f2f-c1a268babaca,2023-08-19 14:39:40 UTC,false,15096,CFOP,Gan Smart Cube,Gan i Carry,Gan 356i,Jacob Pfeifer,false,false,11644,15096,,F[0] R'[215] B[424] L'[689] B'[829] L[1004] L[1071] U'[1658] U'[1869] D'[2898] B'[3245] D[3341] D[3425] B[3518] F'[4147] D[4248] F[4505] R'[5775] D'[6032] R[6149] B'[7602] D[7856] D[7944] B[8032] D[8310] D[8377] B'[8738] D[8808] B[8916] B[9790] D'[9918] B'[10044] D[10097] B[10177] D[10292] B'[10435] D[11214] D[11299] R[11605] D[11797] F[11917] D'[11959] F'[12036] D[12104] F[12184] D'[12243] F'[12313] R'[12446] D'[13224] B[13359] D[13441] B'[13516] D'[13603] B'[13756] L[13792] B[13858] B[13904] D'[13942] B'[14032] D'[14140] B[14212] D[14273] B'[14356] L'[14802] D[15053] D[15096],cube,,Playground,custom_rules,L2 U R2 B' L' D' F R' L2 F L2 D R2 F2 R2 B2 R2 D' F2 L2 D,random_state,custom_rules,,,,8,DB,0,0,15096,58,58,66,3.84,7056,8040,"",0,Cross,z2 F L' B R' B' R2 D2',z2[0] F[0] L'[215] B[424] R'[689] B'[829] R2[1071] D2'[1869],false,true,1869,0,1869,1869,7,7,9,3.75,F2L Slot 1,U' B' U2 B F' U F,U'[2898] B'[3245] U2[3425] B[3518] F'[4147] U[4248] F[4505],false,true,2636,1376,1260,4505,7,7,8,5.56,F2L Slot 2,L' U' L,L'[5775] U'[6032] L[6149],false,true,1644,1270,374,6149,3,3,3,8.02,F2L Slot 3,B' U2 B U2 B' U B,B'[7602] U2[7944] B[8032] U2[8377] B'[8738] U[8808] B[8916],false,true,2767,1453,1314,8916,7,7,9,5.33,F2L Slot 4,B U' B' U B U B',B[9790] U'[9918] B'[10044] U[10097] B[10177] U[10292] B'[10435],false,true,1519,874,645,10435,7,7,7,10.85,OLL,U2 L U F U' F' U F U' F' L',U2[11299] L[11605] U[11797] F[11917] U'[11959] F'[12036] U[12104] F[12184] U'[12243] F'[12313] L'[12446],false,true,2011,1170,841,12446,11,11,12,13.08,PLL,U' B U B' U' B' R B2 U' B' U' B U B' R' U2,U'[13224] B[13359] U[13441] B'[13516] U'[13603] B'[13756] R[13792] B2[13904] U'[13942] B'[14032] U'[14140] B[14212] U[14273] B'[14356] R'[14802] U2[15096],false,true,2650,913,1737,15096,16,16,18,9.21,,,,,,,,,,,,,,,,,,,,,,,,,,,,17,BR->FR 12,"[BL,BR]->FR 17",20,51,T,,
9f80f353-902f-498a-bccb-d904aba812ce,2023-08-19 14:41:06 UTC,false,19501,CFOP,Gan Smart Cube,Gan i Carry,Gan 356i,Jacob Pfeifer,false,false,10284,19501,,U[0] R'[447] B[794] D'[1306] F[1822] F[1936] B[3919] D[4021] B'[4128] B[4361] B'[4450] D'[4595] B[4681] D[4805] B'[4954] D[5549] F[5742] D[5858] F'[5922] D'[7405] D'[7736] L[7873] D[7974] L'[8087] L'[8181] D'[8326] L[8414] R[9876] D'[10037] R'[10152] F'[11156] D'[11276] F[11364] D[11844] F'[11974] D'[12067] F[12162] D[12437] D[12972] B[13141] R'[13260] B'[13412] R[13476] B'[13775] D[13854] B[13954] D[14649] D[14723] B[15020] F'[15092] R[15174] B'[15325] F[15425] D[15574] D[15634] B[15801] F'[15839] R[15945] B'[16171] F[16204] B[17433] D[17535] D[17610] B'[17693] D[17871] D[17918] B[18016] R'[18094] B'[18217] D'[18366] B[18460] D[18549] B[18764] R[18984] B'[19084] B'[19173] D[19449] D[19501],cube,,Playground,custom_rules,U' R' U B L2 D' B2 L F' R F R2 D B2 R2 D F2 L2 F2 U L2 U2,random_state,custom_rules,,,,8,DB,0,0,19501,64,68,78,3.28,8742,10759,"",0,Cross,z2 D L' B U' F2,z2[0] D[0] L'[447] B[794] U'[1306] F2[1936],false,true,1936,0,1936,1936,5,5,6,2.58,F2L Slot 1,B U B' B B' U' B U B' U F U F',B[3919] U[4021] B'[4128] B[4361] B'[4450] U'[4595] B[4681] U[4805] B'[4954] U[5549] F[5742] U[5858] F'[5922],false,true,3986,1983,2003,5922,13,13,13,6.49,F2L Slot 2,U2' R U R2' U' R,U2'[7736] R[7873] U[7974] R2'[8181] U'[8326] R[8414],false,true,2492,1951,541,8414,6,6,8,11.09,F2L Slot 3,L U' L' F' U' F U F' U' F,L[9876] U'[10037] L'[10152] F'[11156] U'[11276] F[11364] U[11844] F'[11974] U'[12067] F[12162],false,true,3748,1462,2286,12162,10,10,10,4.37,F2L Slot 4,U2 B L' B' L B' U B,U2[12972] B[13141] L'[13260] B'[13412] L[13476] B'[13775] U[13854] B[13954],false,true,1792,979,813,13954,8,8,9,9.84,OLL,U2 S U S' U2 S U S',U2[14723] S[15092] U[15174] S'[15425] U2[15634] S[15839] U[15945] S'[16204],false,true,2250,1138,1112,16204,8,12,14,7.19,PLL,B U2 B' U2 B L' B' U' B U B L B2' U2,B[17433] U2[17610] B'[17693] U2[17918] B[18016] L'[18094] B'[18217] U'[18366] B[18460] U[18549] B[18764] L[18984] B2'[19173] U2[19501],false,true,3297,1229,2068,19501,14,14,18,6.77,,,,,,,,,,,,,,,,,,,,,,,,,,,,109,BL->FR 93,"[FL,BR]->FR 65",34,28,Ra,,
e3d2e31e-0700-48ac-a22e-d7882737f9d8,2023-08-19 14:43:00 UTC,false,21410,CFOP,Gan Smart Cube,Gan i Carry,Gan 356i,Jacob Pfeifer,false,false,47652,21410,,L[0] F'[407] B'[938] R[1308] R[1391] F'[1928] L[2047] F[2214] D'[2497] U[4040] R'[4511] U[4601] U[4722] R[4895] U'[5163] R'[5565] U[5658] R[5823] U[6882] L[7095] U'[7320] L'[7625] F'[8136] U'[8324] F[8514] F[9425] U[9594] F'[9807] U[9885] U[10281] L[10583] U[10816] L'[11052] U[12811] U[13278] F[13528] U[13598] F'[13673] U'[13737] F[13804] U[13891] F'[13958] U'[14036] F[14096] U[14161] F'[14222] U'[14783] B[15150] F'[15192] L[15266] F'[15379] F[15502] B'[15903] F[16036] U[16216] U[16301] B[16913] F'[16998] L[17400] B'[17603] F[17740] U'[19792] F[20043] R'[20147] F'[20258] L[20321] F[20451] R[20558] F'[20640] L'[20743] F[20827] R[20922] F'[21014] L[21041] F[21173] R'[21243] F'[21326] L'[21410],cube,,Playground,custom_rules,F2 U' D F U2 L' B2 R B' R2 D' F2 D' R2 L2 F2 L2 U' L2 U R2 B2,random_state,custom_rules,,,,8,UF,0,0,21410,69,73,78,3.22,9946,11464,"",0,Cross,L F' B' R2 F' L F D',L[0] F'[407] B'[938] R2[1391] F'[1928] L[2047] F[2214] D'[2497],false,true,2497,0,2497,2497,8,8,9,3.2,F2L Slot 1,U R' U2 R U' R' U R,U[4040] R'[4511] U2[4722] R[4895] U'[5163] R'[5565] U[5658] R[5823],false,true,3326,2014,1312,5823,8,8,9,6.1,F2L Slot 2,U L U' L' F' U' F,U[6882] L[7095] U'[7320] L'[7625] F'[8136] U'[8324] F[8514],false,true,2691,1272,1419,8514,7,7,7,4.93,F2L Slot 3,F U F' U2 L U L',F[9425] U[9594] F'[9807] U2[10281] L[10583] U[10816] L'[11052],false,true,2538,911,1627,11052,7,7,8,4.3,F2L Slot 4,U2 F U F' U' F U F' U' F U F',U2[13278] F[13528] U[13598] F'[13673] U'[13737] F[13804] U[13891] F'[13958] U'[14036] F[14096] U[14161] F'[14222],false,true,3170,2476,694,14222,12,12,13,17.29,OLL,U' S U F' F S' U2 S U S',U'[14783] S[15192] U[15266] F'[15379] F[15502] S'[16036] U2[16301] S[16998] U[17400] S'[17740],false,true,3518,970,2548,17740,10,14,15,3.92,PLL,U' F R' F' L F R F' L' F R F' L F R' F' L',U'[19792] F[20043] R'[20147] F'[20258] L[20321] F[20451] R[20558] F'[20640] L'[20743] F[20827] R[20922] F'[21014] L[21041] F[21173] R'[21243] F'[21326] L'[21410],false,true,3670,2303,1367,21410,17,17,17,12.44,,,,,,,,,,,,,,,,,,,,,,,,,,,,10,BR->FR 23,"[FL,BL]->FR 8",31,28,E,,
c3db90cd-f9f5-433b-b58a-75dccb2fd716,2023-08-19 14:43:58 UTC,false,20600,CFOP,Gan Smart Cube,Gan i Carry,Gan 356i,Jacob Pfeifer,false,false,19588,20600,,B[0] R[235] L[552] U[1186] F'[1609] F'[1702] D[2111] D[2187] B[3791] L'[3996] B'[4185] D[4903] L[5058] D'[5279] L[5716] U[6011] L[6129] L[6218] U'[6343] L[6530] L[7088] D'[7404] L'[7683] D[7723] L[8563] U'[8982] L[9056] L[9156] U[9256] L'[9519] L'[9860] F'[10261] L'[10471] F[10571] B[12716] L[12807] B'[12879] L[12926] B[13127] L[13196] B'[13278] L[14505] U[15045] B[15206] L[15324] B'[15412] L'[15492] B[15602] U'[15834] F[16101] U[16199] B'[16281] U'[16399] F'[16548] L[18555] B[18876] D'[19010] B'[19086] U[19154] B[19300] D[19380] B'[19485] U'[19575] B[19669] D[19742] B'[19844] U[19876] B[20333] D'[20429] B'[20501] U'[20600],cube,,Playground,custom_rules,R' U' D R' B2 L' D' F' U2 L U' F2 D' L2 U' F2 U' D B2,random_state,custom_rules,,,,8,LU,0,0,20600,65,65,71,3.16,9835,10765,"",0,Cross,z B D U R F2' L2,z[0] B[0] D[235] U[552] R[1186] F2'[1702] L2[2187],false,true,2187,0,2187,2187,6,6,8,2.74,F2L Slot 1,B U' B' L U L',B[3791] U'[3996] B'[4185] L[4903] U[5058] L'[5279],false,true,3092,1604,1488,5279,6,6,6,4.03,F2L Slot 2,U R U2 R' U2 L' U' L,U[5716] R[6011] U2[6218] R'[6343] U2[7088] L'[7404] U'[7683] L[7723],false,true,2444,732,1712,7723,8,8,10,4.67,F2L Slot 3,U R' U2 R U2' F' U' F,U[8563] R'[8982] U2[9156] R[9256] U2'[9860] F'[10261] U'[10471] F[10571],false,true,2848,1259,1589,10571,8,8,10,5.03,F2L Slot 4,B U B' U B U B',B[12716] U[12807] B'[12879] U[12926] B[13127] U[13196] B'[13278],false,true,2707,2145,562,13278,7,7,7,12.46,OLL,U R B U B' U' B R' F R B' R' F',U[14505] R[15045] B[15206] U[15324] B'[15412] U'[15492] B[15602] R'[15834] F[16101] R[16199] B'[16281] R'[16399] F'[16548],false,true,3270,1767,1503,16548,13,13,13,8.65,PLL,U B L' B' R B L B' R' B L B' R B L' B' R',U[18555] B[18876] L'[19010] B'[19086] R[19154] B[19300] L[19380] B'[19485] R'[19575] B[19669] L[19742] B'[19844] R[19876] B[20333] L'[20429] B'[20501] R'[20600],false,true,4052,2328,1724,20600,17,17,17,9.86,,,,,,,,,,,,,,,,,,,,,,,,,,,,20,FL->FR 24,"[FL,BL]->FR 4",8,56,E,,
d55e72a5-88b4-486b-9980-3e34a234db9e,2023-08-19 14:44:50 UTC,false,21243,CFOP,Gan Smart Cube,Gan i Carry,Gan 356i,Jacob Pfeifer,false,false,8742,21243,,D[0] R'[310] B[521] B[636] D[781] L[1220] R[3896] R[3992] U'[4407] R'[4629] U[4738] R[4917] U'[5142] R'[5365] U[5502] R[5899] U[6145] R[6240] U'[6318] R'[6411] U[6474] R[6566] U'[6651] R'[6778] U[6849] R[7039] U'[7212] D'[9652] R'[9751] D[9833] R[10099] R[10441] F'[10700] R'[10907] F[10970] R[12529] D'[12818] R'[13378] D[13516] R'[13739] B[13843] R[13907] B'[13981] R[14634] R[14753] U[15073] R[15284] F[15379] R'[15455] F'[15522] U'[15725] D[16022] B[16191] R[16315] B'[16381] R'[16460] D'[16580] R'[18190] B'[19213] D[19260] B'[19362] U[19435] U[20052] B[20221] D'[20371] B'[20436] U[20588] U[20840] B[21004] B[21081] R[21172] R[21243],cube,,Playground,custom_rules,L' B2 D2 L2 D' R F' U2 F D2 L2 F2 B2 D' R2 B2 L2 U B2 D,random_state,custom_rules,,,,8,RU,0,0,21243,63,64,72,2.97,11843,9400,"",0,Cross,z' R U' B2 R D,z'[0] R[0] U'[310] B2[636] R[781] D[1220],false,true,1220,0,1220,1220,5,5,6,4.1,F2L Slot 1,U2 L' U' L U L' U' L,U2[3992] L'[4407] U'[4629] L[4738] U[4917] L'[5142] U'[5365] L[5502],false,true,4282,3187,1095,5502,8,8,9,7.31,F2L Slot 2,U L U L' U' L U L' U' L U L',U[5899] L[6145] U[6240] L'[6318] U'[6411] L[6474] U[6566] L'[6651] U'[6778] L[6849] U[7039] L'[7212],false,true,1710,643,1067,7212,12,12,12,11.25,F2L Slot 3,R' U' R U2 F' U' F,R'[9652] U'[9751] R[9833] U2[10441] F'[10700] U'[10907] F[10970],false,true,3758,2440,1318,10970,7,7,8,5.31,F2L Slot 4,U R' U' R U' B U B',U[12529] R'[12818] U'[13378] R[13516] U'[13739] B[13843] U[13907] B'[13981],false,true,3011,1848,1163,13981,8,8,8,6.88,OLL,U2 L U F U' F' M U F U' F' R' x,U2[14753] L[15073] U[15284] F[15379] U'[15455] F'[15522] M[16022] U[16191] F[16315] U'[16381] F'[16460] R'[16580] x[17385],false,true,2599,1092,1507,16580,12,13,14,7.96,PLL,U' B' R B' L2 B R' B' L2 B2 U2,U'[18190] B'[19213] R[19260] B'[19362] L2[20052] B[20221] R'[20371] B'[20436] L2[20840] B2[21081] U2[21243],false,true,4663,2633,2030,21243,11,11,15,5.42,,,,,,,,,,,,,,,,,,,,,,,,,,,,29,BR->FR 43,"[FL,BL]->FR 35",35,22,Aa,,
ab0be552-d429-4cba-a096-540cdccef3ec,2023-08-19 14:45:43 UTC,false,24935,CFOP,Gan Smart Cube,Gan i Carry,Gan 356i,Jacob Pfeifer,false,false,8916,24935,,L[0] D'[294] B[778] U'[934] B'[1090] L'[1337] F'[2050] R[2151] F[2361] R'[2638] F[2788] R[2909] F'[3082] R[4962] R[5495] F'[5909] R[5945] F[6099] R[6334] F'[6492] R[6601] F[6715] R[6897] B'[7288] R[7341] B[7469] R[8929] R[9612] F'[9890] R[9950] F[10074] R[10242] B[10500] R[10592] B'[10688] D[13315] R[13403] D'[13450] R'[13538] D[13591] R[13660] D'[13731] R[14572] F[15456] F'[16031] R[16502] R[16609] R'[18361] B[18522] R[18801] U[18995] R'[19124] U'[19170] B'[19330] R[20439] R[20523] D[20797] R[20881] D'[20940] R[20973] D[21190] R[21263] R[21329] D'[21400] R'[22942] D'[23211] R[23248] D'[23357] R'[23646] B'[23908] D'[24036] B[24088] B[24173] R'[24263] B'[24401] R[24431] B'[24506] D[24658] B[24752] D[24935],cube,,Playground,custom_rules,R F B' D L B U L' D' B' R2 D' R2 D B2 U2 F2 B2 U B2 U F2,random_state,custom_rules,,,,8,RU,0,0,24935,74,74,80,2.97,12124,12811,"",0,Cross,z' D R' B L' B' D',z'[0] D[0] R'[294] B[778] L'[934] B'[1090] D'[1337],false,true,1337,0,1337,1337,6,6,6,4.49,F2L Slot 1,F' U F U' F U F',F'[2050] U[2151] F[2361] U'[2638] F[2788] U[2909] F'[3082],false,true,1745,713,1032,3082,7,7,7,6.78,F2L Slot 2,U2 F' U F U F' U F U B' U B,U2[5495] F'[5909] U[5945] F[6099] U[6334] F'[6492] U[6601] F[6715] U[6897] B'[7288] U[7341] B[7469],false,true,4387,2827,1560,7469,12,12,13,7.69,F2L Slot 3,U2 F' U F U B U B',U2[9612] F'[9890] U[9950] F[10074] U[10242] B[10500] U[10592] B'[10688],false,true,3219,2421,798,10688,8,8,9,10.03,F2L Slot 4,R U R' U' R U R',R[13315] U[13403] R'[13450] U'[13538] R[13591] U[13660] R'[13731],false,true,3043,2627,416,13731,7,7,7,16.83,OLL,U F F' U2 U' B U L U' L' B' U2 R U R' U R U2 R',U[14572] F[15456] F'[16031] U2[16609] U'[18361] B[18522] U[18801] L[18995] U'[19124] L'[19170] B'[19330] U2[20523] R[20797] U[20881] R'[20940] U[20973] R[21190] U2[21329] R'[21400],false,true,7669,1725,5944,21400,19,19,22,3.2,PLL,U' R' U R' U' B' R' B2 U' B' U B' R B R,U'[22942] R'[23211] U[23248] R'[23357] U'[23646] B'[23908] R'[24036] B2[24173] U'[24263] B'[24401] U[24431] B'[24506] R[24658] B[24752] R[24935],false,true,3535,1811,1724,24935,15,15,16,8.7,,,,,,,,,,,,,,,,,,,,,,,,,,,,3,BR->FR 22,"[BL,BR]->FR 3",27,47,V,,
aa26b2c4-e55b-4b73-9439-47e569dfbb01,2023-08-19 14:47:02 UTC,false,25389,CFOP,Gan Smart Cube,Gan i Carry,Gan 356i,Jacob Pfeifer,false,false,7591,25389,,B'[0] R[70] B'[276] D[360] B[542] F'[1320] F'[1420] U[1484] F[1611] F[1706] B'[5418] R'[6451] B[6748] R'[6946] B'[7138] R[7385] R[7507] F'[7932] R'[8155] F[8226] R[9321] B'[9693] R[9754] B[9863] R'[10128] R'[10429] U[11109] R[11219] U'[11375] R'[13471] B[13578] R'[13762] B'[13871] R'[14031] F[14323] R'[14497] F'[14712] R[15416] R[15515] D'[16073] R[16164] D[16298] D'[16642] R[16887] D[17021] R[17228] D'[17313] R'[17396] D[17465] R[19423] R[19591] F'[19907] U'[20176] R'[20380] U[20450] R[20557] F[20895] R[21138] F[21869] D[22050] R[22166] D'[22250] R'[22346] F'[22536] R'[23500] F[23671] D[23808] R'[23865] D'[23970] R'[24066] D[24118] R[24193] D'[24258] F'[24322] D[24415] R[24529] D'[24593] R'[24704] D'[24827] F[24863] D[24928] F'[25140] R[25345] R[25389],cube,,Playground,custom_rules,U2 L2 U' B' R F L D B R' F U' B2 U2 B2 L2 U L2 U2 L2 U' R2,random_state,custom_rules,,,,8,RU,0,0,25389,77,77,84,3.03,9938,15451,"",0,Cross,z' B' U B' R B F2' L F2 B',z'[0] B'[0] U[70] B'[276] R[360] B[542] F2'[1420] L[1484] F2[1706] B'[5418],false,true,5418,0,5418,5418,9,9,11,1.66,F2L Slot 1,U' B U' B' U2 F' U' F,U'[6451] B[6748] U'[6946] B'[7138] U2[7507] F'[7932] U'[8155] F[8226],false,true,2808,1330,1478,8226,8,8,9,5.41,F2L Slot 2,U B' U B U2' L U L',U[9321] B'[9693] U[9754] B[9863] U2'[10429] L[11109] U[11219] L'[11375],false,true,3149,1467,1682,11375,8,8,9,4.76,F2L Slot 3,U' B U' B' U' F U' F',U'[13471] B[13578] U'[13762] B'[13871] U'[14031] F[14323] U'[14497] F'[14712],false,true,3337,2203,1134,14712,8,8,8,7.05,F2L Slot 4,U2 R' U R R' U R U R' U' R,U2[15515] R'[16073] U[16164] R[16298] R'[16642] U[16887] R[17021] U[17228] R'[17313] U'[17396] R[17465],false,true,2753,1361,1392,17465,11,11,12,7.9,OLL,U2 F' L' U' L U F U F R U R' U' F',U2[19591] F'[19907] L'[20176] U'[20380] L[20450] U[20557] F[20895] U[21138] F[21869] R[22050] U[22166] R'[22250] U'[22346] F'[22536],false,true,5071,2442,2629,22536,14,14,15,5.33,PLL,U' F R U' R' U' R U R' F' R U R' U' R' F R F' U2,U'[23500] F[23671] R[23808] U'[23865] R'[23970] U'[24066] R[24118] U[24193] R'[24258] F'[24322] R[24415] U[24529] R'[24593] U'[24704] R'[24827] F[24863] R[24928] F'[25140] U2[25389],false,true,2853,1135,1718,25389,19,19,20,11.06,,,,,,,,,,,,,,,,,,,,,,,,,,,,18,BL->FR 3,"[FL,BR]->FR 32",4,11,Y,,
6b6137f0-3e5c-4f26-a794-9e3a2244decc,2023-08-19 14:47:50 UTC,false,18960,CFOP,Gan Smart Cube,Gan i Carry,Gan 356i,Jacob Pfeifer,false,false,9659,18960,,L[0] R[52] U[260] F'[646] F'[737] D'[1119] D'[1323] F'[1633] F'[1760] U[2633] L'[3048] U[3150] L[3593] U'[4616] F'[5110] U[5162] F[5313] U[5432] F'[5625] U[5711] F[5846] U'[5964] F'[6063] U[6105] F[6205] U'[6896] L[7518] U'[7663] L'[7794] U[9321] U[9436] R'[9761] U'[9885] R[9945] U[10030] R'[10108] U'[10183] R[10233] U'[11677] L'[12205] R[12384] B[12486] R[12662] B[12738] R'[12832] B'[12932] R'[13060] U[13092] R[13178] U'[13370] L[13589] R'[13616] U'[14291] F'[14493] L[14723] F[14819] R'[14909] F'[14999] L'[15145] F[15179] R[15560] U'[16528] R[16739] R[16802] D'[17053] F[17170] U'[17278] F[17454] U[17582] F'[17656] D[17845] R[17997] R[18053] B[18439] U'[18530] B'[18740] U[18960],cube,,Playground,custom_rules,R D2 F2 R' U' L2 B D2 F B R U L2 D F2 D' B2 U' R2 L2 U2 F2,random_state,custom_rules,,,,8,UF,0,0,18960,69,71,77,3.64,9478,9482,"",0,Cross,L R U F2' D2' F2',L[0] R[52] U[260] F2'[737] D2'[1323] F2'[1760],false,true,1760,0,1760,1760,6,6,9,3.41,F2L Slot 1,U L' U L,U[2633] L'[3048] U[3150] L[3593],false,true,1833,1288,545,3593,4,4,4,7.34,F2L Slot 2,U' F' U F U F' U F U' F' U F,U'[4616] F'[5110] U[5162] F[5313] U[5432] F'[5625] U[5711] F[5846] U'[5964] F'[6063] U[6105] F[6205],false,true,2612,1517,1095,6205,12,12,12,10.96,F2L Slot 3,U' L U' L',U'[6896] L[7518] U'[7663] L'[7794],false,true,1589,1313,276,7794,4,4,4,14.49,F2L Slot 4,U2 R' U' R U R' U' R,U2[9436] R'[9761] U'[9885] R[9945] U[10030] R'[10108] U'[10183] R[10233],false,true,2439,1967,472,10233,8,8,9,16.95,OLL,U' M U R U R' U' R' F R F' M' U' F' L F R' F' L' F R,U'[11677] M[12384] U[12486] R[12662] U[12738] R'[12832] U'[12932] R'[13060] F[13092] R[13178] F'[13370] M'[13616] U'[14291] F'[14493] L[14723] F[14819] R'[14909] F'[14999] L'[15145] F[15179] R[15560],false,true,5327,2151,3176,15560,21,23,23,6.61,PLL,U' R2 D' F U' F U F' D R2 B U' B' U,U'[16528] R2[16802] D'[17053] F[17170] U'[17278] F[17454] U[17582] F'[17656] D[17845] R2[18053] B[18439] U'[18530] B'[18740] U[18960],false,true,3400,1242,2158,18960,14,14,16,6.49,,,,,,,,,,,,,,,,,,,,,,,,,,,,5,FL->FR 22,"[BL,BR]->FR 21",29,42,Gc,,
036c676c-3891-4041-9e0b-7798bef5a30c,2023-08-19 16:07:00 UTC,false,20484,CFOP,Gan Smart Cube,Gan i Carry,Gan 356i,Jacob Pfeifer,false,false,4603,20484,,R[0] D[245] F'[982] F'[1105] U[2271] R'[2624] U'[2907] D[3632] R[3960] D[4043] D[4114] R'[4215] D[4273] R[4481] D[4573] R'[4664] D'[5929] R'[7140] D[7213] D[7292] R[7407] D[7666] F'[8374] D[8563] F[8729] D[9286] D[9405] D[9952] L'[10246] D'[10351] L[10456] R'[10999] D[11062] R[11186] D[13492] L'[14023] D[14071] L[14195] D[14688] B[14756] D'[14857] B'[14944] D[15536] D[15630] B[15931] D[16025] R'[16410] D'[16983] B'[17101] D[17329] B[17466] R[17639] B'[17793] F[19080] B'[19088] F[19157] B'[19166] U'[19305] F[19451] B'[19460] F[19517] B'[19526] D'[19662] D'[19760] F[19929] B'[19938] F[20000] B'[20009] U'[20196] F[20297] B'[20297] F[20353] B'[20361] D[20484],cube,,Playground,custom_rules,R2 U R D F L2 U' R F' U2 L2 F2 D' F2 B2 D R2 L2 U R2 B2 U2,random_state,custom_rules,,,,8,DB,0,0,20484,55,59,74,2.69,10243,10241,"",0,Cross,z2 L U F2' D L' D',z2[0] L[0] U[245] F2'[1105] D[2271] L'[2624] D'[2907],false,true,2907,0,2907,2907,6,6,7,2.06,F2L Slot 1,U L U2 L' U L U L',U[3632] L[3960] U2[4114] L'[4215] U[4273] L[4481] U[4573] L'[4664],false,true,1757,1053,704,4664,8,8,9,11.36,F2L Slot 2,U' L' U2 L U F' U F,U'[5929] L'[7140] U2[7292] L[7407] U[7666] F'[8374] U[8563] F[8729],false,true,4065,2476,1589,8729,8,8,9,5.03,F2L Slot 3,U3 R' U' R L' U L,U3[9952] R'[10246] U'[10351] R[10456] L'[10999] U[11062] L[11186],false,true,2457,1517,940,11186,7,7,9,7.45,F2L Slot 4,U R' U R U B U' B',U[13492] R'[14023] U[14071] R[14195] U[14688] B[14756] U'[14857] B'[14944],false,true,3758,2837,921,14944,8,8,8,8.69,OLL,U2 B U L' U' B' U B L B',U2[15630] B[15931] U[16025] L'[16410] U'[16983] B'[17101] U[17329] B[17466] L[17639] B'[17793],false,true,2849,987,1862,17793,10,10,11,5.37,PLL,S2' U' S2' U2' S2' U' S2' U,S2'[19166] U'[19305] S2'[19526] U2'[19760] S2'[20009] U'[20196] S2'[20361] U[20484],false,true,2691,1373,1318,20484,8,12,21,6.07,,,,,,,,,,,,,,,,,,,,,,,,,,,,50,BL->FR 17,"[FL,BR]->FR 11",25,32,H,,
c5767dcf-f740-43bb-a7bd-ce51e38de827,2023-08-20 14:01:56 UTC,false,21682,CFOP,Gan Smart Cube,Gan i Carry,Gan 356i,Jacob Pfeifer,false,false,43907,21682,,D[0] D[123] B'[527] F[1300] L[1659] U'[2106] F[2210] F[2287] R'[2797] R'[2983] U'[4769] L[4858] U[5054] L'[5316] U'[5494] L'[5957] U[6134] U[6703] L'[6977] U'[7167] L[7244] F'[7608] L'[7821] F[7919] D[9161] L'[9349] D'[9487] L[9547] L[9616] D[9688] L'[9766] D'[9896] L[12230] F'[12745] L[12797] L[12871] F[12956] F[13035] L[13188] F'[13331] F'[13445] L[13785] F[14009] L[15170] D'[15511] B'[15846] L'[16109] B[16161] L[16277] D[16684] L[16913] D[17197] F[17424] L[17598] F'[17712] L'[17825] D'[18025] F[19883] U'[20044] F'[20136] D[20248] F[20385] U[20495] F'[20574] D'[20728] F[20804] U[20926] F'[21008] D[21053] F[21226] U'[21312] F'[21447] D'[21531] L[21682],cube,,Playground,custom_rules,R' U L' B' D2 L D' R B' L F2 U F2 B2 U' B2 L2 B2 D' B2 U2 B2,random_state,custom_rules,,,,8,LU,0,0,21682,66,66,74,3.04,9806,11753,"",0,Cross,z L2 B' F U R' F2 D2',z[61] L2[123] B'[527] F[1300] U[1659] R'[2106] F2[2287] D2'[2983],false,true,2860,0,2860,2983,7,7,10,2.45,F2L Slot 1,R' U R U' R' U' R,R'[4769] U[4858] R[5054] U'[5316] R'[5494] U'[5957] R[6134],false,true,3151,1786,1365,6134,7,7,7,5.13,F2L Slot 2,R U' R' U F' U' F,R[6703] U'[6977] R'[7167] U[7244] F'[7608] U'[7821] F[7919],false,true,1785,569,1216,7919,7,7,7,5.76,F2L Slot 3,L U' L' U2 L U' L',L[9161] U'[9349] L'[9487] U2[9616] L[9688] U'[9766] L'[9896],false,true,1977,1242,735,9896,7,7,8,9.52,F2L Slot 4,U F' U2 F2 U F2' U F,U[12230] F'[12745] U2[12871] F2[13035] U[13188] F2'[13445] U[13785] F[14009],false,true,4113,2849,1264,14009,8,8,11,6.33,OLL,U L' B' U' B U L U L F U F' U' L',U[15170] L'[15511] B'[15846] U'[16109] B[16161] U[16277] L[16684] U[16913] L[17197] F[17424] U[17598] F'[17712] U'[17825] L'[18025],false,true,4016,1502,2514,18025,14,14,14,5.57,PLL,F R' F' L F R F' L' F R F' L F R' F' L' U,F[19883] R'[20044] F'[20136] L[20248] F[20385] R[20495] F'[20574] L'[20728] F[20804] R[20926] F'[21008] L[21053] F[21226] R'[21312] F'[21447] L'[21531] U[21682],false,true,3657,1858,1799,21682,17,17,17,9.45,,,,,,,,,,,,,,,,,,,,,,,,,,,,6,BR->FR 18,"[FL,BL]->FR 39",2,11,E,,
349ee4f3-41c6-49be-92dd-621287e04e3d,2023-08-20 14:05:57 UTC,false,23677,CFOP,Gan Smart Cube,Gan i Carry,Gan 356i,Jacob Pfeifer,false,false,14953,23677,,U[0] D[425] R'[636] D'[761] F[991] D'[1194] L[1303] D[1472] B'[1738] B'[1987] F[3509] F[4899] F'[5240] F'[5754] R[5952] F'[6168] F'[6799] F'[7050] R'[7227] F'[7378] U'[7873] F'[7984] U[8349] F[9079] F[9204] D'[9589] F[9654] D[9815] F[10016] F[10129] R[10526] F[10699] R'[10946] L'[12770] F[12864] L[13015] F[13176] D[13767] F'[13978] D'[14107] R'[15857] F[15915] R[16142] F[16818] U[17049] F'[17256] U'[17356] R[18516] U[18710] F[18831] U'[18891] F'[18976] L[19222] R'[19327] F[19511] D[19643] F'[19699] D'[19768] L'[19942] F'[20894] U'[21219] F'[21333] U[21411] L[22063] L[22167] B[22370] D'[22519] F[22584] D[22868] F'[22978] D[23018] B'[23420] L[23498] L[23597] F'[23677],cube,,Playground,custom_rules,F' R' L F U' L2 D B' U2 R U R2 L2 B2 D' L2 U D2 F2 D2 B2 L2,random_state,custom_rules,,,,8,FU,0,0,23677,66,67,75,2.79,11216,12461,"",0,Cross,x B F R' F' U F' L F D2',x[0] B[0] F[425] R'[636] F'[761] U[991] F'[1194] L[1303] F[1472] D2'[1987],false,true,1987,0,1987,1987,9,9,10,4.53,F2L Slot 1,U U U2' R U3' R' U' B' U' B,U[3509] U[4899] U2'[5754] R[5952] U3'[7050] R'[7227] U'[7378] B'[7873] U'[7984] B[8349],false,true,6362,3965,2397,8349,10,10,13,4.17,F2L Slot 2,U2 F' U F U2 R U R',U2[9204] F'[9589] U[9654] F[9815] U2[10129] R[10526] U[10699] R'[10946],false,true,2597,1240,1357,10946,8,8,10,5.9,F2L Slot 3,L' U L U F U' F',L'[12770] U[12864] L[13015] U[13176] F[13767] U'[13978] F'[14107],false,true,3161,1824,1337,14107,7,7,7,5.24,F2L Slot 4,R' U R U B U' B',R'[15857] U[15915] R[16142] U[16818] B[17049] U'[17256] B'[17356],false,true,3249,1750,1499,17356,7,7,7,4.67,OLL,R B U B' U' M' B U B' U' L' x',R[18516] B[18710] U[18831] B'[18891] U'[18976] M'[19327] B[19511] U[19643] B'[19699] U'[19768] L'[19942] x'[20418],false,true,2586,1160,1426,19942,11,12,12,7.71,PLL,U' B' U' B L2 D F' U F U' F D' L2 U',U'[20894] B'[21219] U'[21333] B[21411] L2[22167] D[22370] F'[22519] U[22584] F[22868] U'[22978] F[23018] D'[23420] L2[23597] U'[23677],false,true,3735,1277,2458,23677,14,14,16,5.7,,,,,,,,,,,,,,,,,,,,,,,,,,,,114,BL->FR 3,"[FL,BR]->FR 25",25,2,Gb,,
3baa1d3f-13a2-48eb-8756-d802c1093707,2023-08-20 14:03:11 UTC,false,14882,CFOP,Gan Smart Cube,Gan i Carry,Gan 356i,Jacob Pfeifer,false,false,37565,14882,,R'[0] U'[208] B[957] D'[1157] B'[1303] B'[1424] F[2011] L'[2157] F'[2322] F'[2471] L[2604] F[2813] B[3166] L'[3571] B'[3706] L[3840] L[3979] U'[4483] L'[4710] U[4787] L'[5327] L'[5596] D[5779] L'[5926] D'[6053] L[6113] L[6187] B'[6667] L'[6953] B[7002] F[7276] L'[7411] F'[7559] L[7618] L[7685] F[7751] L'[7841] F'[7922] L[8644] B[8947] D[9094] D[9170] F'[9342] D'[9472] F[9574] D'[9692] F'[9791] F[10114] B'[10328] L[11134] L[11199] F[12520] F[12622] L[12846] F[13040] L[13115] F'[13191] L'[13266] F'[13538] L'[13616] F'[13731] L[13790] F'[14259] L[14574] L[14882],cube,,Playground,custom_rules,L' B D2 B2 U D' R B L F2 L2 D R2 U' L2 F2 L2 F2 U' F2 U' R2,random_state,custom_rules,,,,8,LU,0,0,14882,54,55,65,3.63,5525,9357,"",0,Cross,z D' R' B L' B2',z[0] D'[0] R'[208] B[957] L'[1157] B2'[1424],false,true,1424,0,1424,1424,5,5,6,3.51,F2L Slot 1,F U' F2' U F,F[2011] U'[2157] F2'[2471] U[2604] F[2813],false,true,1389,587,802,2813,5,5,6,6.23,F2L Slot 2,B U' B' U2 R' U' R,B[3166] U'[3571] B'[3706] U2[3979] R'[4483] U'[4710] R[4787],false,true,1974,353,1621,4787,7,7,8,4.32,F2L Slot 3,U2' L U' L' U2 B' U' B,U2'[5596] L[5779] U'[5926] L'[6053] U2[6187] B'[6667] U'[6953] B[7002],false,true,2215,992,1223,7002,8,8,10,6.54,F2L Slot 4,F U' F' U2 F U' F',F[7276] U'[7411] F'[7559] U2[7685] F[7751] U'[7841] F'[7922],false,true,920,274,646,7922,7,7,8,10.84,OLL,U B L2 F' L' F L' F' S' z,U[8644] B[8947] L2[9170] F'[9342] L'[9472] F[9574] L'[9692] F'[9791] S'[10328] z[10731],false,true,2406,1025,1381,10328,9,10,11,6.52,PLL,U2 F2 U F U F' U' F' U' F' U F' U2,U2[11199] F2[12622] U[12846] F[13040] U[13115] F'[13191] U'[13266] F'[13538] U'[13616] F'[13731] U[13790] F'[14259] U2[14882],false,true,4554,2294,2260,14882,13,13,16,5.75,,,,,,,,,,,,,,,,,,,,,,,,,,,,139,FL->FR 23,"[FL,BL]->FR 23",33,6,Ub,,
dc394088-671d-41a9-98b0-27b1ff1992f7,2023-08-20 14:04:07 UTC,false,27264,CFOP,Gan Smart Cube,Gan i Carry,Gan 356i,Jacob Pfeifer,false,false,6510,27264,,F[0] L[204] D[623] B[1074] B[1203] R'[1637] R'[1734] B'[2603] L'[3208] B[3986] B[4073] L[4154] L[4261] B[4416] L'[4581] B'[5958] U[6300] B'[6471] B'[7467] U'[7634] U'[7861] B'[8020] U[8138] L'[10405] B'[10523] L[10645] B'[10855] U[11290] B[11449] U'[11672] B'[12274] D'[12506] B[12573] B[12651] D[12723] D[12823] B[12994] D'[13167] D'[13254] B[13301] D[13451] B[20223] B[20407] D'[21519] R[21593] D[21791] B[21989] D'[22134] B'[22303] R'[22622] B[22949] D[23063] D'[24458] B[24517] B[24617] D'[24958] B'[25055] L'[25373] D'[25480] L[25559] L[25632] B'[25746] L'[25844] B[25886] L'[26041] D[26199] L[26323] B'[26631] D[26787] B[27264],cube,,Playground,custom_rules,F L2 B D2 F L U B R' F R2 U' B2 D2 R2 F2 U F2 U' R2 U R2,random_state,custom_rules,,,,8,BU,0,0,27264,59,59,70,2.16,15757,11507,"",0,Cross,x' D L B U2 R2',x'[0] D[0] L[204] B[623] U2[1203] R2'[1734],false,true,1734,0,1734,1734,5,5,7,2.88,F2L Slot 1,U' L' U2 L2 U L',U'[2603] L'[3208] U2[4073] L2[4261] U[4416] L'[4581],false,true,2847,1474,1373,4581,6,6,8,4.37,F2L Slot 2,U' F U' U' F2' U' F,U'[5958] F[6300] U'[6471] U'[7467] F2'[7861] U'[8020] F[8138],false,true,3557,1719,1838,8138,7,7,8,3.81,F2L Slot 3,L' U' L U' F U F',L'[10405] U'[10523] L[10645] U'[10855] F[11290] U[11449] F'[11672],false,true,3534,2267,1267,11672,7,7,7,5.52,F2L Slot 4,U' B' U2 B2 U B2' U B,U'[12274] B'[12506] U2[12651] B2[12823] U[12994] B2'[13254] U[13301] B[13451],false,true,1779,834,945,13451,8,8,11,8.47,OLL,U2 B' R B U B' U' R' U B,U2[20407] B'[21519] R[21593] B[21791] U[21989] B'[22134] U'[22303] R'[22622] U[22949] B[23063],false,true,9612,8068,1544,23063,10,10,11,6.48,PLL,B' U2 B' U' L' B' L2 U' L' U L' B L U' B U,B'[24458] U2[24617] B'[24958] U'[25055] L'[25373] B'[25480] L2[25632] U'[25746] L'[25844] U[25886] L'[26041] B[26199] L[26323] U'[26631] B[26787] U[27264],false,true,4201,1395,2806,27264,16,16,18,5.7,,,,,,,,,,,,,,,,,,,,,,,,,,,,2,BL->FR 24,"[FL,BR]->FR 41",2,40,F,,
cd4fa8db-1e7a-48e1-a9b1-90b9e6f1554d,2023-08-20 14:06:42 UTC,false,20774,CFOP,Gan Smart Cube,Gan i Carry,Gan 356i,Jacob Pfeifer,false,false,6407,20774,,R[0] D[346] D[434] B'[973] R[1074] R[1187] U'[1661] U'[1800] D[2136] R'[2307] D'[2874] R'[3044] B'[3547] R[4634] B[4883] R'[6579] D'[7060] R'[7276] D[7362] R[7495] D'[7656] R'[7796] D[7889] R'[8105] U'[8281] R'[8516] U[8590] R'[11701] R'[11932] B[12152] R[12302] B'[12411] R'[12535] R'[12787] D'[13424] R[13551] D[13739] R[14244] D[14431] R[14621] D'[15098] R'[15216] D[15296] R[15370] D'[15460] R[16429] R'[16599] F[16744] D[16921] R[17022] D'[17088] R'[17180] F'[17343] R[17472] F[17736] D[17902] R[18001] D'[18084] R'[18153] F'[18321] D[19270] R[19377] D'[19456] R'[19548] D'[19791] F[19834] D[19894] D[19941] R'[19999] D'[20083] R'[20175] D[20275] R[20361] D'[20431] F'[20492] R[20714] R[20774],cube,,Playground,custom_rules,D2 B' L U2 L F' B2 U' D2 F L' U' F2 B2 R2 D R2 U' L2 D2 R2 U,random_state,custom_rules,,,,8,RU,0,0,20774,70,70,77,3.37,9000,11774,"",0,Cross,z' U R2 B' U2 L2',z'[0] U[0] R2[434] B'[973] U2[1187] L2'[1800],false,true,1800,0,1800,1800,5,5,8,2.78,F2L Slot 1,R U' R' U' B' U B,R[2136] U'[2307] R'[2874] U'[3044] B'[3547] U[4634] B[4883],false,true,3083,336,2747,4883,7,7,7,2.55,F2L Slot 2,U' R' U' R U R' U' R U' L' U' L,U'[6579] R'[7060] U'[7276] R[7362] U[7495] R'[7656] U'[7796] R[7889] U'[8105] L'[8281] U'[8516] L[8590],false,true,3707,2177,1530,8590,12,12,12,7.84,F2L Slot 3,U2' B U B' U2' R' U R,U2'[11932] B[12152] U[12302] B'[12411] U2'[12787] R'[13424] U[13551] R[13739],false,true,5149,3562,1587,13739,8,8,10,5.04,F2L Slot 4,U R U R' U' R U R',U[14244] R[14431] U[14621] R'[15098] U'[15216] R[15296] U[15370] R'[15460],false,true,1721,692,1029,15460,8,8,8,7.77,OLL,U U' F R U R' U' F' U F R U R' U' F',U[16429] U'[16599] F[16744] R[16921] U[17022] R'[17088] U'[17180] F'[17343] U[17472] F[17736] R[17902] U[18001] R'[18084] U'[18153] F'[18321],false,true,2861,1284,1577,18321,15,15,15,9.51,PLL,R U R' U' R' F R2 U' R' U' R U R' F' U2,R[19270] U[19377] R'[19456] U'[19548] R'[19791] F[19834] R2[19941] U'[19999] R'[20083] U'[20175] R[20275] U[20361] R'[20431] F'[20492] U2[20774],false,true,2453,949,1504,20774,15,15,17,9.97,,,,,,,,,,,,,,,,,,,,,,,,,,,,112,FL->FR 91,"[BL,BR]->FR 30",27,12,T,,
8f0b7b9e-a0f8-491e-a9df-0b2f9d6584ea,2023-08-22 13:18:18 UTC,false,25899,CFOP,Gan Smart Cube,Gan i Carry,Gan 356i,Jacob Pfeifer,false,false,8414,25899,,D'[0] L[129] U'[595] F'[1287] R[1445] R[1542] D'[2159] D'[2345] U[4749] U[4943] F[5747] U[5915] U[6028] F'[6219] U[6664] F[6950] U'[7264] F'[7480] U[8846] F'[9234] U[9367] U[9507] F[9648] U'[9888] R[10414] U[10535] R'[10847] U[11140] U[11242] L[11760] U[11858] L'[11948] U'[12019] L[12114] U[12471] L'[12725] B[12771] U[13292] B'[13586] U[13896] U[13982] L[14086] U'[14251] L'[14456] U[14502] U[14581] B'[15008] U'[15157] B[15233] U'[16433] F'[16854] B[17056] L[17353] B[17581] L[17716] B'[17809] L'[17965] B'[18153] U[18188] B[18282] U'[18580] F[18813] B'[18885] U'[20723] F[21088] B'[21125] R[21248] F'[21383] B[21538] U[21707] U[21783] F[21957] B'[22029] R[22159] F'[22280] B[22399] U'[23396] U'[23672] R[23828] B[23982] U'[24060] B'[24181] U'[24274] B[24339] U[24439] B'[24512] R'[24571] B[24673] U[24817] B'[24873] U'[24995] B'[25182] R[25225] B[25303] R'[25507] U[25848] U[25899],cube,,Playground,custom_rules,R U2 R F B R' F' B2 D' F R2 L2 D B2 L2 F2 D F2 U' R2 D2,random_state,custom_rules,,,,8,UF,0,0,25899,80,86,97,3.09,9821,16078,"",0,Cross,D' L U' F' R2 D2',D'[0] L[129] U'[595] F'[1287] R2[1542] D2'[2345],false,true,2345,0,2345,2345,6,6,8,2.56,F2L Slot 1,U2 F U2 F' U F U' F',U2[4943] F[5747] U2[6028] F'[6219] U[6664] F[6950] U'[7264] F'[7480],false,true,5135,3402,1733,7480,8,8,10,4.62,F2L Slot 2,U F' U2 F U' R U R',U[8846] F'[9234] U2[9507] F[9648] U'[9888] R[10414] U[10535] R'[10847],false,true,3367,1754,1613,10847,8,8,9,4.96,F2L Slot 3,U2 L U L' U' L U L' B U B',U2[11242] L[11760] U[11858] L'[11948] U'[12019] L[12114] U[12471] L'[12725] B[12771] U[13292] B'[13586],false,true,2739,913,1826,13586,11,11,12,6.02,F2L Slot 4,U2 L U' L' U2 B' U' B,U2[13982] L[14086] U'[14251] L'[14456] U2[14581] B'[15008] U'[15157] B[15233],false,true,1647,500,1147,15233,8,8,10,6.97,OLL,U' S U B U B' U' B' R B R' S' U' S' U S U2 S' U S,U'[16433] S[17056] U[17353] B[17581] U[17716] B'[17809] U'[17965] B'[18153] R[18188] B[18282] R'[18580] S'[18885] U'[20723] S'[21125] U[21248] S[21538] U2[21783] S'[22029] U[22159] S[22399],false,true,7166,1823,5343,22399,20,26,27,3.74,PLL,U2' R B U' B' U' B U B' R' B U B' U' B' R B R' U2,U2'[23672] R[23828] B[23982] U'[24060] B'[24181] U'[24274] B[24339] U[24439] B'[24512] R'[24571] B[24673] U[24817] B'[24873] U'[24995] B'[25182] R[25225] B[25303] R'[25507] U2[25899],false,true,3500,1429,2071,25899,19,19,21,9.17,,,,,,,,,,,,,,,,,,,,,,,,,,,,13,FL->FR 2,"[FL,BL]->FR 58",23,30,Y,,
e6604035-9c2a-43d7-804b-250f5b8c3201,2023-08-22 13:21:30 UTC,false,20481,CFOP,Gan Smart Cube,Gan i Carry,Gan 356i,Jacob Pfeifer,false,false,8239,20481,,R'[0] R'[122] F'[635] L[753] D'[1071] L[1282] D'[1710] U'[3672] F'[3920] U[4075] U[4252] F[5217] U[5500] U[5612] F'[6107] U[6186] F[6362] B'[7466] U[7611] U[7750] B[7924] U'[8259] B'[8568] U[8723] B[8933] U[9157] U[9767] U[9865] B[10322] U[10587] B'[10821] U[10973] R'[11564] U'[11737] R[11902] U[12524] F[13094] U[13202] U[13298] F'[13412] U[13639] L'[13982] U'[14082] L[14168] R[14862] L'[14891] B[15331] R'[15534] L[15651] U[16167] U[16256] R[16377] L'[16397] B[16800] R'[16915] L[17026] L[18821] F'[18928] L'[19025] B[19097] L[19212] F[19310] L'[19401] B'[19503] L[19594] F[19702] L'[19799] B[19846] L[19983] F'[20057] L'[20158] B'[20251] U[20481],cube,,Playground,custom_rules,U R L2 D R' B' D' R F' R' B2 U' F2 L2 U2 F2 L2 D' F2 D R2 D',random_state,custom_rules,,,,8,UF,0,0,20481,61,65,73,2.98,8413,11946,"",0,Cross,R2' F' L D' L D',R2'[122] F'[635] L[753] D'[1071] L[1282] D'[1710],false,true,1588,0,1588,1710,6,6,7,3.78,F2L Slot 1,U' F' U2 F U2 F' U F,U'[3672] F'[3920] U2[4252] F[5217] U2[5612] F'[6107] U[6186] F[6362],false,true,4652,2210,2442,6362,8,8,10,3.28,F2L Slot 2,B' U2 B U' B' U B,B'[7466] U2[7750] B[7924] U'[8259] B'[8568] U[8723] B[8933],false,true,2571,1104,1467,8933,7,7,8,4.77,F2L Slot 3,U3 B U B' U R' U' R,U3[9865] B[10322] U[10587] B'[10821] U[10973] R'[11564] U'[11737] R[11902],false,true,2969,1389,1580,11902,8,8,10,5.06,F2L Slot 4,U F U2 F' U L' U' L,U[12524] F[13094] U2[13298] F'[13412] U[13639] L'[13982] U'[14082] L[14168],false,true,2266,1192,1074,14168,8,8,9,7.45,OLL,M U M' U2 M U M',M[14891] U[15331] M'[15651] U2[16256] M[16397] U[16800] M'[17026],false,true,2858,723,2135,17026,7,11,12,3.28,PLL,L F' L' B L F L' B' L F L' B L F' L' B' U,L[18821] F'[18928] L'[19025] B[19097] L[19212] F[19310] L'[19401] B'[19503] L[19594] F[19702] L'[19799] B[19846] L[19983] F'[20057] L'[20158] B'[20251] U[20481],false,true,3455,1795,1660,20481,17,17,17,10.24,,,,,,,,,,,,,,,,,,,,,,,,,,,,17,BL->FR 10,"[FL,BR]->FR 42",24,28,E,,
4a65d29e-c710-4ca2-83d4-e3192ab8dc71,2023-08-22 13:22:20 UTC,false,19019,CFOP,Gan Smart Cube,Gan i Carry,Gan 356i,Jacob Pfeifer,false,false,11154,19019,,F[0] R[236] R[351] L[669] D[1016] L[1167] D[1493] D[1618] F[2482] L'[3386] F[3559] L[3837] F[4218] U[4640] F[4787] U'[5158] F'[5740] D'[6176] F'[6323] D[6414] F[6510] D'[6722] F'[6848] D[6940] F[7109] D'[7285] F'[7449] D[7543] F'[8752] D[8853] F[8993] D'[9136] F[9205] F[9592] L[10279] F[10528] L'[10837] F[11387] F[11475] D[11773] F[11859] D'[12010] D[12342] F[12474] D'[12594] F[12800] L'[13156] F'[13299] L[13353] F[14137] F[14232] F'[14453] F'[14693] L[14809] F[14915] L'[15053] F[15109] L[15296] F[15399] F[15471] L'[15547] L[16664] L[16773] B[17076] D'[17282] F[17560] D'[17696] F'[17814] D[17912] B'[18187] L[18256] L[18342] U'[18839] F[18912] U[19019],cube,,Playground,custom_rules,U' L2 D R2 B2 L D' L2 D' F' U L2 D2 L2 F2 D B2 U2 B2 R2 D R2,random_state,custom_rules,,,,8,FU,0,0,19019,66,66,75,3.47,7714,11305,"",0,Cross,x U R2 L F L F2,x[0] U[0] R2[351] L[669] F[1016] L[1167] F2[1618],false,true,1618,0,1618,1618,6,6,8,3.71,F2L Slot 1,U L' U L U B U B',U[2482] L'[3386] U[3559] L[3837] U[4218] B[4640] U[4787] B'[5158],false,true,3540,1768,1772,5158,8,8,8,4.51,F2L Slot 2,U' F' U' F U F' U' F U F' U' F,U'[5740] F'[6176] U'[6323] F[6414] U[6510] F'[6722] U'[6848] F[6940] U[7109] F'[7285] U'[7449] F[7543],false,true,2385,1018,1367,7543,12,12,12,8.78,F2L Slot 3,U' F U F' U2 L U L',U'[8752] F[8853] U[8993] F'[9136] U2[9592] L[10279] U[10528] L'[10837],false,true,3294,1310,1984,10837,8,8,9,4.03,F2L Slot 4,U2 F U F' F U F' U L' U' L,U2[11475] F[11773] U[11859] F'[12010] F[12342] U[12474] F'[12594] U[12800] L'[13156] U'[13299] L[13353],false,true,2516,936,1580,13353,11,11,12,6.96,OLL,U2 U2' L U L' U L U2 L',U2[14232] U2'[14693] L[14809] U[14915] L'[15053] U[15109] L[15296] U2[15471] L'[15547],false,true,2194,1456,738,15547,9,9,12,12.2,PLL,L2 D F' U F' U' F D' L2 B' U B,L2[16773] D[17076] F'[17282] U[17560] F'[17696] U'[17814] F[17912] D'[18187] L2[18342] B'[18839] U[18912] B[19019],false,true,3472,1226,2246,19019,12,12,14,5.34,,,,,,,,,,,,,,,,,,,,,,,,,,,,8,BR->FR 43,"[FL,BL]->FR 8",24,27,Ga,,
5b7439b6-bd5c-4864-93d3-4ab242dfdeec,2023-08-22 13:23:06 UTC,false,19315,CFOP,Gan Smart Cube,Gan i Carry,Gan 356i,Jacob Pfeifer,false,false,10487,19315,,D[0] L'[201] F[558] B'[1063] D[1843] L'[2045] D'[2199] U[3663] R'[4089] U[4125] R[4328] U[4478] R'[4707] U[4802] R[4968] U'[5154] R'[5328] U[5405] R[5696] U[6190] L[6455] U'[6620] L'[6787] F'[7190] U'[7451] F[7859] U'[8671] B'[9087] U[9259] B[9384] U[9674] U[9759] F[10209] U'[10421] F'[10670] U[11622] L[12203] U[12309] L'[12410] U[12699] L[12811] U'[12919] L'[13006] L'[13980] U'[14106] B[14296] U[14456] L[14667] U'[14798] L'[15024] B'[15110] L[15183] U[15834] U'[16136] L[17000] U[17071] L'[17161] B[17626] B[17725] D'[18009] R[18068] U'[18177] R'[18308] U[18340] R'[18420] D[18634] B[18785] B[18827] U'[19315],cube,,Playground,custom_rules,B2 L2 U F' R2 U R' B U2 L U' B2 U' L2 U' F2 B2 R2 U B2 L2 D',random_state,custom_rules,,,,8,UF,0,0,19315,66,66,69,3.42,8201,11114,"",0,Cross,D L' F B' D L' D',D[0] L'[201] F[558] B'[1063] D[1843] L'[2045] D'[2199],false,true,2199,0,2199,2199,7,7,7,3.18,F2L Slot 1,U R' U R U R' U R U' R' U R,U[3663] R'[4089] U[4125] R[4328] U[4478] R'[4707] U[4802] R[4968] U'[5154] R'[5328] U[5405] R[5696],false,true,3497,1890,1607,5696,12,12,12,7.47,F2L Slot 2,U L U' L' F' U' F,U[6190] L[6455] U'[6620] L'[6787] F'[7190] U'[7451] F[7859],false,true,2163,759,1404,7859,7,7,7,4.99,F2L Slot 3,U' B' U B U2 F U' F',U'[8671] B'[9087] U[9259] B[9384] U2[9759] F[10209] U'[10421] F'[10670],false,true,2811,1228,1583,10670,8,8,9,5.05,F2L Slot 4,U L U L' U L U' L',U[11622] L[12203] U[12309] L'[12410] U[12699] L[12811] U'[12919] L'[13006],false,true,2336,1533,803,13006,8,8,8,9.96,OLL,L' U' B U L U' L' B' L,L'[13980] U'[14106] B[14296] U[14456] L[14667] U'[14798] L'[15024] B'[15110] L[15183],false,true,2177,974,1203,15183,9,9,9,7.48,PLL,U U' L U L' B2 D' R U' R' U R' D B2 U',U[15834] U'[16136] L[17000] U[17071] L'[17161] B2[17725] D'[18009] R[18068] U'[18177] R'[18308] U[18340] R'[18420] D[18634] B2[18827] U'[19315],false,true,4132,1817,2315,19315,15,15,17,6.48,,,,,,,,,,,,,,,,,,,,,,,,,,,,22,BR->FR 23,"[BL,BR]->FR 55",7,31,Gd,,
4e9cac90-210b-445b-8ba3-cb117536e77e,2023-08-29 17:47:42 UTC,false,18517,CFOP,Gan Smart Cube,Gan i Carry,Gan 356i,Jacob Pfeifer,false,false,22660,18517,,D[0] R'[412] F'[688] D'[2018] L[2098] D[2242] L[2479] L[2608] D[2915] L'[3132] D'[3305] L[3850] F[4236] L'[4426] F'[4568] L[4640] L[4802] F[5076] L'[5293] F'[5512] L[7530] L[7735] U[8121] U'[8451] U[8508] L[8685] U'[8793] L[8984] U[9100] L'[9185] U'[9277] L[10074] L[10357] U'[10833] L[11143] U[11270] L'[11458] L'[11825] B[11932] L[12009] B'[12105] L'[13237] B'[13415] L'[13541] B[13583] L'[13754] B'[13902] L[13936] L[13991] B[14090] U[14418] B[14558] L[14708] B'[14783] L'[14871] U'[15039] B[16134] B[16249] R[16595] D'[16909] L[17004] D'[17088] L'[17203] D[17306] R'[17469] B[17518] B[17630] U'[18215] L[18274] U[18383] L[18517],cube,,Playground,custom_rules,R' F U B2 U L D2 L U2 B D B2 D F2 L2 D' F2 D R2 F2 U2 L2,random_state,custom_rules,,,,8,LU,0,0,18517,63,63,71,3.4,8946,9571,"",0,Cross,z L D' F',z[0] L[0] D'[412] F'[688],false,true,688,0,688,688,3,3,3,4.36,F2L Slot 1,L' U L U2 L U' L',L'[2018] U[2098] L[2242] U2[2608] L[2915] U'[3132] L'[3305],false,true,2617,1330,1287,3305,7,7,8,5.44,F2L Slot 2,U F U' F' U2 F U' F',U[3850] F[4236] U'[4426] F'[4568] U2[4802] F[5076] U'[5293] F'[5512],false,true,2207,931,1276,5512,8,8,9,6.27,F2L Slot 3,U2 R R' R U R' U R U' R',U2[7735] R[8121] R'[8451] R[8508] U[8685] R'[8793] U[8984] R[9100] U'[9185] R'[9277],false,true,3765,2609,1156,9277,10,10,11,8.65,F2L Slot 4,U2 R' U R U2' B U B',U2[10357] R'[10833] U[11143] R[11270] U2'[11825] B[11932] U[12009] B'[12105],false,true,2828,1556,1272,12105,8,8,10,6.29,OLL,U' B' U' B U' B' U2 B R B U B' U' R',U'[13237] B'[13415] U'[13541] B[13583] U'[13754] B'[13902] U2[13991] B[14090] R[14418] B[14558] U[14708] B'[14783] U'[14871] R'[15039],false,true,2934,1310,1624,15039,14,14,15,8.62,PLL,B2 D L' U L' U' L D' B2 R' U R U,B2[16249] D[16595] L'[16909] U[17004] L'[17088] U'[17203] L[17306] D'[17469] B2[17630] R'[18215] U[18274] R[18383] U[18517],false,true,3478,1210,2268,18517,13,13,15,5.73,,,,,,,,,,,,,,,,,,,,,,,,,,,,31,FL->FR 45,"[FL,BL]->FR 7",3,42,Ga,,
477749a4-2cd0-4eff-a341-48a0b32c148d,2023-08-29 17:48:41 UTC,false,16959,CFOP,Gan Smart Cube,Gan i Carry,Gan 356i,Jacob Pfeifer,false,false,24515,16959,,B[0] D'[324] U[503] B'[1219] B'[1567] L[2016] F'[2689] F'[3073] L'[3230] F[3282] L[3414] F[3676] F[3788] L[4370] F'[4540] L'[4678] F[5207] D[5696] F[5888] F[5990] D'[6097] F[6391] D[6530] F'[6655] D'[6876] F'[7844] R'[8044] F[8443] F[8618] R[8820] F[9105] R'[9254] F'[9383] R[9474] R[10821] F[10943] F[11057] R'[11208] F[11466] R[11563] F'[11660] R'[11746] F'[12651] L[12884] D[13041] D[13132] R'[13267] D'[13391] R[13492] D'[13606] L'[13825] F[14465] F[14570] R[15354] R[15478] F[15708] R[15921] F[16015] R'[16107] F'[16210] R'[16489] F'[16524] R'[16684] F[16736] R'[16959],cube,,Playground,custom_rules,F U2 F2 U B' U R D' B U F2 L2 U2 B2 D L2 D' R2 F2 U' F2 D2,random_state,custom_rules,,,,8,FU,0,0,16959,55,56,65,3.24,7538,9421,"",0,Cross,z' B M' D2' F,z'[0] B[0] M'[503] D2'[1567] F[2016],false,true,2016,0,2016,2016,4,5,6,1.98,F2L Slot 1,U2' F' U F U2 F U' F',U2'[3073] F'[3230] U[3282] F[3414] U2[3788] F[4370] U'[4540] F'[4678],false,true,2662,1214,1448,4678,8,8,10,5.52,F2L Slot 2,U R U2 R' U R U' R',U[5207] R[5696] U2[5990] R'[6097] U[6391] R[6530] U'[6655] R'[6876],false,true,2198,1018,1180,6876,8,8,9,6.78,F2L Slot 3,U' B' U2 B U B' U' B,U'[7844] B'[8044] U2[8618] B[8820] U[9105] B'[9254] U'[9383] B[9474],false,true,2598,1168,1430,9474,8,8,9,5.59,F2L Slot 4,B U2 B' U B U' B',B[10821] U2[11057] B'[11208] U[11466] B[11563] U'[11660] B'[11746],false,true,2272,1347,925,11746,7,7,8,7.57,OLL,U' F R2 B' R' B R' F',U'[12651] F[12884] R2[13132] B'[13267] R'[13391] B[13492] R'[13606] F'[13825],false,true,2079,1138,941,13825,8,8,9,8.5,PLL,U2 B2 U B U B' U' B' U' B' U B',U2[14570] B2[15478] U[15708] B[15921] U[16015] B'[16107] U'[16210] B'[16489] U'[16524] B'[16684] U[16736] B'[16959],false,true,3134,1653,1481,16959,12,12,14,8.1,,,,,,,,,,,,,,,,,,,,,,,,,,,,31,FL->FR 13,"[BL,BR]->FR 4",13,6,Ub,,
5afa380e-f604-48e3-8fca-70271a760a01,2023-08-29 17:53:38 UTC,false,17511,CFOP,Gan Smart Cube,Gan i Carry,Gan 356i,Jacob Pfeifer,false,false,21151,17511,,L[0] U'[207] R[476] L[720] L[851] U'[1487] D'[2507] D'[2846] B'[3316] D'[3526] B[3614] B[3748] D[3997] B'[4184] R[6001] D'[6143] R'[6250] D'[6406] R[6585] D'[6734] R'[6867] D'[7058] F'[7420] D'[7590] F[7689] D'[9537] R'[9829] D[9951] R[10328] D[10540] F[11212] D'[11520] F'[11741] R[12677] D[12838] R'[12982] B'[13782] L[14081] B[14189] R'[14287] B'[14422] L'[14551] B[14623] R[14753] D'[15473] B[15680] R[15813] D'[15875] R'[15971] D'[16046] R[16111] D[16192] R'[16266] B'[16318] R[16412] D[16541] R'[16615] D'[16711] R'[16880] B[16941] R[17033] B'[17262] D[17461] D[17511],cube,,Playground,custom_rules,R L' D' L U' F' R F' D2 L' D F2 L2 D' R2 L2 U' F2 D2 B2 R2,random_state,custom_rules,,,,8,DB,0,0,17511,60,60,64,3.43,8449,9062,"",0,Cross,z2 R D' L R2 D',z2[0] R[0] D'[207] L[476] R2[851] D'[1487],false,true,1487,0,1487,1487,5,5,6,3.36,F2L Slot 1,U2' B' U' B2 U B',U2'[2846] B'[3316] U'[3526] B2[3748] U[3997] B'[4184],false,true,2697,1829,868,4184,6,6,8,6.91,F2L Slot 2,L U' L' U' L U' L' U' F' U' F,L[6001] U'[6143] L'[6250] U'[6406] L[6585] U'[6734] L'[6867] U'[7058] F'[7420] U'[7590] F[7689],false,true,3505,1817,1688,7689,11,11,11,6.52,F2L Slot 3,U' L' U L U F U' F',U'[9537] L'[9829] U[9951] L[10328] U[10540] F[11212] U'[11520] F'[11741],false,true,4052,2140,1912,11741,8,8,8,4.18,F2L Slot 4,L U L',L[12677] U[12838] L'[12982],false,true,1241,936,305,12982,3,3,3,9.84,OLL,B' R B L' B' R' B L,B'[13782] R[14081] B[14189] L'[14287] B'[14422] R'[14551] B[14623] L[14753],false,true,1771,800,971,14753,8,8,8,8.24,PLL,U' B L U' L' U' L U L' B' L U L' U' L' B L B' U2,U'[15473] B[15680] L[15813] U'[15875] L'[15971] U'[16046] L[16111] U[16192] L'[16266] B'[16318] L[16412] U[16541] L'[16615] U'[16711] L'[16880] B[16941] L[17033] B'[17262] U2[17511],false,true,2758,927,1831,17511,19,19,20,10.38,,,,,,,,,,,,,,,,,,,,,,,,,,,,80,BR->FR 83,"[BL,BR]->FR 25",14,25,Y,,
d65eb52a-2927-49f1-9cd4-7544650e7108,2023-08-29 17:46:00 UTC,false,21396,CFOP,Gan Smart Cube,Gan i Carry,Gan 356i,Jacob Pfeifer,false,false,16934,21396,,D[0] R'[456] R'[563] D[729] F'[1446] L[1697] L[2057] F'[3716] U[3830] F[3989] U'[5069] F[5223] U'[5392] F'[5561] U'[5715] B[6090] U'[6322] B'[6487] U'[7109] U'[7410] F[7533] U'[7780] F'[7935] F'[8019] U'[8178] F[8263] U'[9438] U[9732] L'[10284] U[10350] L[10467] U'[10586] L'[10751] U'[10902] L[11018] U[12260] U[12347] L[12960] U'[13055] L'[13197] U'[13433] B'[13988] U[14095] B[14240] U[15344] F[15621] U[15730] U[15823] F'[15929] F'[16240] L[16279] F[16400] L'[16614] F[17442] U[17573] U[17663] F'[17758] F'[19459] U[19494] F'[19618] U'[20032] R'[20292] F'[20373] R[20451] R[20524] U'[20610] R'[20701] U[20749] R'[20875] F[21001] R[21091] F[21396],cube,,Playground,custom_rules,L2 D2 L' U' B L' F2 B R' B U2 L2 U D2 F2 D F2 B2 D2 R2 U' R2,random_state,custom_rules,,,,8,UF,0,0,21396,63,63,72,2.94,9750,11646,"",0,Cross,D R2' D F' L2,D[0] R2'[563] D[729] F'[1446] L2[2057],false,true,2057,0,2057,2057,5,5,7,2.43,F2L Slot 1,F' U F U' F U' F' U' B U' B',F'[3716] U[3830] F[3989] U'[5069] F[5223] U'[5392] F'[5561] U'[5715] B[6090] U'[6322] B'[6487],false,true,4430,1659,2771,6487,11,11,11,3.97,F2L Slot 2,U2' F U' F2' U' F,U2'[7410] F[7533] U'[7780] F2'[8019] U'[8178] F[8263],false,true,1776,1046,730,8263,6,6,8,8.22,F2L Slot 3,U' U L' U L U' L' U' L,U'[9438] U[9732] L'[10284] U[10350] L[10467] U'[10586] L'[10751] U'[10902] L[11018],false,true,2755,2021,734,11018,9,9,9,12.26,F2L Slot 4,U2 L U' L' U' B' U B,U2[12347] L[12960] U'[13055] L'[13197] U'[13433] B'[13988] U[14095] B[14240],false,true,3222,1942,1280,14240,8,8,9,6.25,OLL,U F U2 F2' L F L' F U2 F',U[15344] F[15621] U2[15823] F2'[16240] L[16279] F[16400] L'[16614] F[17442] U2[17663] F'[17758],false,true,3518,1381,2137,17758,10,10,13,4.68,PLL,F' U F' U' R' F' R2 U' R' U R' F R F,F'[19459] U[19494] F'[19618] U'[20032] R'[20292] F'[20373] R2[20524] U'[20610] R'[20701] U[20749] R'[20875] F[21001] R[21091] F[21396],false,true,3638,1701,1937,21396,14,14,15,7.23,,,,,,,,,,,,,,,,,,,,,,,,,,,,158,BR->FR 18,"[BL,BR]->FR 6",28,35,V,,
51410893-f21b-4a81-bcb1-21012facb9d7,2023-08-29 17:46:41 UTC,false,18968,CFOP,Gan Smart Cube,Gan i Carry,Gan 356i,Jacob Pfeifer,false,false,7627,18968,,U'[0] R'[440] U'[760] U'[1022] B'[1540] F'[1812] F'[1912] B'[2704] D'[2861] B[2984] D[3216] D[3316] B'[3817] D[3875] B[4037] D[6311] D[6765] L[7375] D[7506] L'[7615] D'[7822] D'[8234] B[8333] D[8532] B'[9030] D[9653] D[9804] D[10210] D'[10639] L[10775] D'[11032] L'[11210] D'[11638] F'[12138] D[12241] F[12442] F[12690] D[12902] F'[13085] D[13671] B[13922] D[14026] B'[14092] D'[14251] B'[14403] R[14464] L[15338] R'[15421] B[15612] L'[15872] D'[16801] B[16982] D'[17468] B[17597] D[17841] B[18046] D[18209] B[18371] D'[18466] B'[18606] D'[18705] B[18803] B[18858] D[18968],cube,,Playground,custom_rules,U' R2 U' L U2 L B' L2 F' U R2 U2 L2 D L2 D' F2 D2 B2 D' L2,random_state,custom_rules,,,,8,DB,0,0,18968,54,55,64,2.85,8070,10898,"",0,Cross,z2 D' L' D2' B' F2',z2[0] D'[0] L'[440] D2'[1022] B'[1540] F2'[1912],false,true,1912,0,1912,1912,5,5,7,2.62,F2L Slot 1,B' U' B U2 B' U B,B'[2704] U'[2861] B[2984] U2[3316] B'[3817] U[3875] B[4037],false,true,2125,792,1333,4037,7,7,8,5.25,F2L Slot 2,U2 R U R' U2' B U B',U2[6765] R[7375] U[7506] R'[7615] U2'[8234] B[8333] U[8532] B'[9030],false,true,4993,3338,1655,9030,8,8,10,4.83,F2L Slot 3,U3 U' R U' R' U' F' U F,U3[10210] U'[10639] R[10775] U'[11032] R'[11210] U'[11638] F'[12138] U[12241] F[12442],false,true,3412,1745,1667,12442,9,9,11,5.4,F2L Slot 4,F U F',F[12690] U[12902] F'[13085],false,true,643,248,395,13085,3,3,3,7.59,OLL,U B U B' U' B' L M U R' x,U[13671] B[13922] U[14026] B'[14092] U'[14251] B'[14403] L[14464] M[15421] U[15612] R'[15872] x[16336],false,true,2787,837,1950,15872,10,11,11,5.13,PLL,U' B U' B U B U B U' B' U' B2 U,U'[16801] B[16982] U'[17468] B[17597] U[17841] B[18046] U[18209] B[18371] U'[18466] B'[18606] U'[18705] B2[18858] U[18968],false,true,3096,1110,1986,18968,13,13,14,6.55,,,,,,,,,,,,,,,,,,,,,,,,,,,,11,BR->FR 39,"[BL,BR]->FR 28",14,33,Ua,,
a0b3f6f1-a41a-47e7-a2d8-85eb5f746ff0,2023-08-29 17:50:20 UTC,false,20719,CFOP,Gan Smart Cube,Gan i Carry,Gan 356i,Jacob Pfeifer,false,false,60050,20719,,F'[0] R[83] U'[409] L'[798] L'[1062] U'[1706] B[1880] U'[2255] D[4703] D'[5481] D'[5779] L[6152] D[6383] D[6499] L'[6726] D[6848] L[7074] D'[7284] L'[7414] D'[8605] R[8762] D[8867] R'[9009] B[9471] D[9645] B'[10056] D[10834] F[12448] D[12595] F'[12815] D[13536] R[14091] D[14202] D[14268] R'[14376] D[14677] R[14778] D'[14842] R'[14942] D'[15683] D'[16063] R[16180] D[16260] R'[16348] D[16397] R[16597] D'[16870] R'[17036] D'[17168] R'[17301] B[17361] R[17487] B'[17697] D[18241] D[18347] R[18770] R[18848] D[19033] R[19252] D[19343] R'[19420] D'[19535] R'[19765] D'[19826] R'[19953] D[20006] R'[20719],cube,,Playground,custom_rules,R U2 R D2 F' B U D' F L F2 L2 D2 L2 D L2 F2 D2 B2 D' F2 D,random_state,custom_rules,,,,8,DB,0,0,20719,60,60,67,2.9,11302,9417,"",0,Cross,z2 F' L D' R2' D' B D',z2[0] F'[0] L[83] D'[409] R2'[1062] D'[1706] B[1880] D'[2255],false,true,2255,0,2255,2255,7,7,8,3.1,F2L Slot 1,U U2' R U2 R' U R U' R',U[4703] U2'[5779] R[6152] U2[6499] R'[6726] U[6848] R[7074] U'[7284] R'[7414],false,true,5159,3897,1262,7414,9,9,11,7.13,F2L Slot 2,U' L U L' B U B',U'[8605] L[8762] U[8867] L'[9009] B[9471] U[9645] B'[10056],false,true,2642,1348,1294,10056,7,7,7,5.41,F2L Slot 3,U F U F',U[10834] F[12448] U[12595] F'[12815],false,true,2759,2392,367,12815,4,4,4,10.9,F2L Slot 4,U L U2 L' U L U' L',U[13536] L[14091] U2[14268] L'[14376] U[14677] L[14778] U'[14842] L'[14942],false,true,2127,1276,851,14942,8,8,9,9.4,OLL,U2' L U L' U L U' L' U' L' B L B',U2'[16063] L[16180] U[16260] L'[16348] U[16397] L[16597] U'[16870] L'[17036] U'[17168] L'[17301] B[17361] L[17487] B'[17697],false,true,2755,1238,1517,17697,13,13,14,8.57,PLL,U2 L2 U L U L' U' L' U' L' U L',U2[18347] L2[18848] U[19033] L[19252] U[19343] L'[19420] U'[19535] L'[19765] U'[19826] L'[19953] U[20006] L'[20719],false,true,3022,1151,1871,20719,12,12,14,6.41,,,,,,,,,,,,,,,,,,,,,,,,,,,,13,FL->FR 33,"[BL,BR]->FR 14",13,38,Ub,,
c82d21c1-dd22-4b1c-b89c-91aadeb00f37,2023-08-29 17:51:40 UTC,false,18686,CFOP,Gan Smart Cube,Gan i Carry,Gan 356i,Jacob Pfeifer,false,false,40920,18686,,L'[0] D[66] D[190] L'[461] D'[688] F'[1653] U'[1869] F[2051] D'[2753] B[2833] B[2963] D[3329] L'[3837] B'[4172] L[4309] B'[5199] B'[5777] L'[5897] D[5942] L[6051] D'[6264] L[6410] B'[6532] L'[6673] U'[8221] B'[8611] U[8697] B'[8938] U'[9081] B[9203] U[9336] B[10367] B'[11159] D[11316] B[11393] B[11476] D'[11583] B[11653] D[11866] B[11976] D'[12031] B[13093] B[13405] U'[13832] B[13905] B[13997] U[14139] B[14312] B[14399] U[14485] R'[14636] U'[14760] R[15091] B'[16173] B'[16410] U[16769] B[16895] B[16965] U'[17092] B[17249] B[17312] U[17411] R'[17514] U'[17645] B'[17734] U[17801] B[17921] U[18002] R[18236] U'[18315] U'[18395] B[18624] B[18686],cube,,Playground,custom_rules,U R2 F U2 D' F L B L' U' R' F2 U2 F2 L2 U F2 B2 D2 R2 L2 D,random_state,custom_rules,,,,8,BU,0,0,18686,61,61,73,3.26,9297,9389,"",0,Cross,x' L' B2 L' B' D' F' D,x'[0] L'[0] B2[190] L'[461] B'[688] D'[1653] F'[1869] D[2051],false,true,2051,0,2051,2051,7,7,8,3.41,F2L Slot 1,B' U2 B L' U' L,B'[2753] U2[2963] B[3329] L'[3837] U'[4172] L[4309],false,true,2258,702,1556,4309,6,6,7,3.86,F2L Slot 2,U2' L' B L B' L U' L',U2'[5777] L'[5897] B[5942] L[6051] B'[6264] L[6410] U'[6532] L'[6673],false,true,2364,1588,776,6673,8,8,9,10.31,F2L Slot 3,F' U' F U' F' U F,F'[8221] U'[8611] F[8697] U'[8938] F'[9081] U[9203] F[9336],false,true,2663,1548,1115,9336,7,7,7,6.28,F2L Slot 4,U U' B U2 B' U B U B',U[10367] U'[11159] B[11316] U2[11476] B'[11583] U[11653] B[11866] U[11976] B'[12031],false,true,2695,1980,715,12031,9,9,10,12.59,OLL,U2 F' U2 F U2 F R' F' R,U2[13405] F'[13832] U2[13997] F[14139] U2[14399] F[14485] R'[14636] F'[14760] R[15091],false,true,3060,1801,1259,15091,9,9,12,7.15,PLL,U2' F U2 F' U2 F R' F' U' F U F R F2' U2,U2'[16410] F[16769] U2[16965] F'[17092] U2[17312] F[17411] R'[17514] F'[17645] U'[17734] F[17801] U[17921] F[18002] R[18236] F2'[18395] U2[18686],false,true,3595,1678,1917,18686,15,15,20,7.82,,,,,,,,,,,,,,,,,,,,,,,,,,,,4,BR->FR 46,"[FL,BL]->FR 16",32,7,Ra,,
7c543974-86ab-455d-8bf4-7d4f383c7a38,2023-08-29 17:52:39 UTC,false,20693,CFOP,Gan Smart Cube,Gan i Carry,Gan 356i,Jacob Pfeifer,false,false,19616,20693,,U[0] F[211] R[817] D[1281] D[1393] L[2460] B[2586] L'[2720] B[2941] R[3255] B[3375] R'[3553] B[5421] B[5696] R'[6119] B'[6273] R[6307] B[6394] R'[6612] B'[6727] R[6766] L[10211] L[10319] B[11379] B[11498] B'[11676] L'[12018] B[12108] L[12207] B[12484] B[12582] L[13096] B'[13262] L'[13425] B[14105] U'[14451] L[14496] U[14615] L'[14808] U[14897] B'[15027] U'[15107] B[15722] L[16064] U[16216] B'[16279] U'[16389] B'[16466] U[16534] B[16617] U'[16696] L'[16763] B[18026] U'[18212] B'[18318] U[18408] R[18841] R[18927] F[19200] D'[19366] B[19457] D[19628] B'[20045] D[20117] F'[20465] R[20501] R[20600] B'[20693],cube,,Playground,custom_rules,R F' B' L D2 F' R' B2 R D2 R2 L2 D B2 U L2 D' R2 L2,random_state,custom_rules,,,,8,BU,0,0,20693,61,61,68,2.95,5131,15562,"",2,Cross,x' F D R B2 L U L' U R U R' U2 R' U' R U R' U' R L2,x'[0] F[0] D[211] R[817] B2[1393] L[2460] U[2586] L'[2720] U[2941] R[3255] U[3375] R'[3553] U2[5696] R'[6119] U'[6273] R[6307] U[6394] R'[6612] U'[6727] R[6766] L2[10319],false,true,10319,0,10319,10319,20,20,23,1.94,F2L Slot 1,,"",true,false,0,0,0,10319,0,0,0,0,F2L Slot 2,,"",true,false,0,0,0,10319,0,0,0,0,F2L Slot 3,U2 U' L' U L U2 L U' L',U2[11498] U'[11676] L'[12018] U[12108] L[12207] U2[12582] L[13096] U'[13262] L'[13425],false,true,3106,1699,1407,13425,9,9,11,6.4,F2L Slot 4,U F' L F L' F U' F',U[14105] F'[14451] L[14496] F[14615] L'[14808] F[14897] U'[15027] F'[15107],false,true,1682,1026,656,15107,8,8,8,12.2,OLL,U L F U' F' U' F U F' L',U[15722] L[16064] F[16216] U'[16279] F'[16389] U'[16466] F[16534] U[16617] F'[16696] L'[16763],false,true,1656,957,699,16763,10,10,10,14.31,PLL,U F' U' F R2 D B' U B U' B D' R2 U',U[18026] F'[18212] U'[18318] F[18408] R2[18927] D[19200] B'[19366] U[19457] B[19628] U'[20045] B[20117] D'[20465] R2[20600] U'[20693],false,true,3930,1449,2481,20693,14,14,16,5.64,,,,,,,,,,,,,,,,,,,,,,,,,,,,Solved,FL->FR Solved,"[FL,BL]->FR 31",34,37,Gb,,
27986bc7-710c-456d-9dbc-27c6ee34f4a2,2023-08-29 17:54:33 UTC,false,18514,CFOP,Gan Smart Cube,Gan i Carry,Gan 356i,Jacob Pfeifer,false,false,19042,18514,,U'[0] B[397] R[816] L'[899] U[1125] B[1594] L[4132] F[4380] L'[4546] R'[4999] F'[5187] R[5239] F[5377] R'[5526] F'[5911] R[5986] F'[6429] L'[6601] F'[6799] L[6923] L[7148] F'[7351] L'[7533] F[7585] L[7922] F[8141] F[8238] L'[8345] F[9019] L[9132] F'[9433] L'[9675] R[10645] F'[10853] R'[10961] F[11103] U[11810] F'[12011] U'[12190] F[12343] F[12447] R[12933] F[13013] R'[13063] F'[13162] R[13244] F[13314] R'[13393] F'[13461] R[13521] F[13607] R'[13668] F'[14652] R[14858] F[14963] R'[15045] F[15082] R[15278] F'[15566] U[15864] F'[15973] U'[16065] R'[16145] F'[16925] U[17033] F[17129] U'[17200] F'[17296] U'[17471] R[17770] U[17869] U[17923] F'[17975] U'[18062] F'[18150] U[18256] F[18325] U'[18379] R'[18437] F'[18514],cube,,Playground,custom_rules,F D' L U2 R F R' U D2 F U F2 U' L2 U L2 U2 F2 U L2 F2 B2,random_state,custom_rules,,,,8,FU,0,0,18514,75,76,80,4.05,6554,11960,"",0,Cross,z2 D' B M' F D,z2[0] D'[0] B[397] M'[899] F[1125] D[1594],false,true,1594,0,1594,1594,5,6,6,3.14,F2L Slot 1,R U R' L' U' L U L' U' L U' R' U' R,R[4132] U[4380] R'[4546] L'[4999] U'[5187] L[5239] U[5377] L'[5526] U'[5911] L[5986] U'[6429] R'[6601] U'[6799] R[6923],false,true,5329,2538,2791,6923,14,14,14,5.02,F2L Slot 2,R U' R' U R U2 R' U R U' R',R[7148] U'[7351] R'[7533] U[7585] R[7922] U2[8238] R'[8345] U[9019] R[9132] U'[9433] R'[9675],false,true,2752,225,2527,9675,11,11,12,4.35,F2L Slot 3,L U' L' U F U' F',L[10645] U'[10853] L'[10961] U[11103] F[11810] U'[12011] F'[12190],false,true,2515,970,1545,12190,7,7,7,4.53,F2L Slot 4,U2 L U L' U' L U L' U' L U L',U2[12447] L[12933] U[13013] L'[13063] U'[13162] L[13244] U[13314] L'[13393] U'[13461] L[13521] U[13607] L'[13668],false,true,1478,743,735,13668,12,12,13,16.33,OLL,U' L U L' U L U' F U' F' L',U'[14652] L[14858] U[14963] L'[15045] U[15082] L[15278] U'[15566] F[15864] U'[15973] F'[16065] L'[16145],false,true,2477,1190,1287,16145,11,11,11,8.55,PLL,U' F U F' U' F' L F2 U' F' U' F U F' L' U',U'[16925] F[17033] U[17129] F'[17200] U'[17296] F'[17471] L[17770] F2[17923] U'[17975] F'[18062] U'[18150] F[18256] U[18325] F'[18379] L'[18437] U'[18514],false,true,2369,888,1481,18514,16,16,17,10.8,,,,,,,,,,,,,,,,,,,,,,,,,,,,134,BR->FR 51,"[BL,BR]->FR 60",31,52,T,,
758cfe1c-8672-4a75-8fe5-e14711e4c8d9,2023-08-29 17:55:20 UTC,false,22762,CFOP,Gan Smart Cube,Gan i Carry,Gan 356i,Jacob Pfeifer,false,false,9430,22762,,R'[0] U[181] L'[1169] U[1313] R[1601] L'[3412] D'[3571] L[3650] D'[3833] R'[4021] D'[4257] R[4345] D[5248] D[5364] R[5906] D'[6038] R'[6183] D'[6761] F'[6902] D'[7032] F[7197] D[8221] D[8436] D[8831] L'[9222] D'[9486] L[9612] D'[9762] L'[9886] D[9967] L[10078] D'[12592] D'[13330] F'[13503] D[13769] F[13886] B'[14413] D[14534] B[14669] D'[15391] D'[15655] D[16192] F'[16497] D'[16581] F[16671] F[17640] D[17761] F'[17906] D[18153] F'[18287] R[18397] F[18472] R'[18677] F[18944] D[19029] D[19099] F'[19189] F[20684] F[20747] U'[21139] R[21234] D'[21334] R[21495] D[21613] R'[21689] U[21860] F[22011] F[22061] L[22453] D'[22548] L'[22697] D[22723] D[22762],cube,,Playground,custom_rules,F' D R2 F' L F2 U' L F2 L2 U' D' R2 D F2 L2 B2 U2 R2 L2 B2,random_state,custom_rules,,,,8,DB,0,0,22762,64,64,73,2.81,11152,11610,"",0,Cross,z2 L' D R' D L,z2[0] L'[0] D[181] R'[1169] D[1313] L[1601],false,true,1601,0,1601,1601,5,5,5,3.12,F2L Slot 1,R' U' R U' L' U' L,R'[3412] U'[3571] R[3650] U'[3833] L'[4021] U'[4257] L[4345],false,true,2744,1811,933,4345,7,7,7,7.5,F2L Slot 2,U2 L U' L' U' F' U' F U3 R' U' R U' R' U R,U2[5364] L[5906] U'[6038] L'[6183] U'[6761] F'[6902] U'[7032] F[7197] U3[8831] R'[9222] U'[9486] R[9612] U'[9762] R'[9886] U[9967] R[10078],false,true,5733,1561,4172,10078,16,16,19,3.84,F2L Slot 3,U2' F' U F B' U B,U2'[13330] F'[13503] U[13769] F[13886] B'[14413] U[14534] B[14669],false,true,4591,3425,1166,14669,7,7,8,6.0,F2L Slot 4,U2' U F' U' F,U2'[15655] U[16192] F'[16497] U'[16581] F[16671],false,true,2002,1828,174,16671,5,5,6,28.74,OLL,F U F' U F' L F L' F U2 F',F[17640] U[17761] F'[17906] U[18153] F'[18287] L[18397] F[18472] L'[18677] F[18944] U2[19099] F'[19189],false,true,2518,969,1549,19189,11,11,12,7.1,PLL,F2 D' L U' L U L' D F2 R U' R' U2,F2[20747] D'[21139] L[21234] U'[21334] L[21495] U[21613] L'[21689] D[21860] F2[22061] R[22453] U'[22548] R'[22697] U2[22762],false,true,3573,1558,2015,22762,13,13,16,6.45,,,,,,,,,,,,,,,,,,,,,,,,,,,,41,BL->FR 24,"[FL,BR]->FR 56",12,10,Gc,,
ace1bb7b-f0ac-49ee-a80d-7c0e972e5514,2023-08-29 17:56:18 UTC,false,18190,CFOP,Gan Smart Cube,Gan i Carry,Gan 356i,Jacob Pfeifer,false,false,21390,18190,,B[0] D[346] D[438] L'[758] F'[1143] F'[1419] U[2530] B[2738] U'[2844] B'[2998] B'[3280] L'[3672] B[3725] L[3837] B[4908] R'[5087] B'[5232] B'[5589] R[6042] B'[6180] R'[6355] B[6780] R[6898] R[7787] B[7887] B[7987] R'[8100] B'[8272] D'[8824] B'[9051] D[9223] B[9794] B'[10942] B'[11242] U'[11491] B[11735] B[11837] U[11992] B[12248] B[12337] U'[12500] B[12589] U[12677] B'[13381] L[13592] B[13817] U[13923] B'[13972] U'[14057] L'[14201] B'[14978] D'[15912] B[15960] D'[16046] B'[16309] L'[16598] D'[16702] L[16755] L[16832] B'[16910] L'[17029] B[17059] L'[17404] D[17559] L[17644] D[17865] B[18156] B[18190],cube,,Playground,custom_rules,R2 F2 U F2 R' D2 L2 D' F L2 F2 U R2 L2 U2 B2 U L2 D' F2 B2 U,random_state,custom_rules,,,,8,BU,0,0,18190,58,58,68,3.19,8144,10046,"",0,Cross,x' U B2 L' D2',x'[0] U[0] B2[438] L'[758] D2'[1419],false,true,1419,0,1419,1419,4,4,6,2.82,F2L Slot 1,F U F' U2' L' U L,F[2530] U[2738] F'[2844] U2'[3280] L'[3672] U[3725] L[3837],false,true,2418,1111,1307,3837,7,7,8,5.36,F2L Slot 2,U R' U2' R U' R' U R,U[4908] R'[5087] U2'[5589] R[6042] U'[6180] R'[6355] U[6780] R[6898],false,true,3061,1250,1811,6898,8,8,9,4.42,F2L Slot 3,R U2 R' U' B' U' B,R[7787] U2[7987] R'[8100] U'[8272] B'[8824] U'[9051] B[9223],false,true,2325,889,1436,9223,7,7,8,4.87,F2L Slot 4,U U2' F' U2 F U2 F' U F,U[9794] U2'[11242] F'[11491] U2[11837] F[11992] U2[12337] F'[12500] U[12589] F[12677],false,true,3454,2268,1186,12677,9,9,12,7.59,OLL,U' L U F U' F' L',U'[13381] L[13592] U[13817] F[13923] U'[13972] F'[14057] L'[14201],false,true,1524,915,609,14201,7,7,7,11.49,PLL,U' B' U B' U' L' B' L2 U' L' U L' B L B U2,U'[14978] B'[15912] U[15960] B'[16046] U'[16309] L'[16598] B'[16702] L2[16832] U'[16910] L'[17029] U[17059] L'[17404] B[17559] L[17644] B[17865] U2[18190],false,true,3989,1711,2278,18190,16,16,18,7.02,,,,,,,,,,,,,,,,,,,,,,,,,,,,30,BL->FR 10,"[FL,BR]->FR 24",17,44,V,,
35ea71bc-db6b-4af1-855f-3a4b12006d4f,2023-08-29 17:57:10 UTC,false,16213,CFOP,Gan Smart Cube,Gan i Carry,Gan 356i,Jacob Pfeifer,false,false,18241,16213,,R[0] L'[78] D'[291] F[918] F[1008] L'[1324] U'[1701] U'[1840] U[2873] L'[3025] U'[3133] U'[3499] L[3557] L[3632] U[3705] D'[4180] L[4283] D[4419] F'[5589] L[5685] L[5764] F[5920] L'[6094] F'[6195] L[6254] F[6368] L'[7490] L'[7771] B'[8055] L[8169] B[8351] B[8431] L'[8616] B'[8799] L'[9627] L[9990] L[10071] B'[10546] L[10585] B[10677] L'[10745] B'[10836] L'[10945] B[10967] L[11988] L[12113] B[12486] L[12615] L[12679] B'[12783] L[13379] L[13449] B'[13546] U[13633] B[13721] U'[13928] B[14847] L[14938] B'[15003] L'[15112] B'[15473] U[15554] B[15652] B[15701] L'[15746] B'[15831] L'[15912] B[16033] L[16116] B'[16179] U'[16213],cube,,Playground,custom_rules,U2 R B' U' R' L' F2 D' R U R2 L2 B2 U B2 U' D2 L2 B2 D B2 L2,random_state,custom_rules,,,,8,LU,0,0,16213,58,59,71,3.58,8075,8060,"",0,Cross,z E' B' L2 U' F2',z[39] E'[78] B'[291] L2[1008] U'[1324] F2'[1840],false,true,1762,0,1762,1840,5,6,8,2.84,F2L Slot 1,F U' F2' U2 F B' U B,F[2873] U'[3025] F2'[3499] U2[3632] F[3705] B'[4180] U[4283] B[4419],false,true,2579,1033,1546,4419,8,8,10,5.17,F2L Slot 2,L' U2 L U' L' U L,L'[5589] U2[5764] L[5920] U'[6094] L'[6195] U[6254] L[6368],false,true,1949,1170,779,6368,7,7,8,8.99,F2L Slot 3,U2' R' U R2 U' R',U2'[7771] R'[8055] U[8169] R2[8431] U'[8616] R'[8799],false,true,2431,1687,744,8799,6,6,8,8.06,F2L Slot 4,U' U2 R' U R U' R' U' R,U'[9627] U2[10071] R'[10546] U[10585] R[10677] U'[10745] R'[10836] U'[10945] R[10967],false,true,2168,1747,421,10967,9,9,10,21.38,OLL,U2 R U2 R' U2 R' F R F',U2[12113] R[12486] U2[12679] R'[12783] U2[13449] R'[13546] F[13633] R[13721] F'[13928],false,true,2961,1519,1442,13928,9,9,12,6.24,PLL,R U R' U' R' F R2 U' R' U' R U R' F',R[14847] U[14938] R'[15003] U'[15112] R'[15473] F[15554] R2[15701] U'[15746] R'[15831] U'[15912] R[16033] U[16116] R'[16179] F'[16213],false,true,2285,919,1366,16213,14,14,15,10.25,,,,,,,,,,,,,,,,,,,,,,,,,,,,91,FL->FR 10,"[FL,BL]->FR 55",6,8,T,,
16cd2f4b-f84a-461f-baf4-d38d2a815e81,2023-08-29 17:58:19 UTC,false,17899,CFOP,Gan Smart Cube,Gan i Carry,Gan 356i,Jacob Pfeifer,false,false,28350,17899,,F'[0] R[507] U[989] B[1209] L[1563] B[1752] B[1848] D[3469] D'[3871] L[4344] D'[4504] L'[4600] R[5477] D[5610] D[5693] R'[5810] D'[6095] B[6598] D'[6816] B'[6989] D[7679] D[7804] B'[8175] D[8234] B[8387] D[8589] D[8671] B'[8868] D[8963] B[9110] D[9784] F[10049] D[10180] D[10252] F'[10334] D[10628] F[10745] D'[10815] F'[10909] F[12121] D[12627] D[12732] F'[13028] F'[13138] R[13175] F[13271] R'[13854] D[14125] D[14201] F'[14310] R[14400] F[14501] R'[14792] D[15570] R[15941] F[16159] D'[16237] F'[16352] D'[16459] F[16575] D[16647] F'[16726] R'[16785] F[16884] D[17005] F'[17074] D'[17167] F'[17300] R[17355] F[17416] R'[17627] D[17842] D[17899],cube,,Playground,custom_rules,U2 R' B U2 R2 L' D2 B' U' F' U2 B2 D' F2 D' B2 D2 L2 F2 B2 U R2,random_state,custom_rules,,,,8,DB,0,0,17899,64,64,73,3.58,7859,10040,"",0,Cross,z2 F' L D B R B2,z2[0] F'[0] L[507] D[989] B[1209] R[1563] B2[1848],false,true,1848,0,1848,1848,6,6,7,3.25,F2L Slot 1,U U' R U' R',U[3469] U'[3871] R[4344] U'[4504] R'[4600],false,true,2752,2496,256,4600,5,5,5,19.53,F2L Slot 2,L U2 L' U' B U' B',L[5477] U2[5693] L'[5810] U'[6095] B[6598] U'[6816] B'[6989],false,true,2389,877,1512,6989,7,7,8,4.63,F2L Slot 3,U2 B' U B U2 B' U B,U2[7804] B'[8175] U[8234] B[8387] U2[8671] B'[8868] U[8963] B[9110],false,true,2121,1186,935,9110,8,8,10,8.56,F2L Slot 4,U F U2 F' U F U' F',U[9784] F[10049] U2[10252] F'[10334] U[10628] F[10745] U'[10815] F'[10909],false,true,1799,939,860,10909,8,8,9,9.3,OLL,F U2 F2' L F L' U2 F' L F L',F[12121] U2[12732] F2'[13138] L[13175] F[13271] L'[13854] U2[14201] F'[14310] L[14400] F[14501] L'[14792],false,true,3883,1212,2671,14792,11,11,14,4.12,PLL,U L F U' F' U' F U F' L' F U F' U' F' L F L' U2,U[15570] L[15941] F[16159] U'[16237] F'[16352] U'[16459] F[16575] U[16647] F'[16726] L'[16785] F[16884] U[17005] F'[17074] U'[17167] F'[17300] L[17355] F[17416] L'[17627] U2[17899],false,true,3107,1149,1958,17899,19,19,20,9.7,,,,,,,,,,,,,,,,,,,,,,,,,,,,21,FL->FR 9,"[FL,BL]->FR 38",13,1,Y,,
13861bea-ca3e-4873-8d6d-b1c4730f18cc,2023-08-29 17:59:07 UTC,false,18820,CFOP,Gan Smart Cube,Gan i Carry,Gan 356i,Jacob Pfeifer,false,false,10763,18820,,R'[0] B[323] D[547] R'[1120] D[1488] B[2523] L'[2698] B'[2861] L'[3084] F[3227] L'[3383] F'[3522] L'[3660] B[3990] L'[4194] B'[4352] L[5560] L[5649] F'[5843] L'[5972] F[6065] L'[6308] D'[6679] L[6789] D[6913] L'[7980] F'[8505] L[8628] L[8717] F[8813] L'[8987] B'[9195] L'[9549] B[9701] L'[10502] U[10895] L[10996] U'[11144] U[11283] L[11402] U'[11509] L[11913] U[12032] L'[12116] U'[12180] U[12939] L[13024] U'[13118] L[13199] U[13426] L'[13548] U'[13636] L'[13952] U'[14062] F[14132] U[14207] F'[14417] U'[16569] F[16612] U'[16851] B[17010] B[17519] U[17751] F'[17850] U'[17984] B[18155] B[18385] U[18537] U[18611] L[18774] L[18820],cube,,Playground,custom_rules,U' B' U2 D2 F' D' R L U2 D2 B D B2 U2 B2 L2 U' L2 B2 D2,random_state,custom_rules,,,,8,LU,0,0,18820,65,65,71,3.45,8223,10597,"",0,Cross,z D' B L D' L,z[0] D'[0] B[323] L[547] D'[1120] L[1488],false,true,1488,0,1488,1488,5,5,5,3.36,F2L Slot 1,B U' B' U' F U' F' U' B U' B',B[2523] U'[2698] B'[2861] U'[3084] F[3227] U'[3383] F'[3522] U'[3660] B[3990] U'[4194] B'[4352],false,true,2864,1035,1829,4352,11,11,11,6.01,F2L Slot 2,U2 F' U' F U' L' U L,U2[5649] F'[5843] U'[5972] F[6065] U'[6308] L'[6679] U[6789] L[6913],false,true,2561,1491,1070,6913,8,8,9,7.48,F2L Slot 3,U' F' U2 F U' B' U' B,U'[7980] F'[8505] U2[8717] F[8813] U'[8987] B'[9195] U'[9549] B[9701],false,true,2788,1592,1196,9701,8,8,9,6.69,F2L Slot 4,U' R U R' R U R' U R U' R',U'[10502] R[10895] U[10996] R'[11144] R[11283] U[11402] R'[11509] U[11913] R[12032] U'[12116] R'[12180],false,true,2479,1194,1285,12180,11,11,11,8.56,OLL,R U R' U R U' R' U' R' F R F',R[12939] U[13024] R'[13118] U[13199] R[13426] U'[13548] R'[13636] U'[13952] R'[14062] F[14132] R[14207] F'[14417],false,true,2237,759,1478,14417,12,12,12,8.12,PLL,R' F R' B2 R F' R' B2 R2 U2,R'[16569] F[16612] R'[16851] B2[17519] R[17751] F'[17850] R'[17984] B2[18385] R2[18611] U2[18820],false,true,4403,2152,2251,18820,10,10,14,4.44,,,,,,,,,,,,,,,,,,,,,,,,,,,,68,BL->FR 11,"[FL,BR]->FR 4",13,38,Aa,,
caf44df6-6020-4c77-aceb-e01be016dac3,2023-08-29 18:00:08 UTC,false,20668,CFOP,Gan Smart Cube,Gan i Carry,Gan 356i,Jacob Pfeifer,false,false,22490,20668,,L'[0] D[226] B[672] U[965] L[1218] U[1386] F'[1766] F'[2007] U'[4847] B'[4991] U[5081] B'[6054] L[6533] B[6678] L'[6811] L'[6913] B'[7042] L[7167] B[7838] D'[8600] B'[8719] D[8810] B'[10626] B'[11228] R'[11933] B'[12031] R[12122] B[12222] R'[12285] B'[12348] R[12424] B'[13144] U[13946] R[14122] B[14260] R'[14329] B'[14390] U'[14509] R'[15173] R[15274] B[15411] L[15668] U[15791] R'[15868] U'[16013] L'[16210] U[16345] R[16505] U'[16743] B[18090] R[18334] R[18407] F[18641] D'[18970] B[19018] D'[19159] B'[19253] D[19369] F'[19490] R[19561] R[19695] U'[20507] B[20553] U[20668],cube,,Playground,custom_rules,R B' R B2 U' B' D2 R2 B' R F2 U2 F2 U L2 D B2 L2 D' R2 U2 B2,random_state,custom_rules,,,,8,BU,0,0,20668,59,59,64,2.85,12034,8634,"",0,Cross,x' L' B U F L F D2',x'[0] L'[0] B[226] U[672] F[965] L[1218] F[1386] D2'[2007],false,true,2007,0,2007,2007,7,7,8,3.49,F2L Slot 1,F' U' F,F'[4847] U'[4991] F[5081],false,true,3074,2840,234,5081,3,3,3,12.82,F2L Slot 2,U' L U L2' U' L,U'[6054] L[6533] U[6678] L2'[6913] U'[7042] L[7167],false,true,2086,1452,634,7167,6,6,7,9.46,F2L Slot 3,U B' U' B,U[7838] B'[8600] U'[8719] B[8810],false,true,1643,1433,210,8810,4,4,4,19.05,F2L Slot 4,U2' R' U' R U R' U' R,U2'[11228] R'[11933] U'[12031] R[12122] U[12222] R'[12285] U'[12348] R[12424],false,true,3614,3123,491,12424,8,8,9,16.29,OLL,U' F R U R' U' F' R' R U L F R' F' L' F R F',U'[13144] F[13946] R[14122] U[14260] R'[14329] U'[14390] F'[14509] R'[15173] R[15274] U[15411] L[15668] F[15791] R'[15868] F'[16013] L'[16210] F[16345] R[16505] F'[16743],false,true,4319,1522,2797,16743,18,18,18,6.44,PLL,U R2 D B' U B' U' B D' R2 F' U F,U[18090] R2[18407] D[18641] B'[18970] U[19018] B'[19159] U'[19253] B[19369] D'[19490] R2[19695] F'[20507] U[20553] F[20668],false,true,3925,1664,2261,20668,13,13,15,5.75,,,,,,,,,,,,,,,,,,,,,,,,,,,,12,BR->FR 93,"[BL,BR]->FR 12",29,39,Ga,,
f94221ea-d12b-453e-9062-d562ab1e1b72,2023-08-30 02:01:42 UTC,false,21455,CFOP,Gan Smart Cube,Gan i Carry,Gan 356i,Jacob Pfeifer,false,false,11337,21455,,U'[0] B[300] B[388] U[667] L[1019] U[1392] R[2689] D'[2798] R'[2919] D'[3037] R[3089] D'[3282] R'[3429] D[3485] R[3589] D'[3682] R'[3793] D[6006] D[6148] B[6700] D[6822] B'[6958] D[7280] B[7440] D'[7638] B'[7783] D[8547] D[8881] F[9194] D[9338] D[9443] F'[9836] D'[10043] F[10109] D[10267] F'[10540] D[11764] D[12023] L[12495] D[12593] D[12660] L'[12747] D[13043] D[13116] L[13185] D'[13259] L'[13357] D[14080] R'[15251] B[15601] B[15709] L[16001] B[16259] L'[16325] B[16373] R[16695] D[18012] D[18426] L[18744] D[18832] L'[18912] F[19952] F[20036] U'[20371] R[20438] D'[20574] R'[20732] D[20757] R'[20853] U[21073] F[21256] F[21297] D[21455],cube,,Playground,custom_rules,F U D B U2 D' L' D F' R' U' B2 L2 U' F2 U2 L2 U L2 D' F2 L2,random_state,custom_rules,,,,8,DB,0,0,21455,62,62,73,2.89,11513,9942,"",0,Cross,z2 D' B2 D R D,z2[0] D'[0] B2[388] D[667] R[1019] D[1392],false,true,1392,0,1392,1392,5,5,6,3.59,F2L Slot 1,L U' L' U' L U' L' U L U' L',L[2689] U'[2798] L'[2919] U'[3037] L[3089] U'[3282] L'[3429] U[3485] L[3589] U'[3682] L'[3793],false,true,2401,1297,1104,3793,11,11,11,9.96,F2L Slot 2,U2 B U B' U B U' B',U2[6148] B[6700] U[6822] B'[6958] U[7280] B[7440] U'[7638] B'[7783],false,true,3990,2907,1083,7783,8,8,9,7.39,F2L Slot 3,U2 F U2 F' U' F U F',U2[8881] F[9194] U2[9443] F'[9836] U'[10043] F[10109] U[10267] F'[10540],false,true,2757,1411,1346,10540,8,8,10,5.94,F2L Slot 4,U2 R U2 R' U2 R U' R',U2[12023] R[12495] U2[12660] R'[12747] U2[13116] R[13185] U'[13259] R'[13357],false,true,2817,1955,862,13357,8,8,11,9.28,OLL,U L' B2 R B R' B L,U[14080] L'[15251] B2[15709] R[16001] B[16259] R'[16325] B[16373] L[16695],false,true,3338,1894,1444,16695,8,8,9,5.54,PLL,U2 R U R' F2 D' L U' L' U L' D F2 U,U2[18426] R[18744] U[18832] R'[18912] F2[20036] D'[20371] L[20438] U'[20574] L'[20732] U[20757] L'[20853] D[21073] F2[21297] U[21455],false,true,4760,2049,2711,21455,14,14,17,5.16,,,,,,,,,,,,,,,,,,,,,,,,,,,,1,BR->FR 7,"[FL,BL]->FR 19",9,5,Gd,,
efa8297e-d560-4f3b-8960-437fc87e493d,2023-08-30 02:06:08 UTC,false,20770,CFOP,Gan Smart Cube,Gan i Carry,Gan 356i,Jacob Pfeifer,false,false,74642,20770,,D[0] U[34] L[641] D'[1243] D'[1550] U'[2513] F'[2622] L[2662] U[4239] B[4708] U[4895] B'[5114] U'[5628] L'[5801] U'[5976] L[6115] U[7201] U[8254] L[8791] U[9047] U[9182] L'[9369] U[9637] L[9872] U'[10063] L'[10343] U[11503] B[11877] U'[12031] B'[12128] U[12176] B[12295] U[12373] B'[12504] F'[13258] U[13329] F[13467] U'[13851] U'[14387] R[14520] U[14623] R'[14805] U[14874] R[14983] U'[15045] R'[15128] U[15914] R'[18603] F[18679] R[18824] U[18983] R'[19088] F'[19251] R[19366] F[19755] U'[19963] F'[20131] U[20700] U[20770],cube,,Playground,custom_rules,R' F L U2 F2 L F U' L' F U2 L2 U B2 R2 F2 U' L2 U B2 R2 U2,random_state,custom_rules,,,,8,UF,0,0,20770,55,55,59,2.65,11124,9646,"",1,Cross,D U L D2' U' F' L,D[0] U[34] L[641] D2'[1550] U'[2513] F'[2622] L[2662],false,true,2662,0,2662,2662,7,7,8,2.63,F2L Slot 1,U B U B' U' L' U' L,U[4239] B[4708] U[4895] B'[5114] U'[5628] L'[5801] U'[5976] L[6115],false,true,3453,2046,1407,6115,8,8,8,5.69,F2L Slot 2,U U L U2 L' U L U' L',U[7201] U[8254] L[8791] U2[9182] L'[9369] U[9637] L[9872] U'[10063] L'[10343],false,true,4228,2676,1552,10343,9,9,10,5.8,F2L Slot 3,U B U' B' U B U B',U[11503] B[11877] U'[12031] B'[12128] U[12176] B[12295] U[12373] B'[12504],false,true,2161,1534,627,12504,8,8,8,12.76,F2L Slot 4,F' U F U2' R U R' U R U' R',F'[13258] U[13329] F[13467] U2'[14387] R[14520] U[14623] R'[14805] U[14874] R[14983] U'[15045] R'[15128],false,true,2624,754,1870,15128,11,11,12,5.88,OLL,U R' F R U R' F' R F U' F',U[15914] R'[18603] F[18679] R[18824] U[18983] R'[19088] F'[19251] R[19366] F[19755] U'[19963] F'[20131],false,true,5003,3475,1528,20131,11,11,11,7.2,PLL,U2,U2[20770],true,true,639,639,0,20770,1,1,2,,,,,,,,,,,,,,,,,,,,,,,,,,,,,114,BR->FR 13,"[BL,BR]->FR 20",41,14,Solved,,
231c69ac-2083-4ca4-8f4a-2f6eef9b4fda,2023-08-30 02:07:20 UTC,false,19528,CFOP,Gan Smart Cube,Gan i Carry,Gan 356i,Jacob Pfeifer,false,false,29528,19528,,L[0] L[91] F'[266] R[994] B'[1205] R'[1357] D'[1659] L'[3023] U[3200] L[3519] U[4064] R'[4450] U[4559] U[4670] R[5123] R[5263] U[5479] R'[5749] U[6354] U[7080] U[7219] B'[7966] U[8069] B[8199] U'[8291] B'[8390] U'[8897] B[8987] U'[9282] U'[9510] B[9641] U'[9734] B'[9858] U[9903] B[9978] U[10051] B'[10185] U'[11111] U'[11439] R[12527] B[12685] U[12805] B'[12855] U'[12932] R'[13077] B[14002] U[14092] U[14152] B'[14221] U'[14402] B[14677] U'[14814] B'[14850] F'[16532] U[16681] B'[16800] U[17043] U[17231] F[17538] U'[17676] B[17713] F'[17992] U[18250] B'[18378] U[18504] U[18591] F[18911] U'[19039] B[19089] U[19528],cube,,Playground,custom_rules,U2 D R U R F' L' B' D' L' U2 R2 D' L2 B2 U' R2 U2 L2 D' L2 D2,random_state,custom_rules,,,,8,UF,0,0,19528,59,60,70,3.02,9190,10247,"",0,Cross,L2 F' R B' R' D',L2[91] F'[266] R[994] B'[1205] R'[1357] D'[1659],false,true,1568,0,1568,1659,6,6,7,3.83,F2L Slot 1,L' U L,L'[3023] U[3200] L[3519],false,true,1860,1364,496,3519,3,3,3,6.05,F2L Slot 2,U R' U2 R2 U R',U[4064] R'[4450] U2[4670] R2[5263] U[5479] R'[5749],false,true,2230,931,1299,5749,6,6,8,4.62,F2L Slot 3,U3 B' U B U' B' U' B,U3[7219] B'[7966] U[8069] B[8199] U'[8291] B'[8390] U'[8897] B[8987],false,true,3238,2217,1021,8987,8,8,10,7.84,F2L Slot 4,U2' B U' B' U B U B',U2'[9510] B[9641] U'[9734] B'[9858] U[9903] B[9978] U[10051] B'[10185],false,true,1198,654,544,10185,8,8,9,14.71,OLL,U2' R B U B' U' R' B U2 B' U' B U' B',U2'[11439] R[12527] B[12685] U[12805] B'[12855] U'[12932] R'[13077] B[14002] U2[14152] B'[14221] U'[14402] B[14677] U'[14814] B'[14850],false,true,4665,2342,2323,14850,14,14,16,6.03,PLL,F' U B' U2 F U' S R B' R2 F R' B R,F'[16532] U[16681] B'[16800] U2[17231] F[17538] U'[17676] S[17992] R[18250] B'[18378] R2[18591] F[18911] R'[19039] B[19089] R[19528],false,true,4678,1682,2996,19528,14,15,17,4.67,,,,,,,,,,,,,,,,,,,,,,,,,,,,5,FL->FR 2,"[BL,BR]->FR 6",20,16,Nb,,
cd28a9fa-70b2-4b48-94c0-682ce2336ed6,2023-08-30 02:03:21 UTC,false,22943,CFOP,Gan Smart Cube,Gan i Carry,Gan 356i,Jacob Pfeifer,false,false,10916,22943,,F'[0] L'[241] U[729] D'[771] F'[1443] B'[2018] D'[2404] B[2475] D[2623] B'[3276] L[3778] B[3935] L'[4227] B[4483] R[4848] B[5031] R'[5167] R'[5298] B'[5515] R[5632] R[6263] B[6358] R'[6457] B'[6502] R[6606] B[6697] R'[6871] U[6998] B[7891] U'[8218] U'[9820] B[9872] U[9987] B'[10095] U'[10185] B'[10291] U[10332] B[11614] B[11711] U'[12033] L[12108] U[12224] B[12361] U'[12434] B'[12522] L'[12657] B[12898] U[13147] B[14253] B[14357] U'[14739] B'[14870] U[14966] R[15479] R[15553] F[15825] D'[15981] B[16036] D[16268] B'[16348] D[16404] F'[16682] R[16765] R[16863] B[17164] B[17209] D[18695] B'[18845] D[18956] D'[19386] B[19996] D'[20183] R[21703] B'[21805] R[21909] B[22170] R[22324] B[22409] R[22576] B'[22661] R'[22766] B'[22845] R[22913] R[22943],cube,,Playground,custom_rules,U' F' U2 D' R B2 U2 D B U B2 U2 F2 B2 D' B2 D R2 U' L2 D2 L2,random_state,custom_rules,,,,8,BU,0,0,22943,75,76,84,3.27,7108,15835,"",0,Cross,z F' U' M D',z[0] F'[0] U'[241] M[771] D'[1443],false,true,1443,0,1443,1443,4,5,5,2.77,F2L Slot 1,U' L' U L U' F U F',U'[2018] L'[2404] U[2475] L[2623] U'[3276] F[3778] U[3935] F'[4227],false,true,2784,961,1823,4227,8,8,8,4.39,F2L Slot 2,U B U B2' U' B,U[4483] B[4848] U[5031] B2'[5298] U'[5515] B[5632],false,true,1405,621,784,5632,6,6,7,7.65,F2L Slot 3,B U B' U' B U B' R U R',B[6263] U[6358] B'[6457] U'[6502] B[6606] U[6697] B'[6871] R[6998] U[7891] R'[8218],false,true,2586,631,1955,8218,10,10,10,5.12,F2L Slot 4,R' U R U' R' U' R,R'[9820] U[9872] R[9987] U'[10095] R'[10185] U'[10291] R[10332],false,true,2114,1602,512,10332,7,7,7,13.67,OLL,U2 R' F R U R' U' F' U R,U2[11711] R'[12033] F[12108] R[12224] U[12361] R'[12434] U'[12522] F'[12657] U[12898] R[13147],false,true,2815,1701,1114,13147,10,10,11,8.98,PLL,U2 R' U' R B2 D L' U L U' L D' B2 U2 L U' L L' U L' B U' B U B U B U' B' U' B2,U2[14357] R'[14739] U'[14870] R[14966] B2[15553] D[15825] L'[15981] U[16036] L[16268] U'[16348] L[16404] D'[16682] B2[16863] U2[17209] L[18695] U'[18845] L[18956] L'[19386] U[19996] L'[20183] B[21703] U'[21805] B[21909] U[22170] B[22324] U[22409] B[22576] U'[22661] B'[22766] U'[22845] B2[22943],false,true,9796,1592,8204,22943,31,31,36,3.78,,,,,,,,,,,,,,,,,,,,,,,,,,,,8,BR->FR 93,"[FL,BL]->FR 58",6,40,Ab,,
c0a5a229-0989-48d7-ac23-7502603614a8,2023-08-30 02:12:32 UTC,false,19264,CFOP,Gan Smart Cube,Gan i Carry,Gan 356i,Jacob Pfeifer,false,false,9181,19264,,B'[0] B'[116] L'[646] F'[981] R'[1422] L'[2350] U'[3113] L[3248] U'[3387] L'[3514] F[4109] U'[4280] F'[4398] U[4844] F'[5204] U[5246] F[5370] U[5498] F'[5705] U[5846] F[6015] U[6256] U[6364] R'[7832] U[7927] R[8080] U[9036] F'[9940] U[9993] F[10114] B'[10529] U[10580] B[10731] U[11289] U[11418] F'[11746] U'[11855] F[11971] U[12089] U[12495] F'[12868] U[12916] F[13001] U[13620] B[14394] L'[14754] B'[15185] B'[15290] R[15428] B[15575] B[15648] L[15801] B'[15929] B'[15997] R'[16099] B[16152] U[16807] U[16916] F[17391] U'[17757] F[17799] U[18137] F[18316] U[18423] F[18600] U'[18686] F'[18816] U'[18978] F[19092] F[19155] U'[19264],cube,,Playground,custom_rules,R' B U' D2 L2 B D' B2 L' U' F2 D B2 U' F2 U R2 F2 D' L2 F2 B2,random_state,custom_rules,,,,8,UF,0,0,19264,62,62,71,3.22,7211,11937,"",0,Cross,B2' L' F' R' L',B2'[116] L'[646] F'[981] R'[1422] L'[2350],false,true,2234,0,2234,2350,5,5,6,2.24,F2L Slot 1,U' L U' L' F U' F',U'[3113] L[3248] U'[3387] L'[3514] F[4109] U'[4280] F'[4398],false,true,2048,898,1150,4398,7,7,7,6.09,F2L Slot 2,U F' U F U F' U F U2 R' U R,U[4844] F'[5204] U[5246] F[5370] U[5498] F'[5705] U[5846] F[6015] U2[6364] R'[7832] U[7927] R[8080],false,true,3682,806,2876,8080,12,12,13,4.17,F2L Slot 3,U F' U F B' U B,U[9036] F'[9940] U[9993] F[10114] B'[10529] U[10580] B[10731],false,true,2651,1860,791,10731,7,7,7,8.85,F2L Slot 4,U2 F' U' F U2 F' U F,U2[11418] F'[11746] U'[11855] F[11971] U2[12495] F'[12868] U[12916] F[13001],false,true,2270,1015,1255,13001,8,8,10,6.37,OLL,U B L' B2' R B2 L B2' R' B,U[13620] B[14394] L'[14754] B2'[15290] R[15428] B2[15648] L[15801] B2'[15997] R'[16099] B[16152],false,true,3151,1393,1758,16152,10,10,13,5.69,PLL,U2 F U' F U F U F U' F' U' F2 U',U2[16916] F[17391] U'[17757] F[17799] U[18137] F[18316] U[18423] F[18600] U'[18686] F'[18816] U'[18978] F2[19155] U'[19264],false,true,3112,1239,1873,19264,13,13,15,6.94,,,,,,,,,,,,,,,,,,,,,,,,,,,,44,BL->FR 22,"[FL,BR]->FR 56",11,49,Ua,,
01049269-c134-46f5-b77c-f9ff8abe3619,2023-08-30 02:13:29 UTC,false,23539,CFOP,Gan Smart Cube,Gan i Carry,Gan 356i,Jacob Pfeifer,false,false,18926,23539,,R[0] R[99] U[256] U[395] D'[1066] L'[1458] F'[1841] R[2110] F[2603] B[3221] B[3364] D'[3788] B'[4024] D[4177] D[4306] B[4706] D'[5012] B'[5196] U'[5773] B'[6019] U[6111] B[6251] U'[6782] B'[6931] U[6992] B[7120] U'[7295] B'[7572] U[7730] B'[8640] L'[9218] B[9288] L[9498] B'[9805] D'[10183] B[10286] D[10528] U[10909] B[11011] U'[11111] B[11158] U[11413] B[11658] U'[11718] B[12870] B[14510] L'[14980] D'[15297] B'[15537] D[15641] B[15774] D'[16305] B'[16448] D[16485] B[16590] L[16986] L'[17772] B'[18297] D'[18442] B[18489] D[18636] L[18908] B[19424] L[19712] U[19870] B[19981] U'[20038] B'[20101] L'[20265] B[20895] D[21749] U'[21757] D[21832] U'[21843] F'[21924] U'[22080] D[22081] D[22143] U'[22152] B'[22260] U'[22383] D[22383] L'[22539] L'[22628] U'[22742] D[22742] D[22837] U'[22845] R'[22957] R'[23104] D[23392] U'[23406] B'[23539],cube,,Playground,custom_rules,R2 D2 B R' L D2 B L' U' L U' R2 D R2 U' B2 D2 B2 U2 R2 D B2,random_state,custom_rules,,,,8,BU,0,0,23539,76,81,93,3.23,8655,14785,"",0,Cross,x' R2 F2 B' L' D' R D,x'[49] R2[99] F2[395] B'[1066] L'[1458] D'[1841] R[2110] D[2603],false,true,2504,0,2504,2603,7,7,9,2.8,F2L Slot 1,U2 B' U' B2 U B',U2[3364] B'[3788] U'[4024] B2[4306] U[4706] B'[5012],false,true,2409,1185,1224,5012,6,6,8,4.9,F2L Slot 2,U' F' U' F U F' U' F U F' U' F,U'[5196] F'[5773] U'[6019] F[6111] U[6251] F'[6782] U'[6931] F[6992] U[7120] F'[7295] U'[7572] F[7730],false,true,2718,761,1957,7730,12,12,12,6.13,F2L Slot 3,U' L' U L U' B' U B,U'[8640] L'[9218] U[9288] L[9498] U'[9805] B'[10183] U[10286] B[10528],false,true,2798,1488,1310,10528,8,8,8,6.11,F2L Slot 4,F U F' U F U F',F[10909] U[11011] F'[11111] U[11158] F[11413] U[11658] F'[11718],false,true,1190,381,809,11718,7,7,7,8.65,OLL,U U L' B' U' B U B' U' B U L L' U' B' U B L U L F U F' U' L',U[12870] U[14510] L'[14980] B'[15297] U'[15537] B[15641] U[15774] B'[16305] U'[16448] B[16485] U[16590] L[16986] L'[17772] U'[18297] B'[18442] U[18489] B[18636] L[18908] U[19424] L[19712] F[19870] U[19981] F'[20038] U'[20101] L'[20265],false,true,8547,3262,5285,20265,25,25,25,4.73,PLL,U S2 U' S2 U' S U2' S2 U2' S U',U[20895] S2[21843] U'[21924] S2[22152] U'[22260] S[22383] U2'[22628] S2[22845] U2'[23104] S[23406] U'[23539],false,true,3274,1578,1696,23539,11,16,24,6.49,,,,,,,,,,,,,,,,,,,,,,,,,,,,80,BR->FR 43,"[FL,BL]->FR 59",8,11,Z,,
9a6cc5f2-a343-4d3c-8b01-bacf61665de4,2023-08-30 02:09:22 UTC,false,17217,CFOP,Gan Smart Cube,Gan i Carry,Gan 356i,Jacob Pfeifer,false,false,22553,17217,,L'[0] B'[214] L[368] D'[710] R[1290] R[1398] R[1868] D[1992] R'[2109] D'[2361] R[2629] R[2731] D'[3080] R[3156] D[3344] R[4002] R[4144] F'[4674] R[4751] F[4943] R'[5665] R'[6364] R[7514] U'[7939] R'[8304] U[8437] B'[9479] R[9669] R[9735] B[9843] R'[9949] B'[10059] R[10113] B[10198] R'[11040] R'[11404] F'[12022] B[12152] U[12256] B[12448] U[12561] B'[12621] U'[12761] F[13219] B'[13242] B'[13402] D[13448] B[13602] D'[13809] R'[14759] R[14929] B'[15236] R'[15364] B[15436] U[15860] U[15946] L[16169] F'[16295] R[16366] F[16572] R'[16677] F[16722] L'[17018] U[17096] U[17150] R'[17217],cube,,Playground,custom_rules,R F2 R D2 F' R2 U2 F2 R' F U' R2 D2 L2 F2 L2 U L2 U' B2 R2 B2,random_state,custom_rules,,,,8,RU,0,0,17217,55,57,66,3.19,10031,7186,"",0,Cross,z' D' B' D R',z'[0] D'[0] B'[214] D[368] R'[710],false,true,710,0,710,710,4,4,4,5.63,F2L Slot 1,U3 R U' R' U2 R' U R,U3[1868] R[1992] U'[2109] R'[2361] U2[2731] R'[3080] U[3156] R[3344],false,true,2634,1282,1352,3344,8,8,11,5.92,F2L Slot 2,U2 F' U F,U2[4144] F'[4674] U[4751] F[4943],false,true,1599,1330,269,4943,4,4,5,14.87,F2L Slot 3,U2' U L' U' L,U2'[6364] U[7514] L'[7939] U'[8304] L[8437],false,true,3494,2996,498,8437,5,5,6,10.04,F2L Slot 4,B' U2 B U' B' U B,B'[9479] U2[9735] B[9843] U'[9949] B'[10059] U[10113] B[10198],false,true,1761,1042,719,10198,7,7,8,9.74,OLL,U2' S U B U B' U' S' B' R B R',U2'[11404] S[12152] U[12256] B[12448] U[12561] B'[12621] U'[12761] S'[13242] B'[13402] R[13448] B[13602] R'[13809],false,true,3611,1954,1657,13809,12,14,15,7.24,PLL,U' U B' U' B L2 D F' U F U' F D' L2 U',U'[14759] U[14929] B'[15236] U'[15364] B[15436] L2[15946] D[16169] F'[16295] U[16366] F[16572] U'[16677] F[16722] D'[17018] L2[17150] U'[17217],false,true,3408,1427,1981,17217,15,15,17,7.57,,,,,,,,,,,,,,,,,,,,,,,,,,,,46,BR->FR 5,"[BL,BR]->FR 12",10,19,Gb,,
b17c2fb4-df13-4679-a217-cef65dd4a113,2023-08-30 02:10:30 UTC,false,12937,CFOP,Gan Smart Cube,Gan i Carry,Gan 356i,Jacob Pfeifer,false,false,29210,12937,,R[0] F'[306] D'[545] F'[791] D[883] D[985] F[1108] F[1242] D[1355] F'[1558] D[2084] B'[2403] D[2458] B[2616] D'[2829] L'[3265] D[3340] L[3489] D'[4866] F'[5321] D'[5430] F[5532] D'[5686] L[6107] D[6233] L'[6412] R[7112] D'[7281] R'[7399] D'[7535] R[7669] D'[7798] R'[7899] D[7961] B'[8275] D'[8361] B[8444] L[9071] B[9206] D[9333] B'[9378] D'[9447] L'[9594] D'[10217] B[10877] B[10964] D[11181] B[11368] D[11471] B'[11516] D'[11626] B'[11830] D'[11943] B'[12176] D[12262] B'[12775] D'[12937],cube,,Playground,custom_rules,U2 R2 B R2 D' R' F2 L D' R' F2 R2 D2 B2 U F2 B2 D2 L2 U R2 D,random_state,custom_rules,3,0,0,8,DB,0,0,12937,54,54,57,4.17,5859,7078,"",0,Cross,z2 L F',z2[0] L[0] F'[306],false,true,306,0,306,306,2,2,2,6.54,F2L Slot 1,U' F' U2 F2 U F',U'[545] F'[791] U2[985] F2[1242] U[1355] F'[1558],false,true,1252,485,767,1558,6,6,8,7.82,F2L Slot 2,U B' U B U' R' U R,U[2084] B'[2403] U[2458] B[2616] U'[2829] R'[3265] U[3340] R[3489],false,true,1931,845,1086,3489,8,8,8,7.37,F2L Slot 3,U' F' U' F U' R U R',U'[4866] F'[5321] U'[5430] F[5532] U'[5686] R[6107] U[6233] R'[6412],false,true,2923,1832,1091,6412,8,8,8,7.33,F2L Slot 4,L U' L' U' L U' L' U B' U' B,L[7112] U'[7281] L'[7399] U'[7535] L[7669] U'[7798] L'[7899] U[7961] B'[8275] U'[8361] B[8444],false,true,2032,700,1332,8444,11,11,11,8.26,OLL,R B U B' U' R',R[9071] B[9206] U[9333] B'[9378] U'[9447] R'[9594],false,true,1150,627,523,9594,6,6,6,11.47,PLL,U' B2 U B U B' U' B' U' B' U B' U',U'[10217] B2[10964] U[11181] B[11368] U[11471] B'[11516] U'[11626] B'[11830] U'[11943] B'[12176] U[12262] B'[12775] U'[12937],false,true,3343,1370,1973,12937,13,13,14,6.59,,,,,,,,,,,,,,,,,,,,,,,,,,,,2,BL->FR 71,"[FL,BR]->FR 41",41,45,Ub,,
37291ecc-99c2-49b3-8e40-663c80af933e,2023-08-30 02:15:14 UTC,false,22970,CFOP,Gan Smart Cube,Gan i Carry,Gan 356i,Jacob Pfeifer,false,false,11971,22970,,D'[0] L[154] U'[665] B[1108] R[1532] L'[2078] U[2585] F'[2740] U'[2850] F'[3007] U[3224] F[3558] U'[4104] F'[4371] R[4783] F'[5026] R'[5206] F'[5673] L[5937] F[6131] L'[6373] F[6526] F[6663] L[6833] F'[7046] L'[7385] F[7599] U[7998] F'[8107] U'[8211] F'[8315] U[8393] F'[8532] U'[8676] F[8765] U[8915] F'[9051] U'[9222] F[10305] F'[10880] L'[11251] F'[11380] L[11489] F[11614] F[11684] L'[12080] F[12130] L[12245] F[12907] R[13657] U'[13883] R'[16309] R'[16508] D[17073] R[17279] R[17352] U[17509] R'[17628] R'[17704] D'[18105] R[18337] F[19753] F[20195] L'[21210] F[21259] L'[21378] F'[21794] D'[22006] L'[22116] D[22179] D[22253] F'[22307] D'[22408] F[22454] D'[22532] L[22706] D[22785] L[22970],cube,,Playground,custom_rules,F D R' L B' U' D F2 D' F L2 B2 D2 R2 U L2 U' B2 U F2 R2 L2,random_state,custom_rules,,,,8,FU,0,0,22970,71,71,78,3.09,8165,14805,"",0,Cross,x F' L B' D R L',x[0] F'[0] L[154] B'[665] D[1108] R[1532] L'[2078],false,true,2078,0,2078,2078,6,6,6,2.89,F2L Slot 1,B U' B' U' B U B' U' R U' R',B[2585] U'[2740] B'[2850] U'[3007] B[3224] U[3558] B'[4104] U'[4371] R[4783] U'[5026] R'[5206],false,true,3128,507,2621,5206,11,11,11,4.2,F2L Slot 2,U' L U L' U2 L U' L',U'[5673] L[5937] U[6131] L'[6373] U2[6663] L[6833] U'[7046] L'[7385],false,true,2179,731,1448,7385,8,8,9,5.52,F2L Slot 3,U B U' B' U' B U' B' U B U' B',U[7599] B[7998] U'[8107] B'[8211] U'[8315] B[8393] U'[8532] B'[8676] U[8765] B[8915] U'[9051] B'[9222],false,true,1837,613,1224,9222,12,12,12,9.8,F2L Slot 4,U U' L' U' L U2 L' U L,U[10305] U'[10880] L'[11251] U'[11380] L[11489] U2[11684] L'[12080] U[12130] L[12245],false,true,3023,2029,994,12245,9,9,10,9.05,OLL,U R B' R2' F R2 B R2' F' R,U[12907] R[13657] B'[13883] R2'[16508] F[17073] R2[17352] B[17509] R2'[17704] F'[18105] R[18337],false,true,6092,1412,4680,18337,10,10,13,2.14,PLL,U2 L' U L' U' F' L' F2 U' F' U F' L F L,U2[20195] L'[21210] U[21259] L'[21378] U'[21794] F'[22006] L'[22116] F2[22253] U'[22307] F'[22408] U[22454] F'[22532] L[22706] F[22785] L[22970],false,true,4633,2873,1760,22970,15,15,17,8.52,,,,,,,,,,,,,,,,,,,,,,,,,,,,95,BL->FR 15,"[FL,BR]->FR 1",11,49,V,,
9f5c9586-4f15-4d15-8db5-bebfd9d6bfa0,2023-08-30 02:16:54 UTC,false,19144,CFOP,Gan Smart Cube,Gan i Carry,Gan 356i,Jacob Pfeifer,false,false,8487,19144,,R[0] F'[302] F'[422] B'[797] L[907] B[1071] D'[2452] B'[2943] D'[3055] B[3148] D[3250] B'[3414] D'[3529] B[3636] R'[4188] D'[4417] R[4492] L[5404] D'[5578] L'[5646] L'[6051] D[6122] D[6205] L[6295] D[6924] B'[7702] D[7776] B[7927] L[8808] D'[8932] L'[9076] D'[10495] D'[10982] B[11155] D'[11263] B'[11374] D[11435] B[11536] D'[11602] B'[11698] D'[12384] D'[13013] F[14261] L[14580] B'[14922] L[15000] B[15125] L'[15225] B'[15350] L[15422] B[15502] L[15774] L[15851] F'[15961] D'[17148] B[17305] B[17381] U'[17673] L[17737] D'[17866] L[17989] D[18137] L'[18214] U[18387] B[18515] B[18556] R[18977] D'[19056] R'[19144],cube,,Playground,custom_rules,L D' R' B2 U R F R' L2 B2 D' L2 U D2 B2 L2 D' L2 F2 U' R2 F2,random_state,custom_rules,,,,8,DB,0,0,19144,61,61,69,3.19,9727,9417,"",0,Cross,z2 L F2' B' R B,z2[0] L[0] F2'[422] B'[797] R[907] B[1071],false,true,1071,0,1071,1071,5,5,6,4.67,F2L Slot 1,U' B' U' B U B' U' B L' U' L,U'[2452] B'[2943] U'[3055] B[3148] U[3250] B'[3414] U'[3529] B[3636] L'[4188] U'[4417] L[4492],false,true,3421,1872,1549,4492,11,11,11,7.1,F2L Slot 2,R U' R2' U2 R U B' U B,R[5404] U'[5578] R2'[6051] U2[6205] R[6295] U[6924] B'[7702] U[7776] B[7927],false,true,3435,912,2523,7927,9,9,11,3.57,F2L Slot 3,R U' R',R[8808] U'[8932] R'[9076],false,true,1149,881,268,9076,3,3,3,11.19,F2L Slot 4,U2' B U' B' U B U' B',U2'[10982] B[11155] U'[11263] B'[11374] U[11435] B[11536] U'[11602] B'[11698],false,true,2622,2079,543,11698,8,8,9,14.73,OLL,U2' F R B' R B R' B' R B R2 F',U2'[13013] F[14261] R[14580] B'[14922] R[15000] B[15125] R'[15225] B'[15350] R[15422] B[15502] R2[15851] F'[15961],false,true,4263,2563,1700,15961,12,12,14,7.06,PLL,U' B2 D' R U' R U R' D B2 L U' L',U'[17148] B2[17381] D'[17673] R[17737] U'[17866] R[17989] U[18137] R'[18214] D[18387] B2[18556] L[18977] U'[19056] L'[19144],false,true,3183,1420,1763,19144,13,13,15,7.37,,,,,,,,,,,,,,,,,,,,,,,,,,,,142,BR->FR 82,"[FL,BL]->FR 21",26,54,Gc,,
18687f3c-d9b3-4f7e-96eb-b3bce9a448df,2023-08-30 02:18:04 UTC,false,28470,CFOP,Gan Smart Cube,Gan i Carry,Gan 356i,Jacob Pfeifer,false,false,25062,28470,,F[0] R'[248] F[419] U[869] L'[1293] B[1348] L[1536] U'[3069] U'[3337] B[3776] U'[4026] B'[4199] U[4304] L[4821] U'[5127] L'[5319] U[5833] U[6439] F[6943] U[7232] F'[7419] F'[7564] U'[7839] F[8018] U[8697] U[9145] F[9276] U'[9386] F'[9511] U'[9647] F[9773] U'[9923] F'[10108] U'[10370] B[10657] U'[10872] B'[11104] U'[11927] F[12080] U'[12179] F'[12278] U'[12376] F[12442] U'[12552] F'[12645] U[12673] F[12760] U'[12811] F'[12905] U[14480] L[14776] F[15227] U[15405] U[16003] F'[16181] U'[16287] F[16444] F'[16628] F[17212] F'[17867] L'[19205] U[19686] U[19800] L[20172] U[20263] L'[20325] U'[21137] U'[21392] B[21984] L[22192] U[22335] L'[22407] U'[22482] B'[22637] U'[23272] U'[23506] L[23621] L[23716] D[23796] L'[24032] U[24140] U[24255] L[24339] D'[24672] L'[25023] U[25072] U[25130] L'[25247] U[25987] L[26200] U[26282] L'[26349] U'[26417] L'[26673] B[26708] L[26795] L[26847] U'[26896] L'[26984] U'[27077] L[27174] U[27245] L'[27305] B'[27359] L'[27553] L'[27602] L[27902] L[28125] U[28470],cube,,Playground,custom_rules,R2 D L D2 R' D F' B' R' U' L2 D2 R2 U' R2 D B2 D2 L2 B2 U L2,random_state,custom_rules,4,0,0,8,UF,0,0,28470,95,95,109,3.34,8922,19548,"",0,Cross,F R' F U L' B L,F[0] R'[248] F[419] U[869] L'[1293] B[1348] L[1536],false,true,1536,0,1536,1536,7,7,7,4.56,F2L Slot 1,U2' B U' B' U L U' L',U2'[3337] B[3776] U'[4026] B'[4199] U[4304] L[4821] U'[5127] L'[5319],false,true,3783,2240,1543,5319,8,8,9,5.18,F2L Slot 2,U2 F U F2' U' F,U2[6439] F[6943] U[7232] F2'[7564] U'[7839] F[8018],false,true,2699,1624,1075,8018,6,6,8,5.58,F2L Slot 3,U2 F U' F' U' F U' F' U' B U' B',U2[9145] F[9276] U'[9386] F'[9511] U'[9647] F[9773] U'[9923] F'[10108] U'[10370] B[10657] U'[10872] B'[11104],false,true,3086,1258,1828,11104,12,12,13,6.56,F2L Slot 4,U' F U' F' U' F U' F' U F U' F',U'[11927] F[12080] U'[12179] F'[12278] U'[12376] F[12442] U'[12552] F'[12645] U[12673] F[12760] U'[12811] F'[12905],false,true,1801,976,825,12905,12,12,12,14.55,OLL,U L F U2 F' U' F F' F F' L' U2 L U L' U2' B L U L' U' B' U2' L2 D L' U2 L D' L' U2 L',U[14480] L[14776] F[15227] U2[16003] F'[16181] U'[16287] F[16444] F'[16628] F[17212] F'[17867] L'[19205] U2[19800] L[20172] U[20263] L'[20325] U2'[21392] B[21984] L[22192] U[22335] L'[22407] U'[22482] B'[22637] U2'[23506] L2[23716] D[23796] L'[24032] U2[24255] L[24339] D'[24672] L'[25023] U2[25130] L'[25247],false,true,12342,1871,10471,25247,32,32,39,3.06,PLL,U L U L' U' L' B L2 U' L' U' L U L' B' L2' L2 U,U[25987] L[26200] U[26282] L'[26349] U'[26417] L'[26673] B[26708] L2[26847] U'[26896] L'[26984] U'[27077] L[27174] U[27245] L'[27305] B'[27359] L2'[27602] L2[28125] U[28470],false,true,3223,953,2270,28470,18,18,21,7.93,,,,,,,,,,,,,,,,,,,,,,,,,,,,144,BL->FR 93,"[FL,BR]->FR 1",1,21,T,,
75326ea2-c2dd-4190-8f46-2fecea39310b,2023-08-30 02:21:50 UTC,false,25247,CFOP,Gan Smart Cube,Gan i Carry,Gan 356i,Jacob Pfeifer,false,false,24412,25247,,F'[0] F'[94] B[546] D'[915] R[1080] D[1576] U'[2358] U'[2430] L[2849] U'[3438] L'[3577] U[3888] U[3988] R'[4348] U[4466] R[4819] F[6631] U'[6706] F'[6843] U'[6974] F[7186] F'[7541] U[8780] L[9235] U'[9389] L'[9541] L[10618] U[10814] U[10895] L'[11018] U'[11178] F'[11704] U'[11916] F[12116] F[12521] U[12608] F'[12659] U'[12730] F[12800] U[12898] F'[12992] L[13137] U[13310] L'[13576] U'[14200] F[14398] U[14493] F'[14560] U[15257] B'[16215] B[16473] B[17229] L[17405] F'[17519] L[17561] F[17746] L[17900] L[18393] B'[18590] B'[18887] R'[19156] F[19291] R'[19440] F'[19567] R[19630] R[19709] B[19827] U'[20897] U[21470] U'[21732] F[23166] R'[23458] F[23587] L[23736] L[23933] F'[24125] R[24187] F[24293] L[24426] L[24617] F'[24949] F'[25095] U[25142] U[25247],cube,,Playground,custom_rules,L2 B U L' D2 F L2 U' R' B2 R2 U L2 U' B2 L2 D' F2 D' F2 L2 D2,random_state,custom_rules,,,,8,UF,0,0,25247,72,72,84,2.85,9306,15847,"",0,Cross,F2' B D' R D,F2'[94] B[546] D'[915] R[1080] D[1576],false,true,1482,0,1482,1576,5,5,6,3.37,F2L Slot 1,U2' L U' L' U2 R' U R,U2'[2430] L[2849] U'[3438] L'[3577] U2[3988] R'[4348] U[4466] R[4819],false,true,3243,1273,1970,4819,8,8,10,4.06,F2L Slot 2,F U' F' U' F F' U L U' L' L U2 L' U' F' U' F,F[6631] U'[6706] F'[6843] U'[6974] F[7186] F'[7541] U[8780] L[9235] U'[9389] L'[9541] L[10618] U2[10895] L'[11018] U'[11178] F'[11704] U'[11916] F[12116],false,true,7297,1812,5485,12116,17,17,18,3.1,F2L Slot 3,F U F' U' F U F' L U L',F[12521] U[12608] F'[12659] U'[12730] F[12800] U[12898] F'[12992] L[13137] U[13310] L'[13576],false,true,1460,405,1055,13576,10,10,10,9.48,F2L Slot 4,U' F U F',U'[14200] F[14398] U[14493] F'[14560],false,true,984,822,162,14560,4,4,4,24.69,OLL,U B' B B L F' L F L2 B2' R' F R' F' R2 B,U[15257] B'[16215] B[16473] B[17229] L[17405] F'[17519] L[17561] F[17746] L2[18393] B2'[18887] R'[19156] F[19291] R'[19440] F'[19567] R2[19709] B[19827],false,true,5267,1655,3612,19827,16,16,19,4.43,PLL,U' U U' F R' F L2 F' R F L2 F2' U2,U'[20897] U[21470] U'[21732] F[23166] R'[23458] F[23587] L2[23933] F'[24125] R[24187] F[24293] L2[24617] F2'[25095] U2[25247],false,true,5420,3339,2081,25247,13,13,17,6.25,,,,,,,,,,,,,,,,,,,,,,,,,,,,79,BR->FR 89,"[FL,BL]->FR 58",14,18,Ab,,
f33114fc-f2af-4a80-be5c-1abc911a38ed,2023-08-30 02:19:56 UTC,false,16635,CFOP,Gan Smart Cube,Gan i Carry,Gan 356i,Jacob Pfeifer,false,false,10199,16635,,L'[0] B[115] B[204] U[647] R'[1103] F[1399] R'[1605] L[2180] L[2303] D'[2830] L[2938] D[3089] L'[3691] L'[3922] U[4029] L[4148] L[4244] U'[4353] L'[4515] B'[4993] L'[5157] B[5297] L[5470] L[5559] F'[6435] L'[6532] F[6578] L[6701] F'[6812] L'[6919] F[6977] L[7089] F'[7243] L'[7354] F[7411] L[8474] U'[8820] L'[8910] U[8965] L[9050] U'[9125] L'[9176] U[9234] L'[9842] U[9961] U[10029] R[10116] U'[10304] L[10449] L[10532] U[10575] R'[10857] U'[11323] L[11346] L[11378] U'[11521] L'[12679] L'[12932] U'[13378] L'[13525] U[13595] B[14166] B[14237] R[14500] D'[14637] L[14711] D[14893] L'[15374] D[15448] R'[16376] B[16580] B[16635],cube,,Playground,custom_rules,B' R U2 R2 L2 B D' F2 L U F2 B2 D L2 D F2 D' R2 F2 U' F2 R2,random_state,custom_rules,,,,8,LU,0,0,16635,61,61,72,3.67,7364,9271,"",0,Cross,z U' B2 R D' F D',z[0] U'[0] B2[204] R[647] D'[1103] F[1399] D'[1605],false,true,1605,0,1605,1605,6,6,7,3.74,F2L Slot 1,U2 L' U L,U2[2303] L'[2830] U[2938] L[3089],false,true,1484,1225,259,3089,4,4,5,15.44,F2L Slot 2,U2' R U2 R' U' B' U' B,U2'[3922] R[4029] U2[4244] R'[4353] U'[4515] B'[4993] U'[5157] B[5297],false,true,2208,940,1268,5297,8,8,10,6.31,F2L Slot 3,U2 F' U' F U F' U' F U F' U' F,U2[5559] F'[6435] U'[6532] F[6578] U[6701] F'[6812] U'[6919] F[6977] U[7089] F'[7243] U'[7354] F[7411],false,true,2114,1138,976,7411,12,12,13,12.3,F2L Slot 4,U R' U' R U R' U' R,U[8474] R'[8820] U'[8910] R[8965] U[9050] R'[9125] U'[9176] R[9234],false,true,1823,1409,414,9234,8,8,8,19.32,OLL,U' R2 D R' U2 R D' R' U2 R',U'[9842] R2[10029] D[10116] R'[10304] U2[10532] R[10575] D'[10857] R'[11323] U2[11378] R'[11521],false,true,2287,795,1492,11521,10,10,13,6.7,PLL,U2' R' U' R B2 D L' U L U' L D' B2,U2'[12932] R'[13378] U'[13525] R[13595] B2[14237] D[14500] L'[14637] U[14711] L[14893] U'[15374] L[15448] D'[16376] B2[16635],false,true,5114,1857,3257,16635,13,13,16,3.99,,,,,,,,,,,,,,,,,,,,,,,,,,,,5,BR->FR 24,"[FL,BL]->FR 37",29,23,Gb,,
ebab6421-8621-45a9-9cce-6ad9845261e4,2023-08-30 02:22:56 UTC,false,23063,CFOP,Gan Smart Cube,Gan i Carry,Gan 356i,Jacob Pfeifer,false,false,29373,23063,,U'[0] F'[204] U'[674] F[1527] L'[1686] F[1946] F[2043] D'[3159] L'[3409] D'[3638] L[3777] D[4041] B'[4565] D[4681] B[4873] D'[5485] D'[5748] F[5897] D'[6077] F'[6234] F'[6353] D'[6541] F[6670] D'[8855] R'[9425] D[9496] R[9604] D[9880] D[9965] R'[10290] D[10371] R[10436] B[10930] D'[11049] B'[11168] D[11645] B[12058] D[12313] D[12647] B'[12777] B'[13235] L[13296] B[13389] L'[13585] D[14470] D[14612] F[14951] L[15092] B'[15223] L[15321] B[15714] L[15842] L[15946] F'[16096] D'[17988] F'[18211] D[18327] D[18414] F[18538] D[18759] D[18820] F[18919] L'[19021] F'[19153] L[19179] D[20608] F[21423] D[21599] D[21667] F'[21778] D[21961] D[22012] F[22134] L'[22215] F'[22337] D'[22437] F[22505] D[22627] F[22722] L[22934] F'[22984] F'[23063],cube,,Playground,custom_rules,U' D L2 B U2 R' F2 U R F2 U R2 D2 F2 B2 U' R2 D B2 U2 B2 U',random_state,custom_rules,,,,8,DB,0,0,23063,69,69,82,2.99,9249,13814,"",0,Cross,z2 D' F' D' F R' F2,z2[0] D'[0] F'[204] D'[674] F[1527] R'[1686] F2[2043],false,true,2043,0,2043,2043,6,6,7,2.94,F2L Slot 1,U' R' U' R U B' U B,U'[3159] R'[3409] U'[3638] R[3777] U[4041] B'[4565] U[4681] B[4873],false,true,2830,1366,1464,4873,8,8,8,5.46,F2L Slot 2,U2' F U' F2' U' F,U2'[5748] F[5897] U'[6077] F2'[6353] U'[6541] F[6670],false,true,1797,1024,773,6670,6,6,8,7.76,F2L Slot 3,U' L' U L U2 L' U L,U'[8855] L'[9425] U[9496] L[9604] U2[9965] L'[10290] U[10371] L[10436],false,true,3766,2755,1011,10436,8,8,9,7.91,F2L Slot 4,B U' B' U B U2 B2' R B R',B[10930] U'[11049] B'[11168] U[11645] B[12058] U2[12647] B2'[13235] R[13296] B[13389] R'[13585],false,true,3149,494,2655,13585,10,10,12,3.77,OLL,U2 F R B' R B R2 F' U' F' U2 F U2 F R' F' R,U2[14612] F[14951] R[15092] B'[15223] R[15321] B[15714] R2[15946] F'[16096] U'[17988] F'[18211] U2[18414] F[18538] U2[18820] F[18919] R'[19021] F'[19153] R[19179],false,true,5594,1366,4228,19179,17,17,21,4.02,PLL,U F U2 F' U2 F R' F' U' F U F R F2',U[20608] F[21423] U2[21667] F'[21778] U2[22012] F[22134] R'[22215] F'[22337] U'[22437] F[22505] U[22627] F[22722] R[22934] F2'[23063],false,true,3884,2244,1640,23063,14,14,17,8.54,,,,,,,,,,,,,,,,,,,,,,,,,,,,11,BL->FR 18,"[FL,BR]->FR 38",39,22,Ra,,
a2d492c2-5fd3-4ad1-9b18-8785dec21d85,2023-08-30 02:23:53 UTC,false,24622,CFOP,Gan Smart Cube,Gan i Carry,Gan 356i,Jacob Pfeifer,false,false,15656,24622,,D[0] B'[340] L'[551] F[905] F[1054] U'[2587] B[2803] U[3031] B'[3278] U[3594] U[3780] B[4065] U'[4269] B'[4569] U[4899] F[5289] U[5443] U[5593] F'[5907] U[6079] U[6230] R[6913] U[7103] R'[7403] U'[8042] U[9892] B[10580] F'[10660] L[10782] B'[11066] F[11090] U'[12599] F[12712] U[12834] F'[12965] U[13232] U[13322] L[13645] U[13860] L'[14151] U[14690] U[14791] F[15090] U'[15244] F'[15387] U[15431] U[15540] L'[15893] U'[16021] L[16091] U[16828] R[17167] B[17316] B[17434] L'[17635] B'[17795] L[17911] B'[18068] R'[18281] R'[21167] U[21292] L'[21410] U[21540] U[21630] R[21950] U'[22067] L[22106] R'[22349] U[22467] L'[22668] U[22905] U[23007] R[23340] U'[23441] L[23479] U[23824] U[23891] U'[24171] U'[24229] U'[24622],cube,,Playground,custom_rules,U' L U2 F2 B D L2 U' F2 L U D L2 U B2 U2 R2 B2 U2 L2 D' F2,random_state,custom_rules,,,,8,UF,0,0,24622,64,67,80,2.6,6523,18099,"",2,Cross,D B' L' F2 U' B U B' U2 B U' B' U F U2 F' U2 R U R' U' U S U S',D[0] B'[340] L'[551] F2[1054] U'[2587] B[2803] U[3031] B'[3278] U2[3780] B[4065] U'[4269] B'[4569] U[4899] F[5289] U2[5593] F'[5907] U2[6230] R[6913] U[7103] R'[7403] U'[8042] U[9892] S[10660] U[10782] S'[11090],false,true,11090,0,11090,11090,25,27,31,2.25,F2L Slot 1,,"",true,false,0,0,0,11090,0,0,0,0,F2L Slot 2,,"",true,false,0,0,0,11090,0,0,0,0,F2L Slot 3,U' F U F' U2 L U L',U'[12599] F[12712] U[12834] F'[12965] U2[13322] L[13645] U[13860] L'[14151],false,true,3061,1622,1439,14151,8,8,9,5.56,F2L Slot 4,U2 F U' F' U2 L' U' L,U2[14791] F[15090] U'[15244] F'[15387] U2[15540] L'[15893] U'[16021] L[16091],false,true,1940,939,1001,16091,8,8,10,7.99,OLL,U R B2 L' B' L B' R',U[16828] R[17167] B2[17434] L'[17635] B'[17795] L[17911] B'[18068] R'[18281],false,true,2190,1076,1114,18281,8,8,9,7.18,PLL,R' U L' U2 R U' M' B L' B2 R B' L B2 B3',R'[21167] U[21292] L'[21410] U2[21630] R[21950] U'[22067] M'[22349] B[22467] L'[22668] B2[23007] R[23340] B'[23441] L[23479] B2[23891] B3'[24622],false,true,6341,2886,3455,24622,15,16,21,4.34,,,,,,,,,,,,,,,,,,,,,,,,,,,,Solved,FL->FR Solved,"[FL,BL]->FR 8",23,6,Nb,,
8aae81ca-0855-4a32-9a02-110164b35df3,2023-08-30 02:24:55 UTC,false,17360,CFOP,Gan Smart Cube,Gan i Carry,Gan 356i,Jacob Pfeifer,false,false,29200,17360,,L'[0] B[75] L[241] D[515] R[819] B[1086] D[1576] L[2355] U'[2479] L'[2604] U[2665] L[2892] U[3018] U[3106] L'[3190] U'[5321] L[5634] U[5770] U[5852] L'[5966] L'[6288] U'[6494] L[6575] U[8048] R[8439] U'[8687] R'[8856] U[9151] U'[9626] L[9887] U'[10284] L'[10448] U'[10672] B[10845] U'[11095] B'[11274] B'[12372] U'[12495] B[12582] U[13163] F[13487] R[13638] R[13738] B'[13861] R'[13957] B[14081] R'[14220] F'[14407] U'[15136] U'[15401] B[15514] U[15630] B'[15684] R'[15786] B[15831] U[15982] B'[16038] U'[16467] B'[16628] R[16723] B[16818] B[16897] U'[16962] B'[17240] U[17306] U[17360],cube,,Playground,custom_rules,B D F' U' L' D2 B2 L B U F2 U' B2 U B2 R2 U L2 F2 U R2 U2,random_state,custom_rules,,,,8,UF,0,0,17360,59,59,66,3.4,6784,10576,"",0,Cross,L' B L D R B D,L'[0] B[75] L[241] D[515] R[819] B[1086] D[1576],false,true,1576,0,1576,1576,7,7,7,4.44,F2L Slot 1,L U' L' U L U2 L' U' L U2 L2' U' L,L[2355] U'[2479] L'[2604] U[2665] L[2892] U2[3106] L'[3190] U'[5321] L[5634] U2[5852] L2'[6288] U'[6494] L[6575],false,true,4999,779,4220,6575,13,13,16,3.08,F2L Slot 2,U R U' R',U[8048] R[8439] U'[8687] R'[8856],false,true,2281,1864,417,8856,4,4,4,9.59,F2L Slot 3,U U' L U' L' U' B U' B',U[9151] U'[9626] L[9887] U'[10284] L'[10448] U'[10672] B[10845] U'[11095] B'[11274],false,true,2418,1031,1387,11274,9,9,9,6.49,F2L Slot 4,B' U' B,B'[12372] U'[12495] B[12582],false,true,1308,1098,210,12582,3,3,3,14.29,OLL,U F R2 B' R' B R' F',U[13163] F[13487] R2[13738] B'[13861] R'[13957] B[14081] R'[14220] F'[14407],false,true,1825,905,920,14407,8,8,9,8.7,PLL,U2' B U B' R' B U B' U' B' R B2 U' B' U2,U2'[15401] B[15514] U[15630] B'[15684] R'[15786] B[15831] U[15982] B'[16038] U'[16467] B'[16628] R[16723] B2[16897] U'[16962] B'[17240] U2[17360],false,true,2953,1107,1846,17360,15,15,18,8.13,,,,,,,,,,,,,,,,,,,,,,,,,,,,165,FL->FR 21,"[FL,BL]->FR 60",12,6,Jb,,
856ad075-f96e-4976-875d-e99256ef36fb,2023-08-30 23:45:51 UTC,false,15309,CFOP,Gan Smart Cube,Gan i Carry,Gan 356i,Jacob Pfeifer,false,false,14107,15309,,D'[0] L'[162] L'[263] R[582] B'[772] U'[1046] R[1177] R[1265] U'[2258] L[2703] U[2913] L'[3137] L'[3589] U'[3976] L[4346] R[5662] U'[5872] R'[6029] U'[6297] B'[6695] U'[6917] B[7018] B[7148] U'[7343] B'[7520] U'[7722] F'[7996] U'[8264] F[8398] U'[8894] B[9065] U'[9237] B'[9769] U[9843] U[9951] R'[10279] U'[10381] R[10463] U'[11151] L'[11490] B[11576] B[11691] R[12170] B[12440] R'[12552] B[12616] L[12868] R'[13919] U[13971] L'[14123] U[14375] U[14439] R[14541] U'[14630] R'[14764] U[14841] U[14876] R[15048] L[15104] U'[15309],cube,,Playground,custom_rules,U' F D' B L' B R L U' D' F' U R2 F2 U' F2 U D L2 U' F2 R2,random_state,custom_rules,,,,8,UF,0,0,15309,52,52,60,3.4,5629,9680,"",0,Cross,D' L2' R B' U' R2,D'[0] L2'[263] R[582] B'[772] U'[1046] R2[1265],false,true,1265,0,1265,1265,6,6,8,4.74,F2L Slot 1,U' L U L2' U' L,U'[2258] L[2703] U[2913] L2'[3589] U'[3976] L[4346],false,true,3081,1438,1643,4346,6,6,7,3.65,F2L Slot 2,R U' R' U' B' U' B,R[5662] U'[5872] R'[6029] U'[6297] B'[6695] U'[6917] B[7018],false,true,2672,1316,1356,7018,7,7,7,5.16,F2L Slot 3,B U' B' U' F' U' F,B[7148] U'[7343] B'[7520] U'[7722] F'[7996] U'[8264] F[8398],false,true,1380,130,1250,8398,7,7,7,5.6,F2L Slot 4,U' B U' B' U2 R' U' R,U'[8894] B[9065] U'[9237] B'[9769] U2[9951] R'[10279] U'[10381] R[10463],false,true,2065,667,1398,10463,8,8,9,5.72,OLL,U' L' B2 R B R' B L,U'[11151] L'[11490] B2[11691] R[12170] B[12440] R'[12552] B[12616] L[12868],false,true,2405,1027,1378,12868,8,8,9,5.81,PLL,R' U L' U2 R U' R' U2 R L U',R'[13919] U[13971] L'[14123] U2[14439] R[14541] U'[14630] R'[14764] U2[14876] R[15048] L[15104] U'[15309],false,true,2441,1051,1390,15309,11,11,13,7.91,,,,,,,,,,,,,,,,,,,,,,,,,,,,141,BR->FR 18,"[FL,BL]->FR 23",23,5,Ja,,
5c2f14b6-a1d2-43e1-bbae-9a30fd1de58d,2023-08-30 23:46:45 UTC,false,19267,CFOP,Gan Smart Cube,Gan i Carry,Gan 356i,Jacob Pfeifer,false,false,20036,19267,,D'[0] B'[156] R[641] F'[826] R'[958] L'[1383] D'[2532] D'[3522] L'[3856] D[3975] L[4153] D[4512] D[4653] R[5015] D[5157] R'[5440] D[5675] L[5841] D'[5987] L'[6182] D'[6313] L[6387] D'[6571] L'[6757] B[7309] D'[7481] B'[7716] D'[7930] D'[8210] F[8377] D[8545] F'[8762] D[8871] R'[9289] D'[9572] R[9701] D'[10295] L[10466] D[10572] D[10647] L'[10726] D'[10808] L[10889] D[10990] L'[11061] D'[11968] D'[12264] R[12734] F'[12831] R'[12952] D'[13068] R[13203] F[13422] R'[13674] F'[14104] D[14235] F[14571] D'[15204] F'[15429] R[15652] F[15757] L'[15832] F'[15979] R'[16096] F[16148] L[16242] L[17807] B'[17921] L'[18014] F[18098] L[18265] B[18368] L'[18440] F'[18587] L[18645] B[18751] L'[18832] F[18878] L[18994] B'[19064] L'[19157] F'[19267],cube,,Playground,custom_rules,U B R L' U F' B' D L' F2 L B2 L2 U R2 U' R2 B2 D2 R2 B2,random_state,custom_rules,,,,8,DB,0,0,19267,78,78,82,4.05,7538,11729,"",0,Cross,z2 U' B' L F' L' R',z2[0] U'[0] B'[156] L[641] F'[826] L'[958] R'[1383],false,true,1383,0,1383,1383,6,6,6,4.34,F2L Slot 1,U' U' R' U R U2 L U L',U'[2532] U'[3522] R'[3856] U[3975] R[4153] U2[4653] L[5015] U[5157] L'[5440],false,true,4057,2473,1584,5440,9,9,10,5.68,F2L Slot 2,U R U' R' U' R U' R' B U' B',U[5675] R[5841] U'[5987] R'[6182] U'[6313] R[6387] U'[6571] R'[6757] B[7309] U'[7481] B'[7716],false,true,2276,401,1875,7716,11,11,11,5.87,F2L Slot 3,U2' F U F' U L' U' L,U2'[8210] F[8377] U[8545] F'[8762] U[8871] L'[9289] U'[9572] L[9701],false,true,1985,661,1324,9701,8,8,9,6.04,F2L Slot 4,U' R U2 R' U' R U R',U'[10295] R[10466] U2[10647] R'[10726] U'[10808] R[10889] U[10990] R'[11061],false,true,1360,765,595,11061,8,8,9,13.45,OLL,U2' L F' L' U' L F L' F' U F U' F' L F R' F' L' F R,U2'[12264] L[12734] F'[12831] L'[12952] U'[13068] L[13203] F[13422] L'[13674] F'[14104] U[14235] F[14571] U'[15204] F'[15429] L[15652] F[15757] R'[15832] F'[15979] L'[16096] F[16148] R[16242],false,true,5181,1673,3508,16242,20,20,21,5.7,PLL,R B' R' F R B R' F' R B R' F R B' R' F',R[17807] B'[17921] R'[18014] F[18098] R[18265] B[18368] R'[18440] F'[18587] R[18645] B[18751] R'[18832] F[18878] R[18994] B'[19064] R'[19157] F'[19267],false,true,3025,1565,1460,19267,16,16,16,10.96,,,,,,,,,,,,,,,,,,,,,,,,,,,,8,BR->FR 1,"[FL,BL]->FR 42",19,15,E,,
2a4ba957-f8ce-4e35-b522-e66f4f4f24dc,2023-08-30 23:48:03 UTC,false,20761,CFOP,Gan Smart Cube,Gan i Carry,Gan 356i,Jacob Pfeifer,false,false,24277,20761,,F'[0] L[62] D'[413] F'[613] D[736] R[1369] B'[1531] R'[1711] U'[2981] U'[3364] F'[4225] U'[4548] F[4687] U'[4979] F'[5308] U[5473] F[5659] U[5917] B[6098] U'[6318] B'[6567] L'[7072] U'[7304] L[7646] U'[8332] U'[9560] B'[10012] U'[10187] B[10342] U'[10577] L[10877] U[11082] L'[11304] U'[11507] B[11834] U'[12018] B'[12112] U[12200] B[12308] U[12425] B'[12574] U[13610] U[13722] F'[14080] U[14155] U[14249] F[14361] U[14578] U[14639] F[14747] R'[14885] F'[14997] R[15044] U[15608] B[15868] U[15999] B'[16053] U'[16169] B'[16309] R[16373] B[16428] B[16475] U'[16528] B'[16593] U'[16697] B[16791] U[16877] B'[16940] R'[17021] U[17395] U[17449] U'[17649] U[18252] B[18798] U'[18915] B[19055] U[19251] B[19423] U[19537] B[20062] U'[20190] B'[20339] U'[20484] B[20581] B[20634] U'[20761],cube,,Playground,custom_rules,U' L' U2 R' B L' B2 L U F' R2 U2 L2 B2 R2 L2 D' R2 F2 L2 F2 U',random_state,custom_rules,,,,8,UF,0,0,20761,79,79,86,3.81,8179,12582,"",0,Cross,F' L D' F' D R B' R',F'[0] L[62] D'[413] F'[613] D[736] R[1369] B'[1531] R'[1711],false,true,1711,0,1711,1711,8,8,8,4.68,F2L Slot 1,U2' F' U' F U' F' U F,U2'[3364] F'[4225] U'[4548] F[4687] U'[4979] F'[5308] U[5473] F[5659],false,true,3948,2514,1434,5659,8,8,9,5.58,F2L Slot 2,U B U' B' L' U' L,U[5917] B[6098] U'[6318] B'[6567] L'[7072] U'[7304] L[7646],false,true,1987,439,1548,7646,7,7,7,4.52,F2L Slot 3,U' U' B' U' B U' L U L',U'[8332] U'[9560] B'[10012] U'[10187] B[10342] U'[10577] L[10877] U[11082] L'[11304],false,true,3658,2366,1292,11304,9,9,9,6.97,F2L Slot 4,U' B U' B' U B U B',U'[11507] B[11834] U'[12018] B'[12112] U[12200] B[12308] U[12425] B'[12574],false,true,1270,530,740,12574,8,8,8,10.81,OLL,U2 F' U2 F U2 F R' F' R,U2[13722] F'[14080] U2[14249] F[14361] U2[14639] F[14747] R'[14885] F'[14997] R[15044],false,true,2470,1506,964,15044,9,9,12,9.34,PLL,U B U B' U' B' R B2 U' B' U' B U B' R' U2 U' U B U' B U B U B U' B' U' B2 U',U[15608] B[15868] U[15999] B'[16053] U'[16169] B'[16309] R[16373] B2[16475] U'[16528] B'[16593] U'[16697] B[16791] U[16877] B'[16940] R'[17021] U2[17449] U'[17649] U[18252] B[18798] U'[18915] B[19055] U[19251] B[19423] U[19537] B[20062] U'[20190] B'[20339] U'[20484] B2[20634] U'[20761],false,true,5717,824,4893,20761,30,30,33,6.13,,,,,,,,,,,,,,,,,,,,,,,,,,,,16,BR->FR 23,"[BL,BR]->FR 41",20,7,Ra,,
7f8e1b7a-9c93-4329-a042-3c7b752d7a20,2023-08-30 23:48:57 UTC,false,18369,CFOP,Gan Smart Cube,Gan i Carry,Gan 356i,Jacob Pfeifer,false,false,15005,18369,,F[0] D'[324] D'[466] L'[1507] B[3173] B[3261] L[3647] L[3706] B'[3955] U[4085] U[4158] B'[5462] D'[5852] B'[5975] D[6030] B[6123] D'[6263] B'[6375] D[6443] B[6702] D'[6993] B'[7133] D[7226] B'[8205] B'[8529] D[8774] B[9068] D'[9469] U[10726] B'[11035] U'[11179] B[11824] R[12302] B'[12572] R'[12747] B[12888] L'[13275] B'[13519] L[13572] B[13688] L'[13813] B'[13924] L[13975] B[14099] L'[14264] B'[14374] L[14422] B[15076] B[15183] R[15430] B[15531] R'[15582] B[15615] R[15790] B[15882] B[15931] R'[15981] B'[16747] U[16932] R[17045] B'[17106] R'[17211] B'[17296] R[17352] B[17436] R'[17506] U'[17559] R[17647] B[17770] R'[17821] B'[17891] R'[18078] U[18105] R[18181] U'[18369],cube,,Playground,custom_rules,R U' L B' R' L D F L2 U R2 U' F2 B2 L2 U' B2 D' B2 R2 U,random_state,custom_rules,,,,8,BU,0,0,18369,68,68,75,3.7,6986,11383,"",0,Cross,x' D B2' L' U2 L2 U' F2,x'[0] D[0] B2'[466] L'[1507] U2[3261] L2[3706] U'[3955] F2[4158],false,true,4158,0,4158,4158,7,7,11,1.68,F2L Slot 1,U' B' U' B U B' U' B U B' U' B,U'[5462] B'[5852] U'[5975] B[6030] U[6123] B'[6263] U'[6375] B[6443] U[6702] B'[6993] U'[7133] B[7226],false,true,3068,1694,1374,7226,12,12,12,8.73,F2L Slot 2,U2' B U B',U2'[8529] B[8774] U[9068] B'[9469],false,true,2243,1548,695,9469,4,4,5,5.76,F2L Slot 3,F U' F' U R U' R',F[10726] U'[11035] F'[11179] U[11824] R[12302] U'[12572] R'[12747],false,true,3278,1257,2021,12747,7,7,7,3.46,F2L Slot 4,U L' U' L U L' U' L U L' U' L,U[12888] L'[13275] U'[13519] L[13572] U[13688] L'[13813] U'[13924] L[13975] U[14099] L'[14264] U'[14374] L[14422],false,true,1675,528,1147,14422,12,12,12,10.46,OLL,U2 R U R' U R U2 R',U2[15183] R[15430] U[15531] R'[15582] U[15615] R[15790] U2[15931] R'[15981],false,true,1559,1008,551,15981,8,8,10,14.52,PLL,U' F R U' R' U' R U R' F' R U R' U' R' F R F',U'[16747] F[16932] R[17045] U'[17106] R'[17211] U'[17296] R[17352] U[17436] R'[17506] F'[17559] R[17647] U[17770] R'[17821] U'[17891] R'[18078] F[18105] R[18181] F'[18369],false,true,2388,951,1437,18369,18,18,18,12.53,,,,,,,,,,,,,,,,,,,,,,,,,,,,49,BR->FR 14,"[BL,BR]->FR 60",31,27,Y,,
0a044587-5a02-4a44-9f36-446286ebabd3,2023-08-30 23:50:01 UTC,false,17939,CFOP,Gan Smart Cube,Gan i Carry,Gan 356i,Jacob Pfeifer,false,false,29295,17939,,L'[0] B[146] B[258] F'[643] F'[917] R[1125] D'[1869] L'[2716] U[2821] U[2942] L[3154] L[3367] U[3722] L'[4075] U[4564] L'[5026] U[5133] U[5232] L[5387] R'[5915] U[6172] R[6441] L'[6872] U[6952] U[7046] L[7155] U'[7364] F[7777] U[7927] F'[8288] U[8711] U[8863] F'[9140] U'[9337] F[9427] U[9645] U[9746] F'[9929] U[10008] F[10123] F'[11555] B[11689] L[11811] B[11970] L[12080] B'[12139] L'[12257] B'[12386] U[12430] B[12526] U'[12760] F[12972] B'[13000] B[15457] U'[15644] B[15711] U[15913] B[16075] U[16740] B[17292] U'[17515] B'[17685] U'[17793] B[17897] B[17939],cube,,Playground,custom_rules,R2 D L' U B L U' R L U' R U F2 R2 B2 L2 D2 F2 B2 U' F2 D,random_state,custom_rules,,,,8,UF,0,0,17939,54,56,65,3.01,7104,10835,"",0,Cross,L' B2 F2' R D',L'[0] B2[258] F2'[917] R[1125] D'[1869],false,true,1869,0,1869,1869,5,5,7,2.68,F2L Slot 1,L' U2 L2 U L',L'[2716] U2[2942] L2[3367] U[3722] L'[4075],false,true,2206,847,1359,4075,5,5,7,3.68,F2L Slot 2,U L' U2 L R' U R,U[4564] L'[5026] U2[5232] L[5387] R'[5915] U[6172] R[6441],false,true,2366,951,1415,6441,7,7,8,4.95,F2L Slot 3,L' U2 L U' F U F',L'[6872] U2[7046] L[7155] U'[7364] F[7777] U[7927] F'[8288],false,true,1847,431,1416,8288,7,7,8,4.94,F2L Slot 4,U2 F' U' F U2 F' U F,U2[8863] F'[9140] U'[9337] F[9427] U2[9746] F'[9929] U[10008] F[10123],false,true,1835,852,983,10123,8,8,10,8.14,OLL,S U B U B' U' B' R B R' S',S[11689] U[11811] B[11970] U[12080] B'[12139] U'[12257] B'[12386] R[12430] B[12526] R'[12760] S'[13000],false,true,2877,1566,1311,13000,11,13,13,8.39,PLL,B U' B U B U B U' B' U' B2,B[15457] U'[15644] B[15711] U[15913] B[16075] U[16740] B[17292] U'[17515] B'[17685] U'[17793] B2[17939],false,true,4939,2457,2482,17939,11,11,12,4.43,,,,,,,,,,,,,,,,,,,,,,,,,,,,2,BR->FR 17,"[FL,BL]->FR 2",11,29,Ua,,
69e4411b-0d8c-46b7-8d22-996b375b680e,2023-08-30 23:50:37 UTC,false,14648,CFOP,Gan Smart Cube,Gan i Carry,Gan 356i,Jacob Pfeifer,false,false,5819,14648,,U[0] F[161] L[514] L[637] U'[1236] R[1313] U[1473] U'[2296] F[2438] U[2664] F[2897] L'[3333] F[3397] L[3512] L[3642] F'[3842] L'[4042] D'[4631] F'[4922] D[5121] R'[5983] F[6090] F[6228] R[6410] F'[6587] R'[6759] F[6869] R[7115] F'[7789] F'[8057] L[8186] F'[8317] L'[8446] F[8500] L[8602] F[8673] L'[8807] F[9489] L[9707] F[9823] L'[9902] F[9938] L[10129] F'[10529] D[10754] F'[10898] D'[11030] L'[11180] D'[12372] F[12461] F[12557] D'[12671] F'[12946] R'[13213] D'[13330] R[13372] R[13447] F'[13521] R'[13611] F[13660] R'[13765] D[13925] R[14067] F'[14206] D[14329] F'[14552] F'[14648],cube,,Playground,custom_rules,R U2 F U' D' B' L F' U2 D L' U' F2 U F2 U' L2 D' B2 U' F2 D,random_state,custom_rules,,,,8,FU,0,0,14648,60,60,67,4.1,4978,9670,"",0,Cross,x B U L2 B' R B,x[0] B[0] U[161] L2[637] B'[1236] R[1313] B[1473],false,true,1473,0,1473,1473,6,6,7,4.07,F2L Slot 1,B' U B U L' U L,B'[2296] U[2438] B[2664] U[2897] L'[3333] U[3397] L[3512],false,true,2039,823,1216,3512,7,7,7,5.76,F2L Slot 2,L U' L' F' U' F,L[3642] U'[3842] L'[4042] F'[4631] U'[4922] F[5121],false,true,1609,130,1479,5121,6,6,6,4.06,F2L Slot 3,R' U2 R U' R' U R,R'[5983] U2[6228] R[6410] U'[6587] R'[6759] U[6869] R[7115],false,true,1994,862,1132,7115,7,7,8,6.18,F2L Slot 4,U2' L U' L' U L U L',U2'[8057] L[8186] U'[8317] L'[8446] U[8500] L[8602] U[8673] L'[8807],false,true,1692,1071,621,8807,8,8,9,12.88,OLL,U L U L' U L U' F U' F' L',U[9489] L[9707] U[9823] L'[9902] U[9938] L[10129] U'[10529] F[10754] U'[10898] F'[11030] L'[11180],false,true,2373,900,1473,11180,11,11,11,7.47,PLL,F' U2 F' U' R' F' R2 U' R' U R' F R U' F U2',F'[12372] U2[12557] F'[12671] U'[12946] R'[13213] F'[13330] R2[13447] U'[13521] R'[13611] U[13660] R'[13765] F[13925] R[14067] U'[14206] F[14329] U2'[14648],false,true,3468,1192,2276,14648,16,16,19,7.03,,,,,,,,,,,,,,,,,,,,,,,,,,,,143,FL->FR 23,"[FL,BL]->FR 10",20,52,F,,
21c31035-c39c-4a8b-882d-c23a78617b8f,2023-08-30 23:51:49 UTC,false,21291,CFOP,Gan Smart Cube,Gan i Carry,Gan 356i,Jacob Pfeifer,false,false,24555,21291,,U[0] F'[368] B'[923] D[986] B[1152] L[1575] F[2013] F[2185] F'[4633] R[4737] F[5174] R[5449] B'[5807] R'[6116] B[6428] R'[6719] D[7044] R'[7265] D'[7655] R[8371] B[9279] R'[9826] B'[9984] R[10226] F[10492] R[10635] R[10763] F'[10914] R'[11136] R'[11527] D[11652] R[12345] D'[12537] F[13460] R[13642] F'[14138] R[14214] U'[14531] R'[14655] U[14727] R'[15451] R'[15708] D[16313] B[16643] U'[16943] B[16995] U[17102] B'[17195] U'[17340] B[17391] U[17468] B[17778] B[17873] D'[17999] R'[19309] U[19462] U[19541] L'[19778] B[19881] R'[20011] B[20127] R[20261] B'[20341] L[20537] U[20649] U[20717] F[21090] R'[21183] F'[21253] R[21291],cube,,Playground,custom_rules,F2 U' L U' F' U B' U' D2 R U2 B2 L2 U' R2 D2 R2 U' B2 U' L2 U',random_state,custom_rules,,,,8,RU,0,0,21291,63,63,70,2.96,7623,13668,"",0,Cross,z' L F' B' R B D F2,z'[0] L[0] F'[368] B'[923] R[986] B[1152] D[1575] F2[2185],false,true,2185,0,2185,2185,7,7,8,3.2,F2L Slot 1,F' U F U B' U' B,F'[4633] U[4737] F[5174] U[5449] B'[5807] U'[6116] B[6428],false,true,4243,2448,1795,6428,7,7,7,3.9,F2L Slot 2,U' R U' R' U B U' B',U'[6719] R[7044] U'[7265] R'[7655] U[8371] B[9279] U'[9826] B'[9984],false,true,3556,616,2940,9984,8,8,8,2.72,F2L Slot 3,U F U2 F' U2' R U R',U[10226] F[10492] U2[10763] F'[10914] U2'[11527] R[11652] U[12345] R'[12537],false,true,2553,508,2045,12537,8,8,10,3.91,F2L Slot 4,F U F' U L' U' L,F[13460] U[13642] F'[14138] U[14214] L'[14531] U'[14655] L[14727],false,true,2190,923,1267,14727,7,7,7,5.52,OLL,U2' R B L' B L B' L' B L B2 R',U2'[15708] R[16313] B[16643] L'[16943] B[16995] L[17102] B'[17195] L'[17340] B[17391] L[17468] B2[17873] R'[17999],false,true,3272,1586,1686,17999,12,12,14,7.12,PLL,U' L2 D' B U' B U B' D L2 F U' F' U,U'[19309] L2[19541] D'[19778] B[19881] U'[20011] B[20127] U[20261] B'[20341] D[20537] L2[20717] F[21090] U'[21183] F'[21253] U[21291],false,true,3292,1542,1750,21291,14,14,16,8.0,,,,,,,,,,,,,,,,,,,,,,,,,,,,6,BR->FR 96,"[BL,BR]->FR 19",36,54,Gc,,
2b894471-47ae-4f9f-afc0-d138d0d6002f,2023-08-30 23:52:32 UTC,false,18108,CFOP,Gan Smart Cube,Gan i Carry,Gan 356i,Jacob Pfeifer,false,false,10562,18108,,D'[0] B'[148] B'[409] R[890] R[1003] U[1402] L'[1554] U'[1734] F'[3241] F'[3667] R[3821] F[3967] R'[4313] F[4404] F[4493] L'[4834] F'[5221] L[5628] F[5924] F[6505] U[7050] F'[7194] U'[7311] F[7549] F[7652] D'[8113] F[8210] D[8457] U[9110] U'[9348] F[10337] R'[10876] R[11201] R'[11281] F'[11455] R[11538] F[11760] L[11927] F'[12018] L'[12101] F'[12213] L[12287] F'[12400] L'[12492] F[12525] L[12611] F'[12674] L'[12761] F'[13409] L[13598] F[13721] L'[13805] F'[13958] R[14177] L'[14336] U[14374] L[14528] U'[14654] R'[14786] F'[15851] L[16018] L[16112] B'[16407] U[16488] F'[16590] U[16729] F[16921] U'[17021] B[17217] L[17360] L[17406] D[17787] F'[17885] D'[17952] F'[18108],cube,,Playground,custom_rules,U' F U' L' U' R2 B2 D' L' D F2 L2 D2 B2 L2 B2 R2 D L2 F2,random_state,custom_rules,,,,8,FU,0,0,18108,66,67,75,3.64,6714,11394,"",0,Cross,x F' D2' R2 B L' B',x[0] F'[0] D2'[409] R2[1003] B[1402] L'[1554] B'[1734],false,true,1734,0,1734,1734,6,6,8,3.46,F2L Slot 1,U2' R U R' U2 L' U' L,U2'[3667] R[3821] U[3967] R'[4313] U2[4493] L'[4834] U'[5221] L[5628],false,true,3894,2087,1807,5628,8,8,10,4.43,F2L Slot 2,U2 B U' B' U2 F' U F,U2[6505] B[7050] U'[7194] B'[7311] U2[7652] F'[8113] U[8210] F[8457],false,true,2829,1422,1407,8457,8,8,10,5.69,F2L Slot 3,B B' U R' R R' U' R,B[9110] B'[9348] U[10337] R'[10876] R[11201] R'[11281] U'[11455] R[11538],false,true,3081,653,2428,11538,8,8,8,3.29,F2L Slot 4,U L U' L' U' L U' L' U L U' L',U[11760] L[11927] U'[12018] L'[12101] U'[12213] L[12287] U'[12400] L'[12492] U[12525] L[12611] U'[12674] L'[12761],false,true,1223,389,834,12761,12,12,12,14.39,OLL,U' L U L' U' M U L U' R' x,U'[13409] L[13598] U[13721] L'[13805] U'[13958] M[14336] U[14374] L[14528] U'[14654] R'[14786] x[15318],false,true,2025,837,1188,14786,10,11,11,8.42,PLL,U' L2 D' B U' B U B' D L2 F U' F' U',U'[15851] L2[16112] D'[16407] B[16488] U'[16590] B[16729] U[16921] B'[17021] D[17217] L2[17406] F[17787] U'[17885] F'[17952] U'[18108],false,true,3322,1326,1996,18108,14,14,16,7.01,,,,,,,,,,,,,,,,,,,,,,,,,,,,81,FL->FR 67,"[FL,BL]->FR 12",1,57,Gc,,
95d9393d-0509-4be7-9388-c204d57cec3b,2023-08-30 23:57:57 UTC,false,18021,CFOP,Gan Smart Cube,Gan i Carry,Gan 356i,Jacob Pfeifer,false,false,8402,18021,,D'[0] B'[151] L'[768] U'[937] F[1006] U[1126] B[1844] L[1947] B'[2049] L'[2089] B[2185] L[2279] B'[2394] L[2616] L[2705] D[3195] L[3308] D'[3515] L[3763] L[3841] U[4230] L'[4486] U'[4557] L[4804] F'[5398] L[5695] F[5815] F[7862] L[7972] L[8025] F'[8128] L[8346] L[8406] F[8483] L'[8877] F'[9002] B[10541] L[10750] B'[10952] L[11123] L[11218] U'[11540] L[11649] U[11760] B[12464] D[12650] L[12773] D'[12832] L'[12920] D[12982] L[13060] D'[13127] L'[13188] B'[13359] D[13954] L[14048] L'[14313] D'[14447] B[14499] D[14612] L[14734] D'[14815] L'[14866] B'[15240] L[15875] D'[16419] L[16478] L[16540] D[16637] L'[16740] L'[16915] D'[17069] B[17108] D[17212] L[17346] D'[17413] L'[17490] D'[17718] B'[17838] D[17909] D[17971] L[18021],cube,,Playground,custom_rules,U' L2 U2 D' L' B' L' F' U' F' R' U' F2 B2 D' F2 R2 D2 F2 D' R2 F2,random_state,custom_rules,,,,8,LU,0,0,18021,74,74,82,4.11,6902,11119,"",0,Cross,z L' B' U' R' F R,z[0] L'[0] B'[151] U'[768] R'[937] F[1006] R[1126],false,true,1126,0,1126,1126,6,6,6,5.33,F2L Slot 1,B U B' U' B U B' U2 L U L',B[1844] U[1947] B'[2049] U'[2089] B[2185] U[2279] B'[2394] U2[2705] L[3195] U[3308] L'[3515],false,true,2389,718,1671,3515,11,11,12,6.58,F2L Slot 2,U2 R U' R' U F' U F,U2[3841] R[4230] U'[4486] R'[4557] U[4804] F'[5398] U[5695] F[5815],false,true,2300,715,1585,5815,8,8,9,5.05,F2L Slot 3,F U2 F' U2 F U' F',F[7862] U2[8025] F'[8128] U2[8406] F[8483] U'[8877] F'[9002],false,true,3187,2047,1140,9002,7,7,9,6.14,F2L Slot 4,B U B' U2 R' U R,B[10541] U[10750] B'[10952] U2[11218] R'[11540] U[11649] R[11760],false,true,2758,1539,1219,11760,7,7,8,5.74,OLL,B L U L' U' L U L' U' B' L U U' L' B L U L' U' B',B[12464] L[12650] U[12773] L'[12832] U'[12920] L[12982] U[13060] L'[13127] U'[13188] B'[13359] L[13954] U[14048] U'[14313] L'[14447] B[14499] L[14612] U[14734] L'[14815] U'[14866] B'[15240],false,true,3480,704,2776,15240,20,20,20,7.2,PLL,U L' U2 L U2' L' B L U L' U' L' B' L2 U,U[15875] L'[16419] U2[16540] L[16637] U2'[16915] L'[17069] B[17108] L[17212] U[17346] L'[17413] U'[17490] L'[17718] B'[17838] L2[17971] U[18021],false,true,2781,1179,1602,18021,15,15,18,9.36,,,,,,,,,,,,,,,,,,,,,,,,,,,,142,BL->FR 46,"[FL,BR]->FR 9",30,21,Rb,,
1542ef3d-5b9a-40b6-bbf5-2ce20e265395,2023-08-31 00:03:29 UTC,false,20233,CFOP,Gan Smart Cube,Gan i Carry,Gan 356i,Jacob Pfeifer,false,false,33560,20233,,L[0] F[165] U[785] R[936] U'[1235] D[1296] D'[1394] D[2463] B'[2762] L[2878] B[3028] F'[3888] D[3970] F[4139] R[5452] D[5626] R'[5793] R'[6097] R[6160] D[6346] R[6526] D'[6699] R'[6920] F'[8099] D[8185] D[8286] F[8435] D'[8601] F'[8792] D[8934] F[9385] D[10306] D'[11000] R'[11448] D[11507] R[11762] L'[12113] D[12184] L[12360] D'[12891] R'[13093] D'[13255] R[13323] D[13627] D[13728] R'[14017] D[14061] R[14160] D'[15328] R[15571] D[15686] D[15751] R'[15839] R'[16160] B[16338] R[16460] B'[16853] R[17006] D[17283] D[17345] R'[17441] D'[18310] D'[18540] R'[18719] D[18783] D[18851] R[18930] D'[19042] D'[19172] R'[19380] B[19416] R[19530] D[19656] R'[19720] D'[19830] R'[20049] B'[20139] R[20184] R[20233],cube,,Playground,custom_rules,F' R2 F L2 B D' L' U' R B D R2 F2 D' R2 F2 U' R2 L2 F2 L2 D2,random_state,custom_rules,,,,8,DB,0,0,20233,68,69,79,3.36,7524,12709,"",0,Cross,z2 R F D L E U' U L' B L,z2[0] R[0] F[165] D[785] L[936] E[1296] U'[1394] U[2463] L'[2762] B[2878] L[3028],false,true,3028,0,3028,3028,10,11,11,3.3,F2L Slot 1,R' U R F U F2' F U F U' F',R'[3888] U[3970] R[4139] F[5452] U[5626] F2'[6097] F[6160] U[6346] F[6526] U'[6699] F'[6920],false,true,3892,860,3032,6920,11,11,12,3.63,F2L Slot 2,R' U2 R U' R' U R,R'[8099] U2[8286] R[8435] U'[8601] R'[8792] U[8934] R[9385],false,true,2465,1179,1286,9385,7,7,8,5.44,F2L Slot 3,U U' F' U F B' U B,U[10306] U'[11000] F'[11448] U[11507] F[11762] B'[12113] U[12184] B[12360],false,true,2975,2063,912,12360,8,8,8,8.77,F2L Slot 4,U' F' U' F U2 F' U F,U'[12891] F'[13093] U'[13255] F[13323] U2[13728] F'[14017] U[14061] F[14160],false,true,1800,733,1067,14160,8,8,9,7.5,OLL,U' F U2 F2' L F L' F U2 F',U'[15328] F[15571] U2[15751] F2'[16160] L[16338] F[16460] L'[16853] F[17006] U2[17345] F'[17441],false,true,3281,1411,1870,17441,10,10,13,5.35,PLL,U2' F' U2 F U2' F' L F U F' U' F' L' F2,U2'[18540] F'[18719] U2[18851] F[18930] U2'[19172] F'[19380] L[19416] F[19530] U[19656] F'[19720] U'[19830] F'[20049] L'[20139] F2[20233],false,true,2792,1278,1514,20233,14,14,18,9.25,,,,,,,,,,,,,,,,,,,,,,,,,,,,131,BL->FR 10,"[FL,BR]->FR 56",11,35,Rb,,
eb7b36cf-7444-4f66-b427-27ae1b0495bc,2023-08-30 23:55:22 UTC,false,14942,CFOP,Gan Smart Cube,Gan i Carry,Gan 356i,Jacob Pfeifer,false,false,20168,14942,,D[0] R[149] L[500] F'[910] D[1377] F'[1727] B[1905] D'[2304] B'[2462] D[2613] B[2753] B[2869] U[3208] B[3340] U'[3747] B'[4359] R[4777] B[4927] R'[5241] B[5709] L[6047] B[6196] B[6302] L'[6556] B[6624] D'[7185] B'[7336] D[7437] B'[8077] D[8440] B[8559] D'[8626] B[9083] B[9541] U'[9920] L[9989] L[10080] D[10312] L[10459] D'[10535] L[10580] U[10827] B'[12327] B[12489] D[12811] L'[12955] D[13081] R[13294] R[13787] D'[13996] L[14076] D[14200] R[14390] R[14565] D'[14731] D'[14811] B[14942],cube,,Playground,custom_rules,U' L B2 D R2 B U' L' D F R2 D2 R2 U B2 R2 D' B2 U F2 R2,random_state,custom_rules,,,,8,BU,0,0,14942,49,50,57,3.28,6694,8248,"",0,Cross,x' B R L D' B D',x'[0] B[0] R[149] L[500] D'[910] B[1377] D'[1727],false,true,1727,0,1727,1727,6,6,6,3.47,F2L Slot 1,U B' U' B U2 F U F',U[1905] B'[2304] U'[2462] B[2613] U2[2869] F[3208] U[3340] F'[3747],false,true,2020,577,1443,3747,8,8,9,5.54,F2L Slot 2,U' R U R',U'[4359] R[4777] U[4927] R'[5241],false,true,1494,1030,464,5241,4,4,4,8.62,F2L Slot 3,U L U2 L' U B' U' B,U[5709] L[6047] U2[6302] L'[6556] U[6624] B'[7185] U'[7336] B[7437],false,true,2196,806,1390,7437,8,8,9,5.76,F2L Slot 4,U' B U B',U'[8077] B[8440] U[8559] B'[8626],false,true,1189,1003,186,8626,4,4,4,21.51,OLL,U2 F' L2 B L B' L F,U2[9541] F'[9920] L2[10080] B[10312] L[10459] B'[10535] L[10580] F[10827],false,true,2201,1294,907,10827,8,8,10,8.82,PLL,U' U B L' B R2 B' L B R2 B2' U,U'[12327] U[12489] B[12811] L'[12955] B[13081] R2[13787] B'[13996] L[14076] B[14200] R2[14565] B2'[14811] U[14942],false,true,4115,1984,2131,14942,12,12,15,5.63,,,,,,,,,,,,,,,,,,,,,,,,,,,,140,FL->FR 14,"[BL,BR]->FR 24",14,5,Ab,,
b5c713c2-6ef8-4cec-b6d5-7a2e8c09f1bf,2023-08-30 23:56:09 UTC,false,18038,CFOP,Gan Smart Cube,Gan i Carry,Gan 356i,Jacob Pfeifer,false,false,13962,18038,,R[0] D'[188] D'[274] R[803] U[1315] U[1404] L[1618] U[1873] L'[2167] B[3512] R'[3742] B'[3897] F[4218] R'[4595] F'[4776] R[5454] F'[6084] R[6212] F[6369] R[6562] U[7090] R'[7324] U'[7595] D'[8362] R[8438] D[8575] F'[9000] R'[9308] F[9400] R'[11203] R[11673] D'[12248] R[12326] D[12418] R[12700] R[12796] D'[13041] R[13164] D[13308] D[14350] R[14506] R[14610] D'[14691] R'[14805] R'[14963] D'[15103] F[15141] D[15238] F'[15471] D[16712] R[16828] D'[16898] F'[16986] D[17030] R[17197] D'[17237] R'[17326] D'[17468] F[17517] D[17584] D[17646] R'[17691] D'[17865] R[17997] R[18038],cube,,Playground,custom_rules,U R2 U B2 R L B2 L F R2 B2 L2 U R2 D R2 L2 B2 R2 L2 U2 D,random_state,custom_rules,,,,8,RU,0,0,18038,58,58,65,3.22,8551,9487,"",0,Cross,z' U R2' U L2 D L D',z'[0] U[0] R2'[274] U[803] L2[1404] D[1618] L[1873] D'[2167],false,true,2167,0,2167,2167,7,7,9,3.23,F2L Slot 1,B U' B' F U' F',B[3512] U'[3742] B'[3897] F[4218] U'[4595] F'[4776],false,true,2609,1345,1264,4776,6,6,6,4.75,F2L Slot 2,U F' U F U L U' L',U[5454] F'[6084] U[6212] F[6369] U[6562] L[7090] U'[7324] L'[7595],false,true,2819,1308,1511,7595,8,8,8,5.29,F2L Slot 3,R' U R F' U' F,R'[8362] U[8438] R[8575] F'[9000] U'[9308] F[9400],false,true,1805,767,1038,9400,6,6,6,5.78,F2L Slot 4,U' U R' U R U2 R' U R,U'[11203] U[11673] R'[12248] U[12326] R[12418] U2[12796] R'[13041] U[13164] R[13308],false,true,3908,2848,1060,13308,9,9,10,8.49,OLL,R U2 R' U2' R' F R F',R[14350] U2[14610] R'[14691] U2'[14963] R'[15103] F[15141] R[15238] F'[15471],false,true,2163,1042,1121,15471,8,8,10,7.14,PLL,R U R' F' R U R' U' R' F R2 U' R' U2,R[16712] U[16828] R'[16898] F'[16986] R[17030] U[17197] R'[17237] U'[17326] R'[17468] F[17517] R2[17646] U'[17691] R'[17865] U2[18038],false,true,2567,1241,1326,18038,14,14,16,10.56,,,,,,,,,,,,,,,,,,,,,,,,,,,,111,BR->FR 70,"[FL,BL]->FR 6",32,8,Jb,,
3f6fb988-1064-4d59-8200-edcd2ece2df9,2023-08-30 23:57:01 UTC,false,19273,CFOP,Gan Smart Cube,Gan i Carry,Gan 356i,Jacob Pfeifer,false,false,18819,19273,,U'[0] L[111] L[216] F[1165] D[1372] U[1731] U[1889] B'[4461] L[4517] B[4633] L'[4872] B[5136] L'[5309] B'[5475] L'[5723] L'[5966] U[6399] L'[6614] U'[6889] L'[7459] D'[7670] L[7803] D[8078] L'[8857] F[8982] L[9142] F'[9427] L'[9936] B[10115] L[10303] B'[10478] B'[10622] L'[10874] B[11110] B[11672] L[11838] B'[12032] L[12322] L[12428] B[12548] L'[12671] B'[12804] F[14063] U'[14444] F'[14663] F'[14751] D[14861] F[14986] F[15051] U[15234] F'[15356] F'[15502] D'[15807] F[15951] L[16871] B[17239] B[17296] R[17510] D'[17657] L[17865] D'[17959] L'[18051] D[18132] R'[18255] B[18372] B[18453] U'[18993] L[19056] U[19178] L'[19273],cube,,Playground,custom_rules,U B2 U' F' U2 D2 F2 D R' F' B2 U B2 L2 B2 L2 U' L2 D L2 D' B2,random_state,custom_rules,,,,8,LU,0,0,19273,59,59,70,3.06,7207,12066,"",0,Cross,z R' U2 F L R2,z[0] R'[0] U2[216] F[1165] L[1372] R2[1889],false,true,1889,0,1889,1889,5,5,7,2.65,F2L Slot 1,B' U B U' B U' B' U2' R U' R',B'[4461] U[4517] B[4633] U'[4872] B[5136] U'[5309] B'[5475] U2'[5966] R[6399] U'[6614] R'[6889],false,true,5000,2572,2428,6889,11,11,12,4.53,F2L Slot 2,U' L' U L U' F U F',U'[7459] L'[7670] U[7803] L[8078] U'[8857] F[8982] U[9142] F'[9427],false,true,2538,781,1757,9427,8,8,8,4.55,F2L Slot 3,U' B U B2' U' B,U'[9936] B[10115] U[10303] B2'[10622] U'[10874] B[11110],false,true,1683,688,995,11110,6,6,7,6.03,F2L Slot 4,B U B' U2 B U' B',B[11672] U[11838] B'[12032] U2[12428] B[12548] U'[12671] B'[12804],false,true,1694,562,1132,12804,7,7,8,6.18,OLL,F R' F2' L F2 R F2' L' F,F[14063] R'[14444] F2'[14751] L[14861] F2[15051] R[15234] F2'[15502] L'[15807] F[15951],false,true,3147,1259,1888,15951,9,9,12,4.77,PLL,U B2 D L' U L' U' L D' B2 R' U R U',U[16871] B2[17296] D[17510] L'[17657] U[17865] L'[17959] U'[18051] L[18132] D'[18255] B2[18453] R'[18993] U[19056] R[19178] U'[19273],false,true,3322,1345,1977,19273,14,14,16,7.08,,,,,,,,,,,,,,,,,,,,,,,,,,,,125,BR->FR 8,"[BL,BR]->FR 57",15,49,Ga,,
6b5c513e-0845-49fc-9087-8b087a4eb894,2023-08-31 00:01:06 UTC,false,19439,CFOP,Gan Smart Cube,Gan i Carry,Gan 356i,Jacob Pfeifer,false,false,30869,19439,,D[0] F[209] D[425] B'[841] R[1541] F'[2014] U[2065] F[2198] L[2425] F'[3356] R[3430] R[3557] F[3748] R'[4067] U'[4547] R[4705] U[5189] D[5782] R'[5967] D'[6106] U[6542] R'[6778] U'[7105] R[8428] D'[9153] R[9245] D[9459] R'[9695] B[10012] R[10214] B'[10415] R'[10879] D[11399] R[11500] R[11578] D'[11670] R[11947] R[12018] D[12077] R'[12169] D'[12242] R'[12920] U'[13520] B'[13732] D[13846] B'[14010] D'[14119] B[14183] D[14289] B'[14404] D'[14973] B[15126] B[15215] U[15729] R[16534] D'[17412] R[17459] D'[17561] R'[17860] B'[18141] D'[18228] B[18302] B[18376] R'[18448] B'[18558] R[18589] B'[18697] D[18834] B[18968] D[19294] R[19439],cube,,Playground,custom_rules,D2 L' B U F' L2 U R L' F U R2 U2 B2 D B2 U' R2 L2 F2 R2 D2,random_state,custom_rules,,,,8,RU,0,0,19439,66,66,71,3.4,7517,11922,"",0,Cross,z' R F R B' U F' L F D,z'[0] R[0] F[209] R[425] B'[841] U[1541] F'[2014] L[2065] F[2198] D[2425],false,true,2425,0,2425,2425,9,9,9,3.71,F2L Slot 1,F' U2 F U' L' U L,F'[3356] U2[3557] F[3748] U'[4067] L'[4547] U[4705] L[5189],false,true,2764,931,1833,5189,7,7,8,3.82,F2L Slot 2,R U' R' L U' L',R[5782] U'[5967] R'[6106] L[6542] U'[6778] L'[7105],false,true,1916,593,1323,7105,6,6,6,4.54,F2L Slot 3,U R' U R U' B U B',U[8428] R'[9153] U[9245] R[9459] U'[9695] B[10012] U[10214] B'[10415],false,true,3310,2048,1262,10415,8,8,8,6.34,F2L Slot 4,U' R U2 R' U2 R U' R',U'[10879] R[11399] U2[11578] R'[11670] U2[12018] R[12077] U'[12169] R'[12242],false,true,1827,984,843,12242,8,8,10,9.49,OLL,U' L' B' R B' R' B R B' R' B2 L,U'[12920] L'[13520] B'[13732] R[13846] B'[14010] R'[14119] B[14183] R[14289] B'[14404] R'[14973] B2[15215] L[15729],false,true,3487,1278,2209,15729,12,12,13,5.43,PLL,U R' U R' U' B' R' B2 U' B' U B' R B R U,U[16534] R'[17412] U[17459] R'[17561] U'[17860] B'[18141] R'[18228] B2[18376] U'[18448] B'[18558] U[18589] B'[18697] R[18834] B[18968] R[19294] U[19439],false,true,3710,1683,2027,19439,16,16,17,7.89,,,,,,,,,,,,,,,,,,,,,,,,,,,,17,BR->FR 69,"[BL,BR]->FR 8",9,53,V,,
db7ed577-bd8b-4790-a8cc-8b1ce0b554bc,2023-08-30 23:59:59 UTC,false,18341,CFOP,Gan Smart Cube,Gan i Carry,Gan 356i,Jacob Pfeifer,false,false,22335,18341,,R'[0] B'[136] R'[264] D'[541] D'[791] B[1138] U[1519] U[1620] L'[2381] B'[2571] L[2658] B[2803] L'[3298] B'[3480] L[3576] B'[3983] R'[4187] B'[4355] R[4513] L[5767] B'[5955] L'[6137] R[6353] B'[6552] R'[6913] B[7515] L[7796] B[8023] B[8114] L'[8335] B[8492] B[8654] U[9068] B[9259] U'[9503] B'[9654] D'[9908] B[10098] B[10180] D[10290] B[10498] D'[10678] B'[10922] D[10987] B'[12033] L[12392] U[12578] B[12692] U'[12757] B'[12813] U[12930] B[12991] U'[13085] B'[13152] L'[13298] B'[14058] B[15473] U[15664] R'[15806] U'[15872] L[15913] U[16047] R[16149] U'[16235] L'[16341] U[16449] R[16576] U'[16750] L[16792] R'[17092] U[17190] U'[17272] R[17437] U[17768] R'[17822] U'[18022] L'[18171] B[18284] B[18341],cube,,Playground,custom_rules,U F2 U' R D2 F2 U2 R2 F' L F2 B2 U2 F2 U L2 F2 L2 B2 U2 R2 U,random_state,custom_rules,,,,8,BU,0,0,18341,72,73,79,3.93,7074,11267,"",0,Cross,x' R' U' R' B2' U F2,x'[0] R'[0] U'[136] R'[264] B2'[791] U[1138] F2[1620],false,true,1620,0,1620,1620,6,6,8,3.7,F2L Slot 1,L' U' L U L' U' L U' R' U' R,L'[2381] U'[2571] L[2658] U[2803] L'[3298] U'[3480] L[3576] U'[3983] R'[4187] U'[4355] R[4513],false,true,2893,761,2132,4513,11,11,11,5.16,F2L Slot 2,L U' M F' R' x,L[5767] U'[5955] M[6353] F'[6552] R'[6913] x[7214],false,true,2400,1254,1146,6913,5,6,6,4.36,F2L Slot 3,U L U2 L' U2 F U F',U[7515] L[7796] U2[8114] L'[8335] U2[8654] F[9068] U[9259] F'[9503],false,true,2590,883,1707,9503,8,8,10,4.69,F2L Slot 4,U' B' U2 B U B' U' B,U'[9654] B'[9908] U2[10180] B[10290] U[10498] B'[10678] U'[10922] B[10987],false,true,1484,405,1079,10987,8,8,9,7.41,OLL,U' L F U F' U' F U F' U' L',U'[12033] L[12392] F[12578] U[12692] F'[12757] U'[12813] F[12930] U[12991] F'[13085] U'[13152] L'[13298],false,true,2311,1405,906,13298,11,11,11,12.14,PLL,U' U F R' F' L F R F' L' F R F' L R' F F' R F R' F' L' U2,U'[14058] U[15473] F[15664] R'[15806] F'[15872] L[15913] F[16047] R[16149] F'[16235] L'[16341] F[16449] R[16576] F'[16750] L[16792] R'[17092] F[17190] F'[17272] R[17437] F[17768] R'[17822] F'[18022] L'[18171] U2[18341],false,true,5043,2366,2677,18341,23,23,24,8.59,,,,,,,,,,,,,,,,,,,,,,,,,,,,109,BR->FR 69,"[BL,BR]->FR 19",4,48,E,,
5f4971ab-f48b-4030-b0e6-24ed3cd3deb9,2023-08-31 00:02:09 UTC,false,19527,CFOP,Gan Smart Cube,Gan i Carry,Gan 356i,Jacob Pfeifer,false,false,25582,19527,,L[0] R'[45] D[176] R[361] B'[729] B'[1155] D'[1509] D'[1782] B'[2124] F'[2784] U'[2950] F[3021] U[3177] D[3512] F'[3744] D'[4138] F'[4458] F'[4741] U'[4906] F[4991] U[5122] F[5322] U'[5492] F[5588] U[5720] F'[5875] U'[6023] F[6122] U[6239] F'[6753] D'[7007] F[7144] F[7270] D[7518] F[7791] F[7896] D'[8388] F[8468] D[8968] F'[9229] R'[9849] F[10314] F'[10541] F'[10832] R[10947] F'[11120] U[11462] F[11623] U'[11713] U[13243] F[13401] F[13515] U'[13691] U'[13947] R[13981] U[14080] R'[14684] F[14983] F[15096] U'[15206] R[15347] U[15411] R'[15983] F'[16815] U[17251] U[17332] B[17525] L'[17651] F[17860] L'[17976] F'[18061] L[18143] B'[18277] U[18359] U[18445] R'[19205] F[19267] R[19399] F'[19527],cube,,Playground,custom_rules,R D' L2 U B' L' U R' F' D2 B U F2 B2 R2 U2 L2 U L2 D F2 D,random_state,custom_rules,,,,8,FU,0,0,19527,67,68,79,3.43,6122,13360,"",0,Cross,M' F R D2' F2' D',M'[45] F[176] R[361] D2'[1155] F2'[1782] D'[2124],false,true,2079,0,2079,2124,6,7,9,2.89,F2L Slot 1,U' B' U B F U' F',U'[2784] B'[2950] U[3021] B[3177] F[3512] U'[3744] F'[4138],false,true,2014,826,1188,4138,7,7,7,5.89,F2L Slot 2,U2' B' U B U B' U B U' B' U B,U2'[4741] B'[4906] U[4991] B[5122] U[5322] B'[5492] U[5588] B[5720] U'[5875] B'[6023] U[6122] B[6239],false,true,2101,768,1333,6239,12,12,13,9.0,F2L Slot 3,U' F' U2 F U2 F' U F,U'[6753] F'[7007] U2[7270] F[7518] U2[7896] F'[8388] U[8468] F[8968],false,true,2729,768,1961,8968,8,8,10,4.08,F2L Slot 4,U' R' U U2' R U' B U B',U'[9229] R'[9849] U[10314] U2'[10832] R[10947] U'[11120] B[11462] U[11623] B'[11713],false,true,2745,881,1864,11713,9,9,10,4.83,OLL,B U2 B2' R B R' U2 B' R B R',B[13243] U2[13515] B2'[13947] R[13981] B[14080] R'[14684] U2[15096] B'[15206] R[15347] B[15411] R'[15983],false,true,4270,1530,2740,15983,11,11,14,4.01,PLL,U' B2 D L' U L' U' L D' B2 R' U R U',U'[16815] B2[17332] D[17525] L'[17651] U[17860] L'[17976] U'[18061] L[18143] D'[18277] B2[18445] R'[19205] U[19267] R[19399] U'[19527],false,true,3544,1349,2195,19527,14,14,16,6.38,,,,,,,,,,,,,,,,,,,,,,,,,,,,43,BR->FR 22,"[FL,BL]->FR 17",35,1,Ga,,
2f00c078-d62f-4b40-98ff-1183dec89207,2023-09-01 00:35:35 UTC,false,18269,CFOP,Gan Smart Cube,Gan i Carry,Gan 356i,Jacob Pfeifer,false,false,13558,18269,,L[0] D'[313] L'[609] U[926] U[1292] B[2159] U[2526] B[2951] B[3261] F[3708] F[4269] U'[4737] F[4819] U[4950] F[6037] D[6759] F[6903] D'[7080] F'[7325] R'[7829] F'[7947] R[8036] F'[9024] R[9273] F'[9499] R'[9738] F[9866] F[9987] L'[10359] F'[10633] L[10727] F'[11311] F'[11569] D'[11867] F[11948] D[12064] F[12906] D[13410] R[13663] U'[13996] R[14039] U[14155] R'[14536] U'[14687] R[14759] U[14869] R[15169] R[15237] D'[15394] D[16835] U'[16844] D[16910] U'[16933] B'[17043] D[17179] U'[17187] D[17261] U'[17272] F'[17390] D[17526] U'[17535] R'[17671] R'[17766] D[17905] U'[17922] D[17974] U'[17985] L'[18080] L'[18164] D[18257] U'[18269],cube,,Playground,custom_rules,U2 D2 L' F U D F' U2 B U B2 D' F2 U' F2 D2 L2 F2 U' B2 U' R2,random_state,custom_rules,,,,8,FU,0,0,18269,52,57,71,2.85,8547,9722,"",0,Cross,x L F' L' B2 D B D2,x[0] L[0] F'[313] L'[609] B2[1292] D[2159] B[2526] D2[3261],false,true,3261,0,3261,3261,7,7,9,2.15,F2L Slot 1,U2 B' U B,U2[4269] B'[4737] U[4819] B[4950],false,true,1689,1476,213,4950,4,4,5,18.78,F2L Slot 2,U F U F' U' R' U' R,U[6037] F[6759] U[6903] F'[7080] U'[7325] R'[7829] U'[7947] R[8036],false,true,3086,1809,1277,8036,8,8,8,6.26,F2L Slot 3,U' R U' R' U2 L' U' L,U'[9024] R[9273] U'[9499] R'[9738] U2[9987] L'[10359] U'[10633] L[10727],false,true,2691,1237,1454,10727,8,8,9,5.5,F2L Slot 4,U2' F' U F,U2'[11569] F'[11867] U[11948] F[12064],false,true,1337,1140,197,12064,4,4,5,20.3,OLL,U F R B' R B R' B' R B R2 F',U[12906] F[13410] R[13663] B'[13996] R[14039] B[14155] R'[14536] B'[14687] R[14759] B[14869] R2[15237] F'[15394],false,true,3330,1346,1984,15394,12,12,13,6.05,PLL,S2' U' S2' U' S' U2' S2' U2' S',S2'[16933] U'[17043] S2'[17272] U'[17390] S'[17535] U2'[17766] S2'[17985] U2'[18164] S'[18269],false,true,2875,1539,1336,18269,9,14,22,6.74,,,,,,,,,,,,,,,,,,,,,,,,,,,,5,BR->FR 72,"[FL,BL]->FR 18",5,54,Z,,
d86d978d-fb5f-40c1-a7c5-1d1585615d9c,2023-09-01 00:34:33 UTC,false,23334,CFOP,Gan Smart Cube,Gan i Carry,Gan 356i,Jacob Pfeifer,false,false,24573,23334,,B'[0] R[92] D[380] L[1329] B'[1940] F[2109] D[3076] F'[3978] D[4033] F[4271] F'[6595] D[6672] D[6747] F[6919] D[7189] R[7722] D[7855] R'[8077] D[8343] D[8440] L[8767] D[8879] L'[8945] D'[9018] L[9087] D[9177] L'[9398] F[9448] D[9638] F'[9883] D'[11245] D'[11587] L'[11981] D[12113] L[12260] D'[12397] B[12864] D'[13014] B'[13159] D[14183] L[14550] D'[14687] L'[14841] D[14894] D[14986] F'[15333] D'[15468] F[15529] D'[16308] F'[17575] R[17621] F[17740] D[17890] F'[17999] R'[18206] F[18282] R[18598] D'[18785] R'[18928] D[19656] D'[19936] F[20506] D[20588] F'[20660] R[21118] R[21190] U'[21400] B[21473] D'[21578] B'[21991] D[22022] B'[22099] U[22298] R[23210] R[23258] D'[23334],cube,,Playground,custom_rules,F' B L' B D' L2 B' L' U2 L' U L2 D2 B2 U' B2 U' R2 D2 B2 D F2,random_state,custom_rules,,,,8,DB,0,0,23334,69,70,76,2.96,9672,13662,"",0,Cross,z' B' U R D S',z'[0] B'[0] U[92] R[380] D[1329] S'[2109],false,true,2109,0,2109,2109,5,6,6,2.37,F2L Slot 1,U F' U F F' U2 F U L U L',U[3076] F'[3978] U[4033] F[4271] F'[6595] U2[6747] F[6919] U[7189] L[7722] U[7855] L'[8077],false,true,5968,1869,4099,8077,11,11,12,2.68,F2L Slot 2,U2 R U R' U' R U R' F U F',U2[8440] R[8767] U[8879] R'[8945] U'[9018] R[9087] U[9177] R'[9398] F[9448] U[9638] F'[9883],false,true,1806,690,1116,9883,11,11,12,9.86,F2L Slot 3,U2' R' U R U' B U' B',U2'[11587] R'[11981] U[12113] R[12260] U'[12397] B[12864] U'[13014] B'[13159],false,true,3276,2098,1178,13159,8,8,9,6.79,F2L Slot 4,U R U' R' U2 F' U' F,U[14183] R[14550] U'[14687] R'[14841] U2[14986] F'[15333] U'[15468] F[15529],false,true,2370,1391,979,15529,8,8,9,8.17,OLL,U' F' L F U F' L' F L U' L',U'[16308] F'[17575] L[17621] F[17740] U[17890] F'[17999] L'[18206] F[18282] L[18598] U'[18785] L'[18928],false,true,3399,2046,1353,18928,11,11,11,8.13,PLL,U U' F U F' L2 D' B U' B' U B' D L2 U',U[19656] U'[19936] F[20506] U[20588] F'[20660] L2[21190] D'[21400] B[21473] U'[21578] B'[21991] U[22022] B'[22099] D[22298] L2[23258] U'[23334],false,true,4406,1578,2828,23334,15,15,17,5.3,,,,,,,,,,,,,,,,,,,,,,,,,,,,113,FL->FR 70,"[BL,BR]->FR 40",23,14,Gd,,
bee7991a-267f-42d4-9503-5e8d46b6520a,2023-09-01 00:34:46 UTC,false,18858,CFOP,Gan Smart Cube,Gan i Carry,Gan 356i,Jacob Pfeifer,false,false,11146,18858,,B[0] F'[15] R[575] U[1096] F'[1290] L'[1916] L'[2374] R[4463] R'[5068] D[5374] R[5573] D'[5855] R[5971] D[6155] R'[6384] D'[6617] R'[6836] U'[7004] R[7085] U[7240] R[7386] U'[7644] R[7743] U[7897] B'[8435] R[8568] B[8831] R'[9872] F[10032] R[10142] F'[10336] R[10951] B[11388] R[11533] B'[11899] R[12495] U'[12846] R'[13000] U[13082] R'[13305] U'[13434] R[13476] U[13639] R'[14666] D'[14863] R[14953] R[15042] D[15198] R[15379] R[15448] D[15553] B'[15657] D'[15831] B[15869] R'[16857] D[17268] R[17403] R[17459] D'[17551] R[17761] R[17824] D[17906] B'[17996] D'[18133] R'[18246] D[18302] R[18401] D[18466] B[18746] D'[18794] D'[18858],cube,,Playground,custom_rules,D L B' R U2 L' F U' D F2 L D2 F2 U' B2 L2 U' L2 U' F2 U' B2,random_state,custom_rules,,,,8,RU,0,0,18858,64,65,71,3.39,8158,10685,"",0,Cross,z2 S U L F' D2',z2[7] S[15] U[575] L[1096] F'[1290] D2'[2374],false,true,2359,0,2359,2374,5,6,7,2.12,F2L Slot 1,U U' R U R' U R U' R',U[4463] U'[5068] R[5374] U[5573] R'[5855] U[5971] R[6155] U'[6384] R'[6617],false,true,4243,3000,1243,6617,9,9,9,7.24,F2L Slot 2,U' L' U L U L' U L B' U B,U'[6836] L'[7004] U[7085] L[7240] U[7386] L'[7644] U[7743] L[7897] B'[8435] U[8568] B[8831],false,true,2214,387,1827,8831,11,11,11,6.02,F2L Slot 3,U' F U F' U B U B',U'[9872] F[10032] U[10142] F'[10336] U[10951] B[11388] U[11533] B'[11899],false,true,3068,1201,1867,11899,8,8,8,4.28,F2L Slot 4,U L' U' L U' L' U L,U[12495] L'[12846] U'[13000] L[13082] U'[13305] L'[13434] U[13476] L[13639],false,true,1740,947,793,13639,8,8,8,10.09,OLL,U' R' U2 R U2 R B' R' B,U'[14666] R'[14863] U2[15042] R[15198] U2[15448] R[15553] B'[15657] R'[15831] B[15869],false,true,2230,1224,1006,15869,9,9,11,8.95,PLL,U' R U2 R' U2 R B' R' U' R U R B R2',U'[16857] R[17268] U2[17459] R'[17551] U2[17824] R[17906] B'[17996] R'[18133] U'[18246] R[18302] U[18401] R[18466] B[18746] R2'[18858],false,true,2989,1399,1590,18858,14,14,17,8.81,,,,,,,,,,,,,,,,,,,,,,,,,,,,7,BL->FR 22,"[FL,BR]->FR 33",16,7,Ra,,
900a5d89-99da-4e72-b694-d8140bd5e6d8,2023-09-01 00:36:57 UTC,false,19412,CFOP,Gan Smart Cube,Gan i Carry,Gan 356i,Jacob Pfeifer,false,false,47364,19412,,U'[0] L[115] L[222] F[914] L'[1122] F'[1313] B'[1880] D'[2044] R[2107] D[2210] B[3694] B[3809] U[4425] B'[4649] U'[4827] D[5236] B'[5514] D'[5644] B[6146] U'[6573] B[6632] U[6763] B[6992] B[7334] R[7630] B[7835] R'[8071] B'[9472] U[9632] B'[9796] U'[10011] B[10122] U[10335] B'[10492] U'[10652] B[11604] B[12526] B[12614] L[12716] B'[12800] L'[12923] B'[13028] D'[13658] B[13742] D[13844] B[14364] D[14619] L[14737] U'[14895] L'[15021] D'[15174] L[15221] U[15361] L'[15536] B'[16425] U'[17572] B[17627] U'[17738] B'[18015] R'[18300] U'[18430] R[18493] R[18567] B'[18635] R'[18748] B[18775] R'[18883] U[19001] R[19098] U[19278] B[19412],cube,,Playground,custom_rules,U B' U2 F' D' B2 U R D' L B D' R2 B2 D2 L2 U R2 F2 U' B2 U,random_state,custom_rules,,,,8,BU,0,0,19412,66,66,71,3.4,9580,9832,"",0,Cross,x' F' L2 D L' D' U' B' R B,x'[0] F'[0] L2[222] D[914] L'[1122] D'[1313] U'[1880] B'[2044] R[2107] B[2210],false,true,2210,0,2210,2210,9,9,10,4.07,F2L Slot 1,U2 F U' F' B U' B',U2[3809] F[4425] U'[4649] F'[4827] B[5236] U'[5514] B'[5644],false,true,3434,2215,1219,5644,7,7,8,5.74,F2L Slot 2,U F' U F U2 R U R',U[6146] F'[6573] U[6632] F[6763] U2[7334] R[7630] U[7835] R'[8071],false,true,2427,929,1498,8071,8,8,9,5.34,F2L Slot 3,U' F U' F' U F U' F',U'[9472] F[9632] U'[9796] F'[10011] U[10122] F[10335] U'[10492] F'[10652],false,true,2581,1561,1020,10652,8,8,8,7.84,F2L Slot 4,U U2 L U' L' U' B' U B,U[11604] U2[12614] L[12716] U'[12800] L'[12923] U'[13028] B'[13658] U[13742] B[13844],false,true,3192,2064,1128,13844,9,9,10,7.98,OLL,U B L F' L' B' L F L',U[14364] B[14619] L[14737] F'[14895] L'[15021] B'[15174] L[15221] F[15361] L'[15536],false,true,1692,775,917,15536,9,9,9,9.81,PLL,U' F' U F' U' R' F' R2 U' R' U R' F R F U,U'[16425] F'[17572] U[17627] F'[17738] U'[18015] R'[18300] F'[18430] R2[18567] U'[18635] R'[18748] U[18775] R'[18883] F[19001] R[19098] F[19278] U[19412],false,true,3876,2036,1840,19412,16,16,17,8.7,,,,,,,,,,,,,,,,,,,,,,,,,,,,111,BR->FR 3,"[BL,BR]->FR 26",28,24,V,,
73be9c2c-edf1-4b5f-9163-5707134c1603,2023-09-01 00:38:20 UTC,false,18265,CFOP,Gan Smart Cube,Gan i Carry,Gan 356i,Jacob Pfeifer,false,false,41530,18265,,F[0] L'[294] L'[401] R[662] D'[2871] F'[3112] R[3163] F[3323] U[3620] R'[3922] D[5114] B'[5594] D'[5769] B[5877] B[5982] D[6143] B'[6349] B'[7365] D[7441] B[7614] D[8519] F[8696] D'[8799] F'[8934] D'[9096] F[9183] D'[9334] F'[9456] L[9858] D'[10023] L'[10215] D[11342] F[11849] D[11933] D[12017] F'[12083] D[12294] R'[12605] D'[12696] R[12766] D'[13428] L'[13759] F[13869] F[13952] R[14206] F[14327] R'[14397] F[14432] L[14630] D[16791] R[16949] F'[17038] R'[17139] B[17188] R[17296] F[17402] R'[17471] B'[17601] R[17649] F[17761] R'[17846] B[17890] R[18019] F'[18087] R'[18176] B'[18265],cube,,Playground,custom_rules,R' L' F' U' L2 D2 F U B2 L' U' B2 D R2 U B2 U' B2 D' L2 F2 R2,random_state,custom_rules,,,,8,DB,0,0,18265,62,63,66,3.39,8716,9549,"",0,Cross,x' D L' M U' B' R B D R',x'[0] D[0] L'[294] M[662] U'[2871] B'[3112] R[3163] B[3323] D[3620] R'[3922],false,true,3922,0,3922,3922,9,10,10,2.29,F2L Slot 1,U F' U' F2 U F',U[5114] F'[5594] U'[5769] F2[5982] U[6143] F'[6349],false,true,2427,1672,755,6349,6,6,7,7.95,F2L Slot 2,F' U F,F'[7365] U[7441] F[7614],false,true,1265,1016,249,7614,3,3,3,12.05,F2L Slot 3,U B U' B' U' B U' B' L U' L',U[8519] B[8696] U'[8799] B'[8934] U'[9096] B[9183] U'[9334] B'[9456] L[9858] U'[10023] L'[10215],false,true,2601,1082,1519,10215,11,11,11,7.24,F2L Slot 4,U B U2 B' U R' U' R,U[11342] B[11849] U2[12017] B'[12083] U[12294] R'[12605] U'[12696] R[12766],false,true,2551,1634,917,12766,8,8,9,8.72,OLL,U' L' B2 R B R' B L,U'[13428] L'[13759] B2[13952] R[14206] B[14327] R'[14397] B[14432] L[14630],false,true,1864,993,871,14630,8,8,9,9.18,PLL,U R B' R' F R B R' F' R B R' F R B' R' F',U[16791] R[16949] B'[17038] R'[17139] F[17188] R[17296] B[17402] R'[17471] F'[17601] R[17649] B[17761] R'[17846] F[17890] R[18019] B'[18087] R'[18176] F'[18265],false,true,3635,2319,1316,18265,17,17,17,12.92,,,,,,,,,,,,,,,,,,,,,,,,,,,,80,FL->FR 5,"[BL,BR]->FR 1",24,5,E,,
2b69b7ed-4751-4ff9-b794-aa36dddaf623,2023-09-01 00:39:36 UTC,false,18785,CFOP,Gan Smart Cube,Gan i Carry,Gan 356i,Jacob Pfeifer,false,false,32646,18785,,U'[0] B'[232] U'[863] F[1220] R[1946] B[2248] R[2767] R[3187] L'[4077] D[4500] L'[4685] D'[4802] U[5395] L'[5647] U'[5789] L[5924] D[6080] L'[6248] D'[6415] L'[6622] U'[6868] L'[7336] U[7464] L'[7884] L'[8157] D'[8516] L'[8682] D[8805] L[8924] D'[9131] L'[9362] D[9506] L[9692] L[9815] B'[10319] L'[10633] B[10878] L'[12583] L'[13018] L'[13329] F'[13460] D[13534] F[13628] D'[13842] F[13927] L'[14040] F'[14159] L'[15065] U[15300] L[15520] B[15644] L'[15720] B'[15794] U'[15953] L'[16131] D[16259] F[16397] L[16545] F'[16649] L'[16724] D'[16900] F[17750] L[17823] F'[17898] L'[18001] F'[18139] D[18182] F[18239] F[18286] L'[18330] F'[18401] L'[18527] F[18581] L[18668] F'[18734] D'[18785],cube,,Playground,custom_rules,U2 D R' B L2 F' R B2 L F2 B' D2 B2 U F2 L2 B2 R2 F2 D' F2 U,random_state,custom_rules,,,,8,LU,0,0,18785,70,70,76,3.73,7229,11556,"",0,Cross,z R' B' R' F D B D2,z[0] R'[0] B'[232] R'[863] F[1220] D[1946] B[2248] D2[3187],false,true,3187,0,3187,3187,7,7,8,2.2,F2L Slot 1,U' L U' L' R U' R',U'[4077] L[4500] U'[4685] L'[4802] R[5395] U'[5647] R'[5789],false,true,2602,1313,1289,5789,7,7,7,5.43,F2L Slot 2,U L U' L' U' R' U' R,U[5924] L[6080] U'[6248] L'[6415] U'[6622] R'[6868] U'[7336] R[7464],false,true,1675,291,1384,7464,8,8,8,5.78,F2L Slot 3,U2' L' U' L U L' U' L U2 B' U' B,U2'[8157] L'[8516] U'[8682] L[8805] U[8924] L'[9131] U'[9362] L[9506] U2[9815] B'[10319] U'[10633] B[10878],false,true,3414,1052,2362,10878,12,12,14,5.08,F2L Slot 4,U3' F' L F L' F U' F',U3'[13329] F'[13460] L[13534] F[13628] L'[13842] F[13927] U'[14040] F'[14159],false,true,3281,2582,699,14159,8,8,10,11.44,OLL,U' R U B U' B' R' U' L F U F' U' L',U'[15065] R[15300] U[15520] B[15644] U'[15720] B'[15794] R'[15953] U'[16131] L[16259] F[16397] U[16545] F'[16649] U'[16724] L'[16900],false,true,2741,1141,1600,16900,14,14,14,8.75,PLL,F U F' U' F' L F2 U' F' U' F U F' L',F[17750] U[17823] F'[17898] U'[18001] F'[18139] L[18182] F2[18286] U'[18330] F'[18401] U'[18527] F[18581] U[18668] F'[18734] L'[18785],false,true,1885,850,1035,18785,14,14,15,13.53,,,,,,,,,,,,,,,,,,,,,,,,,,,,111,FL->FR 23,"[FL,BL]->FR 58",34,3,T,,
14195481-2a1d-41ff-952c-cd22b12c667e,2023-09-01 00:40:55 UTC,false,19076,CFOP,Gan Smart Cube,Gan i Carry,Gan 356i,Jacob Pfeifer,false,false,25686,19076,,F[0] L[184] B[654] L'[898] B'[1039] L[1131] B'[1569] R'[1740] B'[1907] R[2022] B[2312] U'[2677] B'[2881] U[2959] U[3074] B[3375] U'[3667] B'[4599] B'[5005] R[5087] B[5205] R'[5422] B[5534] U'[5870] B'[6093] U[6247] B'[6556] D'[6850] B[7015] D[7138] B'[7381] L[8271] B[8397] L'[8500] B'[9115] D[10125] L[10255] B[10396] L'[10447] B'[10533] D'[10673] B[10961] B'[11357] L[11757] B[12016] B[12094] L'[12207] B'[12267] L[12343] B'[12457] L'[12528] B'[13753] B'[14072] B[15098] B[15372] B[15737] L[16112] L[16178] F[16418] U'[16782] B[17030] U'[17144] B'[17227] U[17327] F'[17466] L[17974] L[18065] D'[18609] B[18672] D[18781] B[19076],cube,,Playground,custom_rules,U2 L' D F2 D' L2 B R F R F2 B2 U B2 U' R2 U2 L2 D2 R2,random_state,custom_rules,,,,8,BU,0,0,19076,63,63,71,3.3,8667,10409,"",0,Cross,x' D L,x'[0] D[0] L[184],false,true,184,0,184,184,2,2,2,10.87,F2L Slot 1,U L' U' L U' R' U' R,U[654] L'[898] U'[1039] L[1131] U'[1569] R'[1740] U'[1907] R[2022],false,true,1838,714,1124,2022,8,8,8,7.12,F2L Slot 2,U F' U' F2 U F',U[2312] F'[2677] U'[2881] F2[3074] U[3375] F'[3667],false,true,1645,655,990,3667,6,6,7,6.06,F2L Slot 3,U2' R U R' U F' U' F,U2'[5005] R[5087] U[5205] R'[5422] U[5534] F'[5870] U'[6093] F[6247],false,true,2580,1420,1160,6247,8,8,9,6.9,F2L Slot 4,U' B' U B U' L U L',U'[6556] B'[6850] U[7015] B[7138] U'[7381] L[8271] U[8397] L'[8500],false,true,2253,603,1650,8500,8,8,8,4.85,OLL,U' B L U L' U' B' U U' L U2 L' U' L U' L',U'[9115] B[10125] L[10255] U[10396] L'[10447] U'[10533] B'[10673] U[10961] U'[11357] L[11757] U2[12094] L'[12207] U'[12267] L[12343] U'[12457] L'[12528],false,true,4028,1625,2403,12528,16,16,17,6.66,PLL,U2' U3 L2 D F' U F' U' F D' L2 B' U B U,U2'[14072] U3[15737] L2[16178] D[16418] F'[16782] U[17030] F'[17144] U'[17227] F[17327] D'[17466] L2[18065] B'[18609] U[18672] B[18781] U[19076],false,true,6548,3650,2898,19076,15,15,20,5.18,,,,,,,,,,,,,,,,,,,,,,,,,,,,41,BL->FR 68,"[FL,BR]->FR 42",8,16,Ga,,
ecfa17e7-d65f-41e6-bdd7-2cc413c6a400,2023-09-01 00:43:27 UTC,false,21023,CFOP,Gan Smart Cube,Gan i Carry,Gan 356i,Jacob Pfeifer,false,false,19122,21023,,F[0] U'[182] U'[567] L[965] L[1063] D[1435] F'[1935] F'[2068] L[3592] D'[3782] L'[3911] D[4032] D[4322] F[4417] D'[4521] F'[4662] D'[4806] R'[5369] D[5409] R[5518] D'[5818] R[6212] D'[6349] R'[6481] D'[6672] R[6850] D'[7005] R'[7154] D[7242] B'[7545] D'[7661] B[7775] D[8237] D[8346] B[8531] D'[8638] B'[8746] D'[8864] B[8914] D'[9047] B'[9136] D[9173] B[9258] D'[9309] B'[9387] D'[10164] B'[11545] D[11768] D[11853] B[11977] B[12091] D[12282] B'[12408] D[12500] B[12645] D'[13987] D'[14322] B'[14744] B[15785] R'[16544] B'[16712] R[16799] D'[18361] B'[18572] D[18616] B'[18719] D'[18975] R'[19275] B'[19359] R[19407] R[19477] D'[19551] R'[19644] D[19684] R'[19841] B[19939] R[20011] R[20136] R'[20358] B[20492] U[20776] D[20922] U'[21023],cube,,Playground,custom_rules,D2 B' D' L' U2 F' U' L' B2 R L2 U B2 R2 D2 B2 U' R2 U B2 D',random_state,custom_rules,,,,8,DB,0,0,21023,72,73,83,3.42,7411,13612,"",0,Cross,z2 F D2' R2 U F2',z2[0] F[0] D2'[567] R2[1063] U[1435] F2'[2068],false,true,2068,0,2068,2068,5,5,8,2.42,F2L Slot 1,R U' R',R[3592] U'[3782] R'[3911],false,true,1843,1524,319,3911,3,3,3,9.4,F2L Slot 2,U2 F U' F' U' L' U L,U2[4322] F[4417] U'[4521] F'[4662] U'[4806] L'[5369] U[5409] L[5518],false,true,1607,506,1101,5518,8,8,9,7.27,F2L Slot 3,U' L U' L' U' L U' L' U B' U' B,U'[5818] L[6212] U'[6349] L'[6481] U'[6672] L[6850] U'[7005] L'[7154] U[7242] B'[7545] U'[7661] B[7775],false,true,2257,694,1563,7775,12,12,12,7.68,F2L Slot 4,U2 B U' B' U' B U' B' U B U' B',U2[8346] B[8531] U'[8638] B'[8746] U'[8864] B[8914] U'[9047] B'[9136] U[9173] B[9258] U'[9309] B'[9387],false,true,1612,756,856,9387,12,12,13,14.02,OLL,U' B' U2 B2 U B' U B U2' B' B L' B' L,U'[10164] B'[11545] U2[11853] B2[12091] U[12282] B'[12408] U[12500] B[12645] U2'[14322] B'[14744] B[15785] L'[16544] B'[16712] L[16799],false,true,7412,2158,5254,16799,14,14,17,2.66,PLL,U' B' U B' U' L' B' L2 U' L' U L' B L2 L' B D E,U'[18361] B'[18572] U[18616] B'[18719] U'[18975] L'[19275] B'[19359] L2[19477] U'[19551] L'[19644] U[19684] L'[19841] B[19939] L2[20136] L'[20358] B[20492] D[20776] E[21023],false,true,4224,1773,2451,21023,18,19,21,7.34,,,,,,,,,,,,,,,,,,,,,,,,,,,,21,BR->FR 28,"[BL,BR]->FR 47",1,55,V,,
6797fbcb-a8b2-4002-9e57-09afcb870f7f,2023-09-01 00:46:41 UTC,false,12569,CFOP,Gan Smart Cube,Gan i Carry,Gan 356i,Jacob Pfeifer,false,false,42155,12569,,U[0] B[255] U[495] B[730] U[971] D'[1576] B'[1893] D[1949] B[2086] F[2408] D[2626] D[2741] F'[2958] D'[3144] F[3249] D[3470] F'[3726] D[4092] D'[4355] D'[4625] D'[4836] B[4968] D'[5105] B'[5237] D[5306] B[5424] D[5582] B'[5814] D'[5975] L[6443] D[6541] L'[6594] D'[6665] L[6738] D[6834] L'[6894] L[7078] L'[7165] D'[7367] L[7460] D[7534] L'[7609] L[8360] D[8465] L'[8525] D'[8592] L'[8792] F[8838] L[8910] F'[9090] D[9748] L'[10273] D[10333] L'[10418] D'[10713] B'[10980] L'[11189] B[11240] B[11309] D'[11384] B'[11479] D[11516] B'[11590] L[11919] B[12049] L[12380] D'[12569],cube,,Playground,custom_rules,R2 B L' B2 L' F' U2 D2 R B2 R2 U2 B2 D' L2 U' F2 D' B2 D,random_state,custom_rules,1,0,0,8,DB,0,0,12569,63,63,67,5.01,5049,7520,"",0,Cross,z2 D B D B D,z2[0] D[0] B[255] D[495] B[730] D[971],false,true,971,0,971,971,5,5,5,5.15,F2L Slot 1,U' B' U B,U'[1576] B'[1893] U[1949] B[2086],false,true,1115,922,193,2086,4,4,4,20.73,F2L Slot 2,F U2 F' U' F U F',F[2408] U2[2741] F'[2958] U'[3144] F[3249] U[3470] F'[3726],false,true,1640,322,1318,3726,7,7,8,5.31,F2L Slot 3,U U3' B U' B' U B U B',U[4092] U3'[4836] B[4968] U'[5105] B'[5237] U[5306] B[5424] U[5582] B'[5814],false,true,2088,1242,846,5814,9,9,11,10.64,F2L Slot 4,U' R U R' U' R U R' R R' U' R U R',U'[5975] R[6443] U[6541] R'[6594] U'[6665] R[6738] U[6834] R'[6894] R[7078] R'[7165] U'[7367] R[7460] U[7534] R'[7609],false,true,1795,629,1166,7609,14,14,14,12.01,OLL,R U R' U' R' F R F',R[8360] U[8465] R'[8525] U'[8592] R'[8792] F[8838] R[8910] F'[9090],false,true,1481,751,730,9090,8,8,8,10.96,PLL,U R' U R' U' B' R' B2 U' B' U B' R B R U',U[9748] R'[10273] U[10333] R'[10418] U'[10713] B'[10980] R'[11189] B2[11309] U'[11384] B'[11479] U[11516] B'[11590] R[11919] B[12049] R[12380] U'[12569],false,true,3479,1183,2296,12569,16,16,17,6.97,,,,,,,,,,,,,,,,,,,,,,,,,,,,5,FL->FR 19,"[BL,BR]->FR 20",31,33,V,,
0748f81c-ca94-43c2-b7eb-506cfb855b26,2023-09-01 00:50:03 UTC,false,16639,CFOP,Gan Smart Cube,Gan i Carry,Gan 356i,Jacob Pfeifer,false,false,31500,16639,,L'[0] D[394] D[480] B'[841] F[1049] F[1189] L'[2199] L'[2438] R'[2697] B[2908] R'[3093] B'[3250] U'[3658] R'[3948] U[4014] R'[4795] R'[5046] D'[5223] R[5294] R[5431] D[5613] R[5930] D'[6454] R'[6664] D[6763] R[8182] R'[8969] B'[9423] R'[9668] B[9752] R'[10305] D[10705] R[10817] R[10893] D'[11008] R[11182] F'[11485] R'[11568] F[11630] R[12186] R[12271] B[12577] F'[12595] U[12728] B'[12927] F[13009] R[13143] R[13222] B[13360] F'[13434] U[13519] B'[13641] F[13748] R[14552] U[14923] F[15038] R'[15093] F'[15199] R'[15280] F[15339] R[15409] F'[15492] U'[15546] F[15632] R[15768] F'[15843] R'[15953] F'[16078] U[16124] F[16197] U'[16388] R[16639],cube,,Playground,custom_rules,R2 U2 F' R' U' L U2 L2 D' R D B2 D R2 U2 L2 U F2 L2 F2 U' F2,random_state,custom_rules,,,,8,RU,0,0,16639,60,65,72,3.61,7432,9207,"",0,Cross,L' D2 S' F D2',L'[0] D2[480] S'[1049] F[1189] D2'[2438],false,true,2438,0,2438,2438,5,6,8,2.05,F2L Slot 1,U' B U' B' L' U' L,U'[2697] B[2908] U'[3093] B'[3250] L'[3658] U'[3948] L[4014],false,true,1576,470,1106,4014,7,7,7,6.33,F2L Slot 2,U2' R' U2 R U R' U' R,U2'[5046] R'[5223] U2[5431] R[5613] U[5930] R'[6454] U'[6664] R[6763],false,true,2749,1209,1540,6763,8,8,10,5.19,F2L Slot 3,U U' B' U' B,U[8182] U'[8969] B'[9423] U'[9668] B[9752],false,true,2989,2660,329,9752,5,5,5,15.2,F2L Slot 4,U' R U2 R' U F' U' F,U'[10305] R[10705] U2[10893] R'[11008] U[11182] F'[11485] U'[11568] F[11630],false,true,1878,953,925,11630,8,8,9,8.65,OLL,U2 S U S' U2 S U S',U2[12271] S[12595] U[12728] S'[13009] U2[13222] S[13434] U[13519] S'[13748],false,true,2118,965,1153,13748,8,12,14,6.94,PLL,U L F U' F' U' F U F' L' F U F' U' F' L F L' U,U[14552] L[14923] F[15038] U'[15093] F'[15199] U'[15280] F[15339] U[15409] F'[15492] L'[15546] F[15632] U[15768] F'[15843] U'[15953] F'[16078] L[16124] F[16197] L'[16388] U[16639],false,true,2891,1175,1716,16639,19,19,19,11.07,,,,,,,,,,,,,,,,,,,,,,,,,,,,23,BL->FR 4,"[FL,BR]->FR 12",24,28,Y,,
502cc0d8-f545-4e06-a1c8-c05d718812d0,2023-09-01 00:51:02 UTC,false,17659,CFOP,Gan Smart Cube,Gan i Carry,Gan 356i,Jacob Pfeifer,false,false,24625,17659,,U[0] L'[266] D'[367] B[442] D[570] R'[892] D'[1174] R'[1571] R'[1850] L'[2798] D'[2986] L'[3207] D[3286] L[3602] F'[4010] L[4116] F[4279] L'[4866] L'[5108] B[5257] L'[5425] B'[5597] L[5724] B[5890] L[6026] B'[6380] L[6675] D'[7251] L[7310] D[7503] L'[7773] B'[8110] L[8229] B[8487] L'[9324] L[10871] D'[11281] L[11391] D[11572] L'[11678] D'[11794] L'[11876] D[11965] L'[12824] L[13367] L[13462] D[13699] F'[13803] D'[13949] L'[14140] D[14253] L[14398] F[14989] L'[15228] D'[15309] L[15873] L[16272] D[16456] L[16552] D'[16619] L'[16727] D'[16852] B[16906] D[16968] D[17021] L'[17066] D'[17147] L'[17217] D[17317] L[17382] D'[17460] B'[17566] L[17659],cube,,Playground,custom_rules,R L D2 F' D L' D' F2 R D R U2 L2 D2 L2 U L2 U' R2 L2 B2 D2,random_state,custom_rules,,,,8,LU,0,0,17659,68,68,73,3.85,8660,8999,"",0,Cross,z R U' L' B L D' L' D2',z[0] R[0] U'[266] L'[367] B[442] L[570] D'[892] L'[1174] D2'[1850],false,true,1850,0,1850,1850,8,8,9,4.32,F2L Slot 1,U' L' U' L U F' U F,U'[2798] L'[2986] U'[3207] L[3286] U[3602] F'[4010] U[4116] F[4279],false,true,2429,1136,1293,4279,8,8,8,6.19,F2L Slot 2,U2' B U' B' U B U B',U2'[5108] B[5257] U'[5425] B'[5597] U[5724] B[5890] U[6026] B'[6380],false,true,2101,978,1123,6380,8,8,9,7.12,F2L Slot 3,U L' U L U' B' U B,U[6675] L'[7251] U[7310] L[7503] U'[7773] B'[8110] U[8229] B[8487],false,true,2107,871,1236,8487,8,8,8,6.47,F2L Slot 4,U' U L' U L U' L' U' L,U'[9324] U[10871] L'[11281] U[11391] L[11572] U'[11678] L'[11794] U'[11876] L[11965],false,true,3478,2794,684,11965,9,9,9,13.16,OLL,U' U2 L F' L' U' L U F U' L',U'[12824] U2[13462] L[13699] F'[13803] L'[13949] U'[14140] L[14253] U[14398] F[14989] U'[15228] L'[15309],false,true,3344,1734,1610,15309,11,11,12,6.83,PLL,U2 L U L' U' L' B L2 U' L' U' L U L' B' U,U2[16272] L[16456] U[16552] L'[16619] U'[16727] L'[16852] B[16906] L2[17021] U'[17066] L'[17147] U'[17217] L[17317] U[17382] L'[17460] B'[17566] U[17659],false,true,2350,1147,1203,17659,16,16,18,13.3,,,,,,,,,,,,,,,,,,,,,,,,,,,,11,FL->FR 20,"[FL,BL]->FR 59",6,39,T,,
27e4666e-deb0-4600-9ccf-917db181b1ae,2023-09-01 00:52:55 UTC,false,17568,CFOP,Gan Smart Cube,Gan i Carry,Gan 356i,Jacob Pfeifer,false,false,11045,17568,,B'[0] R'[142] B'[383] U'[857] D'[1295] R[1496] D'[1656] R'[1819] D[1896] D[2048] B'[2508] D'[2648] B[2800] D'[3713] D'[4078] B[4224] D[4373] D[4475] B'[4740] D[5031] F[5194] D[5388] F'[5664] B[6948] D[7078] D[7160] B'[7262] D[7559] D[7647] B[7769] D'[7992] B'[8163] D'[8389] D'[8889] L'[9003] F[9044] L[9130] F'[9383] L[9468] D'[9558] L'[9653] D'[10337] D'[10575] R[11250] F[11370] L'[11477] F[11535] L[11739] F[11891] F[12054] R'[12252] R'[12742] B'[12933] L[13085] B'[13228] L'[13363] B[13433] B[13490] R[13666] D[14626] L[15232] L[15508] D[15842] L[16077] D[16178] L'[16247] D'[16330] L'[16633] D'[16726] L'[16933] D[17006] L'[17220] D[17568],cube,,Playground,custom_rules,U2 D2 F U2 F2 U R' L U2 R2 U' B2 D R2 L2 F2 U' L2 D F2 U',random_state,custom_rules,,,,8,DB,0,0,17568,62,62,73,3.53,7626,9942,"",0,Cross,z2 B' L' B' D',z2[0] B'[0] L'[142] B'[383] D'[857],false,true,857,0,857,857,4,4,4,4.67,F2L Slot 1,U' L U' L' U2 B' U' B,U'[1295] L[1496] U'[1656] L'[1819] U2[2048] B'[2508] U'[2648] B[2800],false,true,1943,639,1304,2800,8,8,9,6.13,F2L Slot 2,U2' B U2 B' U F U F',U2'[4078] B[4224] U2[4475] B'[4740] U[5031] F[5194] U[5388] F'[5664],false,true,2864,1424,1440,5664,8,8,10,5.56,F2L Slot 3,B U2 B' U2 B U' B',B[6948] U2[7160] B'[7262] U2[7647] B[7769] U'[7992] B'[8163],false,true,2499,1284,1215,8163,7,7,9,5.76,F2L Slot 4,U2' R' F R F' R U' R',U2'[8889] R'[9003] F[9044] R[9130] F'[9383] R[9468] U'[9558] R'[9653],false,true,1490,840,650,9653,8,8,9,12.31,OLL,U2' L F R' F R F2 L2' B' R B' R' B2 L,U2'[10575] L[11250] F[11370] R'[11477] F[11535] R[11739] F2[12054] L2'[12742] B'[12933] R[13085] B'[13228] R'[13363] B2[13490] L[13666],false,true,4013,1597,2416,13666,14,14,18,5.79,PLL,U R2 U R U R' U' R' U' R' U R' U,U[14626] R2[15508] U[15842] R[16077] U[16178] R'[16247] U'[16330] R'[16633] U'[16726] R'[16933] U[17006] R'[17220] U[17568],false,true,3902,1842,2060,17568,13,13,14,6.31,,,,,,,,,,,,,,,,,,,,,,,,,,,,23,FL->FR 19,"[BL,BR]->FR 9",34,18,Ub,,
59b89467-078f-4403-b5f7-dc92480fcbd7,2023-09-01 00:52:03 UTC,false,15346,CFOP,Gan Smart Cube,Gan i Carry,Gan 356i,Jacob Pfeifer,false,false,28854,15346,,D'[0] D'[245] B'[450] R'[1026] F'[1389] D[1599] R'[2164] R[2463] U[2638] R'[2811] D'[3324] U'[4228] B[4805] U'[5041] B'[5242] F'[6443] U'[6665] F[6771] U'[7070] R[7486] U[7669] R'[7937] U'[8247] B'[8727] U[8870] B[9029] U[9317] U[9411] F[9727] U[9823] U[9911] F'[9993] U'[10072] F[10137] U[10224] F'[10311] B'[11327] F[11467] R[11582] F[11760] R[11868] F'[11932] R'[12061] F'[12150] U[12242] F[12296] U'[12532] B[12749] F'[12766] U[13288] U[13402] F[13734] U[13831] F'[13900] U'[14013] F'[14134] L[14392] F[14518] F[14575] U'[14639] F'[14718] U'[14850] F[14925] U[15039] F'[15162] L'[15234] U'[15346],cube,,Playground,custom_rules,B2 U2 R' D2 F L2 B' L B U' R2 B2 U' F2 U R2 U2 B2 L2 U L2 F2,random_state,custom_rules,,,,8,UF,0,0,15346,60,62,67,3.91,6294,8807,"",0,Cross,D2' B' R' F' D R' R U R' D',D2'[245] B'[450] R'[1026] F'[1389] D[1599] R'[2164] R[2463] U[2638] R'[2811] D'[3324],false,true,3079,0,3079,3324,10,10,11,3.25,F2L Slot 1,U' B U' B',U'[4228] B[4805] U'[5041] B'[5242],false,true,1918,1481,437,5242,4,4,4,9.15,F2L Slot 2,F' U' F U' R U R',F'[6443] U'[6665] F[6771] U'[7070] R[7486] U[7669] R'[7937],false,true,2695,1201,1494,7937,7,7,7,4.69,F2L Slot 3,U' B' U B,U'[8247] B'[8727] U[8870] B[9029],false,true,1092,790,302,9029,4,4,4,13.25,F2L Slot 4,U2 F U2 F' U' F U F',U2[9411] F[9727] U2[9911] F'[9993] U'[10072] F[10137] U[10224] F'[10311],false,true,1282,698,584,10311,8,8,10,13.7,OLL,S' U F U F' U' F' L F L' S,S'[11467] U[11582] F[11760] U[11868] F'[11932] U'[12061] F'[12150] L[12242] F[12296] L'[12532] S[12766],false,true,2455,1156,1299,12766,11,13,13,8.47,PLL,U2 F U F' U' F' L F2 U' F' U' F U F' L' U',U2[13402] F[13734] U[13831] F'[13900] U'[14013] F'[14134] L[14392] F2[14575] U'[14639] F'[14718] U'[14850] F[14925] U[15039] F'[15162] L'[15234] U'[15346],false,true,2580,968,1612,15346,16,16,18,9.93,,,,,,,,,,,,,,,,,,,,,,,,,,,,21,BR->FR 47,"[FL,BL]->FR 5",19,29,T,,
127985b4-fd22-44e1-b09c-6bc2dace6bda,2023-09-01 00:53:52 UTC,false,18606,CFOP,Gan Smart Cube,Gan i Carry,Gan 356i,Jacob Pfeifer,false,false,12196,18606,,F[0] L[109] D'[369] L'[754] R'[960] U'[1838] B[2246] L'[2621] B[3017] D'[5234] F[5458] F[5556] D[5644] L'[6208] F'[6352] L[6484] F[7391] R[7729] F[7918] R'[8172] F[8278] D'[8657] F'[8915] D[8991] U[10539] F[10862] U'[11021] F[11285] F[11368] U[11496] F'[11648] U'[11771] U'[12832] F'[12938] U[13031] F'[13247] U'[13369] F[13405] U[13492] F'[14392] R[14683] U[14829] F[14952] U'[15003] F'[15087] L[15412] R'[15427] F[15681] D[15818] F'[15872] D'[15945] L'[16110] D[17324] U'[17332] D[17392] U'[17402] B'[17531] D[17648] U'[17660] D[17715] U'[17724] F'[17841] F'[18089] D[18167] U'[18176] D[18223] U'[18232] B'[18384] U'[18463] D[18463] D[18522] U'[18530] F[18606],cube,,Playground,custom_rules,F' L' F2 R F L2 B' U' R' L B2 R2 U D2 L2 D R2 B2 U B2 L2 D2,random_state,custom_rules,,,,8,FU,0,0,18606,57,62,73,3.06,8554,10052,"",0,Cross,x U L F' L' R' B' D L' D,x[0] U[0] L[109] F'[369] L'[754] R'[960] B'[1838] D[2246] L'[2621] D[3017],false,true,3017,0,3017,3017,9,9,9,2.98,F2L Slot 1,F' U2 F L' U' L,F'[5234] U2[5556] F[5644] L'[6208] U'[6352] L[6484],false,true,3467,2217,1250,6484,6,6,7,4.8,F2L Slot 2,U R U R' U F' U' F,U[7391] R[7729] U[7918] R'[8172] U[8278] F'[8657] U'[8915] F[8991],false,true,2507,1245,1262,8991,8,8,8,6.34,F2L Slot 3,B U B' U2 B U' B',B[10539] U[10862] B'[11021] U2[11368] B[11496] U'[11648] B'[11771],false,true,2780,1548,1232,11771,7,7,8,5.68,F2L Slot 4,B' U' B U' B' U B,B'[12832] U'[12938] B[13031] U'[13247] B'[13369] U[13405] B[13492],false,true,1721,1061,660,13492,7,7,7,10.61,OLL,U' R B U B' U' M' B U B' U' L' x',U'[14392] R[14683] B[14829] U[14952] B'[15003] U'[15087] M'[15427] B[15681] U[15818] B'[15872] U'[15945] L'[16110] x'[16717],false,true,2618,1191,1427,16110,12,13,13,8.41,PLL,S2' U' S2' U2' S2' U' S2' U,S2'[17402] U'[17531] S2'[17724] U2'[18089] S2'[18232] U'[18384] S2'[18530] U[18606],false,true,2496,1292,1204,18606,8,12,21,6.64,,,,,,,,,,,,,,,,,,,,,,,,,,,,84,FL->FR 48,"[FL,BL]->FR 15",16,2,H,,
a1fa3394-1125-4ca6-84ad-a01c2c6fc763,2023-09-07 23:02:36 UTC,false,17182,CFOP,Gan Smart Cube,Gan i Carry,Gan 356i,Jacob Pfeifer,false,false,8281,17182,,D[0] D[77] L[373] F[664] L[1390] B'[2226] R[2304] B[2423] R[2687] F[3210] R[3368] F'[3667] R[4487] R[4601] B'[5008] R[5067] B[5153] R[5455] R[5568] B'[6326] R[6441] B[6661] R[7518] R'[8053] B'[8190] D[8433] B[8568] D'[8792] B[8910] R'[9070] B'[9240] R[9885] F'[10201] R'[10402] F[10479] R[11244] R[11617] B[11986] R[12140] R[12231] B'[12348] B'[12659] D[13007] B[13123] D'[13373] B[13474] R[13773] R[13833] B'[13924] R[14848] D[15226] B[15396] R'[15494] B'[15592] R'[15718] B[15766] R[15879] B'[15968] D'[16094] B[16190] R[16329] B'[16387] R'[16498] B'[16707] D[16761] B[16855] D'[17077] R'[17182],cube,,Playground,custom_rules,R' B2 L2 D B L F2 B' U F U2 F2 U B2 L2 U' F2 D B2 D2 F2 R2,random_state,custom_rules,,,,8,RU,0,0,17182,61,61,68,3.55,7476,9629,"",0,Cross,z' R2 D F D,z'[38] R2[77] D[373] F[664] D[1390],false,true,1313,0,1313,1390,4,4,5,3.05,F2L Slot 1,B' U B U F U F',B'[2226] U[2304] B[2423] U[2687] F[3210] U[3368] F'[3667],false,true,2277,836,1441,3667,7,7,7,4.86,F2L Slot 2,U2 B' U B U2 B' U B,U2[4601] B'[5008] U[5067] B[5153] U2[5568] B'[6326] U[6441] B[6661],false,true,2994,1341,1653,6661,8,8,10,4.84,F2L Slot 3,U U' B' R B R' B U' B',U[7518] U'[8053] B'[8190] R[8433] B[8568] R'[8792] B[8910] U'[9070] B'[9240],false,true,2579,1529,1050,9240,9,9,9,8.57,F2L Slot 4,U F' U' F,U[9885] F'[10201] U'[10402] F[10479],false,true,1239,961,278,10479,4,4,4,14.39,OLL,U2 B U2 B2' R B R' B U2 B',U2[11617] B[11986] U2[12231] B2'[12659] R[13007] B[13123] R'[13373] B[13474] U2[13833] B'[13924],false,true,3445,1507,1938,13924,10,10,14,5.16,PLL,U R B U' B' U' B U B' R' B U B' U' B' R B R' U',U[14848] R[15226] B[15396] U'[15494] B'[15592] U'[15718] B[15766] U[15879] B'[15968] R'[16094] B[16190] U[16329] B'[16387] U'[16498] B'[16707] R[16761] B[16855] R'[17077] U'[17182],false,true,3258,1302,1956,17182,19,19,19,9.71,,,,,,,,,,,,,,,,,,,,,,,,,,,,3,BR->FR 44,"[BL,BR]->FR 40",12,35,Y,,
7ca8d824-e7f5-4516-819a-823c70abc427,2023-09-07 23:03:21 UTC,false,19514,CFOP,Gan Smart Cube,Gan i Carry,Gan 356i,Jacob Pfeifer,false,false,8783,19514,,B[0] F[211] R[614] R[676] L'[1247] U'[1604] D[4138] D[4228] R'[4674] D'[5086] R[5682] D[5860] B[6283] D[6422] B'[6620] F[7253] D[7342] F'[7411] D'[7477] F[7550] D[7654] F'[7776] R[7955] D[8613] R'[8781] D[9979] D[10072] F'[10485] D[10751] D[10854] F[10987] D'[11187] F'[11316] D[11380] F[11531] D'[12032] D'[12285] R'[12599] D[12672] R[12798] D[13706] D[13926] D'[14214] F[14416] L[14566] D[14945] L'[15064] D'[15138] F'[15301] D[15420] F[15691] L[15829] D[15948] L'[16033] D'[16106] F'[16266] L[17766] D'[17996] L[18084] D[18294] L[18455] D[18590] L[18694] D'[18782] L'[18914] D'[18953] L[19067] L[19111] D[19514],cube,,Playground,custom_rules,U B L B' D2 F L U2 B2 U' L2 D L2 D' R2 L2 F2 D B2 U L2,random_state,custom_rules,,,,8,DB,0,0,19514,62,62,69,3.18,9593,9921,"",0,Cross,z2 B F L2 R' D',z2[0] B[0] F[211] L2[676] R'[1247] D'[1604],false,true,1604,0,1604,1604,5,5,6,3.12,F2L Slot 1,U2 L' U' L U B U B',U2[4228] L'[4674] U'[5086] L[5682] U[5860] B[6283] U[6422] B'[6620],false,true,5016,3070,1946,6620,8,8,9,4.11,F2L Slot 2,F U F' U' F U F' L U L',F[7253] U[7342] F'[7411] U'[7477] F[7550] U[7654] F'[7776] L[7955] U[8613] L'[8781],false,true,2161,633,1528,8781,10,10,10,6.54,F2L Slot 3,U2 F' U2 F U' F' U F,U2[10072] F'[10485] U2[10854] F[10987] U'[11187] F'[11316] U[11380] F[11531],false,true,2750,1704,1046,11531,8,8,10,7.65,F2L Slot 4,U2' L' U L,U2'[12285] L'[12599] U[12672] L[12798],false,true,1267,1068,199,12798,4,4,5,20.1,OLL,U2 U' F R U R' U' F' U F R U R' U' F',U2[13926] U'[14214] F[14416] R[14566] U[14945] R'[15064] U'[15138] F'[15301] U[15420] F[15691] R[15829] U[15948] R'[16033] U'[16106] F'[16266],false,true,3468,1618,1850,16266,15,15,16,8.11,PLL,R U' R U R U R U' R' U' R2 U,R[17766] U'[17996] R[18084] U[18294] R[18455] U[18590] R[18694] U'[18782] R'[18914] U'[18953] R2[19111] U[19514],false,true,3248,1500,1748,19514,12,12,13,6.86,,,,,,,,,,,,,,,,,,,,,,,,,,,,113,FL->FR 70,"[BL,BR]->FR 10",5,12,Ua,,
61b40258-d598-4d0e-890d-ab172fb4406b,2023-09-07 23:05:49 UTC,false,13520,CFOP,Gan Smart Cube,Gan i Carry,Gan 356i,Jacob Pfeifer,false,false,12197,13520,,D'[0] D'[233] R[591] B[741] L[1028] L[1133] L[1930] U[2060] U[2178] L'[2517] U[2590] B'[2982] U'[3078] B[3206] U'[3529] U'[3863] R[4354] U'[4556] R'[4728] U'[5122] B[5535] U'[6048] B'[6211] U[6951] U'[7481] L'[7713] U[7752] L[7857] U[8364] F[8487] U'[8576] F'[8653] U[9259] L[9535] F[9637] U'[9701] F'[9805] U'[9905] F[9953] U[10057] F'[10227] L'[10291] U[11170] F[11433] F[11490] D'[11797] L[11914] U'[12001] L[12141] U[12262] L'[12388] D[12556] F[12689] F[12744] R[13116] U'[13215] R'[13285] U'[13520],cube,,Playground,custom_rules,R' U R2 D2 B2 R2 L' F D B2 L2 U B2 D' R2 U L2 F2 U' B2 U L2,random_state,custom_rules,,,,8,UF,0,0,13520,52,52,58,3.85,6335,6952,"",0,Cross,D2' R B L2,D2'[233] R[591] B[741] L2[1133],false,true,900,0,900,1133,4,4,6,4.44,F2L Slot 1,L U2 L' U B' U' B,L[1930] U2[2178] L'[2517] U[2590] B'[2982] U'[3078] B[3206],false,true,2073,797,1276,3206,7,7,8,5.49,F2L Slot 2,U2' R U' R',U2'[3863] R[4354] U'[4556] R'[4728],false,true,1522,1148,374,4728,4,4,5,10.7,F2L Slot 3,U' B U' B',U'[5122] B[5535] U'[6048] B'[6211],false,true,1483,807,676,6211,4,4,4,5.92,F2L Slot 4,U U' L' U L U F U' F',U[6951] U'[7481] L'[7713] U[7752] L[7857] U[8364] F[8487] U'[8576] F'[8653],false,true,2442,1502,940,8653,9,9,9,9.57,OLL,U L F U' F' U' F U F' L',U[9259] L[9535] F[9637] U'[9701] F'[9805] U'[9905] F[9953] U[10057] F'[10227] L'[10291],false,true,1638,882,756,10291,10,10,10,13.23,PLL,U F2 D' L U' L U L' D F2 R U' R' U',U[11170] F2[11490] D'[11797] L[11914] U'[12001] L[12141] U[12262] L'[12388] D[12556] F2[12744] R[13116] U'[13215] R'[13285] U'[13520],false,true,3229,1199,2030,13520,14,14,16,6.9,,,,,,,,,,,,,,,,,,,,,,,,,,,,24,BL->FR 21,"[FL,BR]->FR 21",25,37,Gc,,
1d44d298-8c3d-4897-a4db-adf4efb1cd18,2023-09-07 23:06:32 UTC,false,10639,CFOP,Gan Smart Cube,Gan i Carry,Gan 356i,Jacob Pfeifer,false,false,8775,10639,,L[0] D'[119] R[471] R[559] F'[952] D[1306] F'[1460] D'[1606] U[1930] F'[2075] U'[2217] F'[2539] U'[2950] F[3167] U[3390] F[3796] D'[4197] F[4287] D[4389] L'[4875] F'[5157] L[5341] R[5965] F'[6086] R'[6189] F[6361] D'[6816] F[6877] F[6979] D[7039] F[7306] F[7376] D'[7622] F[7664] D[7743] F[8535] R[9066] F[9263] U[9379] F'[9445] U'[9525] R'[9734] F[9860] L[10104] D[10245] F[10348] D'[10416] F'[10500] L'[10639],cube,,Playground,custom_rules,F2 L2 F' R' D' F' L' F R' F2 U R2 B2 D2 F2 D F2 R2 U R2 U F2,random_state,custom_rules,0,0,0,8,FU,0,0,10639,46,46,49,4.32,4234,6405,"",1,Cross,x L F' R2,x[0] L[0] F'[119] R2[559],false,true,559,0,559,559,3,3,4,5.37,F2L Slot 1,U' F U' F' B U' B',U'[952] F[1306] U'[1460] F'[1606] B[1930] U'[2075] B'[2217],false,true,1658,747,911,2217,7,7,7,7.68,F2L Slot 2,U' B' U B,U'[2539] B'[2950] U[3167] B[3390],false,true,1173,733,440,3390,4,4,4,9.09,F2L Slot 3,U F' U F L' U' L,U[3796] F'[4197] U[4287] F[4389] L'[4875] U'[5157] L[5341],false,true,1951,807,1144,5341,7,7,7,6.12,F2L Slot 4,R U' R' U F' U2 F U2 F' U F,R[5965] U'[6086] R'[6189] U[6361] F'[6816] U2[6979] F[7039] U2[7376] F'[7622] U[7664] F[7743],false,true,2402,624,1778,7743,11,11,13,6.19,OLL,U R U B U' B' R' U L F U F' U' L',U[8535] R[9066] U[9263] B[9379] U'[9445] B'[9525] R'[9734] U[9860] L[10104] F[10245] U[10348] F'[10416] U'[10500] L'[10639],false,true,2896,1323,1573,10639,14,14,14,8.9,PLL,,"",true,false,0,0,0,10639,0,0,0,0,,,,,,,,,,,,,,,,,,,,,,,,,,,,111,FL->FR 5,"[FL,BL]->FR 6",40,4,Solved,,
896c10dd-29e0-4ff9-a1c5-90efef019394,2023-09-07 23:04:09 UTC,false,18053,CFOP,Gan Smart Cube,Gan i Carry,Gan 356i,Jacob Pfeifer,false,false,10245,18053,,B'[0] F[180] F[289] U'[504] R[1085] U[1313] R'[1989] L[2592] U'[2991] L'[3193] U[3272] L[3613] L[3714] U'[4136] L[4248] U[4460] D[4822] L[5023] L[5135] D'[5304] U[5636] L'[5891] U'[6260] D[6819] L[7037] L[7149] D'[7334] L[7495] L[7621] D[7839] L'[8087] D'[8255] L[9064] L[9165] D'[9388] L[9504] D[9682] L'[9792] D'[9902] L'[10221] D[10283] L'[11346] B[11848] L[12059] D[12215] L'[12301] D'[12361] B'[12556] L'[12803] F[12974] U[13120] L[13244] U'[13328] L'[13413] F'[13566] U'[15486] L'[15626] U[15724] B[16174] B[16265] R[16540] D'[16712] L[16811] D[17052] L'[17194] D[17334] R'[17878] B[17973] B[18053],cube,,Playground,custom_rules,U' F' U2 F2 L B' R F2 L U' F U D' L2 U' B2 D2 F2 D' B2 R2 D',random_state,custom_rules,,,,8,LU,0,0,18053,61,62,69,3.38,6541,11332,"",0,Cross,z2 S' F R' D R D',z2[90] S'[180] F[289] R'[504] D[1085] R[1313] D'[1989],false,true,1809,0,1809,1989,6,7,7,3.32,F2L Slot 1,U R' U' R U2 R' U R,U[2592] R'[2991] U'[3193] R[3272] U2[3714] R'[4136] U[4248] R[4460],false,true,2471,1002,1469,4460,8,8,9,5.45,F2L Slot 2,L U2 L' R U' R',L[4822] U2[5135] L'[5304] R[5636] U'[5891] R'[6260],false,true,1800,362,1438,6260,6,6,7,4.17,F2L Slot 3,L U2 L' U2 L U' L',L[6819] U2[7149] L'[7334] U2[7621] L[7839] U'[8087] L'[8255],false,true,1995,559,1436,8255,7,7,9,4.87,F2L Slot 4,U2 L' U L U' L' U' L,U2[9165] L'[9388] U[9504] L[9682] U'[9792] L'[9902] U'[10221] L[10283],false,true,2028,1133,895,10283,8,8,9,8.94,OLL,U' B U L U' L' B' U' F R U R' U' F',U'[11346] B[11848] U[12059] L[12215] U'[12301] L'[12361] B'[12556] U'[12803] F[12974] R[13120] U[13244] R'[13328] U'[13413] F'[13566],false,true,3283,1565,1718,13566,14,14,14,8.15,PLL,R' U' R B2 D L' U L U' L D' B2,R'[15486] U'[15626] R[15724] B2[16265] D[16540] L'[16712] U[16811] L[17052] U'[17194] L[17334] D'[17878] B2[18053],false,true,4487,1920,2567,18053,12,12,14,4.67,,,,,,,,,,,,,,,,,,,,,,,,,,,,11,BR->FR 9,"[FL,BL]->FR 9",6,3,Gb,,
960370c2-5b83-40c5-8f02-08cb9820c8d3,2023-09-07 23:04:52 UTC,false,17826,CFOP,Gan Smart Cube,Gan i Carry,Gan 356i,Jacob Pfeifer,false,false,9969,17826,,D[0] U[424] L'[737] B'[1511] R[1745] B'[2077] B'[2330] F'[2839] R'[3172] F[3238] R[3381] F[3504] R'[3671] F[3753] R[3893] F[4054] L'[4453] F[4544] L[4674] F'[5431] R'[5620] F[5695] R[5820] F[5966] R'[6117] F[6200] R[6298] D'[6741] F[6903] D[7121] U'[8430] F'[8546] U[8661] F'[9025] L[9346] F[9517] L'[9670] F[10482] F'[10795] U'[10964] R[11035] U[11145] R'[11322] U[11406] F'[11503] U'[11604] F'[12585] F'[13015] R[13214] U[13750] F[13825] U'[13906] F'[13997] U[14059] F[14142] U'[14218] F'[14300] R'[14457] F[15345] F'[15505] U'[15765] F[15838] F[15905] U[15981] F'[16158] F'[16300] U'[16499] R[16531] U[16636] F[16765] U'[16840] F'[16939] U'[17129] R'[17256] U[17314] U[17412] F[17781] F[17826],cube,,Playground,custom_rules,U F' U2 R U' D L' F' U' B R U2 R2 L2 F2 U' L2 U F2 D R2 U,random_state,custom_rules,,,,8,FU,0,0,17826,72,72,78,4.04,7309,10517,"",0,Cross,x F B L' D' R D2',x[0] F[0] B[424] L'[737] D'[1511] R[1745] D2'[2330],false,true,2330,0,2330,2330,6,6,7,2.58,F2L Slot 1,U' R' U R U R' U R U L' U L,U'[2839] R'[3172] U[3238] R[3381] U[3504] R'[3671] U[3753] R[3893] U[4054] L'[4453] U[4544] L[4674],false,true,2344,842,1502,4674,12,12,12,7.99,F2L Slot 2,U' R' U R U R' U R F' U F,U'[5431] R'[5620] U[5695] R[5820] U[5966] R'[6117] U[6200] R[6298] F'[6741] U[6903] F[7121],false,true,2447,946,1501,7121,11,11,11,7.33,F2L Slot 3,B' U' B U' L U L',B'[8430] U'[8546] B[8661] U'[9025] L[9346] U[9517] L'[9670],false,true,2549,1309,1240,9670,7,7,7,5.65,F2L Slot 4,U U' B' R B R' B U' B',U[10482] U'[10795] B'[10964] R[11035] B[11145] R'[11322] B[11406] U'[11503] B'[11604],false,true,1934,1294,640,11604,9,9,9,14.06,OLL,U2' R B U B' U' B U B' U' R',U2'[13015] R[13214] B[13750] U[13825] B'[13906] U'[13997] B[14059] U[14142] B'[14218] U'[14300] R'[14457],false,true,2853,1610,1243,14457,11,11,12,8.85,PLL,U U' B' U2 B U2' B' R B U B' U' B' R' B2 U2,U[15345] U'[15505] B'[15765] U2[15905] B[15981] U2'[16300] B'[16499] R[16531] B[16636] U[16765] B'[16840] U'[16939] B'[17129] R'[17256] B2[17412] U2[17826],false,true,3369,1308,2061,17826,16,16,20,7.76,,,,,,,,,,,,,,,,,,,,,,,,,,,,22,FL->FR 22,"[BL,BR]->FR 41",34,48,Rb,,
94f18302-5273-4345-bac2-20647875ce4d,2023-09-07 23:09:34 UTC,false,20392,CFOP,Gan Smart Cube,Gan i Carry,Gan 356i,Jacob Pfeifer,false,false,19440,20392,,L'[0] U[63] B[347] B[666] U[960] D[2818] F[2926] F[2996] D'[3106] F[3319] D[3428] F'[3524] D'[3629] R[4777] R'[5261] L[5986] F'[6095] L'[6399] R[6715] F[6827] R'[6934] F'[7126] F'[7559] D'[7710] F[7775] D[7892] F[8147] U[8260] F'[8350] U'[8450] F'[8544] U[8607] F'[8727] U'[8841] F[8877] U[8956] F'[9029] U'[9111] F'[10105] L[10389] F[10488] F[10544] L'[10629] F[10874] F[10930] L[11000] F'[11068] L'[11146] F'[11987] L[14066] D'[14263] L'[14342] F'[14582] L[14667] F[14831] D[15167] F'[15340] L'[15459] F[16771] R[17461] L'[17469] R[17549] L'[17557] B'[17648] L'[17777] R[17778] R[17844] L'[17857] F'[17933] L'[18079] R[18079] U'[18214] U'[18351] R[18559] L'[18574] R[18679] L'[18691] D'[18846] R[18983] L'[18992] L[19692] R'[19729] D'[20187] R[20277] L'[20286] F'[20392],cube,,Playground,custom_rules,F2 R2 L D' F R2 F' R F L' U R2 U' B2 D B2 R2 B2 D2 F2 L2 D2,random_state,custom_rules,,,,8,FU,0,0,20392,67,74,86,3.29,9670,10722,"",0,Cross,x L' B D2 B,x[0] L'[0] B[63] D2[666] B[960],false,true,960,0,960,960,4,4,5,4.17,F2L Slot 1,F U2 F' U F U' F',F[2818] U2[2996] F'[3106] U[3319] F[3428] U'[3524] F'[3629],false,true,2669,1858,811,3629,7,7,8,8.63,F2L Slot 2,R R' L U' L' R U R' U2' F' U F,R[4777] R'[5261] L[5986] U'[6095] L'[6399] R[6715] U[6827] R'[6934] U2'[7559] F'[7710] U[7775] F[7892],false,true,4263,1148,3115,7892,12,12,13,3.85,F2L Slot 3,U B U' B' U' B U' B' U B U' B',U[8147] B[8260] U'[8350] B'[8450] U'[8544] B[8607] U'[8727] B'[8841] U[8877] B[8956] U'[9029] B'[9111],false,true,1219,368,851,9111,12,12,12,14.1,F2L Slot 4,U' L U2 L' U2 L U' L',U'[10105] L[10389] U2[10544] L'[10629] U2[10930] L[11000] U'[11068] L'[11146],false,true,2035,1278,757,11146,8,8,10,10.57,OLL,U' L F' L' U' L U F U' L',U'[11987] L[14066] F'[14263] L'[14342] U'[14582] L[14667] U[14831] F[15167] U'[15340] L'[15459],false,true,4313,2920,1393,15459,10,10,10,7.18,PLL,U M2 U' M2 U' M U2' M2 U' M M' U' M U',U[16771] M2[17557] U'[17648] M2[17857] U'[17933] M[18079] U2'[18351] M2[18691] U'[18846] M[18992] M'[19729] U'[20187] M[20286] U'[20392],false,true,4933,2098,2835,20392,14,21,28,4.94,,,,,,,,,,,,,,,,,,,,,,,,,,,,13,FL->FR 102,"[FL,BL]->FR 1",9,39,Z,,
7eb6bc0b-ce48-4384-92c8-5b810e2da9a2,2023-09-07 23:12:33 UTC,false,19027,CFOP,Gan Smart Cube,Gan i Carry,Gan 356i,Jacob Pfeifer,false,false,7549,19027,,D[0] F'[188] D[402] B[616] L[843] U'[1707] L[2091] U[2291] L'[2532] U'[2803] F'[3167] U'[3363] F[3476] B'[6728] U'[7697] B[7910] U'[8143] B'[8260] U[8370] B[8530] U'[8850] F[9000] U[9873] F'[10066] U'[10229] R'[10624] U'[10753] R[10885] F[11957] U[12141] U[12214] F'[12335] U[12701] F[12815] U'[12903] F'[12980] B[14569] L'[14781] B'[14941] B'[15036] R[15115] B[15294] B[15364] L[15525] B'[15649] B'[15713] R'[15813] B[15872] U'[17094] U'[17350] F'[17519] U[17573] B'[17738] U[17997] U[18120] F[18473] U'[18583] F'[18705] U[18787] U[18866] B[18943] F[19027],cube,,Playground,custom_rules,F2 L D L2 U' F R2 B L U2 F' U2 D2 F2 U2 F2 R2 D' B2 R2 B2 L2,random_state,custom_rules,,,,8,UF,0,0,19027,55,55,62,2.89,9278,9749,"",0,Cross,D F' D B L,D[0] F'[188] D[402] B[616] L[843],false,true,843,0,843,843,5,5,5,5.93,F2L Slot 1,U' L U L' U' F' U' F,U'[1707] L[2091] U[2291] L'[2532] U'[2803] F'[3167] U'[3363] F[3476],false,true,2633,1248,1385,3476,8,8,8,5.78,F2L Slot 2,B' U' B U' B' U B,B'[6728] U'[7697] B[7910] U'[8143] B'[8260] U[8370] B[8530],false,true,5054,3252,1802,8530,7,7,7,3.88,F2L Slot 3,U' F U F' U' R' U' R,U'[8850] F[9000] U[9873] F'[10066] U'[10229] R'[10624] U'[10753] R[10885],false,true,2355,470,1885,10885,8,8,8,4.24,F2L Slot 4,F U2 F' U F U' F',F[11957] U2[12214] F'[12335] U[12701] F[12815] U'[12903] F'[12980],false,true,2095,1072,1023,12980,7,7,8,6.84,OLL,B L' B2' R B2 L B2' R' B,B[14569] L'[14781] B2'[15036] R[15115] B2[15364] L[15525] B2'[15713] R'[15813] B[15872],false,true,2892,1589,1303,15872,9,9,12,6.91,PLL,U2' F' U B' U2 F U' F' U2 B F,U2'[17350] F'[17519] U[17573] B'[17738] U2[18120] F[18473] U'[18583] F'[18705] U2[18866] B[18943] F[19027],false,true,3155,1647,1508,19027,11,11,14,7.29,,,,,,,,,,,,,,,,,,,,,,,,,,,,114,BL->FR 16,"[FL,BR]->FR 60",13,49,Ja,,
a26e0dfc-0e60-47e8-8689-998474812d84,2023-09-07 23:14:30 UTC,false,18858,CFOP,Gan Smart Cube,Gan i Carry,Gan 356i,Jacob Pfeifer,false,false,9470,18858,,R[0] U'[117] B[333] B[420] D'[999] D'[1082] F[1158] D[1281] D[1360] R'[3258] B'[3931] R[4051] B[4209] F[6419] R'[6555] F'[6673] D[7314] R[7456] D'[7667] R'[7842] D[8506] R[8628] D'[8710] U'[9061] R[9141] U[9358] R'[9564] U'[9681] R[9813] R[10045] U[10233] R'[10415] U'[10553] R[10628] U[10839] D'[11364] R[11485] R[11572] D[11652] R[11919] R[11982] D'[12255] R[12303] D[12396] R'[13248] R'[13472] D[13557] R[13658] D'[13742] R[14185] D[14358] R'[14676] B[14962] R'[15078] B'[15143] D'[15223] F[16551] B'[16560] F[16607] B'[16620] L'[16722] F[16836] B'[16844] F[16894] B'[16912] R'[17012] F[17135] B'[17144] D'[17279] D'[17382] F[17504] B'[17513] F[17572] B'[17586] U'[17713] U'[18225] F[18335] B'[18349] R'[18491] R'[18858],cube,,Playground,custom_rules,F' D R U' F2 B2 R2 U R B U F2 L2 B2 L2 U2 R2 D B2 U B2 R2,random_state,custom_rules,,,,8,RU,0,0,18858,59,64,80,3.13,8215,10643,"",0,Cross,z' U L' B2 R2' F R2,z'[0] U[0] L'[117] B2[420] R2'[1082] F[1158] R2[1360],false,true,1360,0,1360,1360,6,6,9,4.41,F2L Slot 1,U' B' U B,U'[3258] B'[3931] U[4051] B[4209],false,true,2849,2571,278,4209,4,4,4,14.39,F2L Slot 2,F U' F' R U R' U' R U R',F[6419] U'[6555] F'[6673] R[7314] U[7456] R'[7667] U'[7842] R[8506] U[8628] R'[8710],false,true,4501,2210,2291,8710,10,10,10,4.36,F2L Slot 3,L' U L U' L' U2 L U' L' U L,L'[9061] U[9141] L[9358] U'[9564] L'[9681] U2[10045] L[10233] U'[10415] L'[10553] U[10628] L[10839],false,true,2129,351,1778,10839,11,11,12,6.19,F2L Slot 4,R' U2 R U2 R' U R,R'[11364] U2[11572] R[11652] U2[11982] R'[12255] U[12303] R[12396],false,true,1557,525,1032,12396,7,7,9,6.78,OLL,U2' R U R' U R U' B U' B' R',U2'[13472] R[13557] U[13658] R'[13742] U[14185] R[14358] U'[14676] B[14962] U'[15078] B'[15143] R'[15223],false,true,2827,1161,1666,15223,11,11,12,6.6,PLL,S2' U' S2' U' S' U2' S2' U2' S' U2',S2'[16620] U'[16722] S2'[16912] U'[17012] S'[17144] U2'[17382] S2'[17586] U2'[18225] S'[18349] U2'[18858],false,true,3635,1397,2238,18858,10,15,24,4.47,,,,,,,,,,,,,,,,,,,,,,,,,,,,5,BL->FR 102,"[FL,BR]->FR 44",17,52,Z,,
cdee34fd-1baf-47c0-86f8-ea75a9fb2fc3,2023-09-07 23:16:24 UTC,false,17481,CFOP,Gan Smart Cube,Gan i Carry,Gan 356i,Jacob Pfeifer,false,false,22540,17481,,R'[0] B'[162] B'[270] L'[1028] U[1217] L[1610] R'[2352] B'[2825] R'[3037] B[3162] B[3364] R[3598] B'[3912] R[4504] F[4942] R'[5149] F'[5306] R[5408] R[5524] B'[5996] R[6136] B[6324] F[6991] R'[7262] F'[7446] R[7646] D[7989] R'[8200] D'[8359] R[8844] R[9026] U'[9391] R[9483] U[9639] R[9835] R[9928] U'[10077] R[10148] U[10262] R[10903] U'[11191] D[11334] B'[11421] U'[11588] B'[11737] U[11828] B[11978] U[12096] R'[12221] U'[12333] R[12377] U[12797] D'[12834] R'[13680] R[14052] R[14156] R[14688] D[15149] D[15206] L[15425] B'[15579] R[15812] B'[15902] R'[16044] B[16156] L'[16388] D[16449] D[16538] F'[17064] R[17126] F[17230] R[17481],cube,,Playground,custom_rules,D' F' R L U' L' F' R F' D L2 D' F2 D F2 U2 B2 U' B2 L2 D B2,random_state,custom_rules,,,,8,RU,0,0,17481,61,63,72,3.49,7388,10093,"",0,Cross,z' U' B2' D' L D,z'[0] U'[0] B2'[270] D'[1028] L[1217] D[1610],false,true,1610,0,1610,1610,5,5,6,3.11,F2L Slot 1,U' B' U' B2 U B',U'[2352] B'[2825] U'[3037] B2[3364] U[3598] B'[3912],false,true,2302,1215,1087,3912,6,6,7,5.52,F2L Slot 2,U F U' F' U2 B' U B,U[4504] F[4942] U'[5149] F'[5306] U2[5524] B'[5996] U[6136] B[6324],false,true,2412,1030,1382,6324,8,8,9,5.79,F2L Slot 3,F U' F' U R U' R',F[6991] U'[7262] F'[7446] U[7646] R[7989] U'[8200] R'[8359],false,true,2035,667,1368,8359,7,7,7,5.12,F2L Slot 4,U2 L' U L U2 L' U L,U2[9026] L'[9391] U[9483] L[9639] U2[9928] L'[10077] U[10148] L[10262],false,true,1903,1032,871,10262,8,8,10,9.18,OLL,U M U' L' U' L U L F' L' F M',U[10903] M[11334] U'[11421] L'[11588] U'[11737] L[11828] U[11978] L[12096] F'[12221] L'[12333] F[12377] M'[12834],false,true,2572,1072,1500,12834,12,14,14,8.0,PLL,U' U3 R2 D B' U B' U' B D' R2 F' U F U,U'[13680] U3[14688] R2[15206] D[15425] B'[15579] U[15812] B'[15902] U'[16044] B[16156] D'[16388] R2[16538] F'[17064] U[17126] F[17230] U[17481],false,true,4647,2372,2275,17481,15,15,19,6.59,,,,,,,,,,,,,,,,,,,,,,,,,,,,80,FL->FR 67,"[BL,BR]->FR 60",32,30,Ga,,
ae8f5670-a5ec-4f83-b7a8-ebe2561d4474,2023-09-07 23:11:46 UTC,false,24496,CFOP,Gan Smart Cube,Gan i Carry,Gan 356i,Jacob Pfeifer,false,false,34775,24496,,F[0] L'[189] U[283] R[563] B[1280] D'[1488] B'[1738] U[3118] F'[3294] U'[3384] U'[3575] F'[3913] U[4002] U[4342] U'[4506] F'[4677] U[4870] F'[5536] U'[5636] F'[6331] D[6587] F'[6760] D'[6835] F[7110] F[7187] U'[7629] F[7730] U[7881] D'[9038] F[9138] D[9220] L'[9789] F'[9994] L[10082] F[10198] L'[10360] F'[10562] L[10647] F[11889] D[12291] F[12401] D'[12511] F[12557] L'[13026] F'[13621] L[13666] F'[14070] R[14282] F[14399] F[14466] R'[15083] F'[15590] R[15686] F[15759] R'[15838] F'[16765] F'[17026] L[17569] D[17705] R'[17858] D[17896] R[18268] D[18544] D[18635] L'[18744] L'[19278] U'[19430] R[19548] U'[19709] R'[19836] U[19889] U[19977] L[20068] R[22654] F'[22772] R[22855] F[23078] R[23253] F[23379] R[23600] F'[23979] R'[24130] F'[24208] R[24338] R[24385] F'[24496],cube,,Playground,custom_rules,D' R' B L U2 F' L D' L U R' B2 R2 U F2 R2 U' D2 R2 D' F2 U',random_state,custom_rules,,,,8,FU,0,0,24496,77,77,86,3.14,8421,16075,"",0,Cross,x U L' B R D F' D',x[0] U[0] L'[189] B[283] R[563] D[1280] F'[1488] D'[1738],false,true,1738,0,1738,1738,7,7,7,4.03,F2L Slot 1,B U' B2' U' B2 B' U' B U' B',B[3118] U'[3294] B2'[3575] U'[3913] B2[4342] B'[4506] U'[4677] B[4870] U'[5536] B'[5636],false,true,3898,1380,2518,5636,10,10,12,3.97,F2L Slot 2,U' F U' F' U2 B' U B,U'[6331] F[6587] U'[6760] F'[6835] U2[7187] B'[7629] U[7730] B[7881],false,true,2245,951,1294,7881,8,8,9,6.18,F2L Slot 3,F' U F L' U' L U L' U' L U F U F' U L' U' L,F'[9038] U[9138] F[9220] L'[9789] U'[9994] L[10082] U[10198] L'[10360] U'[10562] L[10647] U[11889] F[12291] U[12401] F'[12511] U[12557] L'[13026] U'[13621] L[13666],false,true,5785,1157,4628,13666,18,18,18,3.89,F2L Slot 4,U' R U2 R' U' R U R',U'[14070] R[14282] U2[14466] R'[15083] U'[15590] R[15686] U[15759] R'[15838],false,true,2172,616,1556,15838,8,8,9,5.14,OLL,U2' L F R' F R F2 L2' B' R B' R' B2 L,U2'[17026] L[17569] F[17705] R'[17858] F[17896] R[18268] F2[18635] L2'[19278] B'[19430] R[19548] B'[19709] R'[19836] B2[19977] L[20068],false,true,4230,1731,2499,20068,14,14,18,5.6,PLL,R U' R U R U R U' R' U' R2 U',R[22654] U'[22772] R[22855] U[23078] R[23253] U[23379] R[23600] U'[23979] R'[24130] U'[24208] R2[24385] U'[24496],false,true,4428,2586,1842,24496,12,12,13,6.51,,,,,,,,,,,,,,,,,,,,,,,,,,,,62,FL->FR 67,"[FL,BL]->FR 67",19,18,Ua,,
66c8355f-35ed-4898-89f9-a5158d329659,2023-09-07 23:13:42 UTC,false,19756,CFOP,Gan Smart Cube,Gan i Carry,Gan 356i,Jacob Pfeifer,false,false,23976,19756,,U'[0] R'[155] F[262] U'[910] F'[1089] L[1176] F[1330] D'[1669] D'[1940] R[3058] U[3178] U[3259] R'[3377] U[3657] R[3836] U'[3951] R'[4518] B[5651] U'[5770] B'[5922] B'[6043] U[6132] B[6367] B[7954] U'[8057] B'[8175] U'[8332] B[8510] U'[8960] B'[9112] U[9192] R'[9601] U'[9688] R[9785] U'[10860] U'[11124] U'[11543] L'[11685] U[11770] L[11855] U[12000] L'[12126] U[12237] L[12342] U'[12470] L'[12573] U[12634] L[12724] U[14295] U'[14700] U'[14935] R'[15085] F[15122] R[15241] U[15379] R'[15478] U'[15533] F'[15690] U[15943] R[16031] R'[17364] U'[17467] R[17538] B[17940] B[18019] D[18338] L'[18482] U[18533] L[18718] U'[19103] L[19170] D'[19453] B[19560] B[19647] U[19756],cube,,Playground,custom_rules,U R2 L' F2 B R2 U B2 R F D' B2 D2 L2 B2 R2 U' F2 D' L2 F2,random_state,custom_rules,,,,8,UF,0,0,19756,67,67,75,3.39,9432,10324,"",0,Cross,U' R' F U' F' L F D2',U'[0] R'[155] F[262] U'[910] F'[1089] L[1176] F[1330] D2'[1940],false,true,1940,0,1940,1940,8,8,9,4.12,F2L Slot 1,R U2 R' U R U' R',R[3058] U2[3259] R'[3377] U[3657] R[3836] U'[3951] R'[4518],false,true,2578,1118,1460,4518,7,7,8,4.79,F2L Slot 2,B U' B2' U B,B[5651] U'[5770] B2'[6043] U[6132] B[6367],false,true,1849,1133,716,6367,5,5,6,6.98,F2L Slot 3,B U' B' U' B U' B' U R' U' R,B[7954] U'[8057] B'[8175] U'[8332] B[8510] U'[8960] B'[9112] U[9192] R'[9601] U'[9688] R[9785],false,true,3418,1587,1831,9785,11,11,11,6.01,F2L Slot 4,U3' L' U L U L' U L U' L' U L,U3'[11543] L'[11685] U[11770] L[11855] U[12000] L'[12126] U[12237] L[12342] U'[12470] L'[12573] U[12634] L[12724],false,true,2939,1900,1039,12724,12,12,14,11.55,OLL,U U2' R' F R U R' U' F' U R,U[14295] U2'[14935] R'[15085] F[15122] R[15241] U[15379] R'[15478] U'[15533] F'[15690] U[15943] R[16031],false,true,3307,2361,946,16031,11,11,12,11.63,PLL,R' U' R B2 D L' U L U' L D' B2 U,R'[17364] U'[17467] R[17538] B2[18019] D[18338] L'[18482] U[18533] L[18718] U'[19103] L[19170] D'[19453] B2[19647] U[19756],false,true,3725,1333,2392,19756,13,13,15,5.43,,,,,,,,,,,,,,,,,,,,,,,,,,,,13,BL->FR 91,"[FL,BR]->FR 47",22,40,Gb,,
642ae1e7-7bf7-44c5-a361-fbfcb6fc974e,2023-09-07 23:15:22 UTC,false,19436,CFOP,Gan Smart Cube,Gan i Carry,Gan 356i,Jacob Pfeifer,false,false,20722,19436,,F[0] R[177] D'[673] F[842] B[1162] B[1266] U'[2178] U[2877] U[3141] F[3676] U'[3835] F'[3994] U[4139] U[4258] F[4503] U'[4772] U[5580] U'[6239] F'[6492] U'[8423] U'[9066] L[9497] U[9626] U[9719] L'[9879] U[10216] L[10451] U'[10689] L'[10885] U[11193] R'[11488] U[11596] R[11791] U[12020] U[12206] B[12586] U[12732] B'[13006] U[13433] U[13548] R[13989] U'[14115] R'[14222] U'[14768] U'[15088] L'[15327] R[15454] B[15581] R[15725] B[15852] R'[15960] B'[16063] R'[16195] U[16252] R[16318] U'[16529] L[16714] R'[16732] U[17590] R'[17938] U[17998] L'[18173] U[18379] U[18447] R[18511] U'[18600] R'[18725] U[18773] U[18812] R[18888] L[19078] U[19395] U[19436],cube,,Playground,custom_rules,U R F L B2 U' D R' U' B' L D' L2 F2 D R2 U2 F2 R2 U F2,random_state,custom_rules,,,,8,UF,0,0,19436,60,62,73,3.09,9439,9997,"",0,Cross,F R D' F B2,F[0] R[177] D'[673] F[842] B2[1266],false,true,1266,0,1266,1266,5,5,6,3.95,F2L Slot 1,U' U2 F U' F' U2 F U' U U' F',U'[2178] U2[3141] F[3676] U'[3835] F'[3994] U2[4258] F[4503] U'[4772] U[5580] U'[6239] F'[6492],false,true,5226,2410,2816,6492,11,11,13,3.91,F2L Slot 2,U2' L U2 L' U L U' L',U2'[9066] L[9497] U2[9719] L'[9879] U[10216] L[10451] U'[10689] L'[10885],false,true,4393,3005,1388,10885,8,8,10,5.76,F2L Slot 3,U R' U R U2 B U B',U[11193] R'[11488] U[11596] R[11791] U2[12206] B[12586] U[12732] B'[13006],false,true,2121,603,1518,13006,8,8,9,5.27,F2L Slot 4,U2 R U' R',U2[13548] R[13989] U'[14115] R'[14222],false,true,1216,983,233,14222,4,4,5,17.17,OLL,U2' M U R U R' U' R' F R F' M',U2'[15088] M[15454] U[15581] R[15725] U[15852] R'[15960] U'[16063] R'[16195] F[16252] R[16318] F'[16529] M'[16732],false,true,2510,1232,1278,16732,12,14,15,9.39,PLL,U R' U L' U2 R U' R' U2 R L U2,U[17590] R'[17938] U[17998] L'[18173] U2[18447] R[18511] U'[18600] R'[18725] U2[18812] R[18888] L[19078] U2[19436],false,true,2704,1206,1498,19436,12,12,15,8.01,,,,,,,,,,,,,,,,,,,,,,,,,,,,51,BR->FR 13,"[BL,BR]->FR 3",21,29,Ja,,
6d56ed59-8fba-4de7-9cd4-12df58c62aca,2023-09-07 23:17:28 UTC,false,20275,CFOP,Gan Smart Cube,Gan i Carry,Gan 356i,Jacob Pfeifer,false,false,27923,20275,,R[0] F'[121] R'[242] L[963] B'[1147] L'[1300] U[1855] B'[2051] U'[2256] D'[3247] F'[3634] D[3693] F[3811] D[3958] F'[4307] D[4385] F[4813] D[4987] D[5439] L'[6084] D[6302] L[6557] R'[6914] D[6971] D[7065] R[7263] D[7511] D[7666] B'[8032] D'[8405] B[8738] R'[10195] D'[10603] R[10671] D[10787] R'[10956] D'[11148] R[11239] D[12230] D[12369] F[12746] D[12869] F'[13004] D[13090] R'[13541] D'[13819] R[13868] L[14775] D'[14871] L'[14960] D'[15080] L[15122] D'[15252] L'[15351] D[15404] L[15463] D'[15517] L'[15591] R[16454] F[16551] F[16636] L'[16736] F'[16880] L[16966] F'[17074] R'[17223] D[18129] L[18378] D[18462] L'[18541] F[18911] F[18992] U'[19246] R[19322] D'[19399] R'[19487] R'[19559] R[19728] D[19842] R'[19926] U[20117] F[20230] F[20275],cube,,Playground,custom_rules,F' U2 R' D L2 D' F' U L' U2 L2 D2 F2 D L2 U' F2 D B2 L2 D,random_state,custom_rules,,,,8,DB,0,0,20275,75,75,83,3.7,6117,14158,"",0,Cross,z2 L F' L' R B' R' D B' D',z2[0] L[0] F'[121] L'[242] R[963] B'[1147] R'[1300] D[1855] B'[2051] D'[2256],false,true,2256,0,2256,2256,9,9,9,3.99,F2L Slot 1,U' F' U F U F' U F U2 R' U R,U'[3247] F'[3634] U[3693] F[3811] U[3958] F'[4307] U[4385] F[4813] U2[5439] R'[6084] U[6302] R[6557],false,true,4301,1378,2923,6557,12,12,13,4.11,F2L Slot 2,L' U2 L U2 B' U' B,L'[6914] U2[7065] L[7263] U2[7666] B'[8032] U'[8405] B[8738],false,true,2181,357,1824,8738,7,7,9,3.84,F2L Slot 3,L' U' L U L' U' L U2 F U F' U L' U' L,L'[10195] U'[10603] L[10671] U[10787] L'[10956] U'[11148] L[11239] U2[12369] F[12746] U[12869] F'[13004] U[13090] L'[13541] U'[13819] L[13868],false,true,5130,1457,3673,13868,15,15,16,4.08,F2L Slot 4,R U' R' U' R U' R' U R U' R',R[14775] U'[14871] R'[14960] U'[15080] R[15122] U'[15252] R'[15351] U[15404] R[15463] U'[15517] R'[15591],false,true,1723,907,816,15591,11,11,11,13.48,OLL,L F2 R' F' R F' L',L[16454] F2[16636] R'[16736] F'[16880] R[16966] F'[17074] L'[17223],false,true,1632,863,769,17223,7,7,8,9.1,PLL,U R U R' F2 D' L U' L2' L U L' D F2,U[18129] R[18378] U[18462] R'[18541] F2[18992] D'[19246] L[19322] U'[19399] L2'[19559] L[19728] U[19842] L'[19926] D[20117] F2[20275],false,true,3052,1155,1897,20275,14,14,17,7.38,,,,,,,,,,,,,,,,,,,,,,,,,,,,22,FL->FR 4,"[FL,BL]->FR 14",1,6,Gd,,
d3fd7129-a0f7-422d-8df8-e48a6a8317c0,2023-09-08 00:10:37 UTC,false,26445,CFOP,Gan Smart Cube,Gan i Carry,Gan 356i,Jacob Pfeifer,false,false,10178,26445,,F[0] D'[105] F'[260] B'[962] R[1212] R[1368] U'[1726] U'[1906] U'[3559] R[3736] U[3971] R[4383] R[4524] F[5029] R[5302] F'[5529] R[5863] F[6039] R'[6194] F'[6647] R[7543] R[13776] R[13881] F'[14283] R'[14480] F[14644] R[14966] R[15064] B[15447] R[15588] B'[15773] R'[17000] B'[17312] R[17393] R[17497] B[17646] R'[17911] F'[18205] R'[18374] F[18472] R'[19588] R'[19840] R'[20060] U[20166] R[20256] U'[20317] R'[20373] U[20446] R[20510] U'[20578] R'[21501] B'[22508] D'[22798] R'[22978] D[23044] R[23150] D'[23290] R'[23415] D[23460] R[23543] B[24140] R'[25253] U'[25437] R[25487] D'[25617] R[25860] R[25911] U[26010] R'[26097] U'[26221] R[26257] R[26321] U[26376] D[26445],cube,,Playground,custom_rules,R2 L2 F D B R F' U F B U' B2 L2 D F2 U' B2 U L2 U' F2 D,random_state,custom_rules,,,,8,RU,0,0,26445,64,64,74,2.42,15749,10696,"",0,Cross,z' F R' F' B' U2 L2',z'[0] F[0] R'[105] F'[260] B'[962] U2[1368] L2'[1906],false,true,1906,0,1906,1906,6,6,8,3.15,F2L Slot 1,L' U L U2 F U F' U F U' F',L'[3559] U[3736] L[3971] U2[4524] F[5029] U[5302] F'[5529] U[5863] F[6039] U'[6194] F'[6647],false,true,4741,1653,3088,6647,11,11,12,3.56,F2L Slot 2,U U2 F' U' F U2 B U B',U[7543] U2[13881] F'[14283] U'[14480] F[14644] U2[15064] B[15447] U[15588] B'[15773],false,true,9126,7636,1490,15773,9,9,11,6.04,F2L Slot 3,U' B' U2 B U' F' U' F,U'[17000] B'[17312] U2[17497] B[17646] U'[17911] F'[18205] U'[18374] F[18472],false,true,2699,1539,1160,18472,8,8,9,6.9,F2L Slot 4,U3' L U L' U' L U L',U3'[20060] L[20166] U[20256] L'[20317] U'[20373] L[20446] U[20510] L'[20578],false,true,2106,1694,412,20578,8,8,10,19.42,OLL,U' B' R' U' R U R' U' R U B,U'[21501] B'[22508] R'[22798] U'[22978] R[23044] U[23150] R'[23290] U'[23415] R[23460] U[23543] B[24140],false,true,3562,1930,1632,24140,11,11,11,6.74,PLL,U' L' U R' U2 L U' L' U2 L R,U'[25253] L'[25437] U[25487] R'[25617] U2[25911] L[26010] U'[26097] L'[26221] U2[26321] L[26376] R[26445],false,true,2305,1297,1008,26445,11,11,13,10.91,,,,,,,,,,,,,,,,,,,,,,,,,,,,59,BL->FR 92,"[FL,BR]->FR 4",27,47,Ja,,
cc63cf22-c2cc-4d3c-af57-d0f57a2f89d3,2023-09-07 23:54:11 UTC,false,19098,CFOP,Gan Smart Cube,Gan i Carry,Gan 356i,Jacob Pfeifer,false,false,15559,19098,,B'[0] F'[293] U'[500] U'[611] R'[1775] F'[1880] R[1978] U'[2456] F'[2662] U[2803] F[3328] F[3475] D'[3878] F[3940] D[4082] F[4357] F[4501] R[5266] F[5461] R'[5799] F[7053] L'[7352] F[7649] F[7716] L[7813] F'[7995] L'[8124] F[8216] L[8327] F'[9707] F'[10022] F[12243] F[12354] R'[12854] F[12939] F[13002] R[13073] F'[13179] R'[13264] F[13342] R[13449] F[14775] F[14915] R'[15136] D[15199] R[15306] F[15435] R'[15518] F'[15568] D'[15737] F[15869] R[16099] R[17479] U'[17567] R'[17650] D[17745] R[17867] U[17982] R'[18059] D'[18155] R[18242] U[18343] R'[18405] D[18457] R[18634] U'[18729] R'[18785] D'[18942] F'[19098],cube,,Playground,custom_rules,U' R' D R' D R2 U2 B U L2 F D R2 D2 B2 L2 F2 B2 U F2 D F2,random_state,custom_rules,,,,8,FU,0,0,19098,61,61,69,3.19,11386,7712,"",0,Cross,x D' U' B2',x[0] D'[0] U'[293] B2'[611],false,true,611,0,611,611,3,3,4,4.91,F2L Slot 1,R' U' R B' U' B,R'[1775] U'[1880] R[1978] B'[2456] U'[2662] B[2803],false,true,2192,1164,1028,2803,6,6,6,5.84,F2L Slot 2,U2 F' U F U2 R U R',U2[3475] F'[3878] U[3940] F[4082] U2[4501] R[5266] U[5461] R'[5799],false,true,2996,1075,1921,5799,8,8,10,4.16,F2L Slot 3,U L' U2 L U' L' U L,U[7053] L'[7352] U2[7716] L[7813] U'[7995] L'[8124] U[8216] L[8327],false,true,2528,1553,975,8327,8,8,9,8.21,F2L Slot 4,U2' U2 R' U2 R U' R' U R,U2'[10022] U2[12354] R'[12854] U2[13002] R[13073] U'[13179] R'[13264] U[13342] R[13449],false,true,5122,4527,595,13449,9,9,12,15.13,OLL,U2 R' F R U R' U' F' U R,U2[14915] R'[15136] F[15199] R[15306] U[15435] R'[15518] U'[15568] F'[15737] U[15869] R[16099],false,true,2650,1687,963,16099,10,10,11,10.38,PLL,R B' R' F R B R' F' R B R' F R B' R' F' U',R[17479] B'[17567] R'[17650] F[17745] R[17867] B[17982] R'[18059] F'[18155] R[18242] B[18343] R'[18405] F[18457] R[18634] B'[18729] R'[18785] F'[18942] U'[19098],false,true,2999,1380,1619,19098,17,17,17,10.5,,,,,,,,,,,,,,,,,,,,,,,,,,,,47,BL->FR 3,"[FL,BR]->FR 10",10,40,E,,
448a0587-6d8e-45d2-9cc2-03e4b1a02d34,2023-09-07 23:55:21 UTC,false,16303,CFOP,Gan Smart Cube,Gan i Carry,Gan 356i,Jacob Pfeifer,false,false,34792,16303,,B'[0] F'[185] R'[875] U'[1004] B[1071] U'[2025] R[2142] R[2223] U[2300] U[2453] R[2635] U'[2944] D'[3388] R[3490] D[3657] R[4473] U'[4867] R'[5158] U[5345] D[7383] R'[7504] D'[7620] B[7986] R'[8120] B'[8251] R[9070] R[9176] F'[9491] R'[9635] F[9775] R[10205] R'[10519] R'[10635] F[10705] D'[10944] F'[11075] D[11119] U[12232] R[12405] F[12532] R'[12585] F'[12682] U'[12910] D[13161] B[13294] R[13403] B'[13459] R'[13527] D'[13662] R'[14461] D[14631] B[14737] R'[14790] B'[14893] R'[14990] B[15040] R[15114] B'[15179] D'[15231] B[15338] R[15457] B'[15508] R'[15605] B'[15739] D[15786] B[15888] D'[16038] R[16303],cube,,Playground,custom_rules,U F' R F2 R2 L' D L B' R2 U2 B2 U L2 D2 R2 L2 F2 B2 U' F2 U,random_state,custom_rules,,,,8,RU,0,0,16303,63,64,68,3.86,6758,9545,"",0,Cross,z' B' F' U' L' B,z'[0] B'[0] F'[185] U'[875] L'[1004] B[1071],false,true,1071,0,1071,1071,5,5,5,4.67,F2L Slot 1,L' U2 L2 U L',L'[2025] U2[2223] L2[2453] U[2635] L'[2944],false,true,1873,954,919,2944,5,5,7,5.44,F2L Slot 2,R' U R U L' U' L,R'[3388] U[3490] R[3657] U[4473] L'[4867] U'[5158] L[5345],false,true,2401,444,1957,5345,7,7,7,3.58,F2L Slot 3,R U' R' B U' B',R[7383] U'[7504] R'[7620] B[7986] U'[8120] B'[8251],false,true,2906,2038,868,8251,6,6,6,6.91,F2L Slot 4,U2 F' U' F U U2' F R' F' R,U2[9176] F'[9491] U'[9635] F[9775] U[10205] U2'[10635] F[10705] R'[10944] F'[11075] R[11119],false,true,2868,1240,1628,11119,10,10,12,6.14,OLL,L U F U' F' M U F U' F' R' x,L[12232] U[12405] F[12532] U'[12585] F'[12682] M[13161] U[13294] F[13403] U'[13459] F'[13527] R'[13662] x[14061],false,true,2543,1113,1430,13662,11,12,12,7.69,PLL,U' R B U' B' U' B U B' R' B U B' U' B' R B R' U,U'[14461] R[14631] B[14737] U'[14790] B'[14893] U'[14990] B[15040] U[15114] B'[15179] R'[15231] B[15338] U[15457] B'[15508] U'[15605] B'[15739] R[15786] B[15888] R'[16038] U[16303],false,true,2641,969,1672,16303,19,19,19,11.36,,,,,,,,,,,,,,,,,,,,,,,,,,,,2,FL->FR 6,"[BL,BR]->FR 32",11,22,Y,,
b17ff4b0-f809-42db-8b03-6b9d96caf911,2023-09-08 00:06:27 UTC,false,19148,CFOP,Gan Smart Cube,Gan i Carry,Gan 356i,Jacob Pfeifer,false,false,6333,19148,,U'[0] R'[159] R'[275] D'[838] D'[1159] B'[1325] L[1398] B[1600] D'[1982] D[2066] F[2286] D'[3367] B'[3544] D[3618] B[3856] D[4125] L[4644] D[4773] L'[4915] D[6018] B[6659] D[6812] D[6914] B'[7118] D[7201] B[7381] D'[7661] B'[7798] D'[8457] D[9250] D[9358] B'[9737] D[9802] B[9945] D[10147] D[10467] R'[10648] D'[10771] R[10906] D[11335] D[11965] R'[12081] B[12204] R[12282] B'[12491] R[12685] R'[12903] R[13059] D'[13214] R'[13326] D[13964] R[14188] D[14294] R'[14362] D[15013] R[15140] D'[15253] R'[15383] D'[15462] R'[15595] B[15627] R[15717] B'[16188] D[16672] D[16849] R[17392] D'[17648] R[17720] D[17935] R[18110] D[18226] R[18388] D'[18479] R'[18590] D'[18651] R[18773] R[18819] D[19087] D[19148],cube,,Playground,custom_rules,L F B2 D B' D2 R L U R F2 D' R2 U R2 D' B2 D2 L2 U L2 U',random_state,custom_rules,,,,8,DB,0,0,19148,70,70,79,3.66,8182,10966,"",0,Cross,z2 D' L2' U2' B' R B U' U F,z2[0] D'[0] L2'[275] U2'[1159] B'[1325] R[1398] B[1600] U'[1982] U[2066] F[2286],false,true,2286,0,2286,2286,9,9,11,3.94,F2L Slot 1,U' B' U B U R U R',U'[3367] B'[3544] U[3618] B[3856] U[4125] R[4644] U[4773] R'[4915],false,true,2629,1258,1371,4915,8,8,8,5.84,F2L Slot 2,U B U2 B' U B U' B',U[6018] B[6659] U2[6914] B'[7118] U[7201] B[7381] U'[7661] B'[7798],false,true,2883,1744,1139,7798,8,8,9,7.02,F2L Slot 3,U' U2 B' U B U2 L' U' L,U'[8457] U2[9358] B'[9737] U[9802] B[9945] U2[10467] L'[10648] U'[10771] L[10906],false,true,3108,1939,1169,10906,9,9,11,7.7,F2L Slot 4,U2 L' B L B' L L' L U' L',U2[11965] L'[12081] B[12204] L[12282] B'[12491] L[12685] L'[12903] L[13059] U'[13214] L'[13326],false,true,2420,1175,1245,13326,10,10,11,8.03,OLL,U L U L' U L U' L' U' L' B L B',U[13964] L[14188] U[14294] L'[14362] U[15013] L[15140] U'[15253] L'[15383] U'[15462] L'[15595] B[15627] L[15717] B'[16188],false,true,2862,862,2000,16188,13,13,13,6.5,PLL,U2 L U' L U L U L U' L' U' L2 U2,U2[16849] L[17392] U'[17648] L[17720] U[17935] L[18110] U[18226] L[18388] U'[18479] L'[18590] U'[18651] L2[18819] U2[19148],false,true,2960,1204,1756,19148,13,13,16,7.4,,,,,,,,,,,,,,,,,,,,,,,,,,,,8,FL->FR 13,"[BL,BR]->FR 6",34,38,Ua,,
b3c6234e-211b-4fdb-99be-0800ae61971e,2023-09-08 00:08:17 UTC,false,18461,CFOP,Gan Smart Cube,Gan i Carry,Gan 356i,Jacob Pfeifer,false,false,7198,18461,,L[0] F[181] F[271] U[974] U[1097] F'[1387] R'[1587] D[1627] R[1754] R'[2492] F[2566] R[2696] D[3318] F[3496] D'[3783] F'[4233] R'[4536] F'[4761] R[4960] R[5043] F[5182] R'[5638] F[7241] U'[7577] F[7655] U[7762] F'[7940] U[8108] F[8237] U'[8383] F'[9425] F'[9656] L[9779] F'[9983] L'[10127] F[10186] F[10300] L[10396] F'[10615] L'[10713] U[12404] L[12560] F[12708] L'[12779] F'[12874] L[12982] U'[13230] L[13511] F[13622] F'[13899] L'[14152] R[14535] U[14736] L'[14902] U'[15085] R'[15295] F[15934] F[16219] L[16557] L[16623] F[16842] L[16992] F[17073] L'[17144] F'[17242] L'[17478] F'[17584] L'[17713] F[17778] L'[18385] F[18461],cube,,Playground,custom_rules,L2 U' R2 U R B' L B' R L2 D B2 D2 F2 U' F2 D' R2 B2 U,random_state,custom_rules,,,,8,FU,0,0,18461,64,64,71,3.47,7845,10616,"",0,Cross,x L U2 B2 U' R' F R,x[0] L[0] U2[271] B2[1097] U'[1387] R'[1587] F[1627] R[1754],false,true,1754,0,1754,1754,7,7,9,3.99,F2L Slot 1,R' U R F U F',R'[2492] U[2566] R[2696] F[3318] U[3496] F'[3783],false,true,2029,738,1291,3783,6,6,6,4.65,F2L Slot 2,U' R' U' R2 U R',U'[4233] R'[4536] U'[4761] R2[5043] U[5182] R'[5638],false,true,1855,753,1102,5638,6,6,7,5.44,F2L Slot 3,U B' U B U' B U B',U[7241] B'[7577] U[7655] B[7762] U'[7940] B[8108] U[8237] B'[8383],false,true,2745,1939,806,8383,8,8,8,9.93,F2L Slot 4,U2' L U' L' U2 L U' L',U2'[9656] L[9779] U'[9983] L'[10127] U2[10300] L[10396] U'[10615] L'[10713],false,true,2330,1396,934,10713,8,8,10,8.57,OLL,B L U L' U' L B' L U U' L' R B L' B' R',B[12404] L[12560] U[12708] L'[12779] U'[12874] L[12982] B'[13230] L[13511] U[13622] U'[13899] L'[14152] R[14535] B[14736] L'[14902] B'[15085] R'[15295],false,true,4582,1691,2891,15295,16,16,16,5.53,PLL,U2 L2 U L U L' U' L' U' L' U L' U,U2[16219] L2[16623] U[16842] L[16992] U[17073] L'[17144] U'[17242] L'[17478] U'[17584] L'[17713] U[17778] L'[18385] U[18461],false,true,3166,1328,1838,18461,13,13,15,7.07,,,,,,,,,,,,,,,,,,,,,,,,,,,,3,FL->FR 68,"[FL,BL]->FR 3",33,56,Ub,,
dcbee1fb-d69b-4f9d-9717-c806d050fcd8,2023-09-07 23:53:17 UTC,false,16085,CFOP,Gan Smart Cube,Gan i Carry,Gan 356i,Jacob Pfeifer,false,false,8365,16085,,F'[0] B'[85] R'[374] R'[809] U[1496] L'[2149] D'[3854] D[4035] D'[4660] R[4868] D'[5071] R'[5259] D'[5515] B[5972] D'[6148] B'[6357] F[6599] D'[6829] F'[7092] D[7248] D[7379] F[7780] D'[7986] F'[8093] F'[8222] D[8544] F[8671] D'[8860] L[9445] D'[9565] L'[9758] D[9925] D[10007] R[10092] D'[10203] R'[10629] D[10982] L[11254] R'[11318] B[11445] L'[11599] R[11720] D[11851] D[11910] L[12045] R'[12065] B[12238] L'[12369] R[12580] D[13258] B[13582] R[13721] D'[13777] R'[13888] D'[13986] R[14039] D[14113] R'[14180] B'[15015] R[15107] D[15220] R'[15296] D'[15393] R'[15534] B[15586] R[15673] B'[15842] D[16041] D[16085],cube,,Playground,custom_rules,F' B L U2 D' R U' F' B R L2 F2 U2 F2 U F2 D' L2 D B2 L2 U,random_state,custom_rules,,,,8,DB,0,0,16085,58,63,69,3.61,5115,10970,"",0,Cross,z2 F' B' L2' D R',z2[0] F'[0] B'[85] L2'[809] D[1496] R'[2149],false,true,2149,0,2149,2149,5,5,6,2.33,F2L Slot 1,U' U U' L U' L' U' B U' B',U'[3854] U[4035] U'[4660] L[4868] U'[5071] L'[5259] U'[5515] B[5972] U'[6148] B'[6357],false,true,4208,2719,1489,6357,10,10,10,6.72,F2L Slot 2,F U' F' U2 F U' F',F[6599] U'[6829] F'[7092] U2[7379] F[7780] U'[7986] F'[8093],false,true,1736,242,1494,8093,7,7,8,4.69,F2L Slot 3,F' U F U' R U' R',F'[8222] U[8544] F[8671] U'[8860] R[9445] U'[9565] R'[9758],false,true,1665,129,1536,9758,7,7,7,4.56,F2L Slot 4,U2 L U' L',U2[10007] L[10092] U'[10203] L'[10629],false,true,871,334,537,10629,4,4,5,7.45,OLL,U M U M' U2 M U M',U[10982] M[11318] U[11445] M'[11720] U2[11910] M[12065] U[12238] M'[12580],false,true,1951,689,1262,12580,8,12,13,6.34,PLL,U B L U' L' U' L U L' B' L U L' U' L' B L B' U2,U[13258] B[13582] L[13721] U'[13777] L'[13888] U'[13986] L[14039] U[14113] L'[14180] B'[15015] L[15107] U[15220] L'[15296] U'[15393] L'[15534] B[15586] L[15673] B'[15842] U2[16085],false,true,3505,1002,2503,16085,19,19,20,7.59,,,,,,,,,,,,,,,,,,,,,,,,,,,,84,BL->FR 45,"[FL,BR]->FR 40",21,28,Y,,
17cef381-b60f-4b61-bbe4-62ffc0e0d3f7,2023-09-08 00:05:41 UTC,false,15288,CFOP,Gan Smart Cube,Gan i Carry,Gan 356i,Jacob Pfeifer,false,false,12194,15288,,B[0] U[175] B'[445] B'[655] U'[911] F'[1128] U[1310] U[1404] F[1841] U'[2076] F[2475] U'[2814] F[2916] U[3186] F[6237] F'[6448] L'[6865] F[6916] L[7052] F[7201] L'[7345] F[7431] L[7563] F'[7722] L'[7873] F[7928] L[8056] F'[8506] R[8742] F[8821] R'[8873] F'[8940] R[9008] F[9073] R'[9144] F'[9211] R[9263] F[9338] R'[9398] F[10187] F[10370] D[10887] R[11034] F'[11086] R'[11187] F'[11291] R[11355] F[11419] R'[11491] D'[11575] F'[12397] F'[12621] R[12715] R[12760] B[12974] U'[13089] F[13297] U'[13394] F'[13453] U[14005] B'[14179] R[14263] R[14368] D'[15005] F[15052] D[15147] F[15288],cube,,Playground,custom_rules,U' R' F U' B' D2 L2 F' R F2 D' R2 L2 U R2 U' R2 U' F2 B2 U2 R2,random_state,custom_rules,,,,8,FU,0,0,15288,61,61,67,3.99,8033,7255,"",0,Cross,x D B D2',x[0] D[0] B[175] D2'[655],false,true,655,0,655,655,3,3,4,4.58,F2L Slot 1,B' U' B2 U B',B'[911] U'[1128] B2[1404] U[1841] B'[2076],false,true,1421,256,1165,2076,5,5,6,4.29,F2L Slot 2,U B' U B,U[2475] B'[2814] U[2916] B[3186],false,true,1110,738,372,3186,4,4,4,10.75,F2L Slot 3,U U' L' U L U L' U L U' L' U L,U[6237] U'[6448] L'[6865] U[6916] L[7052] U[7201] L'[7345] U[7431] L[7563] U'[7722] L'[7873] U[7928] L[8056],false,true,4870,3679,1191,8056,13,13,13,10.92,F2L Slot 4,U' R U R' U' R U R' U' R U R',U'[8506] R[8742] U[8821] R'[8873] U'[8940] R[9008] U[9073] R'[9144] U'[9211] R[9263] U[9338] R'[9398],false,true,1342,686,656,9398,12,12,12,18.29,OLL,U2 F R U' R' U' R U R' F',U2[10370] F[10887] R[11034] U'[11086] R'[11187] U'[11291] R[11355] U[11419] R'[11491] F'[11575],false,true,2177,1489,688,11575,10,10,11,14.53,PLL,U2' R2 D B' U B' U' B D' R2 F' U F U,U2'[12621] R2[12760] D[12974] B'[13089] U[13297] B'[13394] U'[13453] B[14005] D'[14179] R2[14368] F'[15005] U[15052] F[15147] U[15288],false,true,3713,1185,2528,15288,14,14,17,5.54,,,,,,,,,,,,,,,,,,,,,,,,,,,,80,FL->FR 5,"[FL,BL]->FR 22",31,37,Ga,,
209816b8-eb02-4124-b4d8-95b8837690d4,2023-09-08 00:07:35 UTC,false,16605,CFOP,Gan Smart Cube,Gan i Carry,Gan 356i,Jacob Pfeifer,false,false,26051,16605,,F[0] R[175] F[636] R[1263] R[1994] D'[2320] U[3060] U[3163] L'[3777] U'[3893] L[3935] U[4073] L'[4214] U'[4506] L[4560] F'[5180] U'[5302] F[5465] U[6339] U[6472] B'[6887] U[6989] U[7101] B[7304] U[7563] U[7643] R'[8050] U'[8317] R[8424] U[8940] U'[9218] L'[9400] U[9460] U[9558] L[9623] U[9859] L'[10018] U'[10160] L[10318] U[10772] B'[11640] U[11699] U[11770] B[11840] U[12061] B'[12147] U'[12201] B[12395] U'[13054] B'[13447] U'[13607] B'[13735] R[13769] B[13879] R'[14068] U[14253] B[14357] B[15184] U[15268] B'[15339] B[15437] B'[15618] R'[15768] B[15804] U[15954] B'[16006] U'[16102] B'[16242] R[16293] B[16360] B[16401] U'[16443] B'[16514] U'[16605],cube,,Playground,custom_rules,L B2 U' R B2 R2 D R F B' L2 B2 U R2 U2 F2 D2 B2 D' L2 D',random_state,custom_rules,,,,8,UF,0,0,16605,66,66,74,3.97,7056,9549,"",0,Cross,F R F R2 D',F[0] R[175] F[636] R2[1994] D'[2320],false,true,2320,0,2320,2320,5,5,6,2.16,F2L Slot 1,U2 L' U' L U L' U' L F' U' F,U2[3163] L'[3777] U'[3893] L[3935] U[4073] L'[4214] U'[4506] L[4560] F'[5180] U'[5302] F[5465],false,true,3145,1457,1688,5465,11,11,12,6.52,F2L Slot 2,U2 B' U2 B U2 R' U' R,U2[6472] B'[6887] U2[7101] B[7304] U2[7643] R'[8050] U'[8317] R[8424],false,true,2959,1422,1537,8424,8,8,11,5.2,F2L Slot 3,U U' L' U2 L U L' U' L,U[8940] U'[9218] L'[9400] U2[9558] L[9623] U[9859] L'[10018] U'[10160] L[10318],false,true,1894,976,918,10318,9,9,10,9.8,F2L Slot 4,U B' U2 B U B' U' B,U[10772] B'[11640] U2[11770] B[11840] U[12061] B'[12147] U'[12201] B[12395],false,true,2077,1322,755,12395,8,8,9,10.6,OLL,U' B' U' B' R B R' U B,U'[13054] B'[13447] U'[13607] B'[13735] R[13769] B[13879] R'[14068] U[14253] B[14357],false,true,1962,1052,910,14357,9,9,9,9.89,PLL,B U B' B B' R' B U B' U' B' R B2 U' B' U',B[15184] U[15268] B'[15339] B[15437] B'[15618] R'[15768] B[15804] U[15954] B'[16006] U'[16102] B'[16242] R[16293] B2[16401] U'[16443] B'[16514] U'[16605],false,true,2248,827,1421,16605,16,16,17,11.26,,,,,,,,,,,,,,,,,,,,,,,,,,,,142,FL->FR 4,"[BL,BR]->FR 4",4,46,Jb,,
e896850d-7be6-4762-b283-e7f90485f422,2023-09-08 00:09:00 UTC,false,18974,CFOP,Gan Smart Cube,Gan i Carry,Gan 356i,Jacob Pfeifer,false,false,6258,18974,,F[0] F[87] B'[482] L'[900] U[1207] U[1326] B'[1838] B'[1944] U'[4738] U'[4973] L[5123] U[5257] U[5381] L'[5512] R[5919] U'[6108] R'[6230] U'[7151] U[7863] B[8311] U'[8474] B'[8612] F[9016] U'[9225] F'[9344] U[9537] U[9650] R'[10036] U[10675] R[10975] U'[11228] U'[11702] R'[11821] U[11898] R[12049] L[13073] U'[13194] L'[13287] U[13716] B'[13999] U'[14074] B[14161] B'[14859] U'[14938] B'[15076] R[15116] B[15219] R'[15430] U[15612] B[15745] U[16263] B[16701] U'[17073] B[17433] U[17652] B[17823] U[17938] B[18113] U'[18190] B'[18329] U'[18390] B[18539] B[18592] U[18929] U[18974],cube,,Playground,custom_rules,U' F' B' U B L' F' D2 R U2 F2 L2 U' R2 L2 U B2 D' B2 R2 U2 R2,random_state,custom_rules,,,,8,UF,0,0,18974,56,56,65,2.95,8630,10257,"",0,Cross,F2 B' L' U2 B2',F2[87] B'[482] L'[900] U2[1326] B2'[1944],false,true,1857,0,1857,1944,5,5,8,2.69,F2L Slot 1,U2' L U2 L' R U' R',U2'[4973] L[5123] U2[5381] L'[5512] R[5919] U'[6108] R'[6230],false,true,4286,3179,1107,6230,7,7,9,6.32,F2L Slot 2,U' U B U' B' F U' F',U'[7151] U[7863] B[8311] U'[8474] B'[8612] F[9016] U'[9225] F'[9344],false,true,3114,2081,1033,9344,8,8,8,7.74,F2L Slot 3,U2 R' U R U2' R' U R,U2[9650] R'[10036] U[10675] R[10975] U2'[11702] R'[11821] U[11898] R[12049],false,true,2705,692,2013,12049,8,8,10,3.97,F2L Slot 4,L U' L' U B' U' B,L[13073] U'[13194] L'[13287] U[13716] B'[13999] U'[14074] B[14161],false,true,2112,1024,1088,14161,7,7,7,6.43,OLL,B' U' B' R B R' U B,B'[14859] U'[14938] B'[15076] R[15116] B[15219] R'[15430] U[15612] B[15745],false,true,1584,698,886,15745,8,8,8,9.03,PLL,U B U' B U B U B U' B' U' B2 U2,U[16263] B[16701] U'[17073] B[17433] U[17652] B[17823] U[17938] B[18113] U'[18190] B'[18329] U'[18390] B2[18592] U2[18974],false,true,3229,956,2273,18974,13,13,15,5.72,,,,,,,,,,,,,,,,,,,,,,,,,,,,9,BR->FR 69,"[FL,BL]->FR 38",18,46,Ua,,
26c77fb7-816a-464d-aa83-a17515c59086,2023-09-08 00:09:46 UTC,false,16917,CFOP,Gan Smart Cube,Gan i Carry,Gan 356i,Jacob Pfeifer,false,false,8898,16917,,L[0] F[168] B[560] R[998] D[1679] L[1899] D'[2200] R[2692] U'[2848] R'[3116] U[3245] F'[3694] U[3779] F[3881] U'[4187] B'[4344] U[4551] B[4957] U'[5486] L[6365] U'[6554] L'[6768] R'[7350] U[7416] R[7546] U[7831] R'[8073] U[8259] R[8394] U[8582] F[8906] U[9028] F'[9220] B[9959] U[10080] U[10144] B'[10243] U[10490] B[10604] U'[10672] B'[10757] F'[12027] U[12141] U[12233] F[12352] U[12542] U[12624] F[12774] R'[12913] F'[13075] R[13123] U[14056] U[14469] B[14870] U[15044] B'[15215] R[15623] R[15698] D'[15914] F[15995] U'[16075] F'[16193] U[16220] F'[16278] D[16502] R[16649] R[16917],cube,,Playground,custom_rules,F R' U D2 L2 D2 F B D2 F R D R2 B2 D2 B2 D F2 U B2 D L2,random_state,custom_rules,,,,8,UF,0,0,16917,61,61,67,3.61,5293,11624,"",0,Cross,L F B R D L D',L[0] F[168] B[560] R[998] D[1679] L[1899] D'[2200],false,true,2200,0,2200,2200,7,7,7,3.18,F2L Slot 1,R U' R' U F' U F,R[2692] U'[2848] R'[3116] U[3245] F'[3694] U[3779] F[3881],false,true,1681,492,1189,3881,7,7,7,5.89,F2L Slot 2,U' B' U B U' L U' L',U'[4187] B'[4344] U[4551] B[4957] U'[5486] L[6365] U'[6554] L'[6768],false,true,2887,463,2424,6768,8,8,8,3.3,F2L Slot 3,R' U R U R' U R U F U F',R'[7350] U[7416] R[7546] U[7831] R'[8073] U[8259] R[8394] U[8582] F[8906] U[9028] F'[9220],false,true,2452,582,1870,9220,11,11,11,5.88,F2L Slot 4,B U2 B' U B U' B',B[9959] U2[10144] B'[10243] U[10490] B[10604] U'[10672] B'[10757],false,true,1537,739,798,10757,7,7,8,8.77,OLL,F' U2 F U2 F R' F' R,F'[12027] U2[12233] F[12352] U2[12624] F[12774] R'[12913] F'[13075] R[13123],false,true,2366,1270,1096,13123,8,8,10,7.3,PLL,U2 B U B' R2 D' F U' F' U F' D R2,U2[14469] B[14870] U[15044] B'[15215] R2[15698] D'[15914] F[15995] U'[16075] F'[16193] U[16220] F'[16278] D[16502] R2[16917],false,true,3794,1747,2047,16917,13,13,16,6.35,,,,,,,,,,,,,,,,,,,,,,,,,,,,52,BL->FR 46,"[FL,BR]->FR 72",13,7,Gd,,
bc0eb602-d614-4056-83fa-b144496008a1,2023-09-08 00:11:26 UTC,false,19767,CFOP,Gan Smart Cube,Gan i Carry,Gan 356i,Jacob Pfeifer,false,false,10330,19767,,B[0] U'[251] R[368] B[631] R[991] R[1084] F'[3558] F'[3872] L[4299] F[4478] F[4617] L'[4816] F[5065] L[5252] F'[5396] L'[5549] F[5943] R[6280] F[6459] F[6899] F'[7678] R'[7803] F[8002] U[8388] F'[8621] U'[8792] F'[9881] D'[10227] F[10338] D[10737] F'[10896] D'[11062] F'[11274] D[11373] F[11994] F[12240] L'[12645] F[12710] F[12792] L[12931] F'[13052] D[13240] F[13434] D'[13651] F'[14430] U'[14642] F'[14935] R'[15103] F[15156] R[15322] U[16118] F[17137] R'[17438] F'[17540] R[17618] U[18012] U[18091] B[18301] L'[18435] F[18493] L[18691] F'[18791] L[18842] B'[19128] U[19227] U[19632] F'[19767],cube,,Playground,custom_rules,F' R F B U' R2 L' U' F R D' L2 B2 U F2 D F2 B2 U B2 D2,random_state,custom_rules,,,,8,FU,0,0,19767,59,59,67,2.98,8964,10803,"",0,Cross,x D B' R D R2,x[0] D[0] B'[251] R[368] D[631] R2[1084],false,true,1084,0,1084,1084,5,5,6,4.61,F2L Slot 1,U2' L U2 L' U L U' L',U2'[3872] L[4299] U2[4617] L'[4816] U[5065] L[5252] U'[5396] L'[5549],false,true,4465,3215,1250,5549,8,8,10,6.4,F2L Slot 2,U R U2 U' R' U B U' B',U[5943] R[6280] U2[6899] U'[7678] R'[7803] U[8002] B[8388] U'[8621] B'[8792],false,true,3243,731,2512,8792,9,9,10,3.58,F2L Slot 3,U' F' U F U' F' U' F,U'[9881] F'[10227] U[10338] F[10737] U'[10896] F'[11062] U'[11274] F[11373],false,true,2581,1435,1146,11373,8,8,8,6.98,F2L Slot 4,U2 L' U2 L U' F U F',U2[12240] L'[12645] U2[12792] L[12931] U'[13052] F[13240] U[13434] F'[13651],false,true,2278,1272,1006,13651,8,8,10,7.95,OLL,U' B' U' R' U R B,U'[14430] B'[14642] U'[14935] R'[15103] U[15156] R[15322] B[16118],false,true,2467,991,1476,16118,7,7,7,4.74,PLL,U R' U' R B2 D L' U L U' L D' B2 U',U[17137] R'[17438] U'[17540] R[17618] B2[18091] D[18301] L'[18435] U[18493] L[18691] U'[18791] L[18842] D'[19128] B2[19632] U'[19767],false,true,3649,1320,2329,19767,14,14,16,6.01,,,,,,,,,,,,,,,,,,,,,,,,,,,,13,BR->FR 15,"[BL,BR]->FR 6",2,43,Gb,,
18307e99-e2ff-4e4d-a40e-82a641248cb4,2023-09-08 00:12:25 UTC,false,16537,CFOP,Gan Smart Cube,Gan i Carry,Gan 356i,Jacob Pfeifer,false,false,26423,16537,,U[0] L'[205] F'[570] D'[867] R[2216] D[2406] R'[2512] D'[2651] R'[2731] D[2834] R'[2953] D'[3094] R'[3217] U[3593] R'[3992] U'[4128] R[4478] D[4728] R[4803] D'[4892] R'[4980] D[5074] R[5148] D'[5259] F[5805] R[5968] F'[6197] R[6540] F'[6784] R[6939] R[7051] F[7180] R'[7489] D[7780] R[7950] D'[8221] R[8504] B[8921] R[9006] B'[9064] R'[9126] B[9191] R[9272] B'[9341] R'[9432] B[9579] R[9664] B'[9721] R[10819] D[11095] B[11212] R[11335] B'[11401] R'[11476] D'[11588] R[11738] D[12010] B[12132] R[12238] B'[12294] R'[12366] D'[12491] R[13025] B'[13627] B[13969] R[14158] B[14387] U'[14519] B[14686] D[14874] D[15055] B'[15324] U[15391] B[15524] D[15683] D[16164] B'[16338] B'[16439] R[16478] R[16537],cube,,Playground,custom_rules,D R' U F' D2 R' L F' U' L' D' F2 U' F2 D2 F2 B2 R2 U' F2 D2 R2,random_state,custom_rules,,,,8,RU,0,0,16537,75,75,80,4.54,5936,10601,"",0,Cross,z' L D' F' R',z'[0] L[0] D'[205] F'[570] R'[867],false,true,867,0,867,867,4,4,4,4.61,F2L Slot 1,U R U' R' U' R U' R' U' L U' L',U[2216] R[2406] U'[2512] R'[2651] U'[2731] R[2834] U'[2953] R'[3094] U'[3217] L[3593] U'[3992] L'[4128],false,true,3261,1539,1722,4128,12,12,12,6.97,F2L Slot 2,U R U R' U' R U R' F U F',U[4478] R[4728] U[4803] R'[4892] U'[4980] R[5074] U[5148] R'[5259] F[5805] U[5968] F'[6197],false,true,2069,600,1469,6197,11,11,11,7.49,F2L Slot 3,U F' U2 F U' R U R',U[6540] F'[6784] U2[7051] F[7180] U'[7489] R[7780] U[7950] R'[8221],false,true,2024,587,1437,8221,8,8,9,5.57,F2L Slot 4,U B U B' U' B U B' U' B U B',U[8504] B[8921] U[9006] B'[9064] U'[9126] B[9191] U[9272] B'[9341] U'[9432] B[9579] U[9664] B'[9721],false,true,1500,700,800,9721,12,12,12,15.0,OLL,U R B U B' U' R' U R B U B' U' R',U[10819] R[11095] B[11212] U[11335] B'[11401] U'[11476] R'[11588] U[11738] R[12010] B[12132] U[12238] B'[12294] U'[12366] R'[12491],false,true,2770,1374,1396,12491,14,14,14,10.03,PLL,U B' B U B L' B R2 B' L B R2 B2' U2,U[13025] B'[13627] B[13969] U[14158] B[14387] L'[14519] B[14686] R2[15055] B'[15324] L[15391] B[15524] R2[16164] B2'[16439] U2[16537],false,true,4046,1136,2910,16537,14,14,18,4.81,,,,,,,,,,,,,,,,,,,,,,,,,,,,1,FL->FR 70,"[FL,BL]->FR 2",31,12,Ab,,
56b50a59-453c-40d5-afce-943b453eb47e,2023-09-08 20:33:32 UTC,false,15545,CFOP,Gan Smart Cube,Gan i Carry,Gan 356i,Jacob Pfeifer,false,false,24953,15545,,R[0] B'[161] R[665] F'[831] R'[1001] D[1889] B'[2211] D[2268] B[2399] D[2853] D[2943] R'[3324] D[3455] R[3690] D[4380] D[4463] D'[4829] B[5304] D[5434] B'[5623] D[6536] L[6989] D[7086] D[7177] L'[7286] D[7542] D[7668] L[7818] D'[8015] L'[8194] D[8386] D[8528] B'[9150] D[9301] D[9388] B[9464] D'[9639] R[9969] D[10083] R'[10186] L'[11187] R[11313] F'[11477] L'[11612] F'[11787] L[11848] F[11978] L[12088] D'[12290] L'[12435] D[12482] L[12975] R'[13114] D'[14036] R'[14249] D[14319] L'[14457] D[14737] D[14791] R[14865] D'[14954] R'[15045] D[15136] D[15179] R[15255] L[15278] D'[15545],cube,,Playground,custom_rules,R U2 L F U2 D' R' F' R' U B2 D2 B2 R2 D' F2 B2 D R2 L2 F2 U,random_state,custom_rules,,,,8,DB,0,0,15545,57,59,67,3.67,7408,8137,"",0,Cross,z2 L B' L F' L',z2[0] L[0] B'[161] L[665] F'[831] L'[1001],false,true,1001,0,1001,1001,5,5,5,5.0,F2L Slot 1,U B' U B U2 L' U L,U[1889] B'[2211] U[2268] B[2399] U2[2943] L'[3324] U[3455] L[3690],false,true,2689,1210,1479,3690,8,8,9,5.41,F2L Slot 2,U2 U' B U B',U2[4463] U'[4829] B[5304] U[5434] B'[5623],false,true,1933,1614,319,5623,5,5,6,15.67,F2L Slot 3,U R U2 R' U2 R U' R',U[6536] R[6989] U2[7177] R'[7286] U2[7668] R[7818] U'[8015] R'[8194],false,true,2571,1366,1205,8194,8,8,10,6.64,F2L Slot 4,U2 B' U2 B U' L U L',U2[8528] B'[9150] U2[9388] B[9464] U'[9639] L[9969] U[10083] L'[10186],false,true,1992,956,1036,10186,8,8,10,7.72,OLL,M' U' R' U' R U R B' R' B M,M'[11313] U'[11477] R'[11612] U'[11787] R[11848] U[11978] R[12088] B'[12290] R'[12435] B[12482] M[13114],false,true,2928,1127,1801,13114,11,13,13,6.11,PLL,U' L' U R' U2 L U' L' U2 L R U',U'[14036] L'[14249] U[14319] R'[14457] U2[14791] L[14865] U'[14954] L'[15045] U2[15179] L[15255] R[15278] U'[15545],false,true,2431,1135,1296,15545,12,12,14,9.26,,,,,,,,,,,,,,,,,,,,,,,,,,,,48,BL->FR 14,"[FL,BR]->FR 9",2,30,Ja,,
23c3cc0e-dc5a-47a5-b345-6bf344eab132,2023-09-08 20:22:28 UTC,false,30148,CFOP,Gan Smart Cube,Gan i Carry,Gan 356i,Jacob Pfeifer,false,false,39230,30148,,D'[0] F[148] R[696] D'[902] L[1671] U'[1934] L'[2208] B[2684] L[3208] B'[3399] L'[3535] L'[3850] B[3969] L[4270] B'[5296] R'[5680] B[5765] R[5952] D'[7825] B'[8021] D[8150] B'[9194] B'[9646] R[9806] B'[9927] R'[10054] B[10114] R[10220] B[10298] R'[10440] B'[11324] L'[11889] D'[12394] R[12546] D'[12702] R'[12863] D[12964] R[13110] D[13454] D[13566] L'[16209] F'[16884] L[17461] D'[19927] L[20109] R'[21404] B'[22243] R'[22527] B[22591] R[22738] B[23378] L[23825] R'[23996] U[24043] L'[24252] R[24376] B[24864] R[25468] B[25562] R'[25650] B'[25760] L[26002] R'[26045] U[26470] R[26607] U'[26717] L'[27001] B'[27975] U[28189] R[28297] B'[28367] R'[28470] B'[28556] R[28620] B[28699] R'[28776] U'[28836] R[28925] R'[29083] R[29273] B[29341] R'[29445] B'[29525] R'[29699] U[29733] R[29834] U'[30023] B'[30148],cube,,Playground,custom_rules,U F2 B' L2 U' D2 L' F B2 R' L2 F2 U B2 U B2 D' R2 D R2 L2 B2,random_state,custom_rules,,,,8,BU,0,0,30148,82,85,88,2.72,8576,21572,"",0,Cross,x' B' D R B' L F' L',x'[0] B'[0] D[148] R[696] B'[902] L[1671] F'[1934] L'[2208],false,true,2208,0,2208,2208,7,7,7,3.17,F2L Slot 1,U L U' L2' U L,U[2684] L[3208] U'[3399] L2'[3850] U[3969] L[4270],false,true,2062,1000,1062,4270,6,6,7,5.65,F2L Slot 2,U' R' U R,U'[5296] R'[5680] U[5765] R[5952],false,true,1682,1410,272,5952,4,4,4,14.71,F2L Slot 3,B' U' B,B'[7825] U'[8021] B[8150],false,true,2198,1873,325,8150,3,3,3,9.23,F2L Slot 4,U2' R U' R' U R U R',U2'[9646] R[9806] U'[9927] R'[10054] U[10114] R[10220] U[10298] R'[10440],false,true,2290,1656,634,10440,8,8,9,12.62,OLL,U' L' B' R B' R' B R B2 L' D' L B' L R' U' R' U R U M' U M U R U R' U' M' U R U' L' x',U'[11324] L'[11889] B'[12394] R[12546] B'[12702] R'[12863] B[12964] R[13110] B2[13566] L'[16209] D'[16884] L[17461] B'[19927] L[20109] R'[21404] U'[22243] R'[22527] U[22591] R[22738] U[23378] M'[23996] U[24043] M[24376] U[24864] R[25468] U[25562] R'[25650] U'[25760] M'[26045] U[26470] R[26607] U'[26717] L'[27001] x'[27488],false,true,16561,1449,15112,27001,33,36,37,2.18,PLL,U' F R U' R' U' R U R' F' R R' R U R' U' R' F R F' U',U'[27975] F[28189] R[28297] U'[28367] R'[28470] U'[28556] R[28620] U[28699] R'[28776] F'[28836] R[28925] R'[29083] R[29273] U[29341] R'[29445] U'[29525] R'[29699] F[29733] R[29834] F'[30023] U'[30148],false,true,3147,1188,1959,30148,21,21,21,10.72,,,,,,,,,,,,,,,,,,,,,,,,,,,,139,BL->FR 5,"[FL,BR]->FR 12",20,53,Y,,
544c554c-4246-4b22-9ef4-3eb211d5e628,2023-09-08 20:24:32 UTC,false,14962,CFOP,Gan Smart Cube,Gan i Carry,Gan 356i,Jacob Pfeifer,false,false,11486,14962,,R'[0] F[143] L'[643] U[961] R'[1114] U'[1290] F'[1875] F'[2147] B'[2489] D[3058] B'[3281] D'[3685] U[4399] B'[4651] U'[4981] B'[5521] B'[5854] R[6141] B'[6251] R'[6391] B[6474] B[6602] U'[6931] B'[7121] U[7232] B[7986] B[8180] B[8773] D'[9032] B[9140] B[9222] D[9309] B'[9419] L[9871] B[9961] L'[10036] B[10581] L[10813] B[10907] L'[10969] B'[11068] L'[11192] D[11225] L[11289] D'[11700] B[12576] L[13118] L[13234] B[13459] L[13650] B[13738] L'[13801] B'[13898] L'[14125] B'[14193] L'[14304] B[14333] L'[14962],cube,,Playground,custom_rules,R U2 B D F2 R2 U' R' L D B' U F2 D2 L2 U F2 U2 R2 F2 U2 B2,random_state,custom_rules,,,,8,BU,0,0,14962,51,51,58,3.41,6896,8066,"",0,Cross,x' R' D L' F R' F' D2',x'[0] R'[0] D[143] L'[643] F[961] R'[1114] F'[1290] D2'[2147],false,true,2147,0,2147,2147,7,7,8,3.26,F2L Slot 1,U' B U' B',U'[2489] B[3058] U'[3281] B'[3685],false,true,1538,911,627,3685,4,4,4,6.38,F2L Slot 2,F U' F',F[4399] U'[4651] F'[4981],false,true,1296,714,582,4981,3,3,3,5.15,F2L Slot 3,U2' R U' R' U2 F' U' F,U2'[5854] R[6141] U'[6251] R'[6391] U2[6602] F'[6931] U'[7121] F[7232],false,true,2251,1160,1091,7232,8,8,10,7.33,F2L Slot 4,U3 B' U2 B U' L U L',U3[8773] B'[9032] U2[9222] B[9309] U'[9419] L[9871] U[9961] L'[10036],false,true,2804,1800,1004,10036,8,8,11,7.97,OLL,U L U L' U' L' B L B',U[10581] L[10813] U[10907] L'[10969] U'[11068] L'[11192] B[11225] L[11289] B'[11700],false,true,1664,777,887,11700,9,9,9,10.15,PLL,U L2 U L U L' U' L' U' L' U L',U[12576] L2[13234] U[13459] L[13650] U[13738] L'[13801] U'[13898] L'[14125] U'[14193] L'[14304] U[14333] L'[14962],false,true,3262,1534,1728,14962,12,12,13,6.94,,,,,,,,,,,,,,,,,,,,,,,,,,,,21,BL->FR 21,"[FL,BR]->FR 23",2,33,Ub,,
aa3e8bff-97a2-4684-a16e-d668b9322de1,2023-09-08 20:23:51 UTC,false,25654,CFOP,Gan Smart Cube,Gan i Carry,Gan 356i,Jacob Pfeifer,false,false,34278,25654,,F[0] B'[12] L'[322] L'[997] F[1160] L[1348] U[1598] F[2038] R[3673] D'[3847] R'[4017] D'[4572] L[4708] D[4835] L'[4970] D'[5064] L[5159] D[5303] L'[5628] D'[7800] D'[8151] L'[8263] D[8319] L[8479] D'[8888] F[9289] D'[9555] F'[9701] D[10874] D'[11041] D[11145] B[11552] D[11741] B'[11929] D[12066] D'[12768] R[12998] D[13143] R'[13344] D[13923] L'[14412] D[14569] D[14665] L[14788] D[15028] D[15101] L'[15234] D[15316] L[15429] D[16324] D[16448] R[16790] D[16899] D[16965] R'[17052] R'[17329] B[17373] R[17466] B'[17698] B[18438] R'[18564] B'[18659] R[18749] R[19400] D[19510] D[19561] R'[19674] R[19859] D[19953] R'[20073] D[20140] R'[20457] B[20513] R[20617] B'[20787] D[21368] D[21433] R'[21570] B[21657] R[21728] B'[21957] D[22827] D[22950] R[23267] R[23342] U[23555] F'[23921] D[23960] F'[24050] D'[24132] F[24215] U'[24365] R[24420] R[24534] B'[25133] D[25240] B[25364] D[25607] D[25654],cube,,Playground,custom_rules,U D R F B' D2 L' B D2 L F2 R2 U2 R2 U2 D' F2 B2 D' R2 U' B2,random_state,custom_rules,,,,8,DB,0,0,25654,84,85,99,3.27,9935,15707,"",0,Cross,z' S' R2' F R D F,z'[6] S'[12] R2'[997] F[1160] R[1348] D[1598] F[2038],false,true,2026,0,2026,2038,6,7,8,2.96,F2L Slot 1,L U' L' U' R U R' U' R U R',L[3673] U'[3847] L'[4017] U'[4572] R[4708] U[4835] R'[4970] U'[5064] R[5159] U[5303] R'[5628],false,true,3590,1635,1955,5628,11,11,11,5.63,F2L Slot 2,U2' R' U R U' F U' F',U2'[8151] R'[8263] U[8319] R[8479] U'[8888] F[9289] U'[9555] F'[9701],false,true,4073,2635,1438,9701,8,8,9,5.56,F2L Slot 3,U U' U B U B' U U' L U L',U[10874] U'[11041] U[11145] B[11552] U[11741] B'[11929] U[12066] U'[12768] L[12998] U[13143] L'[13344],false,true,3643,1851,1792,13344,11,11,11,6.14,F2L Slot 4,U R' U2 R U2 R' U R,U[13923] R'[14412] U2[14665] R[14788] U2[15101] R'[15234] U[15316] R[15429],false,true,2085,1068,1017,15429,8,8,10,7.87,OLL,U2 L U2 L2' B L B' B L' B' L2 U2 L' L U L' U L' B L B' U2 L' B L B',U2[16448] L[16790] U2[16965] L2'[17329] B[17373] L[17466] B'[17698] B[18438] L'[18564] B'[18659] L2[19400] U2[19561] L'[19674] L[19859] U[19953] L'[20073] U[20140] L'[20457] B[20513] L[20617] B'[20787] U2[21433] L'[21570] B[21657] L[21728] B'[21957],false,true,6528,1361,5167,21957,26,26,32,5.03,PLL,U2 L2 D F' U F' U' F D' L2 B' U B U2,U2[22950] L2[23342] D[23555] F'[23921] U[23960] F'[24050] U'[24132] F[24215] D'[24365] L2[24534] B'[25133] U[25240] B[25364] U2[25654],false,true,3697,1385,2312,25654,14,14,18,6.06,,,,,,,,,,,,,,,,,,,,,,,,,,,,117,BR->FR 31,"[BL,BR]->FR 8",17,17,Ga,,
f68b48cc-2cf7-4edb-a68d-d820741f997f,2023-09-08 20:25:12 UTC,false,18040,CFOP,Gan Smart Cube,Gan i Carry,Gan 356i,Jacob Pfeifer,false,false,6060,18040,,F'[0] L[84] F[233] B[536] B[742] D'[1257] R'[2001] F[2104] R[2273] U[3714] U[4184] F'[4609] U'[4787] F[4942] U'[5248] F'[5512] U[5609] F[5864] F[6209] U'[6404] F'[6588] R'[7051] U'[7367] R[7731] L'[8682] U[8770] L[8903] U[9153] L[9284] U'[9394] L'[9510] U'[9805] B'[10147] U[10250] B[10515] U'[10927] F[11069] U[11209] F'[11395] U[11549] U[11721] F[12242] U'[12398] F'[12537] U[13203] B[13931] L'[14192] B'[14399] B'[14492] R[14547] B[14723] B[14816] L[14947] B'[15108] B'[15201] R'[15329] B[15389] U[16123] F'[16496] U[16890] B'[17070] U[17412] U[17482] F[17581] U'[17690] F'[17827] U[17886] U[17931] F[18008] B[18040],cube,,Playground,custom_rules,U2 R2 D2 L' B' U' F U2 D' L U2 D2 R2 U B2 D' B2 L2 D R2 D B2,random_state,custom_rules,,,,8,UF,0,0,18040,61,61,70,3.38,6687,11353,"",0,Cross,F' L F B2 D' R' F R,F'[0] L[84] F[233] B2[742] D'[1257] R'[2001] F[2104] R[2273],false,true,2273,0,2273,2273,8,8,9,3.52,F2L Slot 1,U2 F' U' F U' F' U F,U2[4184] F'[4609] U'[4787] F[4942] U'[5248] F'[5512] U[5609] F[5864],false,true,3591,2336,1255,5864,8,8,9,6.37,F2L Slot 2,F U' F' R' U' R,F[6209] U'[6404] F'[6588] R'[7051] U'[7367] R[7731],false,true,1867,345,1522,7731,6,6,6,3.94,F2L Slot 3,L' U L U L U' L' U' B' U B,L'[8682] U[8770] L[8903] U[9153] L[9284] U'[9394] L'[9510] U'[9805] B'[10147] U[10250] B[10515],false,true,2784,951,1833,10515,11,11,11,6.0,F2L Slot 4,U' F U F' U2 F U' F',U'[10927] F[11069] U[11209] F'[11395] U2[11721] F[12242] U'[12398] F'[12537],false,true,2022,554,1468,12537,8,8,9,5.45,OLL,U B L' B2' R B2 L B2' R' B,U[13203] B[13931] L'[14192] B2'[14492] R[14547] B2[14816] L[14947] B2'[15201] R'[15329] B[15389],false,true,2852,1394,1458,15389,10,10,13,6.86,PLL,U F' U B' U2 F U' F' U2 F B,U[16123] F'[16496] U[16890] B'[17070] U2[17482] F[17581] U'[17690] F'[17827] U2[17931] F[18008] B[18040],false,true,2651,1107,1544,18040,11,11,13,7.12,,,,,,,,,,,,,,,,,,,,,,,,,,,,16,FL->FR 23,"[FL,BL]->FR 64",15,49,Ja,,
4b7ad06d-fc00-44b8-9f02-290e2e032c48,2023-09-08 20:27:05 UTC,false,21035,CFOP,Gan Smart Cube,Gan i Carry,Gan 356i,Jacob Pfeifer,false,false,22663,21035,,R[0] U[189] D[619] F'[800] D'[969] D'[1217] B[1305] D[1457] L[2625] L[2740] U[3205] L'[3366] U'[3514] D[3801] L'[3994] D'[4283] L[5696] L[5830] U'[6249] L'[6447] U[6541] L'[6761] U'[6963] L[7108] U[7279] L'[8560] U[8971] L'[9089] U'[9243] L[9316] F'[10040] L[10152] F[10382] F'[11544] L[11618] L[11690] F[11785] F[11889] L[11994] F'[12117] F'[12194] L[12256] F[12916] L[14070] L[14222] L[14765] L[14857] F[15150] L[15257] L[15318] F'[15416] L[15649] L[15715] F'[15820] D[15916] F[15982] D'[16163] L'[17347] B[17708] L[17822] L[17879] B'[18015] L[18182] L[18237] B[18325] D'[18413] B'[18540] L'[18871] B[18924] L[19038] B[19116] D[19354] B'[19434] B'[20746] L[21035],cube,,Playground,custom_rules,U D2 L2 D' L U' D' R2 B U2 R2 B2 L2 U' L2 U' F2 U R2 D' L2 D',random_state,custom_rules,,,,8,LU,0,0,21035,61,62,75,2.9,10347,10688,"",0,Cross,z D R L F' L2' B L,z[0] D[0] R[189] L[619] F'[800] L2'[1217] B[1305] L[1457],false,true,1457,0,1457,1457,7,7,8,4.8,F2L Slot 1,U2 R U' M' B' L' x',U2[2740] R[3205] U'[3366] M'[3801] B'[3994] L'[4283] x'[4989],false,true,2826,1748,1078,4283,6,7,8,5.57,F2L Slot 2,U2 R' U' R U' R' U R,U2[5830] R'[6249] U'[6447] R[6541] U'[6761] R'[6963] U[7108] R[7279],false,true,2996,1966,1030,7279,8,8,9,7.77,F2L Slot 3,U' R U' R' U F' U F,U'[8560] R[8971] U'[9089] R'[9243] U[9316] F'[10040] U[10152] F[10382],false,true,3103,1692,1411,10382,8,8,8,5.67,F2L Slot 4,F' U2 F2 U F2' U F,F'[11544] U2[11690] F2[11889] U[11994] F2'[12194] U[12256] F[12916],false,true,2534,1162,1372,12916,7,7,10,5.1,OLL,U4 F U2 F' U2 F' L F L',U4[14857] F[15150] U2[15318] F'[15416] U2[15715] F'[15820] L[15916] F[15982] L'[16163],false,true,3247,2234,1013,16163,9,9,14,8.88,PLL,U' B U2 B' U2 B L' B' U' B U B L B' B' U,U'[17347] B[17708] U2[17879] B'[18015] U2[18237] B[18325] L'[18413] B'[18540] U'[18871] B[18924] U[19038] B[19116] L[19354] B'[19434] B'[20746] U[21035],false,true,4872,1545,3327,21035,16,16,18,4.81,,,,,,,,,,,,,,,,,,,,,,,,,,,,111,BR->FR 16,"[BL,BR]->FR 40",2,8,Ra,,
a5c44c6e-3ad7-47db-bcdf-5edb19b55465,2023-09-08 20:34:33 UTC,false,20092,CFOP,Gan Smart Cube,Gan i Carry,Gan 356i,Jacob Pfeifer,false,false,24170,20092,,B[0] B[76] L'[591] F[686] L[801] U[1011] F[1468] F[1563] L[2475] L'[2622] L[3128] D'[3280] L'[3453] D'[3624] R[3970] D'[4525] R'[4820] D[4982] D[5074] R'[5467] D[5686] R[5861] D[6158] D[6264] L[6647] D'[6892] L'[7069] D[7457] L'[7846] D[7917] L[8107] D[8350] R'[8686] D'[9058] R[9198] L'[9858] D[9978] L[10095] D[10378] D[10500] L'[10852] D[10901] L[10988] D'[11721] R'[11976] L[12137] B'[12242] R'[12379] B'[12550] R[12631] B[12744] R[12849] D'[13022] R'[13158] D[13209] R[13593] L'[13640] D[14030] L'[14354] D[14414] R'[14556] D[14792] D[14849] L[14920] D'[15015] L'[15136] D[15188] D[15245] L[15313] R[15462] D[15603] L[18511] L[18577] L'[18824] L[18947] D[19047] L[19245] D[19351] L'[19419] D'[19503] L'[19713] D'[19831] L'[19962] D[19989] L'[20092],cube,,Playground,custom_rules,F' B2 D2 B L' B' U2 B' R U' B2 R2 F2 D2 R2 U' R2 D B2 U' R2 D',random_state,custom_rules,,,,8,DB,0,0,20092,75,77,85,3.73,4859,15157,"",0,Cross,z2 B2 R' F R D F2,z2[38] B2[76] R'[591] F[686] R[801] D[1011] F2[1563],false,true,1487,0,1487,1563,6,6,8,4.03,F2L Slot 1,R R' R U' R' U' L U' L',R[2475] R'[2622] R[3128] U'[3280] R'[3453] U'[3624] L[3970] U'[4525] L'[4820],false,true,3257,912,2345,4820,9,9,9,3.84,F2L Slot 2,U2 L' U L U2 R U' R',U2[5074] L'[5467] U[5686] L[5861] U2[6264] R[6647] U'[6892] R'[7069],false,true,2249,647,1602,7069,8,8,10,4.99,F2L Slot 3,U R' U R U L' U' L,U[7457] R'[7846] U[7917] R[8107] U[8350] L'[8686] U'[9058] L[9198],false,true,2129,777,1352,9198,8,8,8,5.92,F2L Slot 4,R' U R U2 R' U R,R'[9858] U[9978] R[10095] U2[10500] R'[10852] U[10901] R[10988],false,true,1790,660,1130,10988,7,7,8,6.19,OLL,U' M U' L' U' L U L F' L' F M',U'[11721] M[12137] U'[12242] L'[12379] U'[12550] L[12631] U[12744] L[12849] F'[13022] L'[13158] F[13209] M'[13640],false,true,2652,1149,1503,13640,12,14,14,7.98,PLL,U R' U L' U2 R U' R' U2 R L U R2 R' R U R U R' U' R' U' R' U R',U[14030] R'[14354] U[14414] L'[14556] U2[14849] R[14920] U'[15015] R'[15136] U2[15245] R[15313] L[15462] U[15603] R2[18577] R'[18824] R[18947] U[19047] R[19245] U[19351] R'[19419] U'[19503] R'[19713] U'[19831] R'[19962] U[19989] R'[20092],false,true,6452,714,5738,20092,25,25,28,4.36,,,,,,,,,,,,,,,,,,,,,,,,,,,,38,BL->FR 91,"[FL,BR]->FR 6",32,30,F,,
6fd1f5f5-d7dc-4ba6-a0bd-bbe8442ad6b0,2023-09-08 20:35:20 UTC,false,18461,CFOP,Gan Smart Cube,Gan i Carry,Gan 356i,Jacob Pfeifer,false,false,8048,18461,,R[0] F'[329] U[567] U[688] R[1048] R[1170] B'[1508] B'[1624] R'[2896] U[3427] R[3578] U'[3853] R[4029] U[4270] R'[4772] U'[4915] U'[5623] R[5718] R[5846] U[6015] D'[6422] R[6541] D[6881] D[7374] R[7531] R[7641] D'[7781] R'[7955] F[8132] R'[8414] F'[8962] D[10070] R'[10178] D'[10289] R[10498] F'[10809] R'[10887] F[10967] R'[12320] D[12528] R[12748] B[12849] R'[12911] B'[12980] D'[13152] R[13287] U[13510] F[13659] R[13771] F'[13822] R'[13907] U'[14063] R[15339] R[15726] R'[15967] B[16312] R[16454] R[16530] B'[16674] R[16801] R[16874] B[16968] U'[17110] B'[17321] R'[17494] B[17587] R[17713] B[17876] U[18093] B'[18199] B'[18306] R'[18461],cube,,Playground,custom_rules,U F B' R' D F' U2 B' U' F L U L2 D' B2 U2 F2 U' F2 L2 D L2,random_state,custom_rules,,,,8,RU,0,0,18461,61,61,72,3.3,7922,10539,"",0,Cross,z' U F' L2 U2 B2',z'[0] U[0] F'[329] L2[688] U2[1170] B2'[1624],false,true,1624,0,1624,1624,5,5,8,3.08,F2L Slot 1,U' L U L' U L U' L',U'[2896] L[3427] U[3578] L'[3853] U[4029] L[4270] U'[4772] L'[4915],false,true,3291,1803,1488,4915,8,8,8,5.38,F2L Slot 2,L' U2 L R' U R,L'[5623] U2[5846] L[6015] R'[6422] U[6541] R[6881],false,true,1966,708,1258,6881,6,6,7,4.77,F2L Slot 3,R U2 R' U' F U' F',R[7374] U2[7641] R'[7781] U'[7955] F[8132] U'[8414] F'[8962],false,true,2081,493,1588,8962,7,7,8,4.41,F2L Slot 4,R U' R' U F' U' F,R[10070] U'[10178] R'[10289] U[10498] F'[10809] U'[10887] F[10967],false,true,2005,1108,897,10967,7,7,7,7.8,OLL,U' R U B U' B' R' U L F U F' U' L',U'[12320] R[12528] U[12748] B[12849] U'[12911] B'[12980] R'[13152] U[13287] L[13510] F[13659] U[13771] F'[13822] U'[13907] L'[14063],false,true,3096,1561,1535,14063,14,14,14,9.12,PLL,U2 U' B U2 B' U2 B L' B' U' B U B L B2' U',U2[15726] U'[15967] B[16312] U2[16530] B'[16674] U2[16874] B[16968] L'[17110] B'[17321] U'[17494] B[17587] U[17713] B[17876] L[18093] B2'[18306] U'[18461],false,true,4398,2249,2149,18461,16,16,20,7.45,,,,,,,,,,,,,,,,,,,,,,,,,,,,7,BR->FR 17,"[FL,BL]->FR 9",18,4,Ra,,
3fc4995f-5406-4a4a-91e6-303a318249e5,2023-09-08 20:28:02 UTC,false,20833,CFOP,Gan Smart Cube,Gan i Carry,Gan 356i,Jacob Pfeifer,false,false,20297,20833,,B[0] D'[246] R[770] B[1461] F'[1564] L[3094] F'[3923] L[4031] F[4194] B'[5025] L[5194] B[5424] L'[7080] D'[7377] L[7445] D[7593] U[7919] L'[8124] U'[8207] L'[9254] U[9393] L[9504] L[9582] U'[9885] U'[9965] L'[10135] U[10224] U[10363] L'[10524] U'[10658] L'[11330] L[11774] L[11824] L'[11909] L[12050] D'[12517] L[12589] D[12719] L'[12864] D'[13169] L'[13369] D[13453] L[15525] F'[16078] D'[16394] L'[16572] D[16652] L[16777] F[17028] L[17314] F[17730] U[17851] L[17965] U'[18047] L'[18099] F'[18241] U[19373] U[19430] L[19636] U[19843] L[19946] U'[20056] L'[20148] U'[20355] L'[20434] U'[20560] L[20597] U'[20773] L[20833],cube,,Playground,custom_rules,L F2 L D' F' B R' D' L U F2 L2 U' L2 B2 R2 D F2 U' F2 U' F2,random_state,custom_rules,,,,8,LU,0,0,20833,63,64,69,3.02,11171,9662,"",0,Cross,B D' R S,B[0] D'[246] R[770] S[1564],false,true,1564,0,1564,1564,4,5,5,2.56,F2L Slot 1,U F' U F B' U B,U[3094] F'[3923] U[4031] F[4194] B'[5025] U[5194] B[5424],false,true,3860,2359,1501,5424,7,7,7,4.66,F2L Slot 2,U' L' U L R U' R',U'[7080] L'[7377] U[7445] L[7593] R[7919] U'[8124] R'[8207],false,true,2783,1953,830,8207,7,7,7,8.43,F2L Slot 3,U' R U2 R2' U' R2 U' R',U'[9254] R[9393] U2[9582] R2'[9965] U'[10135] R2[10363] U'[10524] R'[10658],false,true,2451,1186,1265,10658,8,8,11,6.32,F2L Slot 4,U' U2 U' U L' U L U' L' U' L,U'[11330] U2[11824] U'[11909] U[12050] L'[12517] U[12589] L[12719] U'[12864] L'[13169] U'[13369] L[13453],false,true,2795,1859,936,13453,11,11,12,11.75,OLL,U F' L' U' L U F U F R U R' U' F',U[15525] F'[16078] L'[16394] U'[16572] L[16652] U[16777] F[17028] U[17314] F[17730] R[17851] U[17965] R'[18047] U'[18099] F'[18241],false,true,4788,2625,2163,18241,14,14,14,6.47,PLL,R2 U R U R' U' R' U' R' U R' U,R2[19430] U[19636] R[19843] U[19946] R'[20056] U'[20148] R'[20355] U'[20434] R'[20560] U[20597] R'[20773] U[20833],false,true,2592,1189,1403,20833,12,12,13,8.55,,,,,,,,,,,,,,,,,,,,,,,,,,,,110,BL->FR 37,"[FL,BR]->FR 24",6,11,Ub,,
1d2c9b5c-dbf4-41b4-bbd1-75e74ecdfb4b,2023-09-08 20:28:57 UTC,false,17691,CFOP,Gan Smart Cube,Gan i Carry,Gan 356i,Jacob Pfeifer,false,false,22558,17691,,R[0] F'[455] L[689] U'[1247] F[1367] F[1477] F'[4642] U[4747] U[4856] F[5000] U[5356] U[5455] R'[6027] U'[6225] R[6360] U'[6668] B'[7501] U[7594] B[7742] U[8194] U[8296] L'[8903] L[9159] U'[9508] L'[9653] U[9690] L[9833] U[10510] U[10859] U'[11052] R[11291] U[11381] U[11450] R'[11527] U[11799] R[11917] U'[11977] R'[12067] U[13260] U[13339] R[13573] U[13651] R'[13722] U[13759] R[13963] U[14077] U[14420] R'[14587] F[14659] R[14793] U[14878] R'[14966] U'[15009] F'[15148] U[15650] U'[15868] U'[16455] R[16590] U[16662] R'[16759] F'[16822] R[16920] U[17040] R'[17093] U'[17174] R'[17394] F[17444] R[17523] R[17571] U'[17612] R'[17691],cube,,Playground,custom_rules,L' B' L2 U2 R' B D F' B R U L2 F2 R2 D F2 B2 D' R2 U' B2 D',random_state,custom_rules,,,,8,UF,0,0,17691,61,61,71,3.45,9873,7818,"",0,Cross,R F' L U' F2,R[0] F'[455] L[689] U'[1247] F2[1477],false,true,1477,0,1477,1477,5,5,6,3.39,F2L Slot 1,F' U2 F U2 R' U' R,F'[4642] U2[4856] F[5000] U2[5455] R'[6027] U'[6225] R[6360],false,true,4883,3165,1718,6360,7,7,9,4.07,F2L Slot 2,U' B' U B,U'[6668] B'[7501] U[7594] B[7742],false,true,1382,1141,241,7742,4,4,4,16.6,F2L Slot 3,U2 L' L U' L' U L,U2[8296] L'[8903] L[9159] U'[9508] L'[9653] U[9690] L[9833],false,true,2091,1161,930,9833,7,7,8,7.53,F2L Slot 4,U2 U' R U2 R' U R U' R',U2[10859] U'[11052] R[11291] U2[11450] R'[11527] U[11799] R[11917] U'[11977] R'[12067],false,true,2234,1458,776,12067,9,9,11,11.6,OLL,U2 R U R' U R U2 R' F R U R' U' F',U2[13339] R[13573] U[13651] R'[13722] U[13759] R[13963] U2[14420] R'[14587] F[14659] R[14793] U[14878] R'[14966] U'[15009] F'[15148],false,true,3081,1506,1575,15148,14,14,16,8.89,PLL,U U2' R U R' F' R U R' U' R' F R2 U' R',U[15650] U2'[16455] R[16590] U[16662] R'[16759] F'[16822] R[16920] U[17040] R'[17093] U'[17174] R'[17394] F[17444] R2[17571] U'[17612] R'[17691],false,true,2543,1442,1101,17691,15,15,17,13.62,,,,,,,,,,,,,,,,,,,,,,,,,,,,144,FL->FR 5,"[FL,BL]->FR 5",13,41,Jb,,
0ce64482-9b34-45d2-87a3-9c45a37adad1,2023-09-08 20:29:32 UTC,false,18003,CFOP,Gan Smart Cube,Gan i Carry,Gan 356i,Jacob Pfeifer,false,false,6263,18003,,D'[0] U'[8] R[402] L[582] B[946] B[1027] U'[1776] U'[1867] L[2339] D'[2719] L'[2861] L'[3070] D'[3563] L[3681] L[6536] D[6820] L'[7271] D'[7749] R'[8135] D[8265] R[8490] B'[9281] D[9364] B[9473] D[9715] F'[10106] D'[10340] F[10422] D'[11685] D'[12015] B'[12180] D[12243] B[12336] D[12801] R[12915] D'[12989] R'[13070] D'[13684] R[13834] D[13906] R'[13979] D[14295] R[14637] D[14737] D[14789] R'[14860] R'[16356] D[16398] R'[16500] D'[16769] F'[17052] R'[17166] F[17211] F[17277] D'[17349] F'[17449] D[17496] F'[17579] R[17745] F[17845] R[18003],cube,,Playground,custom_rules,F2 R' U2 B' D R' F2 R B U F2 D2 F2 R2 B2 U F2 R2 U R2,random_state,custom_rules,,,,8,DB,0,0,18003,55,55,61,3.06,8136,9867,"",0,Cross,z2 U' D' L R B2 D2',z2[0] U'[0] D'[8] L[402] R[582] B2[1027] D2'[1867],false,true,1867,0,1867,1867,6,6,8,3.21,F2L Slot 1,R U' R2' U' R,R[2339] U'[2719] R2'[3070] U'[3563] R[3681],false,true,1814,472,1342,3681,5,5,6,3.73,F2L Slot 2,R U R' U' L' U L,R[6536] U[6820] R'[7271] U'[7749] L'[8135] U[8265] L[8490],false,true,4809,2855,1954,8490,7,7,7,3.58,F2L Slot 3,B' U B U F' U' F,B'[9281] U[9364] B[9473] U[9715] F'[10106] U'[10340] F[10422],false,true,1932,791,1141,10422,7,7,7,6.13,F2L Slot 4,U2' B' U B U L U' L',U2'[12015] B'[12180] U[12243] B[12336] U[12801] L[12915] U'[12989] L'[13070],false,true,2648,1758,890,13070,8,8,9,8.99,OLL,U' L U L' U L U2 L',U'[13684] L[13834] U[13906] L'[13979] U[14295] L[14637] U2[14789] L'[14860],false,true,1790,764,1026,14860,8,8,9,7.8,PLL,L' U L' U' F' L' F2 U' F' U F' L F L,L'[16356] U[16398] L'[16500] U'[16769] F'[17052] L'[17166] F2[17277] U'[17349] F'[17449] U[17496] F'[17579] L[17745] F[17845] L[18003],false,true,3143,1496,1647,18003,14,14,15,8.5,,,,,,,,,,,,,,,,,,,,,,,,,,,,18,BL->FR 36,"[FL,BR]->FR 6",25,27,V,,
8ad196fd-c42a-4189-8ac7-543ac1f9dcc4,2023-09-08 20:30:23 UTC,false,17099,CFOP,Gan Smart Cube,Gan i Carry,Gan 356i,Jacob Pfeifer,false,false,13885,17099,,B'[0] R'[244] B'[694] L'[1271] B'[1523] D[2185] F'[2412] D'[2635] R[5721] F[6132] R'[6362] F'[7552] F'[7848] F'[8187] U[8396] F[8517] U'[8730] F[8815] R'[9264] F'[9595] R[9708] F'[10559] L'[10766] F[10835] F[10917] L[11228] L[11301] F[11437] L'[11573] L'[11650] F[11718] L[11888] F[12579] R'[13062] D[13116] R[13381] R[13462] U'[13546] R'[13641] R'[13704] D'[13822] R[13917] R[14008] U[14144] R'[14239] L'[15479] F[15526] F[15600] L'[15683] F'[15946] D'[16186] L'[16283] D[16334] D[16397] F'[16459] D'[16551] F[16580] D'[16670] L[16816] D[16907] F'[16991] L[17099],cube,,Playground,custom_rules,L F2 L2 B U' F U2 D L F2 L2 U2 F2 U L2 F2 D' B2 D F2 D' R2,random_state,custom_rules,,,,8,FU,0,0,17099,52,52,62,3.04,9254,7845,"",0,Cross,x D' R' D' L' D',x[0] D'[0] R'[244] D'[694] L'[1271] D'[1523],false,true,1523,0,1523,1523,5,5,5,3.28,F2L Slot 1,F U' F',F[2185] U'[2412] F'[2635],false,true,1112,662,450,2635,3,3,3,6.67,F2L Slot 2,R U R',R[5721] U[6132] R'[6362],false,true,3727,3086,641,6362,3,3,3,4.68,F2L Slot 3,U3' B U B' U R' U' R,U3'[8187] B[8396] U[8517] B'[8730] U[8815] R'[9264] U'[9595] R[9708],false,true,3346,2034,1312,9708,8,8,10,6.1,F2L Slot 4,U' L' U2 L2 U L2' U L,U'[10559] L'[10766] U2[10917] L2[11301] U[11437] L2'[11650] U[11718] L[11888],false,true,2180,1058,1122,11888,8,8,11,7.13,OLL,U R' F R2 B' R2' F' R2 B R',U[12579] R'[13062] F[13116] R2[13462] B'[13546] R2'[13704] F'[13822] R2[14008] B[14144] R'[14239],false,true,2351,1174,1177,14239,10,10,13,8.5,PLL,L' U2 L' U' F' L' F2 U' F' U F' L F U' L,L'[15479] U2[15600] L'[15683] U'[15946] F'[16186] L'[16283] F2[16397] U'[16459] F'[16551] U[16580] F'[16670] L[16816] F[16907] U'[16991] L[17099],false,true,2860,1240,1620,17099,15,15,17,9.26,,,,,,,,,,,,,,,,,,,,,,,,,,,,21,FL->FR 14,"[FL,BL]->FR 42",2,50,F,,
4540165f-0b82-4ac4-ae30-1a405c4d5645,2023-09-08 20:31:09 UTC,false,19330,CFOP,Gan Smart Cube,Gan i Carry,Gan 356i,Jacob Pfeifer,false,false,8456,19330,,R[0] B'[648] D'[1008] L[1154] B'[1417] U'[1931] U'[2302] D'[3547] D'[3846] R'[4396] D[4501] R[4649] L'[5062] D[5191] L[5469] D[5717] R'[6069] D[6148] D[6264] R[6445] D[6951] D[7497] L[8044] D[8239] L'[8559] D'[9871] F[10436] D[10605] D[10700] F'[10904] F'[11987] R[12047] F[12169] R'[12483] R[12866] D'[13077] R'[13228] D'[14245] D'[14453] B'[14633] D'[14812] B[14901] D'[15144] B'[15254] D[15311] B[15432] D[15571] B[15690] R'[15784] B'[16132] R[16169] F[17256] F[17316] U[17533] L'[17649] D[17859] L'[17937] D'[18014] L[18131] U'[18351] F[18387] F[18513] R'[19042] D[19088] R[19207] D[19330],cube,,Playground,custom_rules,R2 U' D2 F' L F2 D R' U L2 F D' B2 R2 D R2 L2 U2 B2 R2 U',random_state,custom_rules,,,,8,DB,0,0,19330,58,58,66,3.0,7506,11824,"",0,Cross,z2 L B' U' R B' D2',z2[0] L[0] B'[648] U'[1008] R[1154] B'[1417] D2'[2302],false,true,2302,0,2302,2302,6,6,7,2.61,F2L Slot 1,U2' L' U L R' U R,U2'[3846] L'[4396] U[4501] L[4649] R'[5062] U[5191] R[5469],false,true,3167,2094,1073,5469,7,7,8,6.52,F2L Slot 2,U L' U2 L U2 R U R',U[5717] L'[6069] U2[6264] L[6445] U2[7497] R[8044] U[8239] R'[8559],false,true,3090,600,2490,8559,8,8,10,3.21,F2L Slot 3,U' F U2 F' F' L F L',U'[9871] F[10436] U2[10700] F'[10904] F'[11987] L[12047] F[12169] L'[12483],false,true,3924,1877,2047,12483,8,8,9,3.91,F2L Slot 4,L U' L',L[12866] U'[13077] L'[13228],false,true,745,383,362,13228,3,3,3,8.29,OLL,U2' B' U' B U' B' U B U B L' B' L,U2'[14453] B'[14633] U'[14812] B[14901] U'[15144] B'[15254] U[15311] B[15432] U[15571] B[15690] L'[15784] B'[16132] L[16169],false,true,2941,1405,1536,16169,13,13,14,8.46,PLL,F2 D R' U R' U' R D' F2 L' U L U,F2[17316] D[17533] R'[17649] U[17859] R'[17937] U'[18014] R[18131] D'[18351] F2[18513] L'[19042] U[19088] L[19207] U[19330],false,true,3161,1147,2014,19330,13,13,15,6.45,,,,,,,,,,,,,,,,,,,,,,,,,,,,110,BR->FR 2,"[BL,BR]->FR 13",21,36,Ga,,
e8a3c0d5-b6dd-4d48-8bca-70b27d499dbe,2023-09-08 20:31:51 UTC,false,20962,CFOP,Gan Smart Cube,Gan i Carry,Gan 356i,Jacob Pfeifer,false,false,6202,20962,,R'[0] F'[167] U[256] R'[616] B[1126] R[1260] B[1398] D'[2086] D'[2246] U'[4342] R[4461] U[4611] R[4963] B[5401] R'[5628] B'[6057] B'[7010] R'[7145] B[7216] R[7343] B'[7485] R'[7590] B[7671] U'[8282] R'[8558] U[8635] F'[10962] R[11036] F[11196] R'[11442] U[11968] R'[12251] U'[12449] R[12845] D[13080] R[13196] D'[13297] R[13624] R[13832] D[13955] R'[14048] D'[14132] R'[14966] R'[15223] U[15613] F[15752] F[15835] D'[15954] F'[16049] D[16159] F'[16294] U'[16651] R[18619] R[19297] R[19379] D[19547] B'[19656] D'[19726] F[19864] D[19999] B[20079] D'[20166] F'[20275] D[20354] B[20436] D'[20526] F[20576] D[20714] B'[20790] D'[20858] F'[20962],cube,,Playground,custom_rules,L' U' F' B L' F2 U' D' L B2 U' L2 U2 L2 B2 L2 U' R2 U2 D R2 U2,random_state,custom_rules,,,,8,RU,0,0,20962,65,65,71,3.1,10384,10578,"",0,Cross,z' U' F' L U' B U B R2',z'[0] U'[0] F'[167] L[256] U'[616] B[1126] U[1260] B[1398] R2'[2246],false,true,2246,0,2246,2246,8,8,9,3.56,F2L Slot 1,L' U L U B U' B',L'[4342] U[4461] L[4611] U[4963] B[5401] U'[5628] B'[6057],false,true,3811,2096,1715,6057,7,7,7,4.08,F2L Slot 2,B' U' B U B' U' B L' U' L,B'[7010] U'[7145] B[7216] U[7343] B'[7485] U'[7590] B[7671] L'[8282] U'[8558] L[8635],false,true,2578,953,1625,8635,10,10,10,6.15,F2L Slot 3,F' U F U' L U' L',F'[10962] U[11036] F[11196] U'[11442] L[11968] U'[12251] L'[12449],false,true,3814,2327,1487,12449,7,7,7,4.71,F2L Slot 4,U R U R' U2 R U' R',U[12845] R[13080] U[13196] R'[13297] U2[13832] R[13955] U'[14048] R'[14132],false,true,1683,631,1052,14132,8,8,9,7.6,OLL,U2' L F2 R' F' R F' L',U2'[15223] L[15613] F2[15835] R'[15954] F'[16049] R[16159] F'[16294] L'[16651],false,true,2519,1481,1038,16651,8,8,10,7.71,PLL,U3 R B' R' F R B R' F' R B R' F R B' R' F',U3[19379] R[19547] B'[19656] R'[19726] F[19864] R[19999] B[20079] R'[20166] F'[20275] R[20354] B[20436] R'[20526] F[20576] R[20714] B'[20790] R'[20858] F'[20962],false,true,4311,2896,1415,20962,17,17,19,12.01,,,,,,,,,,,,,,,,,,,,,,,,,,,,112,BL->FR 94,"[FL,BR]->FR 31",15,6,E,,
cf6cf29b-8225-4729-8d7a-910918dbd885,2023-09-08 20:32:37 UTC,false,19600,CFOP,Gan Smart Cube,Gan i Carry,Gan 356i,Jacob Pfeifer,false,false,11104,19600,,F'[0] F'[233] U[630] U[739] F[1368] B[1626] L'[1929] L'[2015] U[4020] B[4137] U'[4269] B[4544] U[4900] B'[5116] U'[5453] B'[6137] U'[6399] B'[6509] U[6635] B'[6822] R[7236] B[7368] R'[7635] D[8701] B'[8876] D'[9021] B[9128] B[9249] D[9365] B'[9561] D'[9810] B[10362] L[11118] B[11226] B[11288] L'[11395] B[11738] L[11849] B'[11948] L'[12026] B'[13188] R[13382] D'[13489] R'[13600] B'[13763] R[13825] D[14030] R'[14252] D'[14548] B[14696] D[15261] B[16320] R[16688] B[16828] B[16917] R'[17064] B[17228] B[17311] R[17496] D'[17659] R'[17865] B'[18117] R[18292] B[18477] R[18897] D[19193] R'[19319] R'[19421] B'[19600],cube,,Playground,custom_rules,F' B D2 R B2 R' U' R2 L2 F' B2 D' L2 D2 F2 D R2 D' R2 F2 R2 B2,random_state,custom_rules,,,,8,BU,0,0,19600,61,61,69,3.11,8108,11259,"",0,Cross,x' D2' F2 D U L2',x'[116] D2'[233] F2[739] D[1368] U[1626] L2'[2015],false,true,1782,0,1782,2015,5,5,8,2.81,F2L Slot 1,F U F' U F U' F',F[4020] U[4137] F'[4269] U[4544] F[4900] U'[5116] F'[5453],false,true,3438,2005,1433,5453,7,7,7,4.88,F2L Slot 2,U' F' U' F U' R U R',U'[6137] F'[6399] U'[6509] F[6635] U'[6822] R[7236] U[7368] R'[7635],false,true,2182,946,1236,7635,8,8,8,6.47,F2L Slot 3,B U' B' U2 B U' B',B[8701] U'[8876] B'[9021] U2[9249] B[9365] U'[9561] B'[9810],false,true,2175,1066,1109,9810,7,7,8,6.31,F2L Slot 4,U L U2 L' U L U' L',U[10362] L[11118] U2[11288] L'[11395] U[11738] L[11849] U'[11948] L'[12026],false,true,2216,1308,908,12026,8,8,9,8.81,OLL,U' R B' R' U' R B R' B' U B,U'[13188] R[13382] B'[13489] R'[13600] U'[13763] R[13825] B[14030] R'[14252] B'[14548] U[14696] B[15261],false,true,3235,1356,1879,15261,11,11,11,5.85,PLL,U R U2 R' U2 R B' R' U' R U R B R2' U',U[16320] R[16688] U2[16917] R'[17064] U2[17311] R[17496] B'[17659] R'[17865] U'[18117] R[18292] U[18477] R[18897] B[19193] R2'[19421] U'[19600],false,true,4339,1427,2912,19600,15,15,18,5.15,,,,,,,,,,,,,,,,,,,,,,,,,,,,7,FL->FR 47,"[FL,BL]->FR 39",13,13,Ra,,
2143c711-d3dc-46e2-952a-0c9ef0e1ec7b,2023-09-08 20:36:27 UTC,false,25923,CFOP,Gan Smart Cube,Gan i Carry,Gan 356i,Jacob Pfeifer,false,false,23742,25923,,U'[0] U'[136] F[342] F[447] R[906] B'[1515] D'[1819] D'[1909] R'[2514] R[4253] R'[4598] R'[5209] F'[5728] U[6259] U[6353] B'[6669] U'[7008] U'[7179] U'[9364] L[9478] U[9613] L[9918] F[10454] L[10596] F'[10904] L'[13645] L'[13900] B[14035] L'[14167] B'[14286] L[14380] B[14543] L'[14680] B'[14793] L'[15587] L'[15823] D[15978] L[16128] D'[16316] L[16430] L[16535] D[16723] L'[16966] D[17358] D'[17436] D'[17586] L[18038] L[18154] U[18472] L[18595] L[18687] U'[18909] L[19052] F'[19445] L'[19703] F[19750] L[20524] F'[20983] D[21033] D[21106] B[21522] D[21643] B'[21718] D[21970] F[22362] L'[23394] B[23561] B[23626] R'[23841] U[23942] L'[24052] U[24177] L[24309] U'[24427] R[24624] B[25149] B[25209] D[25616] L'[25717] D'[25821] L'[25923],cube,,Playground,custom_rules,U2 F B2 U2 F' B U' R' L' U' F L2 U F2 U2 L2 D' R2 L2 F2 U B2,random_state,custom_rules,,,,8,LU,0,0,25923,66,66,81,2.55,9884,15903,"",0,Cross,z R2' F2 D B' L2' D' D D2' F' R2 B' R2',z[68] R2'[136] F2[447] D[906] B'[1515] L2'[1909] D'[2514] D[4253] D2'[5209] F'[5728] R2[6353] B'[6669] R2'[7179],false,true,7043,0,7043,7179,12,12,18,1.7,F2L Slot 1,R' U R U F U F',R'[9364] U[9478] R[9613] U[9918] F[10454] U[10596] F'[10904],false,true,3725,2185,1540,10904,7,7,7,4.55,F2L Slot 2,U2' B U' B' U B U' B',U2'[13900] B[14035] U'[14167] B'[14286] U[14380] B[14543] U'[14680] B'[14793],false,true,3889,3131,758,14793,8,8,9,10.55,F2L Slot 3,U2' L U L' U2 L U' L L2',U2'[15823] L[15978] U[16128] L'[16316] U2[16535] L[16723] U'[16966] L[17358] L2'[17586],false,true,2793,1185,1608,17586,9,9,12,5.6,F2L Slot 4,U2 R U2 R' U F' U' F,U2[18154] R[18472] U2[18687] R'[18909] U[19052] F'[19445] U'[19703] F[19750],false,true,2164,886,1278,19750,8,8,10,6.26,OLL,U F' L2 B L B' L F,U[20524] F'[20983] L2[21106] B[21522] L[21643] B'[21718] L[21970] F[22362],false,true,2612,1233,1379,22362,8,8,9,5.8,PLL,U' B2 D' R U' R U R' D B2 L U' L' U',U'[23394] B2[23626] D'[23841] R[23942] U'[24052] R[24177] U[24309] R'[24427] D[24624] B2[25209] L[25616] U'[25717] L'[25821] U'[25923],false,true,3561,1264,2297,25923,14,14,16,6.09,,,,,,,,,,,,,,,,,,,,,,,,,,,,8,BL->FR 26,"[FL,BR]->FR 15",24,5,Gc,,
951cb979-1ee6-48b4-809d-c458fa383bc2,2023-09-08 20:37:06 UTC,false,20171,CFOP,Gan Smart Cube,Gan i Carry,Gan 356i,Jacob Pfeifer,false,false,4556,20171,,L'[0] F[79] L[223] R[455] B[971] U[1646] F[4553] D[4684] D[4781] F'[4892] D[5611] L[6236] D'[6366] L'[6559] R[7374] D[7519] D[7630] R'[7821] D[8053] F[8698] D'[8887] F'[9114] D[10026] D[10135] B'[10433] D'[10609] B[10719] B[10823] D[10950] B'[11150] D'[12495] D'[12927] B'[13041] D[13087] B[13214] D[13337] B'[13499] D[13571] B[13688] D'[13788] B'[13878] D[13922] B[14019] D[14767] B'[15034] F[15183] L'[15302] B'[15444] L'[15619] B[15716] L[15862] B[16002] D'[16125] B'[16244] D[16293] B[16537] F'[16690] F'[18359] R[18423] F'[18612] L[18787] L[19117] F[19372] R'[19486] F'[19562] L[19695] L[19883] F[20045] F[20108] D[20171],cube,,Playground,custom_rules,U B D2 R U' F' L' F R B U R2 F2 B2 L2 U L2 U' B2 L2 U2 R2,random_state,custom_rules,,,,8,DB,0,0,20171,60,62,70,2.97,9765,10406,"",0,Cross,z2 R' F R L B D,z2[0] R'[0] F[79] R[223] L[455] B[971] D[1646],false,true,1646,0,1646,1646,6,6,6,3.65,F2L Slot 1,F U2 F' U R U' R',F[4553] U2[4781] F'[4892] U[5611] R[6236] U'[6366] R'[6559],false,true,4913,2907,2006,6559,7,7,8,3.49,F2L Slot 2,L U2 L' U F U' F',L[7374] U2[7630] L'[7821] U[8053] F[8698] U'[8887] F'[9114],false,true,2555,815,1740,9114,7,7,8,4.02,F2L Slot 3,U2 B' U' B2 U B',U2[10135] B'[10433] U'[10609] B2[10823] U[10950] B'[11150],false,true,2036,1319,717,11150,6,6,8,8.37,F2L Slot 4,U2' B' U B U B' U B U' B' U B,U2'[12927] B'[13041] U[13087] B[13214] U[13337] B'[13499] U[13571] B[13688] U'[13788] B'[13878] U[13922] B[14019],false,true,2869,1891,978,14019,12,12,13,12.27,OLL,U S' U' B' U' B U B L' B' L S,U[14767] S'[15183] U'[15302] B'[15444] U'[15619] B[15716] U[15862] B[16002] L'[16125] B'[16244] L[16293] S[16690],false,true,2671,1164,1507,16690,12,14,14,7.96,PLL,F' L F' R2 F L' F' R2 F2 U,F'[18359] L[18423] F'[18612] R2[19117] F[19372] L'[19486] F'[19562] R2[19883] F2[20108] U[20171],false,true,3481,1669,1812,20171,10,10,13,5.52,,,,,,,,,,,,,,,,,,,,,,,,,,,,9,BR->FR 9,"[FL,BL]->FR 56",22,30,Aa,,
2a67ea07-e7ac-4508-9b62-231f5384b0cc,2023-09-10 21:13:02 UTC,false,16921,CFOP,Gan Smart Cube,Gan i Carry,Gan 356i,Jacob Pfeifer,false,false,11623,16921,,U'[0] R'[163] R[225] R'[278] D[605] D[699] L'[950] L'[1025] R'[1583] D[1750] D[1861] R[1950] F'[3073] D'[3250] F[3382] D'[4796] D[5088] B[5314] D[5494] B'[5690] D'[5853] D'[6110] R[7019] D[7113] D[7184] R'[7250] D'[7329] R[7390] D[7469] R'[7540] D[9045] F[9650] D[9762] F'[9967] D[10635] R'[10789] D'[10884] R[10956] D'[11797] R[12014] D[12093] D[12162] R'[12233] D'[12365] D'[12554] R'[12745] B[12767] R[12858] B'[13052] L'[14551] D[14709] R'[14834] D[14943] D[15014] L[15288] D'[15400] R[15451] L'[15717] D[15814] R'[15943] D[16000] D[16089] L[16370] D'[16451] R[16515] D[16871] D[16921],cube,,Playground,custom_rules,R2 F2 U B D2 L' D' R2 U B L2 F2 D' L2 F2 U' F2 D' B2 L2 F2 B2,random_state,custom_rules,,,,8,DB,0,0,16921,56,57,67,3.31,8486,8435,"",0,Cross,z2 D' L' L L' U2 R2',z2[0] D'[0] L'[163] L[225] L'[278] U2[699] R2'[1025],false,true,1025,0,1025,1025,6,6,8,5.85,F2L Slot 1,L' U2 L F' U' F,L'[1583] U2[1861] L[1950] F'[3073] U'[3250] F[3382],false,true,2357,558,1799,3382,6,6,7,3.34,F2L Slot 2,U' U B U B',U'[4796] U[5088] B[5314] U[5494] B'[5690],false,true,2308,1932,376,5690,5,5,5,13.3,F2L Slot 3,U2' L U2 L' U' L U L',U2'[6110] L[7019] U2[7184] L'[7250] U'[7329] L[7390] U[7469] L'[7540],false,true,1850,1329,521,7540,8,8,10,15.36,F2L Slot 4,U F U F' U L' U' L,U[9045] F[9650] U[9762] F'[9967] U[10635] L'[10789] U'[10884] L[10956],false,true,3416,2110,1306,10956,8,8,8,6.13,OLL,U' L U2 L' U2' L' B L B',U'[11797] L[12014] U2[12162] L'[12233] U2'[12554] L'[12745] B[12767] L[12858] B'[13052],false,true,2096,1058,1038,13052,9,9,11,8.67,PLL,R' U L' U2 R U' M' B L' B2 R B' L B2,R'[14551] U[14709] L'[14834] U2[15014] R[15288] U'[15400] M'[15717] B[15814] L'[15943] B2[16089] R[16370] B'[16451] L[16515] B2[16921],false,true,3869,1499,2370,16921,14,15,18,5.91,,,,,,,,,,,,,,,,,,,,,,,,,,,,4,FL->FR 14,"[FL,BL]->FR 19",36,8,Nb,,
21e14e6e-11f3-4e48-aa50-6d087516d7ba,2023-09-09 02:25:20 UTC,false,19863,CFOP,Gan Smart Cube,Gan i Carry,Gan 356i,Jacob Pfeifer,false,false,18114,19863,,R[0] R[81] D'[526] R'[818] D[993] U[1486] L[2001] U'[2278] L'[2779] U'[3604] U'[4488] B'[5097] R[5186] B[5358] R'[5864] U'[7249] U'[7619] B'[8146] R[8269] B[8491] R'[9041] F'[9688] U[9775] F[9984] U'[11098] U'[11383] F[11537] U[11649] F'[11825] U[12012] F[12184] U'[12306] F'[12438] U'[13739] L[14290] U'[14431] L'[14549] U[14619] B'[14944] U'[15036] B[15109] L[15838] U[16036] F[16138] U'[16204] F'[16281] L'[16423] U[17101] U'[17354] B[17926] U[18009] B'[18078] R[18510] R[18587] D'[18856] F[18922] U'[19038] F'[19134] U[19170] F'[19248] D[19451] R[19604] R[19692] U'[19781] U'[19863],cube,,Playground,custom_rules,R L' D2 B D R2 L F' R U' F2 U' R2 F2 D' L2 F2 D' B2 L2 F2 D2,random_state,custom_rules,,,,8,UF,0,0,19863,59,59,65,2.97,7292,12490,"",0,Cross,R2 D' R' D,R2[81] D'[526] R'[818] D[993],false,true,912,0,912,993,4,4,5,4.39,F2L Slot 1,U L U' L' U' U' B' R B R' U2' B' R B R',U[1486] L[2001] U'[2278] L'[2779] U'[3604] U'[4488] B'[5097] R[5186] B[5358] R'[5864] U2'[7619] B'[8146] R[8269] B[8491] R'[9041],false,true,8048,1008,7040,9041,15,15,16,2.13,F2L Slot 2,F' U F,F'[9688] U[9775] F[9984],false,true,943,647,296,9984,3,3,3,10.14,F2L Slot 3,U2' F U F' U F U' F',U2'[11383] F[11537] U[11649] F'[11825] U[12012] F[12184] U'[12306] F'[12438],false,true,2454,1553,901,12438,8,8,9,8.88,F2L Slot 4,U' L U' L' U B' U' B,U'[13739] L[14290] U'[14431] L'[14549] U[14619] B'[14944] U'[15036] B[15109],false,true,2671,1852,819,15109,8,8,8,9.77,OLL,L U F U' F' L',L[15838] U[16036] F[16138] U'[16204] F'[16281] L'[16423],false,true,1314,729,585,16423,6,6,6,10.26,PLL,U U' B U B' R2 D' F U' F' U F' D R2 U2',U[17101] U'[17354] B[17926] U[18009] B'[18078] R2[18587] D'[18856] F[18922] U'[19038] F'[19134] U[19170] F'[19248] D[19451] R2[19692] U2'[19863],false,true,3440,1503,1937,19863,15,15,18,7.74,,,,,,,,,,,,,,,,,,,,,,,,,,,,21,BR->FR 5,"[BL,BR]->FR 7",18,44,Gd,,
7942d17a-830a-41cd-a5e2-4b63249ce66a,2023-09-09 01:40:44 UTC,false,18752,CFOP,Gan Smart Cube,Gan i Carry,Gan 356i,Jacob Pfeifer,false,false,8294,18752,,B[0] U'[143] L'[373] L'[618] B[1022] R[1232] B'[1481] F[3647] R'[4173] F'[4330] R[4480] F'[4829] R'[5094] F[5334] R[5792] F[6425] R[6662] F'[6926] R'[7209] F[7446] F[8008] D'[8278] F'[8471] D[8711] F[8906] L[9287] F[9437] L'[9661] F[9773] U'[10746] F'[10979] U[11056] F'[11569] F'[11813] D[11911] F[12091] D'[12244] F[12418] F[12554] D[12686] F'[12782] D'[12912] F[13617] D'[13826] F'[13919] L[14061] F[14210] D[14410] F'[14822] D'[15041] L'[15172] D[15227] F'[16463] F'[16733] D'[17184] F[17234] U'[17433] F[17735] F[17803] D[17887] F'[17973] D'[18114] F[18178] F[18237] D[18336] U[18406] F[18705] F[18752],cube,,Playground,custom_rules,U' L' D F' L F' B' U' R B2 R2 B2 R2 U R2 U2 F2 U' R2 U F2,random_state,custom_rules,,,,8,FU,0,0,18752,60,60,68,3.2,7864,10888,"",0,Cross,x D B' L2' D R D',x[0] D[0] B'[143] L2'[618] D[1022] R[1232] D'[1481],false,true,1481,0,1481,1481,6,6,7,4.05,F2L Slot 1,U R' U' R U' R' U R,U[3647] R'[4173] U'[4330] R[4480] U'[4829] R'[5094] U[5334] R[5792],false,true,4311,2692,1619,5792,8,8,8,4.94,F2L Slot 2,U R U' R' U2 F' U' F,U[6425] R[6662] U'[6926] R'[7209] U2[8008] F'[8278] U'[8471] F[8711],false,true,2919,870,2049,8711,8,8,9,3.9,F2L Slot 3,U L U L' U B' U' B,U[8906] L[9287] U[9437] L'[9661] U[9773] B'[10746] U'[10979] B[11056],false,true,2345,576,1769,11056,8,8,8,4.52,F2L Slot 4,U2' F U F' U2 F U' F',U2'[11813] F[11911] U[12091] F'[12244] U2[12554] F[12686] U'[12782] F'[12912],false,true,1856,855,1001,12912,8,8,10,7.99,OLL,U F' U' L U F U' F' L' F,U[13617] F'[13826] U'[13919] L[14061] U[14210] F[14410] U'[14822] F'[15041] L'[15172] F[15227],false,true,2315,914,1401,15227,10,10,10,7.14,PLL,U2' F' U B' U2 F U' F' U2 F B U2,U2'[16733] F'[17184] U[17234] B'[17433] U2[17803] F[17887] U'[17973] F'[18114] U2[18237] F[18336] B[18406] U2[18752],false,true,3525,1957,1568,18752,12,12,16,7.65,,,,,,,,,,,,,,,,,,,,,,,,,,,,16,BR->FR 23,"[FL,BL]->FR 42",15,31,Ja,,
d043ee67-298f-4ff5-ad9b-9cb46ac6ce5e,2023-09-09 01:42:35 UTC,false,17613,CFOP,Gan Smart Cube,Gan i Carry,Gan 356i,Jacob Pfeifer,false,false,8118,17613,,U[0] L[154] F'[443] B[882] B[1036] D[1381] B[1623] D[1894] B[3128] U[3535] B'[3678] U'[3913] F'[4093] U[4170] F[4337] B'[5473] U[5554] B[5917] B[6302] U[6421] B'[6596] L'[7348] U[7459] L[7682] U'[8479] B'[8940] U[9086] B[9322] U[9828] U[10011] B[10161] U'[10258] B'[10358] U'[10455] B[10517] U'[10657] B'[10763] U[10807] B[10906] U'[11323] B'[11654] U'[12341] B[12497] B[12582] D[12678] B'[12915] U[13003] U[13078] B[13138] D'[13325] B'[13516] U[13573] U[13628] B'[13731] U[14225] U[14581] B[15026] U'[15410] B[15525] U[15754] B[15965] U[16091] B[16270] U'[16722] B'[16893] U'[17005] B[17117] B[17166] U'[17613],cube,,Playground,custom_rules,B2 U' L' F2 R U' F2 R2 B' R2 F2 R2 B2 U' L2 F2 U' R2 B2 U L2 U,random_state,custom_rules,,,,8,UF,0,0,17613,61,61,69,3.46,6690,10923,"",0,Cross,U L F' B2 D B D,U[0] L[154] F'[443] B2[1036] D[1381] B[1623] D[1894],false,true,1894,0,1894,1894,7,7,8,3.7,F2L Slot 1,B U B' U' F' U F,B[3128] U[3535] B'[3678] U'[3913] F'[4093] U[4170] F[4337],false,true,2443,1234,1209,4337,7,7,7,5.79,F2L Slot 2,B' U B2 U B' L' U L,B'[5473] U[5554] B2[6302] U[6421] B'[6596] L'[7348] U[7459] L[7682],false,true,3345,1136,2209,7682,8,8,9,3.62,F2L Slot 3,U' B' U B,U'[8479] B'[8940] U[9086] B[9322],false,true,1640,1258,382,9322,4,4,4,10.47,F2L Slot 4,U2 B U' B' U' B U' B' U B U' B',U2[10011] B[10161] U'[10258] B'[10358] U'[10455] B[10517] U'[10657] B'[10763] U[10807] B[10906] U'[11323] B'[11654],false,true,2332,839,1493,11654,12,12,13,8.04,OLL,U' B2 D B' U2 B D' B' U2 B',U'[12341] B2[12582] D[12678] B'[12915] U2[13078] B[13138] D'[13325] B'[13516] U2[13628] B'[13731],false,true,2077,928,1149,13731,10,10,13,8.7,PLL,U2 B U' B U B U B U' B' U' B2 U',U2[14581] B[15026] U'[15410] B[15525] U[15754] B[15965] U[16091] B[16270] U'[16722] B'[16893] U'[17005] B2[17166] U'[17613],false,true,3882,1295,2587,17613,13,13,15,5.03,,,,,,,,,,,,,,,,,,,,,,,,,,,,36,BR->FR 108,"[BL,BR]->FR 5",1,23,Ua,,
3dfb0e81-1f36-48cf-a665-21a85875032b,2023-09-09 01:41:54 UTC,false,15295,CFOP,Gan Smart Cube,Gan i Carry,Gan 356i,Jacob Pfeifer,false,false,39860,15295,,R[0] U[291] B[560] L'[938] L'[1083] B[1263] R[1590] R[1689] F'[2052] F'[2344] R'[2970] B[3090] R[3236] U'[3831] B'[3983] U[4135] D'[5271] B[5404] D[5584] U[6789] B[6912] B[7021] U'[7316] B[7460] D[7701] B[7931] D'[8196] B'[8923] B[9252] L'[9536] B'[9633] L[9707] B'[10508] B'[10792] L'[11411] B'[11597] L[11713] B'[11865] L'[12011] B[12086] B[12161] L[12243] D[12768] L[12905] B[13054] L'[13130] B'[13188] D'[13331] B[13869] L[14060] B[14180] L'[14278] D'[14359] L[14435] B[14569] L'[14619] B'[14708] L'[14915] D[14957] L[15023] L[15067] B'[15117] L'[15202] B'[15295],cube,,Playground,custom_rules,U2 L' D2 F2 R' D' F R D L' U L2 U L2 D' F2 L2 B2 U2 R2 U2 L2,random_state,custom_rules,,,,8,BU,0,0,15295,57,57,64,3.73,6740,8555,"",0,Cross,x' R F U L2' U R2 D2',x'[0] R[0] F[291] U[560] L2'[1083] U[1263] R2[1689] D2'[2344],false,true,2344,0,2344,2344,7,7,10,2.99,F2L Slot 1,R' U R F' U' F,R'[2970] U[3090] R[3236] F'[3831] U'[3983] F[4135],false,true,1791,626,1165,4135,6,6,6,5.15,F2L Slot 2,B' U B,B'[5271] U[5404] B[5584],false,true,1449,1136,313,5584,3,3,3,9.58,F2L Slot 3,F U2 F' U B U B',F[6789] U2[7021] F'[7316] U[7460] B[7701] U[7931] B'[8196],false,true,2612,1205,1407,8196,7,7,8,4.98,F2L Slot 4,U' U L' U' L,U'[8923] U[9252] L'[9536] U'[9633] L[9707],false,true,1511,1340,171,9707,5,5,5,29.24,OLL,U2' L' U' L U' L' U2 L B L U L' U' B',U2'[10792] L'[11411] U'[11597] L[11713] U'[11865] L'[12011] U2[12161] L[12243] B[12768] L[12905] U[13054] L'[13130] U'[13188] B'[13331],false,true,3624,1704,1920,13331,14,14,16,7.29,PLL,U L U L' B' L U L' U' L' B L2 U' L' U',U[13869] L[14060] U[14180] L'[14278] B'[14359] L[14435] U[14569] L'[14619] U'[14708] L'[14915] B[14957] L2[15067] U'[15117] L'[15202] U'[15295],false,true,1964,729,1235,15295,15,15,16,12.15,,,,,,,,,,,,,,,,,,,,,,,,,,,,6,BL->FR 5,"[FL,BR]->FR 19",12,42,Jb,,
2beae412-ebe5-4a0f-b18e-870ec50d9ef2,2023-09-09 01:43:21 UTC,false,17406,CFOP,Gan Smart Cube,Gan i Carry,Gan 356i,Jacob Pfeifer,false,false,11324,17406,,L[0] U'[295] D[671] L'[820] D'[977] F'[1450] B'[3102] R'[3609] B'[3782] R[3919] R[4128] B[4417] R'[4756] L[5665] B[5851] L'[6052] B'[6430] D[7042] B'[7212] D'[7433] B'[8156] U'[8313] L[8364] U[8446] L'[8688] U[8815] B'[8970] U'[9195] B[10333] L[10751] B'[10860] L'[10982] B[11027] L[11110] B[11236] L'[11352] B[12120] U[12516] B[12695] R[12823] B'[12887] R'[12978] U'[13196] B[13334] D[13708] L[13842] B[13972] L'[14034] B'[14106] D'[14271] B[14744] B'[15303] L'[15532] B[15912] R'[16085] B[16358] B[16481] L[16558] B'[16657] L'[16807] B[16901] B[16971] L[17057] R[17136] B[17406],cube,,Playground,custom_rules,L' F B' L D L B' D' B' L2 U' R2 U' R2 F2 R2 F2 U' B2 R2 U' R2,random_state,custom_rules,,,,8,BU,0,0,17406,62,62,65,3.56,7929,9477,"",0,Cross,x' L F' B L' B' D',x'[0] L[0] F'[295] B[671] L'[820] B'[977] D'[1450],false,true,1450,0,1450,1450,6,6,6,4.14,F2L Slot 1,U' R' U' R2 U R',U'[3102] R'[3609] U'[3782] R2[4128] U[4417] R'[4756],false,true,3306,2159,1147,4756,6,6,7,5.23,F2L Slot 2,L U L' U' B U' B',L[5665] U[5851] L'[6052] U'[6430] B[7042] U'[7212] B'[7433],false,true,2677,909,1768,7433,7,7,7,3.96,F2L Slot 3,U' F' L F L' F U' F',U'[8156] F'[8313] L[8364] F[8446] L'[8688] F[8815] U'[8970] F'[9195],false,true,1762,880,882,9195,8,8,8,9.07,F2L Slot 4,U L U' L' U L U L',U[10333] L[10751] U'[10860] L'[10982] U[11027] L[11110] U[11236] L'[11352],false,true,2157,1556,601,11352,8,8,8,13.31,OLL,U F U R U' R' F' U B L U L' U' B',U[12120] F[12516] U[12695] R[12823] U'[12887] R'[12978] F'[13196] U[13334] B[13708] L[13842] U[13972] L'[14034] U'[14106] B'[14271],false,true,2919,1164,1755,14271,14,14,14,7.98,PLL,U U' L' U R' U2 L U' L' U2 L R U,U[14744] U'[15303] L'[15532] U[15912] R'[16085] U2[16481] L[16558] U'[16657] L'[16807] U2[16971] L[17057] R[17136] U[17406],false,true,3135,1261,1874,17406,13,13,15,6.94,,,,,,,,,,,,,,,,,,,,,,,,,,,,80,FL->FR 15,"[BL,BR]->FR 40",20,4,Ja,,
d1a73671-08c2-419d-8634-3c6678663130,2023-09-09 01:45:11 UTC,false,18574,CFOP,Gan Smart Cube,Gan i Carry,Gan 356i,Jacob Pfeifer,false,false,8978,18574,,D'[0] L[75] D[222] B[1480] U'[1771] B[2207] B'[2599] B'[2844] U'[3385] F[3468] F[3593] U[3736] F[3930] U'[4151] F'[4462] U[4804] D[5796] F'[5950] D'[6094] F[6186] L'[6919] F'[7352] L[7505] R'[8768] F[8826] R[8968] F'[9143] R[9304] F'[9454] R'[9592] F[9665] R[9813] F'[9936] R'[10073] F[10708] F'[11488] U[11861] F[11977] F[12048] U'[12176] F[12495] F[12579] F'[12850] U'[13028] R[13087] U[13161] R'[13672] F'[14126] F[14696] F[14805] R'[15111] D[15383] R[15473] U'[15578] R'[15737] D'[15922] R[15970] U[16084] F'[17133] U[17282] F[17382] U'[17476] F'[17566] U'[17818] R[17855] U[17919] U[17970] F'[18016] U'[18117] F'[18194] U[18287] F[18383] U'[18443] R'[18513] F'[18574],cube,,Playground,custom_rules,D2 F R' D L2 U R2 U2 B L' U' D2 F2 R2 D2 F2 L2 D B2 D,random_state,custom_rules,,,,8,FU,0,0,18574,69,69,75,3.71,7221,11353,"",0,Cross,x F' L F D B' D D2',x[0] F'[0] L[75] F[222] D[1480] B'[1771] D[2207] D2'[2844],false,true,2844,0,2844,2844,7,7,8,2.46,F2L Slot 1,B' U2 B U B' U' B,B'[3385] U2[3593] B[3736] U[3930] B'[4151] U'[4462] B[4804],false,true,1960,541,1419,4804,7,7,8,4.93,F2L Slot 2,F U' F' U L' U' L,F[5796] U'[5950] F'[6094] U[6186] L'[6919] U'[7352] L[7505],false,true,2701,992,1709,7505,7,7,7,4.1,F2L Slot 3,R' U R U' R U' R' U R U' R',R'[8768] U[8826] R[8968] U'[9143] R[9304] U'[9454] R'[9592] U[9665] R[9813] U'[9936] R'[10073],false,true,2568,1263,1305,10073,11,11,11,8.43,F2L Slot 4,U U' B U2 B' U2 U' B' R B R',U[10708] U'[11488] B[11861] U2[12048] B'[12176] U2[12579] U'[12850] B'[13028] R[13087] B[13161] R'[13672],false,true,3599,1788,1811,13672,11,11,13,6.07,OLL,U' U2 R' F R B' R' F' R B,U'[14126] U2[14805] R'[15111] F[15383] R[15473] B'[15578] R'[15737] F'[15922] R[15970] B[16084],false,true,2412,1439,973,16084,10,10,11,10.28,PLL,U' B U B' U' B' R B2 U' B' U' B U B' R' U',U'[17133] B[17282] U[17382] B'[17476] U'[17566] B'[17818] R[17855] B2[17970] U'[18016] B'[18117] U'[18194] B[18287] U[18383] B'[18443] R'[18513] U'[18574],false,true,2490,1198,1292,18574,16,16,17,12.38,,,,,,,,,,,,,,,,,,,,,,,,,,,,4,FL->FR 18,"[FL,BL]->FR 62",9,25,T,,
facec64b-e819-4d60-a6f0-e2bc36d8df60,2023-09-09 01:47:11 UTC,false,21654,CFOP,Gan Smart Cube,Gan i Carry,Gan 356i,Jacob Pfeifer,false,false,5886,21654,,R'[0] F'[270] L'[607] F'[1203] U[1408] L'[1609] U[1970] D[3565] D[3862] D[4170] R'[4928] D'[5337] R[5410] D'[5639] R'[5884] D[6073] R[6340] D'[7862] B[8224] D'[8414] B'[8622] D[8737] R[9244] D'[9463] R'[9622] D'[10891] D'[11204] B[11674] D[11804] B'[11971] D[12298] B[12435] D'[12579] B'[12711] D[13117] L[13242] D'[13331] L'[13442] D'[13534] L[13611] D'[13742] L'[13842] D[13886] L[13967] D'[14028] L'[14113] L[15310] D[15734] D[15858] L'[16003] L'[16275] F[16315] L[16404] F'[16611] D[16876] D[16944] L'[17055] F[17123] L[17205] F'[17561] R[19264] L'[19272] R[19337] L'[19353] U'[19438] R[19572] L'[19581] B'[19736] B[19953] R[20120] L'[20152] D'[20322] R[20585] L'[20596] F'[20840] F'[20948] R[21091] L'[21100] R[21181] L'[21193] B'[21301] B'[21412] L'[21521] R[21521] D'[21654],cube,,Playground,custom_rules,L' U D B' D B' R F U' R U F2 U2 R2 D R2 U F2 L2 B2 R2 F2,random_state,custom_rules,,,,8,DB,0,0,21654,67,73,85,3.09,10414,11240,"",0,Cross,z2 L' F' R' F' D R' D,z2[0] L'[0] F'[270] R'[607] F'[1203] D[1408] R'[1609] D[1970],false,true,1970,0,1970,1970,7,7,7,3.55,F2L Slot 1,U3 L' U' L U' L' U L,U3[4170] L'[4928] U'[5337] L[5410] U'[5639] L'[5884] U[6073] L[6340],false,true,4370,2958,1412,6340,8,8,10,5.67,F2L Slot 2,U' B U' B' U L U' L',U'[7862] B[8224] U'[8414] B'[8622] U[8737] L[9244] U'[9463] L'[9622],false,true,3282,1884,1398,9622,8,8,8,5.72,F2L Slot 3,U2' B U B' U B U' B',U2'[11204] B[11674] U[11804] B'[11971] U[12298] B[12435] U'[12579] B'[12711],false,true,3089,2052,1037,12711,8,8,9,7.71,F2L Slot 4,U R U' R' U' R U' R' U R U' R',U[13117] R[13242] U'[13331] R'[13442] U'[13534] R[13611] U'[13742] R'[13842] U[13886] R[13967] U'[14028] R'[14113],false,true,1402,531,871,14113,12,12,12,13.78,OLL,R U2 R2' F R F' U2 R' F R F',R[15310] U2[15858] R2'[16275] F[16315] R[16404] F'[16611] U2[16944] R'[17055] F[17123] R[17205] F'[17561],false,true,3448,1197,2251,17561,11,11,14,4.89,PLL,M2' U' M' U' U M' U' M' U2' M2' U2' M' U',M2'[19353] U'[19438] M'[19581] U'[19736] U[19953] M'[20152] U'[20322] M'[20596] U2'[20948] M2'[21193] U2'[21412] M'[21521] U'[21654],false,true,4093,1792,2301,21654,13,19,25,5.65,,,,,,,,,,,,,,,,,,,,,,,,,,,,16,BR->FR 96,"[BL,BR]->FR 7",1,1,Z,,
b4a48722-fc79-4830-8560-b6d43df2b50c,2023-09-09 01:49:17 UTC,false,16638,CFOP,Gan Smart Cube,Gan i Carry,Gan 356i,Jacob Pfeifer,false,false,4947,16638,,F'[0] F'[241] D'[500] R'[657] B[708] R[828] F[1267] L'[1384] F'[1536] U'[1756] U'[2003] B[3133] D[3458] D[3539] B'[3819] D[3940] B[4087] D'[4239] B'[4594] D'[4998] D'[6217] B'[6585] D[6674] B[6802] D[7088] R'[7519] D[7768] R[7981] D'[8135] F'[8749] D[8826] F[9019] D'[10424] R[10577] D'[10712] R'[10828] D[10985] D[11116] R[11225] D'[11321] R'[11422] D[12118] D[12338] L'[12815] F[12882] F[12958] R[13198] F[13314] R'[13369] F[13407] L[13593] B[14646] R[15068] D'[15141] R'[15251] D'[15348] R[15411] D[15499] R'[15587] B'[15649] R[15740] D[15857] R'[15917] D'[16014] R'[16236] B[16352] R[16485] B'[16638],cube,,Playground,custom_rules,L2 F D' R' L' F D B U2 B U D' R2 U L2 D' F2 U2 L2 B2 U2 R2,random_state,custom_rules,,,,8,DB,0,0,16638,62,62,68,3.73,7893,8504,"",0,Cross,z2 F2' U' L' B L F R' F' D2',z2[120] F2'[241] U'[500] L'[657] B[708] L[828] F[1267] R'[1384] F'[1536] D2'[2003],false,true,1762,0,1762,2003,9,9,11,5.11,F2L Slot 1,B U2 B' U B U' B',B[3133] U2[3539] B'[3819] U[3940] B[4087] U'[4239] B'[4594],false,true,2591,1130,1461,4594,7,7,8,4.79,F2L Slot 2,U' U' B' U B U L' U L,U'[4998] U'[6217] B'[6585] U[6674] B[6802] U[7088] L'[7519] U[7768] L[7981],false,true,3387,1991,1396,7981,9,9,9,6.45,F2L Slot 3,U' F' U F,U'[8135] F'[8749] U[8826] F[9019],false,true,1038,768,270,9019,4,4,4,14.81,F2L Slot 4,U' L U' L' U2 L U' L',U'[10424] L[10577] U'[10712] L'[10828] U2[11116] L[11225] U'[11321] L'[11422],false,true,2403,1558,845,11422,8,8,9,9.47,OLL,U2 R' F2 L F L' F R,U2[12338] R'[12815] F2[12958] L[13198] F[13314] L'[13369] F[13407] R[13593],false,true,2171,1393,778,13593,8,8,10,10.28,PLL,B L U' L' U' L U L' B' L U L' U' L' B L B',B[14646] L[15068] U'[15141] L'[15251] U'[15348] L[15411] U[15499] L'[15587] B'[15649] L[15740] U[15857] L'[15917] U'[16014] L'[16236] B[16352] L[16485] B'[16638],false,true,3045,1053,1992,16638,17,17,17,8.53,,,,,,,,,,,,,,,,,,,,,,,,,,,,13,BL->FR 95,"[FL,BR]->FR 5",33,5,Y,,
58051726-ae57-457a-a311-331dc8254b89,2023-09-09 01:51:04 UTC,false,15584,CFOP,Gan Smart Cube,Gan i Carry,Gan 356i,Jacob Pfeifer,false,false,5917,15584,,U[0] R[148] B[965] L'[1336] L'[1515] F[1857] L'[2412] F'[2641] B[3600] D'[4187] B'[4582] D[4670] B[4915] R[5323] B[5530] R'[5724] B'[5976] B'[6467] D'[6693] B[6772] D[6951] B'[7675] B[8018] D[8294] B[8499] D'[8668] L'[10378] B[10438] L[10640] B'[10772] L'[10875] B'[11066] L[11144] B'[11953] B'[12208] R[12615] R'[12822] R'[13188] B'[13256] R[13366] B'[13483] R'[13598] B[13656] B[13717] R[13784] U[14096] R[14259] B[14389] R'[14430] B'[14521] U'[14676] B[15169] B'[15316] B'[15584],cube,,Playground,custom_rules,U B2 R' D' R B R D F U2 L U R2 D R2 B2 U B2 U2 F2,random_state,custom_rules,,,,8,BU,0,0,15584,48,48,54,3.08,7532,8052,"",1,Cross,x' F R U L2' D L' D',x'[0] F[0] R[148] U[965] L2'[1515] D[1857] L'[2412] D'[2641],false,true,2641,0,2641,2641,7,7,8,2.65,F2L Slot 1,U B' U' B U R U R',U[3600] B'[4187] U'[4582] B[4670] U[4915] R[5323] U[5530] R'[5724],false,true,3083,1546,1537,5724,8,8,8,5.2,F2L Slot 2,U2' B' U B,U2'[6467] B'[6693] U[6772] B[6951],false,true,1227,969,258,6951,4,4,5,15.5,F2L Slot 3,U' U B U B',U'[7675] U[8018] B[8294] U[8499] B'[8668],false,true,1717,1343,374,8668,5,5,5,13.37,F2L Slot 4,L' U L U' L' U' L,L'[10378] U[10438] L[10640] U'[10772] L'[10875] U'[11066] L[11144],false,true,2476,1710,766,11144,7,7,7,9.14,OLL,U2' R R2' U' R U' R' U2 R F R U R' U' F',U2'[12208] R[12615] R2'[13188] U'[13256] R[13366] U'[13483] R'[13598] U2[13717] R[13784] F[14096] R[14259] U[14389] R'[14430] U'[14521] F'[14676],false,true,3532,1471,2061,14676,15,15,18,7.28,PLL,U U2',U[15169] U2'[15584],true,true,908,493,415,15584,2,2,3,4.82,,,,,,,,,,,,,,,,,,,,,,,,,,,,113,BL->FR 5,"[FL,BR]->FR 14",6,42,Solved,,
81480999-3848-4431-9d2b-0ff5c505c3b0,2023-09-09 01:52:32 UTC,false,17652,CFOP,Gan Smart Cube,Gan i Carry,Gan 356i,Jacob Pfeifer,false,false,10560,17652,,B'[0] R[90] B[249] B[374] L'[879] D'[1254] U'[2256] B'[2439] U'[2665] B[2938] U'[3239] R'[3778] U[3857] R[4048] U[5295] R[5584] U[5850] R'[5999] L[6433] U'[6695] L'[6838] R[9092] U[9247] R'[9392] U'[9570] L'[9745] U'[9969] L[10055] U'[10731] R[10852] U[10944] U[11004] R'[11290] U[11649] R'[11797] R[12049] U[12251] R[12379] U'[12463] R'[12546] U'[13059] R[13176] R[13241] D[13326] R'[13463] U[13582] U[13673] R[14052] D'[14304] R'[14782] U[14840] U[14912] R'[15014] U[15769] F[16106] R[16239] U'[16303] R'[16415] U'[16514] R[16577] U[16662] R'[16729] F'[16815] R[16884] U[17029] R'[17074] U'[17149] R'[17341] F[17377] R[17473] F'[17652],cube,,Playground,custom_rules,L F L D' R2 L2 D2 B L U F2 B2 U' R2 U' B2 U2 R2 D R2 D B2,random_state,custom_rules,,,,8,UF,0,0,17652,66,66,71,3.74,7559,10093,"",0,Cross,B' R B2 L' D',B'[0] R[90] B2[374] L'[879] D'[1254],false,true,1254,0,1254,1254,5,5,6,3.99,F2L Slot 1,U' B' U' B U' R' U R,U'[2256] B'[2439] U'[2665] B[2938] U'[3239] R'[3778] U[3857] R[4048],false,true,2794,1185,1609,4048,8,8,8,4.97,F2L Slot 2,U R U R' L U' L',U[5295] R[5584] U[5850] R'[5999] L[6433] U'[6695] L'[6838],false,true,2790,1536,1254,6838,7,7,7,5.58,F2L Slot 3,R U R' U' L' U' L,R[9092] U[9247] R'[9392] U'[9570] L'[9745] U'[9969] L[10055],false,true,3217,2254,963,10055,7,7,7,7.27,F2L Slot 4,U' R U2 R' U R' R U R U' R',U'[10731] R[10852] U2[11004] R'[11290] U[11649] R'[11797] R[12049] U[12251] R[12379] U'[12463] R'[12546],false,true,2491,797,1694,12546,11,11,12,6.49,OLL,U' R2 D R' U2 R D' R' U2 R',U'[13059] R2[13241] D[13326] R'[13463] U2[13673] R[14052] D'[14304] R'[14782] U2[14912] R'[15014],false,true,2468,695,1773,15014,10,10,13,5.64,PLL,U F R U' R' U' R U R' F' R U R' U' R' F R F',U[15769] F[16106] R[16239] U'[16303] R'[16415] U'[16514] R[16577] U[16662] R'[16729] F'[16815] R[16884] U[17029] R'[17074] U'[17149] R'[17341] F[17377] R[17473] F'[17652],false,true,2638,1092,1546,17652,18,18,18,11.64,,,,,,,,,,,,,,,,,,,,,,,,,,,,11,FL->FR 15,"[FL,BL]->FR 18",9,23,Y,,
97e3b685-28bb-47d8-89a7-fe056c4d568a,2023-09-09 01:56:11 UTC,false,24850,CFOP,Gan Smart Cube,Gan i Carry,Gan 356i,Jacob Pfeifer,false,false,29170,24850,,D[0] F[159] L'[485] B'[919] R'[1541] D[1835] B[2239] B[2316] U'[2829] U'[3224] D[4262] D'[4775] L'[5648] D[5768] D[5881] L[6155] D[6402] D[6513] L'[6887] D[7036] L[7462] D'[7990] L[8347] D[8867] L'[9028] D'[9221] L[9330] D[9473] L'[9668] D[10610] R[11060] D[11241] R'[11436] F'[14442] D[14537] F[14703] D[14927] D[15022] F[15296] D'[15492] F'[15646] D'[17708] D'[18074] F'[18184] D[18293] F[18451] D[18925] L[19036] D'[19101] L'[19209] R[20108] F[20192] F[20269] L'[20366] F'[20452] L[20541] F'[20670] R'[20799] D[21633] D'[21826] D'[22490] L'[22683] F[22788] L'[22988] B[23124] B[23284] L[23464] F'[23590] L'[23708] B[23863] B[23997] L[24157] L[24221] D[24850],cube,,Playground,custom_rules,U D R' B L F U D R F2 D' B2 U F2 U' F2 L2 B2 U B2 L2 U',random_state,custom_rules,,,,8,DB,0,0,24850,63,63,74,2.54,11636,13214,"",0,Cross,z2 U F R' B' L' U B2 D2',z2[0] U[0] F[159] R'[485] B'[919] L'[1541] U[1835] B2[2316] D2'[3224],false,true,3224,0,3224,3224,8,8,10,2.48,F2L Slot 1,U U' R' U2 R U2 R' U R,U[4262] U'[4775] R'[5648] U2[5881] R[6155] U2[6513] R'[6887] U[7036] R[7462],false,true,4238,2424,1814,7462,9,9,11,4.96,F2L Slot 2,U' R U R' U' R U R' U L U L',U'[7990] R[8347] U[8867] R'[9028] U'[9221] R[9330] U[9473] R'[9668] U[10610] L[11060] U[11241] L'[11436],false,true,3974,885,3089,11436,12,12,12,3.88,F2L Slot 3,F' U F U2 F U' F',F'[14442] U[14537] F[14703] U2[15022] F[15296] U'[15492] F'[15646],false,true,4210,3006,1204,15646,7,7,8,5.81,F2L Slot 4,U2' F' U F U R U' R',U2'[18074] F'[18184] U[18293] F[18451] U[18925] R[19036] U'[19101] R'[19209],false,true,3563,2538,1025,19209,8,8,9,7.8,OLL,L F2 R' F' R F' L',L[20108] F2[20269] R'[20366] F'[20452] R[20541] F'[20670] L'[20799],false,true,1590,899,691,20799,7,7,8,10.13,PLL,U U2' R' F R' B2 R F' R' B2 R2 U,U[21633] U2'[22490] R'[22683] F[22788] R'[22988] B2[23284] R[23464] F'[23590] R'[23708] B2[23997] R2[24221] U[24850],false,true,4051,1884,2167,24850,12,12,16,5.54,,,,,,,,,,,,,,,,,,,,,,,,,,,,17,FL->FR 91,"[FL,BL]->FR 31",25,6,Aa,,
88b390fd-edbe-4fa1-9248-90736764ff14,2023-09-09 01:58:22 UTC,false,19325,CFOP,Gan Smart Cube,Gan i Carry,Gan 356i,Jacob Pfeifer,false,false,11002,19325,,D'[0] F'[116] R[209] F[330] U'[695] L'[1478] U'[1928] R'[2349] D'[3190] D'[3420] R[3547] D[3664] R'[3832] B[4265] D[4454] B'[4719] B'[6011] D[6061] B[6184] D[6515] B'[6696] D[6787] B[6886] D[7160] D[7256] R'[7733] D[7856] R[8140] D'[8720] R[9062] D[9185] R'[9307] D'[9491] R[9546] D[9676] R'[9840] D'[9990] R[10079] D[10196] R'[10368] D'[10871] D'[11111] L[11225] D[11325] D[11391] L'[11488] D[11795] D[11870] L[11939] D'[12031] L'[12115] R'[13503] L[13649] B[13781] L[13944] B[14050] L'[14126] B'[14217] L'[14433] D[14458] L[14543] D'[14726] R[14907] L'[14950] L[16367] L[16425] U[16666] B'[16779] D[17016] B'[17099] D'[17190] B[17280] U'[17673] L[17760] L[17846] F'[18314] D[18373] F[18490] D[18613] D[19249] D[19325],cube,,Playground,custom_rules,U' F R' U2 F2 B' U D2 R F2 U2 R2 U' L2 U' L2 F2 U' B2 U L2 D,random_state,custom_rules,,,,8,DB,0,0,19325,70,72,81,3.62,7278,12047,"",0,Cross,z2 U' F' L F D' R' D' L',z2[0] U'[0] F'[116] L[209] F[330] D'[695] R'[1478] D'[1928] L'[2349],false,true,2349,0,2349,2349,8,8,8,3.41,F2L Slot 1,U2' L U L' B U B',U2'[3420] L[3547] U[3664] L'[3832] B[4265] U[4454] B'[4719],false,true,2370,1198,1172,4719,7,7,8,5.97,F2L Slot 2,B' U B U B' U B U2 L' U L,B'[6011] U[6061] B[6184] U[6515] B'[6696] U[6787] B[6886] U2[7256] L'[7733] U[7856] L[8140],false,true,3421,1292,2129,8140,11,11,12,5.17,F2L Slot 3,U' L U L' U' L U L' U' L U L',U'[8720] L[9062] U[9185] L'[9307] U'[9491] L[9546] U[9676] L'[9840] U'[9990] L[10079] U[10196] L'[10368],false,true,2228,922,1306,10368,12,12,12,9.19,F2L Slot 4,U2' R U2 R' U2 R U' R',U2'[11111] R[11225] U2[11391] R'[11488] U2[11870] R[11939] U'[12031] R'[12115],false,true,1747,857,890,12115,8,8,11,8.99,OLL,M U R U R' U' R' F R F' M',M[13649] U[13781] R[13944] U[14050] R'[14126] U'[14217] R'[14433] F[14458] R[14543] F'[14726] M'[14950],false,true,2835,1534,1301,14950,11,13,13,8.46,PLL,R2 D B' U B' U' B D' R2 F' U F U3,R2[16425] D[16666] B'[16779] U[17016] B'[17099] U'[17190] B[17280] D'[17673] R2[17846] F'[18314] U[18373] F[18490] U3[19325],false,true,4375,1475,2900,19325,13,13,17,4.48,,,,,,,,,,,,,,,,,,,,,,,,,,,,33,BL->FR 22,"[FL,BR]->FR 37",9,29,Ga,,
a05e5133-de58-4fbf-b6be-ce6ff65f831a,2023-09-09 01:44:29 UTC,false,20239,CFOP,Gan Smart Cube,Gan i Carry,Gan 356i,Jacob Pfeifer,false,false,25309,20239,,D'[0] F[46] D'[234] F[487] U'[822] U'[899] F[1196] F[1280] R'[1644] R'[1770] F[2524] L[2762] F[2916] F[3001] L'[3118] F'[3247] F'[3505] D[3938] F[4058] D'[4237] U'[7494] F'[7668] U[7771] F'[9145] U[9337] F[9506] F[9572] U'[9665] F[9951] U[10069] F'[10155] U'[10247] F[11549] F[11621] R[11747] F'[11827] R'[11925] F'[12070] F[12513] F'[12891] D'[13022] F[13152] D[13200] F[14598] F[14807] L[15207] F[15499] D[15727] F'[15821] D'[15913] L'[16099] F'[16261] R[16401] U[16536] F[16711] U'[16864] F'[16938] R'[17135] F[17785] D[18278] U'[18288] D[18346] U'[18360] B'[18447] U'[18595] D[18595] D[18643] U'[18651] F'[18755] D[18886] U'[18895] R'[19040] R'[19163] U'[19332] D[19333] D[19390] U'[19406] L'[19549] L'[19650] D[19785] U'[19794] F'[19998] F'[20239],cube,,Playground,custom_rules,U D2 B2 R2 B' L2 U2 R B R U2 L2 F2 U R2 D L2 U' B2 R2 D B2,random_state,custom_rules,,,,8,FU,0,0,20239,61,66,83,3.01,10547,9692,"",0,Cross,x F' U F' U B2' U2 R2',x[0] F'[0] U[46] F'[234] U[487] B2'[899] U2[1280] R2'[1770],false,true,1770,0,1770,1770,7,7,10,3.95,F2L Slot 1,U L U2 L' U2' F U F',U[2524] L[2762] U2[3001] L'[3118] U2'[3505] F[3938] U[4058] F'[4237],false,true,2467,992,1475,4237,8,8,10,5.42,F2L Slot 2,B' U' B,B'[7494] U'[7668] B[7771],false,true,3534,3257,277,7771,3,3,3,10.83,F2L Slot 3,U' B U2 B' U B U' B',U'[9145] B[9337] U2[9572] B'[9665] U[9951] B[10069] U'[10155] B'[10247],false,true,2476,1566,910,10247,8,8,9,8.79,F2L Slot 4,U2 R U' R' U' U U' F' U F,U2[11621] R[11747] U'[11827] R'[11925] U'[12070] U[12513] U'[12891] F'[13022] U[13152] F[13200],false,true,2953,1500,1453,13200,10,10,11,6.88,OLL,U2 L U F U' F' L' U' R B U B' U' R',U2[14807] L[15207] U[15499] F[15727] U'[15821] F'[15913] L'[16099] U'[16261] R[16401] B[16536] U[16711] B'[16864] U'[16938] R'[17135],false,true,3935,2007,1928,17135,14,14,15,7.26,PLL,U S2' U' S2' U' S' U2' S2' U2' S' U2',U[17785] S2'[18360] U'[18447] S2'[18651] U'[18755] S'[18895] U2'[19163] S2'[19406] U2'[19650] S'[19794] U2'[20239],false,true,3104,1225,1879,20239,11,16,25,5.85,,,,,,,,,,,,,,,,,,,,,,,,,,,,19,BR->FR 12,"[BL,BR]->FR 13",28,3,Z,,
fdee63ca-b1be-4c8a-8099-d26e8a0b3c80,2023-09-09 01:46:00 UTC,false,19716,CFOP,Gan Smart Cube,Gan i Carry,Gan 356i,Jacob Pfeifer,false,false,13146,19716,,U[0] R'[183] U[482] R[668] U'[883] L[2144] D'[2311] L'[2475] D[2588] F'[3140] D[3214] F[3468] D[4778] B'[5152] D'[5341] B[5465] B[5562] D[5707] B'[5846] D'[6926] R'[7641] D'[7775] R[7894] D[8075] D[8170] B'[8717] D'[9166] B[9251] D[9878] F[10147] D[10268] D[10368] F'[10475] D[10539] F[10730] D[10835] F'[10913] B[13098] R[13243] F'[13431] R'[13876] B[14236] F'[14252] B[14378] F'[14402] L[14860] F[15100] L'[15290] F'[15538] L'[16359] B[16630] F'[16795] D'[17768] D'[18023] F'[18322] D[18404] B'[18554] D[18804] D[18863] F[18951] D'[19031] F'[19162] D[19210] D[19251] F[19329] B[19441] D[19674] D[19716],cube,,Playground,custom_rules,U2 F2 L' F' U F2 U2 R D2 F' U2 F2 R2 U' B2 L2 U' F2 B2 U' R2 B2,random_state,custom_rules,,,,8,DB,0,0,19716,57,59,68,2.89,9348,10368,"",0,Cross,z2 D L' D L D',z2[0] D[0] L'[183] D[482] L[668] D'[883],false,true,883,0,883,883,5,5,5,5.66,F2L Slot 1,R U' R' U F' U F,R[2144] U'[2311] R'[2475] U[2588] F'[3140] U[3214] F[3468],false,true,2585,1261,1324,3468,7,7,7,5.29,F2L Slot 2,U B' U' B2 U B',U[4778] B'[5152] U'[5341] B2[5562] U[5707] B'[5846],false,true,2378,1684,694,5846,6,6,7,8.65,F2L Slot 3,U' L' U' L U2 B' U' B,U'[6926] L'[7641] U'[7775] L[7894] U2[8170] B'[8717] U'[9166] B[9251],false,true,3405,1795,1610,9251,8,8,9,4.97,F2L Slot 4,U F U2 F' U F U F',U[9878] F[10147] U2[10368] F'[10475] U[10539] F[10730] U[10835] F'[10913],false,true,1662,896,766,10913,8,8,9,10.44,OLL,B L F' L' S2 L F L' F' L' S z,B[13098] L[13243] F'[13431] L'[13876] S2[14402] L[14860] F[15100] L'[15290] F'[15538] L'[16359] S[16795] z[17281],false,true,5882,2185,3697,16795,11,13,15,2.98,PLL,U2' F' U B' U2 F U' F' U2 F B U2,U2'[18023] F'[18322] U[18404] B'[18554] U2[18863] F[18951] U'[19031] F'[19162] U2[19251] F[19329] B[19441] U2[19716],false,true,2921,1527,1394,19716,12,12,16,8.61,,,,,,,,,,,,,,,,,,,,,,,,,,,,52,FL->FR 68,"[FL,BL]->FR 35",32,20,Ja,,
2865432a-e126-4eff-8187-fa25e9e73ea3,2023-09-09 01:47:54 UTC,false,18863,CFOP,Gan Smart Cube,Gan i Carry,Gan 356i,Jacob Pfeifer,false,false,8721,18863,,R'[0] B[119] R'[477] R'[657] U[1327] B'[2744] L[2823] B[2926] L[3197] F'[3447] L'[3824] F[4025] L'[4988] F[5424] L[5593] F'[5729] L'[5936] F[6018] L[6136] F'[6608] D[7205] L[7435] D'[7709] D'[9750] L[9844] L[9916] D[10032] L[10227] U'[10390] L'[10600] U[10646] L[11485] L[11582] D'[11907] L[11986] L[12057] D[12175] L'[12346] F[12690] L[12777] F'[12853] L[13645] L'[14001] F[14315] L[14417] F'[14530] L[14780] F'[14907] D[15013] F[15115] D'[15572] F[15655] L[15887] L[15929] F'[16031] L'[17054] F'[17258] L[17346] B'[17520] L[17742] L[17798] F[17903] L'[18172] F'[18394] L[18456] L[18513] F[18584] B[18686] L'[18863],cube,,Playground,custom_rules,F R' U B2 U B2 R' D' F' R U D' F2 L2 U F2 B2 D B2 R2 U' R2,random_state,custom_rules,,,,8,LU,0,0,18863,62,62,69,3.29,8807,10056,"",0,Cross,z D' B D2' R,z[0] D'[0] B[119] D2'[657] R[1327],false,true,1327,0,1327,1327,4,4,5,3.01,F2L Slot 1,B' U B U F' U' F,B'[2744] U[2823] B[2926] U[3197] F'[3447] U'[3824] F[4025],false,true,2698,1417,1281,4025,7,7,7,5.46,F2L Slot 2,U' F U F' U' F U F' L U L',U'[4988] F[5424] U[5593] F'[5729] U'[5936] F[6018] U[6136] F'[6608] L[7205] U[7435] L'[7709],false,true,3684,1399,2285,7709,11,11,11,4.81,F2L Slot 3,L' U2 L U R' U' R,L'[9750] U2[9916] L[10032] U[10227] R'[10390] U'[10600] R[10646],false,true,2937,2041,896,10646,7,7,8,7.81,F2L Slot 4,U2 L' U2 L U' F U F',U2[11582] L'[11907] U2[12057] L[12175] U'[12346] F[12690] U[12777] F'[12853],false,true,2207,1261,946,12853,8,8,10,8.46,OLL,U U' F U F' U F' L F L' F U2 F',U[13645] U'[14001] F[14315] U[14417] F'[14530] U[14780] F'[14907] L[15013] F[15115] L'[15572] F[15655] U2[15929] F'[16031],false,true,3178,1462,1716,16031,13,13,14,7.58,PLL,U' F' U B' U2 F U' F' U2 F B U',U'[17054] F'[17258] U[17346] B'[17520] U2[17798] F[17903] U'[18172] F'[18394] U2[18513] F[18584] B[18686] U'[18863],false,true,2832,1227,1605,18863,12,12,14,7.48,,,,,,,,,,,,,,,,,,,,,,,,,,,,6,BL->FR 70,"[FL,BR]->FR 57",2,10,Ja,,
8883b433-0b7f-4e64-8487-e3b8eb9bdd55,2023-09-09 01:48:44 UTC,false,18426,CFOP,Gan Smart Cube,Gan i Carry,Gan 356i,Jacob Pfeifer,false,false,15555,18426,,L[0] B'[433] F[488] R'[829] R'[1159] D'[1499] L[1687] L[1773] U'[2215] U'[2458] D[4348] R'[4765] D'[5062] R[5266] L[5803] D[5915] D[6024] L'[6185] D[6268] R[6646] D[6780] R'[7268] F'[8979] D'[9156] F[9222] D[9346] F'[9617] D'[9795] F[9906] D'[10468] B[10780] D[10884] B'[10995] D'[11170] L[11698] B'[11860] L'[11995] B[12060] D[12806] D[12947] R[13231] D[13317] R'[13386] D[13436] R[13622] D[13724] D[13781] R'[13843] D[14743] R'[14992] D'[15077] R[15168] F[15586] F[15671] U[15869] L'[15983] D[16053] L[16270] D'[16495] L[16650] D'[16910] D[17303] U'[17715] F[17984] F[18049] D[18362] D[18426],cube,,Playground,custom_rules,U' D2 F2 R2 F R B U' F D2 R L2 U' B2 D L2 D F2 D2 B2 D R2,random_state,custom_rules,,,,8,DB,0,0,18426,57,58,67,3.09,7749,10677,"",0,Cross,z' D S' L2' U' R2 D2',z'[0] D[0] S'[488] L2'[1159] U'[1499] R2[1773] D2'[2458],false,true,2458,0,2458,2458,6,7,10,2.44,F2L Slot 1,U L' U' L,U[4348] L'[4765] U'[5062] L[5266],false,true,2808,2307,501,5266,4,4,4,7.98,F2L Slot 2,R U2 R' U L U L',R[5803] U2[6024] R'[6185] U[6268] L[6646] U[6780] L'[7268],false,true,2002,537,1465,7268,7,7,8,4.78,F2L Slot 3,F' U' F U F' U' F,F'[8979] U'[9156] F[9222] U[9346] F'[9617] U'[9795] F[9906],false,true,2638,1711,927,9906,7,7,7,7.55,F2L Slot 4,U' B U B' U' R B' R' B,U'[10468] B[10780] U[10884] B'[10995] U'[11170] R[11698] B'[11860] R'[11995] B[12060],false,true,2154,874,1280,12060,9,9,9,7.03,OLL,U2 L U L' U L U2 L',U2[12947] L[13231] U[13317] L'[13386] U[13436] L[13622] U2[13781] L'[13843],false,true,1783,1171,612,13843,8,8,10,13.07,PLL,U L' U' L F2 D R' U R U' R U' U D' F2 U2,U[14743] L'[14992] U'[15077] L[15168] F2[15671] D[15869] R'[15983] U[16053] R[16270] U'[16495] R[16650] U'[16910] U[17303] D'[17715] F2[18049] U2[18426],false,true,4583,1149,3434,18426,16,16,19,4.66,,,,,,,,,,,,,,,,,,,,,,,,,,,,12,BR->FR 19,"[FL,BL]->FR 29",30,27,Gb,,
ae433e16-1b6a-49a0-b64f-4e6dd9dca36b,2023-09-09 01:49:57 UTC,false,19787,CFOP,Gan Smart Cube,Gan i Carry,Gan 356i,Jacob Pfeifer,false,false,5187,19787,,L[0] F'[329] U[571] U[667] B[1043] R'[1311] B'[1532] F[2168] D'[2552] F'[2713] D[2868] F[3072] F[3187] U[3571] F[3945] U'[4234] F'[4626] D[4793] F'[4951] D'[5178] F[5366] F[5477] U'[5843] F[5953] U[6245] F[7392] D'[7550] F'[7663] D[7792] F[7942] F[8030] L'[8486] F'[8917] L[8985] R[9788] F[9882] R'[10035] F[10270] F'[10774] F'[11142] L'[11285] F[11374] L[11690] R[11892] F'[12085] R'[12229] D[13229] F[13366] D'[13505] F[13578] D[13666] F[13762] D'[13889] F'[14524] D[14679] D[14749] B[14848] D'[15038] F[15136] F[15213] B'[15384] B[15595] D[15793] B'[16093] D'[16627] F[16663] F[16709] D'[16818] F[17663] D[17982] F[18057] D'[18147] L[18533] L[18607] B'[18899] U[18963] F'[19061] U'[19193] F[19230] U'[19320] B[19542] L[19665] L[19721] F'[19787],cube,,Playground,custom_rules,L' F' U2 R F' U2 B R B' R2 U2 F2 D' L2 D' L2 U F2 D' F2 U L2,random_state,custom_rules,,,,8,FU,0,0,19787,74,75,84,3.74,5908,13879,"",0,Cross,x L U' B2 D R' D',x[0] L[0] U'[329] B2[667] D[1043] R'[1311] D'[1532],false,true,1532,0,1532,1532,6,6,7,3.92,F2L Slot 1,U F' U' F U2 B U B',U[2168] F'[2552] U'[2713] F[2868] U2[3187] B[3571] U[3945] B'[4234],false,true,2702,1020,1682,4234,8,8,9,4.76,F2L Slot 2,U' F U' F' U2 B' U B,U'[4626] F[4793] U'[4951] F'[5178] U2[5477] B'[5843] U[5953] B[6245],false,true,2011,559,1452,6245,8,8,9,5.51,F2L Slot 3,U F' U' F U2 L' U' L R U R' U U2' L' U L R U' R',U[7392] F'[7550] U'[7663] F[7792] U2[8030] L'[8486] U'[8917] L[8985] R[9788] U[9882] R'[10035] U[10270] U2'[11142] L'[11285] U[11374] L[11690] R[11892] U'[12085] R'[12229],false,true,5984,1305,4679,12229,19,19,21,4.06,F2L Slot 4,F U F' U F U F',F[13229] U[13366] F'[13505] U[13578] F[13666] U[13762] F'[13889],false,true,1660,1000,660,13889,7,7,7,10.61,OLL,U' F2 D F' U E D R D' R' U2 R',U'[14524] F2[14749] D[14848] F'[15038] U[15136] E[15384] D[15595] R[15793] D'[16093] R'[16627] U2[16709] R'[16818],false,true,2929,860,2069,16818,12,13,15,5.8,PLL,U R U R' F2 D' L U' L' U L' D F2 U',U[17663] R[17982] U[18057] R'[18147] F2[18607] D'[18899] L[18963] U'[19061] L'[19193] U[19230] L'[19320] D[19542] F2[19721] U'[19787],false,true,2969,1164,1805,19787,14,14,16,7.76,,,,,,,,,,,,,,,,,,,,,,,,,,,,140,FL->FR 67,"[BL,BR]->FR 29",8,23,Gd,,
859b6714-7333-4800-807c-f3295646cb45,2023-09-09 01:51:48 UTC,false,17736,CFOP,Gan Smart Cube,Gan i Carry,Gan 356i,Jacob Pfeifer,false,false,10722,17736,,F'[0] R'[183] F'[511] R'[670] U'[1176] L[1270] U[1445] U'[2378] B[2451] U[2589] B'[2804] B'[3031] R'[3472] B'[3754] R[3859] R[5352] B'[5559] R'[5722] B'[5981] U[6412] B'[6586] U'[6750] B[7977] L[8626] B'[8799] L'[8994] B[9061] D'[9465] B'[9661] D[9816] B[10212] U'[10601] B[10685] U[10822] B[11233] B[11426] R[11685] B[11809] R'[11896] B[12382] R[12631] B[12749] R'[12847] B'[12931] R'[13123] U[13171] R[13255] U'[13430] B[14887] R'[15299] B[15348] B[15414] R'[15693] B'[15766] D'[16071] D[16223] D'[16324] R'[16483] D[16528] D[16608] B'[16684] D'[16781] B[16820] D'[16925] R[17068] D[17199] B'[17273] R[17413] B'[17633] B'[17736],cube,,Playground,custom_rules,U2 L' D' R B' D' R2 U' R D2 F2 U R2 U2 L2 F2 U L2 D' L2 B2,random_state,custom_rules,,,,8,BU,0,0,17736,65,65,70,3.66,7691,10045,"",0,Cross,x' D' R' D' R' F' L F,x'[0] D'[0] R'[183] D'[511] R'[670] F'[1176] L[1270] F[1445],false,true,1445,0,1445,1445,7,7,7,4.84,F2L Slot 1,F' U F U2' R' U' R,F'[2378] U[2451] F[2589] U2'[3031] R'[3472] U'[3754] R[3859],false,true,2414,933,1481,3859,7,7,8,4.73,F2L Slot 2,R U' R' U' F U' F',R[5352] U'[5559] R'[5722] U'[5981] F[6412] U'[6586] F'[6750],false,true,2891,1493,1398,6750,7,7,7,5.01,F2L Slot 3,U L U' L' U B' U' B,U[7977] L[8626] U'[8799] L'[8994] U[9061] B'[9465] U'[9661] B[9816],false,true,3066,1876,1190,9816,8,8,8,6.72,F2L Slot 4,U F' U F U2 R U R',U[10212] F'[10601] U[10685] F[10822] U2[11426] R[11685] U[11809] R'[11896],false,true,2080,785,1295,11896,8,8,9,6.18,OLL,U R U R' U' R' F R F',U[12382] R[12631] U[12749] R'[12847] U'[12931] R'[13123] F[13171] R[13255] F'[13430],false,true,1534,735,799,13430,9,9,9,11.26,PLL,U R' U2 R' U' B' B B' R' B2 U' B' U B' R B U' R U2',U[14887] R'[15299] U2[15414] R'[15693] U'[15766] B'[16071] B[16223] B'[16324] R'[16483] B2[16608] U'[16684] B'[16781] U[16820] B'[16925] R[17068] B[17199] U'[17273] R[17413] U2'[17736],false,true,4306,1869,2437,17736,19,19,22,7.8,,,,,,,,,,,,,,,,,,,,,,,,,,,,6,BL->FR 72,"[FL,BR]->FR 18",3,33,F,,
48671cb6-4f98-4996-9ff2-2dadfd060c70,2023-09-09 01:53:29 UTC,false,17786,CFOP,Gan Smart Cube,Gan i Carry,Gan 356i,Jacob Pfeifer,false,false,26661,17786,,B'[0] L'[511] U[933] F[1132] U[1627] B[1895] D'[2436] R[2797] D'[2948] R'[3126] D'[3361] B[3787] D'[3962] B'[4182] F'[5915] D[6081] F[6398] D'[7498] R'[7763] D[7838] R[8017] R[9832] D'[9979] R'[10114] D'[10482] D'[10783] L'[10926] F[10978] L[11081] F'[11297] D[11547] B'[11874] D[12086] B[12253] D'[12905] D'[13177] B[13405] R[13514] R[13586] F'[13685] R'[13783] F[13886] R'[13987] B'[14562] F'[15782] D'[15932] F[16037] L[16450] L[16542] U[16755] B'[16878] D[16934] B[17114] D'[17227] B[17320] U'[17549] L[17642] L[17713] D'[17786],cube,,Playground,custom_rules,D R D' L' D2 B L2 F' D B R2 F2 U R2 U2 B2 L2 U B2 D2 L2 D',random_state,custom_rules,,,,8,DB,0,0,17786,54,54,59,3.04,7399,10387,"",0,Cross,z2 B' R' D F D B,z2[0] B'[0] R'[511] D[933] F[1132] D[1627] B[1895],false,true,1895,0,1895,1895,6,6,6,3.17,F2L Slot 1,U' L U' L' U' B U' B',U'[2436] L[2797] U'[2948] L'[3126] U'[3361] B[3787] U'[3962] B'[4182],false,true,2287,902,1385,4182,8,8,8,5.78,F2L Slot 2,F' U F U' L' U L,F'[5915] U[6081] F[6398] U'[7498] L'[7763] U[7838] L[8017],false,true,3835,1733,2102,8017,7,7,7,3.33,F2L Slot 3,L U' L' U2' R' F R F',L[9832] U'[9979] L'[10114] U2'[10783] R'[10926] F[10978] R[11081] F'[11297],false,true,3280,1815,1465,11297,8,8,9,5.46,F2L Slot 4,U B' U B,U[11547] B'[11874] U[12086] B[12253],false,true,956,577,379,12253,4,4,4,10.55,OLL,U2' B L2 F' L' F L' B',U2'[13177] B[13405] L2[13586] F'[13685] L'[13783] F[13886] L'[13987] B'[14562],false,true,2309,1152,1157,14562,8,8,10,6.91,PLL,F' U' F R2 D B' U B U' B D' R2 U',F'[15782] U'[15932] F[16037] R2[16542] D[16755] B'[16878] U[16934] B[17114] U'[17227] B[17320] D'[17549] R2[17713] U'[17786],false,true,3224,1220,2004,17786,13,13,15,6.49,,,,,,,,,,,,,,,,,,,,,,,,,,,,84,BL->FR 71,"[FL,BR]->FR 32",5,6,Gb,,
e107f3fe-105d-4729-a16d-a4a9c114581f,2023-09-09 01:54:12 UTC,false,13987,CFOP,Gan Smart Cube,Gan i Carry,Gan 356i,Jacob Pfeifer,false,false,9595,13987,,B[0] R'[130] U[235] R[379] F[574] B[800] L'[1034] L'[1164] R[1735] B[1832] B[1936] R'[2063] B'[2244] R[2350] B[2479] R'[2592] B'[4034] D[4225] B[4430] D'[4651] B[4760] L[5193] B'[5400] L'[5540] B[6036] B[6698] B[6779] R'[7120] B[7165] R[7314] L'[7659] B[7733] L[7883] D[8613] B[8798] D'[8933] B[9022] R'[9333] B'[9454] R[9529] B'[10176] B'[10552] L[10721] U[10839] U[10913] R'[11033] U'[11149] R[11263] U'[11437] L'[11622] B[12139] B[12268] R[12623] R[12709] B[12907] R[13086] B[13189] R'[13248] B'[13353] R'[13568] B'[13660] R'[13787] B[13823] R'[13918] B[13987],cube,,Playground,custom_rules,R' F2 R2 F2 D2 L U2 B U' D L2 D' L2 U R2 F2 D' F2 D2 L2 B2 D',random_state,custom_rules,,,,8,BU,0,0,13987,57,57,65,4.08,6793,7194,"",0,Cross,x' U R' F R D U L2',x'[0] U[0] R'[130] F[235] R[379] D[574] U[800] L2'[1164],false,true,1164,0,1164,1164,7,7,8,6.01,F2L Slot 1,R U2 R' U' R U R',R[1735] U2[1936] R'[2063] U'[2244] R[2350] U[2479] R'[2592],false,true,1428,571,857,2592,7,7,8,8.17,F2L Slot 2,U' B U B' U L U' L',U'[4034] B[4225] U[4430] B'[4651] U[4760] L[5193] U'[5400] L'[5540],false,true,2948,1633,1315,5540,8,8,8,6.08,F2L Slot 3,U3 R' U R L' U L,U3[6779] R'[7120] U[7165] R[7314] L'[7659] U[7733] L[7883],false,true,2343,1580,763,7883,7,7,9,9.17,F2L Slot 4,B U B' U R' U' R,B[8613] U[8798] B'[8933] U[9022] R'[9333] U'[9454] R[9529],false,true,1646,730,916,9529,7,7,7,7.64,OLL,U2' L F2 R' F' R F' L',U2'[10552] L[10721] F2[10913] R'[11033] F'[11149] R[11263] F'[11437] L'[11622],false,true,2093,1192,901,11622,8,8,10,8.88,PLL,U2 R2 U R U R' U' R' U' R' U R' U,U2[12268] R2[12709] U[12907] R[13086] U[13189] R'[13248] U'[13353] R'[13568] U'[13660] R'[13787] U[13823] R'[13918] U[13987],false,true,2365,1087,1278,13987,13,13,15,10.17,,,,,,,,,,,,,,,,,,,,,,,,,,,,19,BL->FR 15,"[FL,BR]->FR 56",36,6,Ub,,
9b425ff9-2ea5-4c55-8599-d8cf26fe640d,2023-09-09 01:54:58 UTC,false,16627,CFOP,Gan Smart Cube,Gan i Carry,Gan 356i,Jacob Pfeifer,false,false,11087,16627,,L'[0] F'[149] U'[492] U'[726] L[1068] U'[1352] D[2116] D'[2437] D'[2850] L'[3085] D[3166] D[3275] L[3398] D'[3573] D'[3817] F'[4333] D'[4442] F[4566] F[5488] D[5590] F'[5655] D'[5731] F[5791] D[5869] F'[5948] D'[6014] F[6067] D[6152] F'[6217] D[7264] R[7598] D'[7826] R'[8120] L[9005] B'[9179] L'[9349] B[9605] L'[9918] D[9985] L[10092] L[11515] B'[11709] L'[11926] L'[12017] F[12096] L[12301] L[12395] B[12554] L'[12716] L'[12791] F'[12898] L[12973] R'[14482] D'[14583] R[14674] F[15115] F[15198] U[15524] L'[15711] D[15796] L[15991] D'[16080] L[16184] U'[16441] F[16544] F[16627],cube,,Playground,custom_rules,U R2 B L D' R D' R2 B2 L' U R2 B2 U' L2 U2 F2 D L2 D' R2 D,random_state,custom_rules,,,,8,DB,0,0,16627,57,57,66,3.43,7853,8774,"",0,Cross,z2 R' F' D2' R D',z2[0] R'[0] F'[149] D2'[726] R[1068] D'[1352],false,true,1352,0,1352,1352,5,5,6,3.7,F2L Slot 1,U U2' R' U2 R U2' F' U' F,U[2116] U2'[2850] R'[3085] U2[3275] R[3398] U2'[3817] F'[4333] U'[4442] F[4566],false,true,3214,1733,1481,4566,9,9,12,6.08,F2L Slot 2,F U F' U' F U F' U' F U F',F[5488] U[5590] F'[5655] U'[5731] F[5791] U[5869] F'[5948] U'[6014] F[6067] U[6152] F'[6217],false,true,1651,922,729,6217,11,11,11,15.09,F2L Slot 3,U L U' L',U[7264] L[7598] U'[7826] L'[8120],false,true,1903,1381,522,8120,4,4,4,7.66,F2L Slot 4,R B' R' B R' U R,R[9005] B'[9179] R'[9349] B[9605] R'[9918] U[9985] R[10092],false,true,1972,885,1087,10092,7,7,7,6.44,OLL,R B' R2' F R2 B R2' F' R,R[11515] B'[11709] R2'[12017] F[12096] R2[12395] B[12554] R2'[12791] F'[12898] R[12973],false,true,2881,1423,1458,12973,9,9,12,6.17,PLL,L' U' L F2 D R' U R U' R D' F2,L'[14482] U'[14583] L[14674] F2[15198] D[15524] R'[15711] U[15796] R[15991] U'[16080] R[16184] D'[16441] F2[16627],false,true,3654,1509,2145,16627,12,12,14,5.59,,,,,,,,,,,,,,,,,,,,,,,,,,,,4,BR->FR 43,"[BL,BR]->FR 21",34,49,Gb,,
95bb6f43-19d5-416b-a7e7-27ce4105ba46,2023-09-09 01:56:44 UTC,false,15554,CFOP,Gan Smart Cube,Gan i Carry,Gan 356i,Jacob Pfeifer,false,false,2722,15554,,B'[0] L[65] B[165] F[561] U[986] F'[1455] U'[1752] D'[2399] L'[2598] D'[2738] L[2855] D'[3017] F'[3544] D[3671] F[3858] B'[4428] D'[4666] B[4733] D[4848] B'[4982] D'[5091] B[5158] R'[5800] D'[5943] R[6059] D'[6959] D'[7183] R[7285] D[7399] R'[7521] D[7568] R[7799] D[8184] R'[8347] D[8949] B[9394] D[9489] B'[9544] D'[9609] B[9679] D[9747] B'[9818] D[10922] R[11399] D[11594] F[11701] D'[11777] F'[11850] R'[12040] D[12154] L[12369] B[12528] D[12635] B'[12704] D'[12792] L'[12916] B[14168] B[14287] D[14482] B[14664] D[14757] B'[14810] D'[14898] B'[15115] D'[15174] B'[15296] D[15331] B'[15401] D'[15554],cube,,Playground,custom_rules,D' F' U D R' B R D' L B2 D' R2 L2 F2 D' R2 D2 F2 U R2 U B2,random_state,custom_rules,,,,8,DB,0,0,15554,67,67,69,4.31,6641,8913,"",0,Cross,z2 B' R B F D F' D',z2[0] B'[0] R[65] B[165] F[561] D[986] F'[1455] D'[1752],false,true,1752,0,1752,1752,7,7,7,4.0,F2L Slot 1,U' R' U' R U' F' U F,U'[2399] R'[2598] U'[2738] R[2855] U'[3017] F'[3544] U[3671] F[3858],false,true,2106,846,1260,3858,8,8,8,6.35,F2L Slot 2,B' U' B U B' U' B L' U' L,B'[4428] U'[4666] B[4733] U[4848] B'[4982] U'[5091] B[5158] L'[5800] U'[5943] L[6059],false,true,2201,570,1631,6059,10,10,10,6.13,F2L Slot 3,U2' L U L' U L U L',U2'[7183] L[7285] U[7399] L'[7521] U[7568] L[7799] U[8184] L'[8347],false,true,2288,1226,1062,8347,8,8,9,7.53,F2L Slot 4,U B U B' U' B U B',U[8949] B[9394] U[9489] B'[9544] U'[9609] B[9679] U[9747] B'[9818],false,true,1471,1047,424,9818,8,8,8,18.87,OLL,U L U F U' F' L' U R B U B' U' R',U[10922] L[11399] U[11594] F[11701] U'[11777] F'[11850] L'[12040] U[12154] R[12369] B[12528] U[12635] B'[12704] U'[12792] R'[12916],false,true,3098,1581,1517,12916,14,14,14,9.23,PLL,B2 U B U B' U' B' U' B' U B' U',B2[14287] U[14482] B[14664] U[14757] B'[14810] U'[14898] B'[15115] U'[15174] B'[15296] U[15331] B'[15401] U'[15554],false,true,2638,1371,1267,15554,12,12,13,9.47,,,,,,,,,,,,,,,,,,,,,,,,,,,,11,BR->FR 94,"[BL,BR]->FR 8",27,4,Ub,,
611174a1-fadf-4d72-b423-60495b089c39,2023-09-09 01:57:37 UTC,false,19397,CFOP,Gan Smart Cube,Gan i Carry,Gan 356i,Jacob Pfeifer,false,false,13958,19397,,B[0] D'[154] B'[262] U'[543] U'[808] F[1100] R[1493] U'[2226] U[3519] L[3629] U'[3705] L'[3805] U[3892] L[3983] U'[4100] L'[4189] L'[4741] B[4896] L[5073] B'[5348] L'[5980] F[6845] L[6970] F'[7185] B'[8071] L[8194] L[8299] B[8432] L[8606] B'[8958] L'[9278] B[9358] U[12152] L[12258] L[12324] U'[12406] L[12506] U[12725] L[12811] U'[12877] L'[14090] F[14271] U[14411] L[14523] U'[14574] L'[14669] F'[14803] L[14917] F[15270] U[15412] L[15522] U'[15583] L'[15669] F'[15832] L[16805] D[17101] L[17231] L[17302] D'[17445] L[17581] L[17642] D[17723] F'[17862] D'[18030] L'[18154] D[18217] L[18313] D[18912] F[19044] D'[19160] D'[19265] L[19397],cube,,Playground,custom_rules,R2 L2 D B L D2 B2 D' R' U2 R2 L2 U' B2 L2 U D2 F2 R2 U' L2 U2,random_state,custom_rules,,,,8,LU,0,0,19397,65,65,72,3.35,9133,10264,"",0,Cross,z B L' B' R2' F D R',z[0] B[0] L'[154] B'[262] R2'[808] F[1100] D[1493] R'[2226],false,true,2226,0,2226,2226,7,7,8,3.14,F2L Slot 1,R U R' U' R U R' U2' B U B',R[3519] U[3629] R'[3705] U'[3805] R[3892] U[3983] R'[4100] U2'[4741] B[4896] U[5073] B'[5348],false,true,3122,1293,1829,5348,11,11,12,6.01,F2L Slot 2,U' F U F',U'[5980] F[6845] U[6970] F'[7185],false,true,1837,1497,340,7185,4,4,4,11.76,F2L Slot 3,B' U2 B U B' U' B,B'[8071] U2[8299] B[8432] U[8606] B'[8958] U'[9278] B[9358],false,true,2173,886,1287,9358,7,7,8,5.44,F2L Slot 4,R U2 R' U R U R',R[12152] U2[12324] R'[12406] U[12506] R[12725] U[12811] R'[12877],false,true,3519,2794,725,12877,7,7,8,9.66,OLL,U' F R U R' U' F' U F R U R' U' F',U'[14090] F[14271] R[14411] U[14523] R'[14574] U'[14669] F'[14803] U[14917] F[15270] R[15412] U[15522] R'[15583] U'[15669] F'[15832],false,true,2955,1394,1561,15832,14,14,14,8.97,PLL,U L U2 L' U2 L F' L' U' L U L F L2' U,U[16805] L[17101] U2[17302] L'[17445] U2[17642] L[17723] F'[17862] L'[18030] U'[18154] L[18217] U[18313] L[18912] F[19044] L2'[19265] U[19397],false,true,3565,1269,2296,19397,15,15,18,6.53,,,,,,,,,,,,,,,,,,,,,,,,,,,,142,BL->FR 14,"[FL,BR]->FR 4",32,12,Ra,,
8112c98b-3d8b-4c85-af59-7797525919e7,2023-09-09 01:59:14 UTC,false,22615,CFOP,Gan Smart Cube,Gan i Carry,Gan 356i,Jacob Pfeifer,false,false,14263,22615,,U[0] L'[122] U'[265] B'[556] B'[798] U[918] B'[1143] U[2401] D'[4127] F[6159] R[6632] F'[7194] R'[7352] F[7542] F[7667] R[7869] F'[8162] R'[8501] F[10676] F[10911] U[11599] F[11748] F[11825] U'[12241] F[12610] U[12850] F'[13065] U'[13300] U'[13724] F[13858] F[13966] U[14079] F[14410] U'[14589] F'[14698] U[14809] L'[16316] F[16423] F[16516] L[16664] F'[17347] L'[17518] F[17559] L[17678] F[18359] F[18447] D[18740] R[18871] F'[18953] R'[19020] F'[19438] R[19563] F[19629] R'[19709] D'[19779] F[20376] F[20466] R[20921] F'[21057] R[21195] F[21400] R[21581] F[21720] R[21900] F'[22019] R'[22149] F'[22199] R[22330] R[22379] F'[22495] F'[22615],cube,,Playground,custom_rules,F R L' U' F' R F2 D F L' D' L2 U' D2 F2 U' L2 F2 R2 U B2 U2,random_state,custom_rules,,,,8,FU,0,0,22615,60,60,71,2.65,9738,12877,"",0,Cross,x B L' B' D2' B D' B F',x[0] B[0] L'[122] B'[265] D2'[798] B[918] D'[1143] B[2401] F'[4127],false,true,4127,0,4127,4127,8,8,9,1.94,F2L Slot 1,U R U' R' U2 R U' R',U[6159] R[6632] U'[7194] R'[7352] U2[7667] R[7869] U'[8162] R'[8501],false,true,4374,2505,1869,8501,8,8,9,4.28,F2L Slot 2,U2 B U2 B' U B U' B',U2[10911] B[11599] U2[11825] B'[12241] U[12610] B[12850] U'[13065] B'[13300],false,true,4799,3098,1701,13300,8,8,10,4.7,F2L Slot 3,B' U2 B U B' U' B,B'[13724] U2[13966] B[14079] U[14410] B'[14589] U'[14698] B[14809],false,true,1509,424,1085,14809,7,7,8,6.45,F2L Slot 4,L' U2 L U' L' U L,L'[16316] U2[16516] L[16664] U'[17347] L'[17518] U[17559] L[17678],false,true,2869,1507,1362,17678,7,7,8,5.14,OLL,U2 F R U' R' U' R U R' F',U2[18447] F[18740] R[18871] U'[18953] R'[19020] U'[19438] R[19563] U[19629] R'[19709] F'[19779],false,true,2101,1062,1039,19779,10,10,11,9.62,PLL,U2 R U' R U R U R U' R' U' R2 U2',U2[20466] R[20921] U'[21057] R[21195] U[21400] R[21581] U[21720] R[21900] U'[22019] R'[22149] U'[22199] R2[22379] U2'[22615],false,true,2836,1142,1694,22615,13,13,16,7.67,,,,,,,,,,,,,,,,,,,,,,,,,,,,51,FL->FR 13,"[FL,BL]->FR 4",10,37,Ua,,
3e92433b-e8cb-4de0-9249-e77233b03a55,2023-09-09 02:01:00 UTC,false,14357,CFOP,Gan Smart Cube,Gan i Carry,Gan 356i,Jacob Pfeifer,false,false,16860,14357,,F[0] L[230] F[425] R[703] L'[1085] D[1223] L[1389] B'[1847] L[2005] B[2115] B[2212] L'[2452] B[2561] D'[2962] B'[3160] D[3320] B[4105] R'[4664] B[4805] B[4906] R[5006] B[5308] R'[5427] B'[5550] R[5658] B'[6344] R[6681] B'[6808] R'[7003] B[7218] B[7313] L'[7654] B[7745] L[7900] B[8403] B[8994] B[9108] U'[9666] B[9741] B[9819] U[9890] B[10270] B[10380] U'[10662] B[10693] U[10804] B[11626] U'[12528] L[12617] U'[12780] R[12910] R[13065] U[13255] L'[13346] U'[13455] R[13588] R[14051] U[14222] U[14289] B[14357],cube,,Playground,custom_rules,L' U R2 U2 D' R2 U' R F U L2 U R2 D2 L2 B2 D L2 B2 D L2 B2,random_state,custom_rules,,,,8,BU,0,0,14357,50,50,60,3.48,6473,7884,"",1,Cross,x' D L D R L' B L,x'[0] D[0] L[230] D[425] R[703] L'[1085] B[1223] L[1389],false,true,1389,0,1389,1389,7,7,7,5.04,F2L Slot 1,U' L U2 L' U B' U' B,U'[1847] L[2005] U2[2212] L'[2452] U[2561] B'[2962] U'[3160] B[3320],false,true,1931,616,1315,3320,8,8,9,6.08,F2L Slot 2,U R' U2 R U R' U' R,U[4105] R'[4664] U2[4906] R[5006] U[5308] R'[5427] U'[5550] R[5658],false,true,2338,1344,994,5658,8,8,9,8.05,F2L Slot 3,U' R U' R' U2 L' U L,U'[6344] R[6681] U'[6808] R'[7003] U2[7313] L'[7654] U[7745] L[7900],false,true,2242,1023,1219,7900,8,8,9,6.56,F2L Slot 4,U3 F' U2 F U2 F' U F,U3[9108] F'[9666] U2[9819] F[9890] U2[10380] F'[10662] U[10693] F[10804],false,true,2904,1766,1138,10804,8,8,12,7.03,OLL,,"",true,false,0,0,0,10804,0,0,0,0,PLL,U F' L F' R2 F L' F' R2 F2 U,U[11626] F'[12528] L[12617] F'[12780] R2[13065] F[13255] L'[13346] F'[13455] R2[14051] F2[14289] U[14357],false,true,3553,1724,1829,14357,11,11,14,6.01,,,,,,,,,,,,,,,,,,,,,,,,,,,,24,BR->FR 4,"[FL,BL]->FR 55",17,Solved,Aa,,
267afbd4-2a50-4e03-bb7a-de168954ee9b,2023-09-09 02:00:13 UTC,false,24394,CFOP,Gan Smart Cube,Gan i Carry,Gan 356i,Jacob Pfeifer,false,false,18524,24394,,D'[0] L'[271] F[674] R'[974] F'[1227] D'[1799] R'[3520] B'[3673] R[3823] B[3976] U[4456] B[4634] U'[4894] B[8219] B'[9906] B'[10284] B'[10695] D[10879] B[11416] D'[11808] B[11983] D[12218] B'[12352] D'[12475] B[13956] U'[14308] B[14394] U[14537] B[14671] U'[14835] B[14914] U[15056] B'[15273] U'[15418] B[15491] U[15617] B'[16383] B[17971] B[18197] D'[18499] B'[18589] D[18681] B[18797] B[18858] D'[19123] B[19351] D[19441] B[20157] B[20252] U'[20628] L[20691] L[20764] D[20997] L[21139] D'[21210] L[21270] U[21548] B'[22669] D[22799] B[22879] D'[22942] B'[23035] D'[23225] R[23268] D[23329] D[23383] B'[23426] D'[23496] B'[23582] D[23676] B[23748] D'[23790] R'[24129] B'[24394],cube,,Playground,custom_rules,R' L B' D2 B' U' F U2 F2 L F D' R2 F2 D' B2 D L2 B2 L2 F2 U',random_state,custom_rules,,,,8,BU,0,0,24394,67,67,74,2.75,14859,9535,"",0,Cross,x' B' L' D R' D' B',x'[0] B'[0] L'[271] D[674] R'[974] D'[1227] B'[1799],false,true,1799,0,1799,1799,6,6,6,3.34,F2L Slot 1,R' U' R U F U F',R'[3520] U'[3673] R[3823] U[3976] F[4456] U[4634] F'[4894],false,true,3095,1721,1374,4894,7,7,7,5.09,F2L Slot 2,U U3' B U B' U B U' B',U[8219] U3'[10695] B[10879] U[11416] B'[11808] U[11983] B[12218] U'[12352] B'[12475],false,true,7581,5985,1596,12475,9,9,11,5.64,F2L Slot 3,U F' U F U F' U F U' F' U F,U[13956] F'[14308] U[14394] F[14537] U[14671] F'[14835] U[14914] F[15056] U'[15273] F'[15418] U[15491] F[15617],false,true,3142,1833,1309,15617,12,12,12,9.17,F2L Slot 4,U' U2 B' U' B U2 B' U B,U'[16383] U2[18197] B'[18499] U'[18589] B[18681] U2[18858] B'[19123] U[19351] B[19441],false,true,3824,2882,942,19441,9,9,11,9.55,OLL,U2 F' L2 B L B' L F,U2[20252] F'[20628] L2[20764] B[20997] L[21139] B'[21210] L[21270] F[21548],false,true,2107,1187,920,21548,8,8,10,8.7,PLL,U' B U B' U' B' R B2 U' B' U' B U B' R' U',U'[22669] B[22799] U[22879] B'[22942] U'[23035] B'[23225] R[23268] B2[23383] U'[23426] B'[23496] U'[23582] B[23676] U[23748] B'[23790] R'[24129] U'[24394],false,true,2846,1251,1595,24394,16,16,17,10.03,,,,,,,,,,,,,,,,,,,,,,,,,,,,113,BL->FR 7,"[FL,BR]->FR 22",11,5,T,,
62059d70-9d8e-4275-9316-df5c12d06f3d,2023-09-09 02:02:37 UTC,false,28921,CFOP,Gan Smart Cube,Gan i Carry,Gan 356i,Jacob Pfeifer,false,false,51299,28921,,U'[0] U'[154] F'[758] D[982] B'[1289] B'[1389] L[2494] U'[2706] F[2783] U[2933] D'[3457] D'[3553] B[3651] D[3823] D[4058] L'[9393] L'[9773] B[10003] L'[10193] B'[10382] L'[10698] U[11631] L'[11869] U'[12050] L'[12679] D'[12875] L'[13012] D[13116] L'[13324] F[13766] L[13942] F'[14241] L'[15880] B'[17219] L[17294] B[17407] L'[17597] L'[17838] L[18043] B[18269] L[18367] B'[18441] L'[18558] L'[18925] D[19025] L[19139] D'[19298] B[20679] L'[20788] B'[20925] L[21817] L[21903] B'[22805] U[22872] B[23027] L[23405] B'[23563] U'[23756] B[23869] U[24161] L'[24353] U'[24498] L[25049] L[25129] B'[25519] L[25572] L[25623] B'[25734] L'[26894] D'[27608] B'[27755] D[27834] D[27913] L'[28029] D'[28147] L[28198] D'[28339] B[28450] D[28563] L'[28728] B[28921],cube,,Playground,custom_rules,B L' F' R2 U' F' B D F R U R2 U2 L2 U' B2 D F2 U F2 U2 R2,random_state,custom_rules,,,,8,LU,0,0,28921,70,70,81,2.42,14030,14737,"",0,Cross,z R2' F' L B2' U R' F R L2' B L2,z[77] R2'[154] F'[758] L[982] B2'[1389] U[2494] R'[2706] F[2783] R[2933] L2'[3553] B[3651] L2[4058],false,true,3904,0,3904,4058,11,11,15,2.82,F2L Slot 1,U2' B U' B' U' R U' R',U2'[9773] B[10003] U'[10193] B'[10382] U'[10698] R[11631] U'[11869] R'[12050],false,true,7992,5945,2047,12050,8,8,9,3.91,F2L Slot 2,U' L' U' L U' F U F',U'[12679] L'[12875] U'[13012] L[13116] U'[13324] F[13766] U[13942] F'[14241],false,true,2191,825,1366,14241,8,8,8,5.86,F2L Slot 3,U' B' U B U2' U B U B' U2' L U L',U'[15880] B'[17219] U[17294] B[17407] U2'[17838] U[18043] B[18269] U[18367] B'[18441] U2'[18925] L[19025] U[19139] L'[19298],false,true,5057,2978,2079,19298,13,13,15,6.25,F2L Slot 4,B U' B',B[20679] U'[20788] B'[20925],false,true,1627,1381,246,20925,3,3,3,12.2,OLL,U2 B' R B U B' R' B R U' R',U2[21903] B'[22805] R[22872] B[23027] U[23405] B'[23563] R'[23756] B[23869] R[24161] U'[24353] R'[24498],false,true,3573,1880,1693,24498,11,11,12,6.5,PLL,U2 B' U2 B' U' L' B' L2 U' L' U L' B L U' B,U2[25129] B'[25519] U2[25623] B'[25734] U'[26894] L'[27608] B'[27755] L2[27913] U'[28029] L'[28147] U[28198] L'[28339] B[28450] L[28563] U'[28728] B[28921],false,true,4423,1021,3402,28921,16,16,19,4.7,,,,,,,,,,,,,,,,,,,,,,,,,,,,84,BR->FR 47,"[BL,BR]->FR 54",21,14,F,,
5f9829e0-7b30-44b2-a0ca-d810d91b65c8,2023-09-09 02:03:24 UTC,false,17825,CFOP,Gan Smart Cube,Gan i Carry,Gan 356i,Jacob Pfeifer,false,false,9239,17825,,D[0] B[433] B[585] L[728] R'[1361] D[1445] R[1594] D[1876] L'[2286] D[2438] L[2683] R[3517] D'[3660] R'[3736] R'[4104] D[4187] D[4292] R[4424] D[4742] D[4859] R'[5197] D[5319] R[5521] D[6125] D[6246] B'[6608] D[6884] D[6992] B[7360] D'[7575] B'[7790] D[7899] B[8152] F[9107] D[9356] D[9483] F'[9779] F'[9943] D'[10778] F[11191] F[11590] D'[11990] F'[12098] B'[13218] L[13274] B[13389] D[13553] B'[13650] L'[13820] B[13881] L[14186] D'[14408] L'[14612] D[15377] F[15852] B'[15860] F[15949] B'[15965] U'[16029] F[16188] B'[16189] F[16291] B'[16316] D'[16417] F[16607] B'[16615] L'[16776] L'[16872] F[17018] B'[17034] F[17100] B'[17108] R'[17226] R'[17567] F[17675] B'[17684] D[17825],cube,,Playground,custom_rules,D' B2 D' L2 F B U' B2 L F' L2 U' B2 U B2 L2 D' B2 R2 B2 R2 D,random_state,custom_rules,,,,8,DB,0,0,17825,55,60,77,3.09,5982,11843,"",0,Cross,z2 U B2 R,z2[0] U[0] B2[585] R[728],false,true,728,0,728,728,3,3,4,4.12,F2L Slot 1,L' U L U R' U R,L'[1361] U[1445] L[1594] U[1876] R'[2286] U[2438] R[2683],false,true,1955,633,1322,2683,7,7,7,5.3,F2L Slot 2,L U' L2' U2 L U2 L' U L,L[3517] U'[3660] L2'[4104] U2[4292] L[4424] U2[4859] L'[5197] U[5319] L[5521],false,true,2838,834,2004,5521,9,9,12,4.49,F2L Slot 3,U2 B' U2 B U' B' U B,U2[6246] B'[6608] U2[6992] B[7360] U'[7575] B'[7790] U[7899] B[8152],false,true,2631,1087,1544,8152,8,8,10,5.18,F2L Slot 4,F U2 F2' U' F2 U' F',F[9107] U2[9483] F2'[9943] U'[10778] F2[11590] U'[11990] F'[12098],false,true,3946,955,2991,12098,7,7,10,2.34,OLL,B' R B U B' R' B R U' R',B'[13218] R[13274] B[13389] U[13553] B'[13650] R'[13820] B[13881] R[14186] U'[14408] R'[14612],false,true,2514,1120,1394,14612,10,10,10,7.17,PLL,U S2' U' S2' U' S' U2' S2' U2' S' U,U[15377] S2'[15965] U'[16029] S2'[16316] U'[16417] S'[16615] U2'[16872] S2'[17108] U2'[17567] S'[17684] U[17825],false,true,3213,1353,1860,17825,11,16,24,5.91,,,,,,,,,,,,,,,,,,,,,,,,,,,,42,BL->FR 109,"[FL,BR]->FR 10",24,14,Z,,
23be79d2-c3f5-4830-93f9-bfc6642fade5,2023-09-09 02:04:12 UTC,false,18619,CFOP,Gan Smart Cube,Gan i Carry,Gan 356i,Jacob Pfeifer,false,false,14648,18619,,B'[0] R[102] U[363] B[1344] F'[1402] R[1557] R[1644] D[2744] B'[3238] D'[3527] B[3567] D[3694] B'[3805] D'[3925] B[3988] D[4122] B'[4292] D'[4448] B[4473] D'[6186] D'[6452] F[6660] D[6847] F'[7019] D'[7263] L'[7633] D'[7740] L[8045] D[8742] L[9561] D[9678] D[9805] L'[10031] F[10104] D[10352] F'[10728] D[11377] F'[11719] D'[11867] F[11952] D'[12192] F'[12419] D[12490] F[12588] D'[13265] D'[13523] B'[13677] F[13840] L'[13971] B'[14099] L'[14281] B[14356] L[14554] B[14940] D'[15069] B'[15208] D[15273] B[15669] F'[15709] R[16399] F[16537] D'[16626] F'[16712] D'[16830] F[16893] D[16981] F'[17039] R'[17132] F[17206] D[17334] F'[17391] D'[17480] F'[17636] R[17674] F[17771] R'[17974] D'[18149] D'[18619],cube,,Playground,custom_rules,L2 F' R2 D B' D2 L F R' U B2 L2 U2 R2 U F2 D' L2 D F2 B2,random_state,custom_rules,,,,8,DB,0,0,18619,70,73,78,3.76,8230,10389,"",0,Cross,z B' D R S L2,z[0] B'[0] D[102] R[363] S[1402] L2[1644],false,true,1644,0,1644,1644,5,6,7,3.04,F2L Slot 1,U B' U' B U B' U' B U B' U' B,U[2744] B'[3238] U'[3527] B[3567] U[3694] B'[3805] U'[3925] B[3988] U[4122] B'[4292] U'[4448] B[4473],false,true,2829,1594,1235,4473,12,12,12,9.72,F2L Slot 2,U2' F U F' U' R' U' R,U2'[6452] F[6660] U[6847] F'[7019] U'[7263] R'[7633] U'[7740] R[8045],false,true,3572,2187,1385,8045,8,8,9,5.78,F2L Slot 3,U R U2 R' F U F',U[8742] R[9561] U2[9805] R'[10031] F[10104] U[10352] F'[10728],false,true,2683,1516,1167,10728,7,7,8,6.0,F2L Slot 4,U F' U' F U' F' U F,U[11377] F'[11719] U'[11867] F[11952] U'[12192] F'[12419] U[12490] F[12588],false,true,1860,991,869,12588,8,8,8,9.21,OLL,U2' S' U' B' U' B U B L' B' L S,U2'[13523] S'[13840] U'[13971] B'[14099] U'[14281] B[14356] U[14554] B[14940] L'[15069] B'[15208] L[15273] S[15709],false,true,3121,1252,1869,15709,12,14,15,6.42,PLL,L F U' F' U' F U F' L' F U F' U' F' L F L' U2',L[16399] F[16537] U'[16626] F'[16712] U'[16830] F[16893] U[16981] F'[17039] L'[17132] F[17206] U[17334] F'[17391] U'[17480] F'[17636] L[17674] F[17771] L'[17974] U2'[18619],false,true,2910,690,2220,18619,18,18,19,8.11,,,,,,,,,,,,,,,,,,,,,,,,,,,,49,BR->FR 72,"[FL,BL]->FR 19",16,30,Y,,
59dd1f65-979f-45e0-8c25-d93666cc294f,2023-09-09 02:04:59 UTC,false,17428,CFOP,Gan Smart Cube,Gan i Carry,Gan 356i,Jacob Pfeifer,false,false,8869,17428,,U'[0] R[88] U[399] U[493] L[1101] D'[1402] L'[1532] L[2040] F'[2185] L'[2313] F[2371] L[2548] F[2690] F[2757] L'[2860] D[3825] F'[3983] D'[4142] F'[4824] U[5285] F[5412] U'[5488] F'[5574] U[5655] F[5735] U'[5862] F'[5984] F'[6268] L[6780] F[6919] L'[7181] R'[8929] F'[9102] R[9180] F'[9834] D'[10211] F[10367] D[10608] F[12118] U[12303] F'[12424] U'[12554] F[12593] U[12697] F[12766] U'[12896] L[13626] F[13814] D[13926] F'[13975] D'[14040] L'[14199] F'[15256] F'[15478] D[15863] F[15994] F[16062] D'[16178] F[16360] F[16421] D[16504] R'[16613] D'[16713] F'[16846] D[16899] F[17018] D[17101] R[17321] D'[17366] D'[17428],cube,,Playground,custom_rules,F2 B2 L' U B2 R2 F U' R U R2 B2 D' R2 U2 R2 B2 D' L2 U2 B2 L2,random_state,custom_rules,,,,8,FU,0,0,17428,63,63,70,3.61,7488,9940,"",0,Cross,x B' R B2 L F' L',x[0] B'[0] R[88] B2[493] L[1101] F'[1402] L'[1532],false,true,1532,0,1532,1532,6,6,7,3.92,F2L Slot 1,L U' L' U L U2 L' F U' F',L[2040] U'[2185] L'[2313] U[2371] L[2548] U2[2757] L'[2860] F[3825] U'[3983] F'[4142],false,true,2610,508,2102,4142,10,10,11,4.76,F2L Slot 2,U' B U B' U' B U B' U2' L U L',U'[4824] B[5285] U[5412] B'[5488] U'[5574] B[5655] U[5735] B'[5862] U2'[6268] L[6780] U[6919] L'[7181],false,true,3039,1143,1896,7181,12,12,13,6.33,F2L Slot 3,R' U' R U' F' U F,R'[8929] U'[9102] R[9180] U'[9834] F'[10211] U[10367] F[10608],false,true,3427,1748,1679,10608,7,7,7,4.17,F2L Slot 4,U B U' B' U B U B',U[12118] B[12303] U'[12424] B'[12554] U[12593] B[12697] U[12766] B'[12896],false,true,2288,1695,593,12896,8,8,8,13.49,OLL,L U F U' F' L',L[13626] U[13814] F[13926] U'[13975] F'[14040] L'[14199],false,true,1303,730,573,14199,6,6,6,10.47,PLL,U2' F U2 F' U2 F R' F' U' F U F R F2',U2'[15478] F[15863] U2[16062] F'[16178] U2[16421] F[16504] R'[16613] F'[16713] U'[16846] F[16899] U[17018] F[17101] R[17321] F2'[17428],false,true,3229,1664,1565,17428,14,14,18,8.95,,,,,,,,,,,,,,,,,,,,,,,,,,,,168,BR->FR 94,"[FL,BL]->FR 11",20,44,Ra,,
548f3b27-b2f6-4763-8b84-bae17a30e4e5,2023-09-09 02:05:45 UTC,false,16785,CFOP,Gan Smart Cube,Gan i Carry,Gan 356i,Jacob Pfeifer,false,false,14488,16785,,F[0] L[464] R'[556] R'[677] F[1515] L[1936] B[3529] D[3868] B'[4010] D'[4163] L[4771] B'[4980] L'[5125] B'[6444] R'[6817] B[7066] R[7249] B'[7441] D[8006] B'[8190] D'[8412] U'[9017] B[9077] U[9188] B'[9289] U'[9432] B'[9522] U[9630] B[10929] U[11185] B[11321] B[11390] U'[11512] B[11793] U[11918] B'[12016] U'[12092] L[12959] U[13087] B'[13150] U'[13226] B'[13332] U[13379] B[13460] U'[13518] L'[13577] B'[14337] B'[14737] U[15602] B[15742] U'[15839] L'[15963] U[16006] B[16160] U'[16214] B'[16315] U'[16496] L[16553] U[16616] U[16659] B'[16703] U'[16785],cube,,Playground,custom_rules,U2 F U B2 R L B' L' U' L2 F' L2 F2 U' F2 L2 F2 R2 U2 B2 U' D2,random_state,custom_rules,,,,8,BU,0,0,16785,58,59,62,3.46,8676,8109,"",0,Cross,z2 F M L' D R,z2[0] F[0] M[556] L'[677] D[1515] R[1936],false,true,1936,0,1936,1936,5,6,6,2.58,F2L Slot 1,U F U' F' R U' R',U[3529] F[3868] U'[4010] F'[4163] R[4771] U'[4980] R'[5125],false,true,3189,1932,1257,5125,7,7,7,5.57,F2L Slot 2,U' L' U L U' F U' F',U'[6444] L'[6817] U[7066] L[7249] U'[7441] F[8006] U'[8190] F'[8412],false,true,3287,1692,1595,8412,8,8,8,5.02,F2L Slot 3,B' U B U' B' U' B,B'[9017] U[9077] B[9188] U'[9289] B'[9432] U'[9522] B[9630],false,true,1218,605,613,9630,7,7,7,11.42,F2L Slot 4,U B U2 B' U B U' B',U[10929] B[11185] U2[11390] B'[11512] U[11793] B[11918] U'[12016] B'[12092],false,true,2462,1555,907,12092,8,8,9,8.82,OLL,R B U' B' U' B U B' R',R[12959] B[13087] U'[13150] B'[13226] U'[13332] B[13379] U[13460] B'[13518] R'[13577],false,true,1485,867,618,13577,9,9,9,14.56,PLL,U2' B U B' R' B U B' U' B' R B2 U' B',U2'[14737] B[15602] U[15742] B'[15839] R'[15963] B[16006] U[16160] B'[16214] U'[16315] B'[16496] R[16553] B2[16659] U'[16703] B'[16785],false,true,3208,2025,1183,16785,14,14,16,11.83,,,,,,,,,,,,,,,,,,,,,,,,,,,,44,BR->FR 46,"[BL,BR]->FR 6",13,37,Jb,,
3ff2a679-2b75-4992-a32e-9c739db5fdc1,2023-09-09 02:06:30 UTC,false,21151,CFOP,Gan Smart Cube,Gan i Carry,Gan 356i,Jacob Pfeifer,false,false,5674,21151,,L'[0] R[151] B[600] F[999] F[1083] D[1480] D[1584] R'[3416] R'[3665] F'[3956] R'[4292] F[4410] R[4509] F'[4686] R'[4802] F[4986] R'[5223] B'[5605] R'[5909] B[6015] R[7717] R'[8440] D[8904] R[9045] D'[9178] R[9405] R'[10441] D[10571] R[10656] R[10722] D'[10791] R[11020] R[11083] D[11148] R'[11206] D'[11304] R'[12633] F[13246] R[13395] R[13481] F'[13598] R'[13850] F[14071] R[14338] F'[14574] B[15778] R[15853] B'[15942] R[16731] F'[17254] U[17289] U[17383] B[17627] U[17743] B'[17811] U[17866] F[18114] R'[18869] B[19285] B[19366] R[19553] B[19714] R[19816] B'[19869] R'[19944] B'[20252] R'[20284] B'[20457] B'[20582] B[20881] R[21068] B'[21151],cube,,Playground,custom_rules,U R2 F2 R B L B U' F U B' R2 F2 U' F2 U2 B2 U F2 L2 U',random_state,custom_rules,,,,8,RU,0,0,21151,62,63,72,2.93,10971,10029,"",0,Cross,z' E L R2 B2,z'[75] E[151] L[600] R2[1083] B2[1584],false,true,1433,0,1433,1584,4,5,7,2.79,F2L Slot 1,U2' R' U' R U R' U' R U' L' U' L,U2'[3665] R'[3956] U'[4292] R[4410] U[4509] R'[4686] U'[4802] R[4986] U'[5223] L'[5605] U'[5909] L[6015],false,true,4431,2372,2059,6015,12,12,13,5.83,F2L Slot 2,U U' B U B' U U' B U2 B' U2 B U' B',U[7717] U'[8440] B[8904] U[9045] B'[9178] U[9405] U'[10441] B[10571] U2[10722] B'[10791] U2[11083] B[11148] U'[11206] B'[11304],false,true,5289,2889,2400,11304,14,14,16,5.83,F2L Slot 3,U' R U2 R' U' R U R',U'[12633] R[13246] U2[13481] R'[13598] U'[13850] R[14071] U[14338] R'[14574],false,true,3270,1942,1328,14574,8,8,9,6.02,F2L Slot 4,L U L',L[15778] U[15853] L'[15942],false,true,1368,1204,164,15942,3,3,3,18.29,OLL,U R' F2 L F L' F R,U[16731] R'[17254] F2[17383] L[17627] F[17743] L'[17811] F[17866] R[18114],false,true,2172,1312,860,18114,8,8,9,9.3,PLL,U' L2 U L U L' U' L' U' L2' L U L',U'[18869] L2[19366] U[19553] L[19714] U[19816] L'[19869] U'[19944] L'[20252] U'[20284] L2'[20582] L[20881] U[21068] L'[21151],false,true,3037,1252,1785,21151,13,13,15,7.28,,,,,,,,,,,,,,,,,,,,,,,,,,,,109,BL->FR 45,"[FL,BR]->FR 19",14,5,Ub,,
2450bada-3b31-40d6-8df1-26ee27d87c5b,2023-09-09 02:07:18 UTC,false,22700,CFOP,Gan Smart Cube,Gan i Carry,Gan 356i,Jacob Pfeifer,false,false,11245,22700,,D[0] F[206] U'[719] B[894] B[1014] U'[2542] U'[3960] L'[4531] U'[4748] L[4852] U'[5121] L'[5315] U[5444] L[5622] U[5924] R[6220] U[6389] U[6593] R'[7282] U[8566] F'[9181] U'[9643] F[9753] U[10813] U'[11632] L[12097] U[12281] L'[12508] U[12621] U[12745] R'[13179] U'[13478] R[13927] L[14380] U[14454] L'[14513] U'[14586] L[14653] U[14719] L'[14780] U'[14854] L[14913] U[14993] L'[15076] U[15848] U[16127] U'[16352] U'[16761] B[16973] L[17095] U[17441] L'[17542] U'[17609] L[17672] U[17747] L'[17816] U'[17886] B'[18023] U[20741] L[20918] F'[21091] L'[21133] B[21181] L[21554] F[21667] L'[21746] B'[21847] L[21933] F[22033] L'[22089] B[22132] L[22285] F'[22440] L'[22471] B'[22700],cube,,Playground,custom_rules,U' L' U2 D2 L2 F' U' R2 L' B U B2 U B2 R2 U' L2 F2 U' F2 U D2,random_state,custom_rules,,,,8,UF,0,0,22700,70,70,75,3.08,11704,10996,"",0,Cross,D F U' B2,D[0] F[206] U'[719] B2[1014],false,true,1014,0,1014,1014,4,4,5,3.94,F2L Slot 1,U' U' L' U' L U' L' U L,U'[2542] U'[3960] L'[4531] U'[4748] L[4852] U'[5121] L'[5315] U[5444] L[5622],false,true,4608,3517,1091,5622,9,9,9,8.25,F2L Slot 2,U R U2 R' U F' U' F,U[5924] R[6220] U2[6593] R'[7282] U[8566] F'[9181] U'[9643] F[9753],false,true,4131,598,3533,9753,8,8,9,2.26,F2L Slot 3,U U' L U L' U2 R' U' R,U[10813] U'[11632] L[12097] U[12281] L'[12508] U2[12745] R'[13179] U'[13478] R[13927],false,true,4174,2344,1830,13927,9,9,10,4.92,F2L Slot 4,L U L' U' L U L' U' L U L',L[14380] U[14454] L'[14513] U'[14586] L[14653] U[14719] L'[14780] U'[14854] L[14913] U[14993] L'[15076],false,true,1149,453,696,15076,11,11,11,15.8,OLL,U2 U2' B L U L' U' L U L' U' B',U2[16127] U2'[16761] B[16973] L[17095] U[17441] L'[17542] U'[17609] L[17672] U[17747] L'[17816] U'[17886] B'[18023],false,true,2947,1897,1050,18023,12,12,14,11.43,PLL,U L F' L' B L F L' B' L F L' B L F' L' B',U[20741] L[20918] F'[21091] L'[21133] B[21181] L[21554] F[21667] L'[21746] B'[21847] L[21933] F[22033] L'[22089] B[22132] L[22285] F'[22440] L'[22471] B'[22700],false,true,4677,2895,1782,22700,17,17,17,9.54,,,,,,,,,,,,,,,,,,,,,,,,,,,,16,FL->FR 24,"[FL,BL]->FR 57",31,48,E,,
fe07e270-7bd1-4f88-8770-6a5d0f9638ea,2023-09-09 02:08:37 UTC,false,17320,CFOP,Gan Smart Cube,Gan i Carry,Gan 356i,Jacob Pfeifer,false,false,6827,17320,,F[0] F[125] R[369] U'[942] U'[1311] F[2268] F'[3020] D'[3224] F[3290] D[3578] B[3713] D'[3841] B'[3977] D'[4100] L'[4725] D[4816] L[5001] F[5623] D'[5860] F'[6055] D'[6454] L[6858] D'[7031] L'[7171] D[7255] F'[7592] D'[7730] F[7887] D[8387] B'[8628] D[8758] D[8856] B[8988] D'[9171] R[9464] D[9583] R'[9766] D[10922] F'[11307] R'[12094] D'[12601] R[12681] D[12805] F[13193] D[13445] F[13695] L[13851] D[13951] L'[14028] D'[14122] F'[14266] R[15590] D[15711] D[15782] R'[15900] D[16059] D[16107] R[16226] F'[16308] R'[16415] D'[16535] R[16609] D[16730] R[16798] F[17050] R'[17134] R'[17214] D[17320],cube,,Playground,custom_rules,R D' F2 R F' R2 D F L' F' L2 D B2 U B2 R2 F2 B2 U F2 U D2,random_state,custom_rules,,,,8,DB,0,0,17320,62,62,68,3.58,5783,11412,"",0,Cross,z2 F2 L D2' F,z2[62] F2[125] L[369] D2'[1311] F[2268],false,true,2143,0,2143,2268,4,4,6,1.87,F2L Slot 1,F' U' F U B U' B' U' R' U R,F'[3020] U'[3224] F[3290] U[3578] B[3713] U'[3841] B'[3977] U'[4100] R'[4725] U[4816] R[5001],false,true,2733,752,1981,5001,11,11,11,5.55,F2L Slot 2,F U' F',F[5623] U'[5860] F'[6055],false,true,1054,622,432,6055,3,3,3,6.94,F2L Slot 3,U' R U' R' U F' U' F,U'[6454] R[6858] U'[7031] R'[7171] U[7255] F'[7592] U'[7730] F[7887],false,true,1832,803,1029,7887,8,8,8,7.77,F2L Slot 4,U B' U2 B U' L U L',U[8387] B'[8628] U2[8856] B[8988] U'[9171] L[9464] U[9583] L'[9766],false,true,1879,741,1138,9766,8,8,9,7.03,OLL,U F' L' U' L U F U F R U R' U' F',U[10922] F'[11307] L'[12094] U'[12601] L[12681] U[12805] F[13193] U[13445] F[13695] R[13851] U[13951] R'[14028] U'[14122] F'[14266],false,true,4500,1541,2959,14266,14,14,14,4.73,PLL,L U2 L' U2 L F' L' U' L U L F L2' U,L[15590] U2[15782] L'[15900] U2[16107] L[16226] F'[16308] L'[16415] U'[16535] L[16609] U[16730] L[16798] F[17050] L2'[17214] U[17320],false,true,3054,1324,1730,17320,14,14,17,8.09,,,,,,,,,,,,,,,,,,,,,,,,,,,,148,BL->FR 21,"[FL,BR]->FR 18",2,11,Ra,,
658ef366-7e62-4cc5-b762-0004c2e8cc4c,2023-09-09 02:10:01 UTC,false,18503,CFOP,Gan Smart Cube,Gan i Carry,Gan 356i,Jacob Pfeifer,false,false,6911,18503,,D'[0] B'[152] L[234] D[641] D[731] L'[1127] F[1186] L[1309] R[1461] L[4273] D'[4541] L'[4803] L'[4953] D'[5164] L[5491] D'[6843] F[7343] D[7657] D[7748] F'[7912] D[8223] F[8547] D'[8755] F'[9304] D[10590] F'[10835] D[11131] D[11234] F[11357] D'[11584] F'[11919] D[12303] F[12471] D'[12864] B'[13034] D'[13251] B[13316] D[13438] B'[13580] D'[13690] B[13756] D[14222] L[14611] D[14878] B[15009] D'[15063] B'[15161] L'[15312] F'[16692] D[16793] D[16876] F'[16951] D'[17224] L'[17507] F'[17616] L[17656] L[17736] D'[17803] L'[17903] D[17934] L'[18075] F[18192] L[18300] D'[18394] F[18503],cube,,Playground,custom_rules,U2 F U B R' L F R' D F U2 F2 L2 F2 U' B2 L2 U2 L2 D2 F2 D',random_state,custom_rules,,,,8,DB,0,0,18503,59,59,65,3.19,8993,9510,"",0,Cross,z2 U' B' R U2 R' F R L,z2[0] U'[0] B'[152] R[234] U2[731] R'[1127] F[1186] R[1309] L[1461],false,true,1461,0,1461,1461,8,8,9,5.48,F2L Slot 1,R U' R2' U' R,R[4273] U'[4541] R2'[4953] U'[5164] R[5491],false,true,4030,2812,1218,5491,5,5,6,4.11,F2L Slot 2,U' F U2 F' U F U' F',U'[6843] F[7343] U2[7748] F'[7912] U[8223] F[8547] U'[8755] F'[9304],false,true,3813,1852,1961,9304,8,8,9,4.08,F2L Slot 3,U F' U2 F U' F' U F,U[10590] F'[10835] U2[11234] F[11357] U'[11584] F'[11919] U[12303] F[12471],false,true,3167,1531,1636,12471,8,8,9,4.89,F2L Slot 4,U' B' U' B U B' U' B,U'[12864] B'[13034] U'[13251] B[13316] U[13438] B'[13580] U'[13690] B[13756],false,true,1285,563,722,13756,8,8,8,11.08,OLL,U R U B U' B' R',U[14222] R[14611] U[14878] B[15009] U'[15063] B'[15161] R'[15312],false,true,1556,855,701,15312,7,7,7,9.99,PLL,F' U2 F' U' R' F' R2 U' R' U R' F R U' F,F'[16692] U2[16876] F'[16951] U'[17224] R'[17507] F'[17616] R2[17736] U'[17803] R'[17903] U[17934] R'[18075] F[18192] R[18300] U'[18394] F[18503],false,true,3191,1380,1811,18503,15,15,17,8.28,,,,,,,,,,,,,,,,,,,,,,,,,,,,18,BL->FR 13,"[FL,BR]->FR 10",29,44,F,,
edd1c038-6622-415e-a913-ce23f34b6438,2023-09-09 02:07:56 UTC,false,18454,CFOP,Gan Smart Cube,Gan i Carry,Gan 356i,Jacob Pfeifer,false,false,7529,18454,,L[0] F[216] L[440] B[804] U'[1254] L[1704] U[2032] D'[2960] B'[3175] D'[3349] B[3448] D'[3675] L'[4223] D[4358] L[4537] D[5813] R[6263] D'[6440] R'[6628] D'[7162] F'[7467] D[7547] F[7697] D'[8051] F[8783] D[8985] F'[9129] D'[9238] D'[9784] R'[10013] D[10141] R[10298] D'[10636] R[10688] D'[10916] R'[11243] D'[11390] R[11501] D'[11630] R'[11729] D[11773] R[11869] D'[11969] R'[12078] D'[13491] L'[13695] D[13781] D[13858] L[13947] D[14147] D[14209] L[14326] B'[14449] L'[14573] B[14614] R[15850] R[15926] U[16130] F'[16276] D[16505] F'[16601] D'[16681] F[16761] U'[16905] R[17000] R[17082] B'[17681] D[17743] B[17890] D'[18026] D'[18454],cube,,Playground,custom_rules,U F B2 L' F R D' B2 U' B' U B2 D R2 U B2 U' L2 F2 R2 U',random_state,custom_rules,,,,8,DB,0,0,18454,65,65,71,3.52,7274,11180,"",0,Cross,z2 R F R B D' R D,z2[0] R[0] F[216] R[440] B[804] D'[1254] R[1704] D[2032],false,true,2032,0,2032,2032,7,7,7,3.44,F2L Slot 1,U' B' U' B U' R' U R,U'[2960] B'[3175] U'[3349] B[3448] U'[3675] R'[4223] U[4358] R[4537],false,true,2505,1143,1362,4537,8,8,8,5.87,F2L Slot 2,U L U' L' U' F' U F,U[5813] L[6263] U'[6440] L'[6628] U'[7162] F'[7467] U[7547] F[7697],false,true,3160,1726,1434,7697,8,8,8,5.58,F2L Slot 3,U' F U F' U2' L' U L,U'[8051] F[8783] U[8985] F'[9129] U2'[9784] L'[10013] U[10141] L[10298],false,true,2601,1086,1515,10298,8,8,9,5.28,F2L Slot 4,U' L U' L' U' L U' L' U L U' L',U'[10636] L[10688] U'[10916] L'[11243] U'[11390] L[11501] U'[11630] L'[11729] U[11773] L[11869] U'[11969] L'[12078],false,true,1780,390,1390,12078,12,12,12,8.63,OLL,U' R' U2 R U2 R B' R' B,U'[13491] R'[13695] U2[13858] R[13947] U2[14209] R[14326] B'[14449] R'[14573] B[14614],false,true,2536,1617,919,14614,9,9,11,9.79,PLL,L2 D F' U F' U' F D' L2 B' U B U2',L2[15926] D[16130] F'[16276] U[16505] F'[16601] U'[16681] F[16761] D'[16905] L2[17082] B'[17681] U[17743] B[17890] U2'[18454],false,true,3840,1312,2528,18454,13,13,16,5.14,,,,,,,,,,,,,,,,,,,,,,,,,,,,11,BR->FR 70,"[BL,BR]->FR 30",1,7,Ga,,
f8335919-dfe8-4a12-a27d-c83caf6a6302,2023-09-09 02:09:21 UTC,false,18511,CFOP,Gan Smart Cube,Gan i Carry,Gan 356i,Jacob Pfeifer,false,false,9422,18511,,U'[0] F[255] F[348] D[662] F[997] D[1348] B[1828] U[1943] B'[2096] F'[2562] U'[2742] F[2817] U[2930] F'[3077] U'[3202] F[3273] U[3404] F'[3632] U'[3898] F[4247] U[5554] L'[6085] U'[6248] L[6350] U[6513] B[7000] U[7162] B'[7424] U'[9261] L[10088] U[10387] U[10495] L'[10756] U[10878] L[11190] U'[11465] L'[11670] U'[12330] L'[12541] U'[12759] L[12857] U[13166] U[13275] L'[13505] U[13588] L[13706] F[14445] R[14590] U'[14674] R'[14779] U'[14889] R[14948] U[15028] R'[15107] F'[15234] U'[16653] R[16833] U[16949] R'[17013] F'[17097] R[17170] U[17314] R'[17370] U'[17468] R'[17648] F[17693] R[17758] R[17811] U'[18308] R'[18414] U'[18511],cube,,Playground,custom_rules,F' D' L D2 B2 L2 D L' U2 L' F' D2 L2 U' F2 D R2 B2 D R2 U' F2,random_state,custom_rules,,,,8,UF,0,0,18511,67,67,71,3.62,8191,10320,"",0,Cross,U' F2 D F D,U'[0] F2[348] D[662] F[997] D[1348],false,true,1348,0,1348,1348,5,5,6,3.71,F2L Slot 1,B U B' F' U' F U F' U' F U F' U' F,B[1828] U[1943] B'[2096] F'[2562] U'[2742] F[2817] U[2930] F'[3077] U'[3202] F[3273] U[3404] F'[3632] U'[3898] F[4247],false,true,2899,480,2419,4247,14,14,14,5.79,F2L Slot 2,U L' U' L U B U B',U[5554] L'[6085] U'[6248] L[6350] U[6513] B[7000] U[7162] B'[7424],false,true,3177,1838,1339,7424,8,8,8,5.97,F2L Slot 3,U' L U2 L' U L U' L',U'[9261] L[10088] U2[10495] L'[10756] U[10878] L[11190] U'[11465] L'[11670],false,true,4246,2664,1582,11670,8,8,9,5.06,F2L Slot 4,U' L' U' L U2 L' U L,U'[12330] L'[12541] U'[12759] L[12857] U2[13275] L'[13505] U[13588] L[13706],false,true,2036,871,1165,13706,8,8,9,6.87,OLL,F R U' R' U' R U R' F',F[14445] R[14590] U'[14674] R'[14779] U'[14889] R[14948] U[15028] R'[15107] F'[15234],false,true,1528,739,789,15234,9,9,9,11.41,PLL,U' R U R' F' R U R' U' R' F R2 U' R' U',U'[16653] R[16833] U[16949] R'[17013] F'[17097] R[17170] U[17314] R'[17370] U'[17468] R'[17648] F[17693] R2[17811] U'[18308] R'[18414] U'[18511],false,true,3277,1599,1678,18511,15,15,16,8.94,,,,,,,,,,,,,,,,,,,,,,,,,,,,62,FL->FR 95,"[FL,BL]->FR 13",11,37,Jb,,
1bc1565e-b795-4eab-b85d-1995d582468f,2023-09-09 02:10:50 UTC,false,16980,CFOP,Gan Smart Cube,Gan i Carry,Gan 356i,Jacob Pfeifer,false,false,17736,16980,,B[0] R[184] B[421] F'[1207] D'[1457] F'[1641] D[1973] F[2145] L[2772] F[3198] L'[3457] R'[4532] F[4612] R[4716] D'[5509] F'[5620] D[5715] R'[6264] F'[6454] R[6644] F[7320] L'[7674] F[7750] L[7924] F[8288] D'[8981] F[9100] D[9265] F'[9869] F'[10136] F'[10529] L'[10602] F[10654] L[10769] F[10907] L'[11034] F[11112] L[11241] F'[11340] L'[11433] F[11458] L[11553] F[12038] F'[12235] R[12376] R[12459] B[12550] R'[12721] F[12831] F[12914] R[12968] B'[13275] R'[13425] F[13492] F[13542] R'[13625] F[14138] R'[14981] F[15018] R'[15123] F'[15390] U'[15691] R'[15758] U[15843] U[15915] F'[15982] U'[16073] F[16105] U'[16262] R[16335] U[16439] R[16627] F[16910] F[16980],cube,,Playground,custom_rules,D2 L2 B' R2 B' U2 B' R B U L2 D2 B2 D R2 F2 U L2 D R2 D B2,random_state,custom_rules,,,,8,FU,0,0,16980,67,67,74,3.95,6740,10240,"",0,Cross,x D R D,x[0] D[0] R[184] D[421],false,true,421,0,421,421,3,3,3,7.13,F2L Slot 1,U' F' U' F U L U L',U'[1207] F'[1457] U'[1641] F[1973] U[2145] L[2772] U[3198] L'[3457],false,true,3036,1036,2000,3457,8,8,8,4.0,F2L Slot 2,R' U R F' U' F R' U' R,R'[4532] U[4612] R[4716] F'[5509] U'[5620] F[5715] R'[6264] U'[6454] R[6644],false,true,3187,1075,2112,6644,9,9,9,4.26,F2L Slot 3,U L' U L U F' U F,U[7320] L'[7674] U[7750] L[7924] U[8288] F'[8981] U[9100] F[9265],false,true,2621,1030,1591,9265,8,8,8,5.03,F2L Slot 4,U3' L' U L U L' U L U' L' U L,U3'[10529] L'[10602] U[10654] L[10769] U[10907] L'[11034] U[11112] L[11241] U'[11340] L'[11433] U[11458] L[11553],false,true,2288,1337,951,11553,12,12,14,12.62,OLL,U U' R2 D R' U2 R D' R' U2 R',U[12038] U'[12235] R2[12459] D[12550] R'[12721] U2[12914] R[12968] D'[13275] R'[13425] U2[13542] R'[13625],false,true,2072,906,1166,13625,11,11,14,9.43,PLL,U R' U R' U' B' R' B2 U' B' U B' R B R U2,U[14138] R'[14981] U[15018] R'[15123] U'[15390] B'[15691] R'[15758] B2[15915] U'[15982] B'[16073] U[16105] B'[16262] R[16335] B[16439] R[16627] U2[16980],false,true,3355,1356,1999,16980,16,16,18,8.0,,,,,,,,,,,,,,,,,,,,,,,,,,,,113,BR->FR 62,"[BL,BR]->FR 59",22,23,V,,
1ababbaf-aee6-40dd-afda-974d5b24dc08,2023-09-09 02:11:55 UTC,false,23603,CFOP,Gan Smart Cube,Gan i Carry,Gan 356i,Jacob Pfeifer,false,false,26482,23603,,D[0] F'[118] D'[244] U'[731] B'[1316] B'[1719] B[1910] L[2393] L'[3184] B'[3313] U[3384] B[3513] R[3766] L[6744] U'[7452] L[7601] U[7874] D[8365] L[8541] L[8646] D'[8891] D'[9029] L'[9314] D[9419] L'[11106] L'[11540] F'[12126] L[12273] L[12410] F[12575] L'[12779] B'[12979] L'[13274] B[13372] L[15551] L[15688] U[15943] L'[16096] U'[16188] U[17415] L[17534] L[17618] U'[17704] U'[17983] F[18023] U[18123] F'[18340] L[18598] L[18676] U'[18810] F[18891] U[19002] F'[19231] L[19847] U'[20672] F[20766] U'[21113] B[21456] B[21632] U[21847] F'[21969] U'[22111] B[22271] B[22460] U[22656] U[22722] L[23521] L[23603],cube,,Playground,custom_rules,U D R' B L F U D R F2 D' B2 U F2 U' F2 L2 B2 U B2 L2 U',random_state,custom_rules,,,,8,LU,0,0,23603,55,55,68,2.33,12123,11480,"",0,Cross,z L F' L' R' B2' B U U' B' R B D,z[0] L[0] F'[118] L'[244] R'[731] B2'[1719] B[1910] U[2393] U'[3184] B'[3313] R[3384] B[3513] D[3766],false,true,3766,0,3766,3766,12,12,13,3.19,F2L Slot 1,U R' U R,U[6744] R'[7452] U[7601] R[7874],false,true,4108,3686,422,7874,4,4,4,9.48,F2L Slot 2,L U2 L2' U' L,L[8365] U2[8646] L2'[9029] U'[9314] L[9419],false,true,1545,491,1054,9419,5,5,7,4.74,F2L Slot 3,U2' F' U2 F U' B' U' B,U2'[11540] F'[12126] U2[12410] F[12575] U'[12779] B'[12979] U'[13274] B[13372],false,true,3953,2707,1246,13372,8,8,10,6.42,F2L Slot 4,U2 R U' R',U2[15688] R[15943] U'[16096] R'[16188],false,true,2816,2571,245,16188,4,4,5,16.33,OLL,R U2 R2' F R F' U2 R' F R F',R[17415] U2[17618] R2'[17983] F[18023] R[18123] F'[18340] U2[18676] R'[18810] F[18891] R[19002] F'[19231],false,true,3043,1227,1816,19231,11,11,14,6.06,PLL,U R' F R' B2 R F' R' B2 R2 U2,U[19847] R'[20672] F[20766] R'[21113] B2[21632] R[21847] F'[21969] R'[22111] B2[22460] R2[22722] U2[23603],false,true,4372,1441,2931,23603,11,11,15,3.75,,,,,,,,,,,,,,,,,,,,,,,,,,,,5,BL->FR 24,"[FL,BR]->FR 4",21,1,Aa,,
dc31d213-fce2-42b2-8f40-3e7482df40f2,2023-09-09 02:12:42 UTC,false,11832,CFOP,Gan Smart Cube,Gan i Carry,Gan 356i,Jacob Pfeifer,false,false,18281,11832,,U'[0] F'[103] U[430] L'[581] U'[723] F'[1071] B'[1634] D[1716] B[2097] F[2546] F[2646] U'[3064] F[3152] U[3330] F'[3593] D'[3788] F[3867] F[3962] D[4105] F[4329] D'[4500] F'[4904] D[5128] U[5556] F[5754] F[5822] U'[5923] F[6127] R'[6564] F'[6811] R[6973] L'[8056] F[8124] L[8257] F[8886] D[8992] F'[9071] D'[9162] F[10102] L[10402] D[10540] F'[10601] D'[10715] F'[10798] D[10854] F[10924] D'[11000] L'[11080] D[11132] F[11261] D'[11305] F'[11383] D'[11552] L[11585] D[11677] L'[11832],cube,,Playground,custom_rules,U2 L U2 B U' F' D2 B R' B2 D F2 U' B2 D F2 U2 F2 L2 F2 D B2,random_state,custom_rules,,,,8,FU,0,0,11832,53,53,56,4.48,4176,7656,"",1,Cross,x B' U' B L' B' U' D' F D,x[0] B'[0] U'[103] B[430] L'[581] B'[723] U'[1071] D'[1634] F[1716] D[2097],false,true,2097,0,2097,2097,9,9,9,4.29,F2L Slot 1,U2 B' U B,U2[2646] B'[3064] U[3152] B[3330],false,true,1233,967,266,3330,4,4,5,15.04,F2L Slot 2,U' F' U2 F U F' U' F,U'[3593] F'[3788] U2[3962] F[4105] U[4329] F'[4500] U'[4904] F[5128],false,true,1798,458,1340,5128,8,8,9,5.97,F2L Slot 3,B U2 B' U R' U' R,B[5556] U2[5822] B'[5923] U[6127] R'[6564] U'[6811] R[6973],false,true,1845,428,1417,6973,7,7,8,4.94,F2L Slot 4,L' U L U F U' F',L'[8056] U[8124] L[8257] U[8886] F[8992] U'[9071] F'[9162],false,true,2189,1083,1106,9162,7,7,7,6.33,OLL,,"",true,false,0,0,0,9162,0,0,0,0,PLL,U L F U' F' U' F U F' L' F U F' U' F' L F L',U[10102] L[10402] F[10540] U'[10601] F'[10715] U'[10798] F[10854] U[10924] F'[11000] L'[11080] F[11132] U[11261] F'[11305] U'[11383] F'[11552] L[11585] F[11677] L'[11832],false,true,2670,1240,1430,11832,18,18,18,12.59,,,,,,,,,,,,,,,,,,,,,,,,,,,,5,BL->FR 4,"[FL,BR]->FR 24",25,Solved,Y,,
8951d151-333a-4dec-a566-bfb042493a62,2023-09-09 02:15:36 UTC,false,19984,CFOP,Gan Smart Cube,Gan i Carry,Gan 356i,Jacob Pfeifer,false,false,7115,19984,,U'[0] L'[212] D'[564] F'[840] R[1047] R[1157] D[1304] F'[2360] U[2503] F'[2736] U'[2890] F[2962] F[3084] D'[3605] F'[4261] D[4381] D[5408] F'[5757] D'[5943] F'[6183] L[6814] F'[7141] L'[7290] F[7740] F[7833] L'[8179] F'[8326] L[8382] F[8685] L'[8971] F'[9265] L[9322] F[9456] L'[9619] F'[9735] L[9811] F'[10495] F'[10765] R'[10980] F[11039] F[11128] R[11202] F[11441] R'[11528] F'[11620] R[11711] U[13926] F'[14032] U'[14139] F'[14263] U[14377] F'[14494] U'[14606] F[14673] R'[14961] F'[15024] R[15092] F[15687] U[16007] F[16157] L[16271] F'[16332] L'[16394] U'[16579] F[17517] F'[17684] R'[17889] F[17943] F[18018] R[18134] F'[18282] F'[18531] R'[18782] D[18835] R[19024] F[19249] R'[19340] F'[19453] R'[19643] D'[19766] R[19867] R[19920] F[19984],cube,,Playground,custom_rules,U D' F' D2 F' L' D2 L' B U F2 B2 L2 U R2 F2 U' L2 D2 F2 D',random_state,custom_rules,,,,8,FU,0,0,19984,75,75,83,3.75,6509,13475,"",0,Cross,x B' L' F' U' R2 F,x[0] B'[0] L'[212] F'[564] U'[840] R2[1157] F[1304],false,true,1304,0,1304,1304,6,6,7,4.6,F2L Slot 1,U' B U' B' U2 F' U' F,U'[2360] B[2503] U'[2736] B'[2890] U2[3084] F'[3605] U'[4261] F[4381],false,true,3077,1199,1878,4381,8,8,9,4.26,F2L Slot 2,F U' F' U' L U' L',F[5408] U'[5757] F'[5943] U'[6183] L[6814] U'[7141] L'[7290],false,true,2909,1027,1882,7290,7,7,7,3.72,F2L Slot 3,U2 L' U' L U L' U' L U L' U' L,U2[7833] L'[8179] U'[8326] L[8382] U[8685] L'[8971] U'[9265] L[9322] U[9456] L'[9619] U'[9735] L[9811],false,true,2521,889,1632,9811,12,12,13,7.35,F2L Slot 4,U2' R' U2 R U R' U' R B U' B' U' B U' B' U R' U' R,U2'[10765] R'[10980] U2[11128] R[11202] U[11441] R'[11528] U'[11620] R[11711] B[13926] U'[14032] B'[14139] U'[14263] B[14377] U'[14494] B'[14606] U[14673] R'[14961] U'[15024] R[15092],false,true,5281,1169,4112,15092,19,19,21,4.62,OLL,U B U L U' L' B',U[15687] B[16007] U[16157] L[16271] U'[16332] L'[16394] B'[16579],false,true,1487,915,572,16579,7,7,7,12.24,PLL,U U' R' U2 R U2' R' F R U R' U' R' F' R2 U,U[17517] U'[17684] R'[17889] U2[18018] R[18134] U2'[18531] R'[18782] F[18835] R[19024] U[19249] R'[19340] U'[19453] R'[19643] F'[19766] R2[19920] U[19984],false,true,3405,1310,2095,19984,16,16,19,7.64,,,,,,,,,,,,,,,,,,,,,,,,,,,,18,BL->FR 72,"[FL,BR]->FR 37",2,44,Rb,,
9765d0bb-5134-4915-9450-635f7d7cfa18,2023-09-09 02:16:29 UTC,false,20985,CFOP,Gan Smart Cube,Gan i Carry,Gan 356i,Jacob Pfeifer,false,false,13474,20985,,R[0] L'[111] D'[879] L[1493] F[2050] U[2894] F[3024] U'[3130] F'[3493] U'[3633] F[3774] U'[3931] F'[4086] U[4219] F[4396] U'[4559] F'[4781] R'[6544] U[6681] U[6808] R[7027] U'[7239] R'[7455] U[7581] R[8259] L[10633] U[10722] L'[10836] U'[10985] L[11079] U[11204] L'[11372] R[14276] U'[14415] R'[14537] U'[14781] F'[15110] U[15161] F[15292] L[16052] U[16236] F[16349] U'[16408] F'[16477] L'[16870] R[16947] B[17124] U[17251] B'[17303] U'[17407] R'[17554] B'[19157] U[19198] B'[19291] U'[19555] L'[19827] B'[19918] L[20010] L[20107] U'[20315] L'[20437] U[20474] L'[20597] B[20711] L[20796] B[20985],cube,,Playground,custom_rules,F' D' B L' B D2 B2 L D R L2 U2 L2 F2 L2 U' L2 F2 B2 U2 D B2,random_state,custom_rules,,,,8,UF,0,0,20985,62,64,66,2.95,10378,10496,"",0,Cross,x M D' L F,x[55] M[111] D'[879] L[1493] F[2050],false,true,1939,0,1939,2050,4,5,5,2.06,F2L Slot 1,U F U' F' U' F U' F' U F U' F',U[2894] F[3024] U'[3130] F'[3493] U'[3633] F[3774] U'[3931] F'[4086] U[4219] F[4396] U'[4559] F'[4781],false,true,2731,974,1757,4781,12,12,12,6.83,F2L Slot 2,R' U2 R U' R' U R,R'[6544] U2[6808] R[7027] U'[7239] R'[7455] U[7581] R[8259],false,true,3478,1763,1715,8259,7,7,8,4.08,F2L Slot 3,L U L' U' L U L',L[10633] U[10722] L'[10836] U'[10985] L[11079] U[11204] L'[11372],false,true,3113,2374,739,11372,7,7,7,9.47,F2L Slot 4,R U' R' U' F' U F,R[14276] U'[14415] R'[14537] U'[14781] F'[15110] U[15161] F[15292],false,true,3920,2904,1016,15292,7,7,7,6.89,OLL,L U F U' F' M U F U' F' R' x,L[16052] U[16236] F[16349] U'[16408] F'[16477] M[16947] U[17124] F[17251] U'[17303] F'[17407] R'[17554] x[18355],false,true,2262,760,1502,17554,11,12,12,7.32,PLL,B' U B' U' L' B' L2 U' L' U L' B L B,B'[19157] U[19198] B'[19291] U'[19555] L'[19827] B'[19918] L2[20107] U'[20315] L'[20437] U[20474] L'[20597] B[20711] L[20796] B[20985],false,true,3431,1603,1828,20985,14,14,15,7.66,,,,,,,,,,,,,,,,,,,,,,,,,,,,1,BL->FR 10,"[FL,BR]->FR 27",28,22,V,,
960da095-aad0-4485-913f-e2be7070e7ec,2023-09-09 02:18:09 UTC,false,18976,CFOP,Gan Smart Cube,Gan i Carry,Gan 356i,Jacob Pfeifer,false,false,20622,18976,,L'[0] U[123] U[252] L'[481] U'[665] B'[1343] L'[1665] B'[1929] F'[2654] F[3957] F[4030] R[4586] F[5075] R'[5226] F'[5399] R[5463] F[5605] R'[5872] F[6023] L[6441] F[6659] L'[7121] F[7387] R'[7607] F[7748] F[7859] R[8022] R[8168] F[8347] R'[8657] F[9832] L'[10570] F[10643] F[10741] L[10839] F[11112] L'[11443] F'[11673] L[11805] F'[12489] U[12981] F[13066] U'[13131] F'[13221] U[13297] F[13375] U'[13452] F[14263] U[14510] F[14623] F[14720] U'[14813] U'[15092] R[15145] U[15247] R'[15601] U[15816] F[15938] F[16002] U'[16078] D[17243] U'[17251] U'[17329] D[17329] B'[17453] D[17604] U'[17613] D[17697] U'[17709] F'[17843] F'[18019] U'[18162] D[18163] D[18237] U'[18246] B'[18389] D[18538] U'[18546] D[18807] U'[18818] F'[18976],cube,,Playground,custom_rules,U2 L' F' R L' U L2 F2 D' R B2 U' R2 D2 R2 B2 U F2 U B2 U',random_state,custom_rules,,,,8,FU,0,0,18976,60,64,81,3.16,8541,10435,"",0,Cross,x L' B2 L' B' D' L' D',x[0] L'[0] B2[252] L'[481] B'[665] D'[1343] L'[1665] D'[1929],false,true,1929,0,1929,1929,7,7,8,3.63,F2L Slot 1,U' U2 R U R' U' R U R' U L U L',U'[2654] U2[4030] R[4586] U[5075] R'[5226] U'[5399] R[5463] U[5605] R'[5872] U[6023] L[6441] U[6659] L'[7121],false,true,5192,2657,2535,7121,13,13,14,5.13,F2L Slot 2,U R' U2 R2 U R',U[7387] R'[7607] U2[7859] R2[8168] U[8347] R'[8657],false,true,1536,486,1050,8657,6,6,8,5.71,F2L Slot 3,U L' U2 L U L' U' L,U[9832] L'[10570] U2[10741] L[10839] U[11112] L'[11443] U'[11673] L[11805],false,true,3148,1913,1235,11805,8,8,9,6.48,F2L Slot 4,U' B U B' U' B U B',U'[12489] B[12981] U[13066] B'[13131] U'[13221] B[13297] U[13375] B'[13452],false,true,1647,1176,471,13452,8,8,8,16.99,OLL,U B U2 B2' R B R' B U2 B',U[14263] B[14510] U2[14720] B2'[15092] R[15145] B[15247] R'[15601] B[15816] U2[16002] B'[16078],false,true,2626,1058,1568,16078,10,10,13,6.38,PLL,S2' U' S2' U2' S2' U' S2' U',S2'[17329] U'[17453] S2'[17709] U2'[18019] S2'[18246] U'[18389] S2'[18818] U'[18976],false,true,2898,1251,1647,18976,8,12,21,4.86,,,,,,,,,,,,,,,,,,,,,,,,,,,,109,BL->FR 2,"[FL,BR]->FR 4",27,35,H,,
2308df73-ac5e-409b-8d4d-58e818f20d62,2023-09-09 02:18:56 UTC,false,20210,CFOP,Gan Smart Cube,Gan i Carry,Gan 356i,Jacob Pfeifer,false,false,4490,20210,,D[0] L'[219] F[346] L'[556] R'[1411] U[1956] F'[2187] U'[2488] D'[3205] F[3338] D'[3515] F'[3698] D[3792] F[4033] D[4221] F'[4800] D[5409] D[5516] B'[6188] D[6395] B[6599] D'[7299] B[7839] D[8034] B'[8250] D[8407] B[8683] D'[8980] B'[9072] D'[9863] D'[10202] L[10452] D'[10590] L'[10737] D[10836] D[11327] F'[11458] D'[11538] F[11610] D'[12551] R[14867] F[15044] D[15168] F'[15221] D'[15285] R'[15434] F[16382] D[16486] D[16545] F'[16629] D'[16700] F[16794] D'[16891] F'[16973] B[18390] F'[18399] F'[18478] B[18479] U'[18618] B[18731] F'[18739] B[19081] F'[19089] D'[19262] B[19403] F'[19413] R'[19566] R'[19663] B[19800] F'[19809] B[19886] F'[19895] L'[19983] L'[20089] B[20201] F'[20210],cube,,Playground,custom_rules,U2 D F' B2 R F2 L' B' L' F' U' B2 D L2 D F2 U' L2 F2 L2 D L2,random_state,custom_rules,,,,8,DB,0,0,20210,59,64,76,2.92,9621,10589,"",0,Cross,z2 U R' F R' L' D F' D',z2[0] U[0] R'[219] F[346] R'[556] L'[1411] D[1956] F'[2187] D'[2488],false,true,2488,0,2488,2488,8,8,8,3.22,F2L Slot 1,U' F U' F' U F U F',U'[3205] F[3338] U'[3515] F'[3698] U[3792] F[4033] U[4221] F'[4800],false,true,2312,850,1462,4800,8,8,8,5.47,F2L Slot 2,U2 B' U B,U2[5516] B'[6188] U[6395] B[6599],false,true,1799,1388,411,6599,4,4,5,9.73,F2L Slot 3,U' B U B' U B U' B',U'[7299] B[7839] U[8034] B'[8250] U[8407] B[8683] U'[8980] B'[9072],false,true,2473,1240,1233,9072,8,8,8,6.49,F2L Slot 4,U2' R U' R' U2 F' U' F,U2'[10202] R[10452] U'[10590] R'[10737] U2[11327] F'[11458] U'[11538] F[11610],false,true,2538,1380,1158,11610,8,8,10,6.91,OLL,U' L F U F' U' L' F U2 F' U' F U' F',U'[12551] L[14867] F[15044] U[15168] F'[15221] U'[15285] L'[15434] F[16382] U2[16545] F'[16629] U'[16700] F[16794] U'[16891] F'[16973],false,true,5363,3257,2106,16973,14,14,15,6.65,PLL,S2 U' S2 U' S U2' S2 U2' S,S2[18479] U'[18618] S2[19089] U'[19262] S[19413] U2'[19663] S2[19895] U2'[20089] S[20210],false,true,3237,1506,1731,20210,9,14,22,5.2,,,,,,,,,,,,,,,,,,,,,,,,,,,,20,BR->FR 5,"[BL,BR]->FR 7",23,16,Z,,
c0d8852e-3d56-494d-806d-a5f3c942196d,2023-09-09 02:21:08 UTC,false,16071,CFOP,Gan Smart Cube,Gan i Carry,Gan 356i,Jacob Pfeifer,false,false,5356,16071,,R[0] B[184] F'[857] L'[1177] F[1301] F[1399] L[2483] D[2633] D[2739] L'[2875] D'[3025] L[3170] D[3361] L'[3636] D[4636] D[4759] B'[5236] D[5310] B[5485] D[5693] R'[6168] D[6298] R[6501] D[7084] D[7739] D[7825] L'[8122] D'[8349] L[8414] D[9273] R[9525] D[9637] R'[9804] D[10035] D[10116] R[10191] D'[10306] R'[10425] D'[11061] B'[11276] L[11543] B[11645] R'[11725] B'[11847] L'[12003] B[12049] R[12165] D[13063] R'[13342] D'[13432] R[13542] F[14153] F[14238] U[14483] L'[14624] D[14674] L[14854] D'[14980] L[15112] U'[15390] F[15478] F[15567] D'[15658] D'[16071],cube,,Playground,custom_rules,U B2 U' B D F2 L' F R L2 U F2 L2 U' R2 U2 D B2 U' F2 U F2,random_state,custom_rules,,,,8,DB,0,0,16071,55,55,64,3.42,7444,8627,"",0,Cross,z2 L B F' R' F2,z2[0] L[0] B[184] F'[857] R'[1177] F2[1399],false,true,1399,0,1399,1399,5,5,6,3.57,F2L Slot 1,R U2 R' U' R U R',R[2483] U2[2739] R'[2875] U'[3025] R[3170] U[3361] R'[3636],false,true,2237,1084,1153,3636,7,7,8,6.07,F2L Slot 2,U2 B' U B U L' U L,U2[4759] B'[5236] U[5310] B[5485] U[5693] L'[6168] U[6298] L[6501],false,true,2865,1600,1265,6501,8,8,9,6.32,F2L Slot 3,U3 R' U' R,U3[7825] R'[8122] U'[8349] R[8414],false,true,1913,1621,292,8414,4,4,6,13.7,F2L Slot 4,U L U L' U2 L U' L',U[9273] L[9525] U[9637] L'[9804] U2[10116] L[10191] U'[10306] L'[10425],false,true,2011,1111,900,10425,8,8,9,8.89,OLL,U' B' R B L' B' R' B L,U'[11061] B'[11276] R[11543] B[11645] L'[11725] B'[11847] R'[12003] B[12049] L[12165],false,true,1740,851,889,12165,9,9,9,10.12,PLL,U L' U' L F2 D R' U R U' R D' F2 U2',U[13063] L'[13342] U'[13432] L[13542] F2[14238] D[14483] R'[14624] U[14674] R[14854] U'[14980] R[15112] D'[15390] F2[15567] U2'[16071],false,true,3906,1177,2729,16071,14,14,17,5.13,,,,,,,,,,,,,,,,,,,,,,,,,,,,19,BR->FR 95,"[FL,BL]->FR 12",15,25,Gb,,
a0871582-7a04-4267-aac1-5b4dc468a5ca,2023-09-09 02:23:36 UTC,false,18940,CFOP,Gan Smart Cube,Gan i Carry,Gan 356i,Jacob Pfeifer,false,false,7464,18940,,B'[0] R[340] U'[699] F'[1003] R'[1522] R'[1720] L'[2322] U'[2900] L[2995] U[3133] L[3381] B'[3950] L[4058] B[4264] L'[4878] B[5051] L[5179] B'[5492] L[5575] U'[5950] L'[6119] U[6240] U[8537] L'[8745] U'[8931] L[9017] L[9116] F[9487] L[9777] F'[10101] L'[11111] U[11261] L'[11396] U'[11525] L[11600] U[11701] L[11895] U'[12152] L[13069] L[13151] B'[13482] L'[13780] U'[13966] L[14029] U[14134] B[14471] L'[15979] U[16208] U[16287] R[16688] B'[16821] L[17083] B'[17175] L'[17288] B[17352] R'[17834] U[17931] U[18073] F'[18605] L[18705] F[18817] L[18940],cube,,Playground,custom_rules,F' U' L' F' U' L' F2 B L F2 R2 D2 F2 L2 D R2 D' L2 U2 F2,random_state,custom_rules,,,,8,LU,0,0,18940,57,57,62,3.01,8570,10370,"",0,Cross,z B' D R' F' D2',z[0] B'[0] D[340] R'[699] F'[1003] D2'[1720],false,true,1720,0,1720,1720,5,5,6,2.91,F2L Slot 1,U' R' U R U B' U B,U'[2322] R'[2900] U[2995] R[3133] U[3381] B'[3950] U[4058] B[4264],false,true,2544,1180,1364,4264,8,8,8,5.87,F2L Slot 2,U' B U B' U R' U' R,U'[4878] B[5051] U[5179] B'[5492] U[5575] R'[5950] U'[6119] R[6240],false,true,1976,787,1189,6240,8,8,8,6.73,F2L Slot 3,R U' R' U2 F U F',R[8537] U'[8745] R'[8931] U2[9116] F[9487] U[9777] F'[10101],false,true,3861,2297,1564,10101,7,7,8,4.48,F2L Slot 4,U' R U' R' U R U R',U'[11111] R[11261] U'[11396] R'[11525] U[11600] R[11701] U[11895] R'[12152],false,true,2051,1160,891,12152,8,8,8,8.98,OLL,U2 B' U' R' U R B,U2[13151] B'[13482] U'[13780] R'[13966] U[14029] R[14134] B[14471],false,true,2319,1330,989,14471,7,7,8,7.08,PLL,U' R2 D B' U B' U' B D' R2 F' U F U,U'[15979] R2[16287] D[16688] B'[16821] U[17083] B'[17175] U'[17288] B[17352] D'[17834] R2[18073] F'[18605] U[18705] F[18817] U[18940],false,true,4469,1816,2653,18940,14,14,16,5.28,,,,,,,,,,,,,,,,,,,,,,,,,,,,143,BR->FR 48,"[FL,BL]->FR 20",20,43,Ga,,
361d73ca-8e2e-429c-a6c7-27fb7a325f79,2023-09-09 02:17:16 UTC,false,18765,CFOP,Gan Smart Cube,Gan i Carry,Gan 356i,Jacob Pfeifer,false,false,13294,18765,,U[0] B'[365] L'[667] B'[875] U[1437] F'[1702] F'[2016] D'[2435] U'[3965] U'[4256] B'[4501] U[4615] B[4870] F[5464] U[5626] U[5764] F'[5928] B[6249] U'[6521] B'[7032] U'[7407] R[7932] U[8007] R'[8126] U'[8256] R[8334] U[8439] R'[8555] U'[8681] R[8766] U[9110] R'[9331] U[10287] U[10404] F[10844] U[10924] U[10992] F'[11067] U[11351] U[11452] F[11548] U'[11645] F'[11712] B'[12623] F[12759] R'[12876] B'[13041] R'[13191] B[13267] R[13415] B[13609] U'[13779] B'[13860] U[13946] B[14361] F'[14383] U[14957] U[15996] F[16392] R'[16677] F[16799] L[16944] L[17198] F'[17493] R[17547] F[17681] L[17847] L[18364] F'[18543] F'[18640] U[18682] U[18765],cube,,Playground,custom_rules,R U2 R2 L U L' D' R F' D L2 B2 D B2 D F2 L2 D' R2 B2 D' R2,random_state,custom_rules,,,,8,UF,0,0,18765,60,62,72,3.2,8129,10636,"",0,Cross,U B' L' B' U F2' D',U[0] B'[365] L'[667] B'[875] U[1437] F2'[2016] D'[2435],false,true,2435,0,2435,2435,7,7,8,2.87,F2L Slot 1,U2' B' U B,U2'[4256] B'[4501] U[4615] B[4870],false,true,2435,2066,369,4870,4,4,5,10.84,F2L Slot 2,F U2 F' B U' B',F[5464] U2[5764] F'[5928] B[6249] U'[6521] B'[7032],false,true,2162,594,1568,7032,6,6,7,3.83,F2L Slot 3,U' R U R' U' R U R' U' R U R',U'[7407] R[7932] U[8007] R'[8126] U'[8256] R[8334] U[8439] R'[8555] U'[8681] R[8766] U[9110] R'[9331],false,true,2299,900,1399,9331,12,12,12,8.58,F2L Slot 4,U2 F U2 F' U2 F U' F',U2[10404] F[10844] U2[10992] F'[11067] U2[11452] F[11548] U'[11645] F'[11712],false,true,2381,1513,868,11712,8,8,11,9.22,OLL,S' U' B' U' B U B L' B' L S,S'[12759] U'[12876] B'[13041] U'[13191] B[13267] U[13415] B[13609] L'[13779] B'[13860] L[13946] S[14383],false,true,2671,1047,1624,14383,11,13,13,6.77,PLL,U U F R' F L2 F' R F L2 F2' U2,U[14957] U[15996] F[16392] R'[16677] F[16799] L2[17198] F'[17493] R[17547] F[17681] L2[18364] F2'[18640] U2[18765],false,true,4382,2009,2373,18765,12,12,16,5.06,,,,,,,,,,,,,,,,,,,,,,,,,,,,5,BR->FR 9,"[BL,BR]->FR 37",9,30,Ab,,
9ac68af8-3393-4d96-8cea-a2733da14e35,2023-09-09 02:21:56 UTC,false,21807,CFOP,Gan Smart Cube,Gan i Carry,Gan 356i,Jacob Pfeifer,false,false,12489,21807,,U'[0] U'[120] B[244] U[478] L[855] B'[1312] R'[4262] U'[4587] R[4747] R'[5286] R'[5412] U[5601] R[5746] U'[5972] R'[6137] U[6291] R'[6621] R'[6917] B'[7500] R'[7665] B[7838] R[8976] R[9177] F[9609] R[9757] F'[9916] R'[10129] F[10176] R[10324] F'[10474] R'[10584] F[10639] R[10737] F'[10875] R'[12242] R[13033] B[13398] R[13560] B'[13685] R[13956] B[14191] R'[14309] B'[14481] R[15894] D[16170] R[16319] D'[16423] R[16748] D[16857] R'[16950] D'[17024] U'[18257] R[18343] R[18423] U[18528] R[18722] R[18787] U[18901] F'[19029] U'[19180] F[19216] R[20028] R[20114] D[20378] R[20458] D'[20520] R'[20611] D'[20812] F[20860] D[20937] D[20991] R'[21049] D'[21137] R'[21237] D[21312] R[21392] D'[21460] F'[21680] R[21756] R[21807],cube,,Playground,custom_rules,F' B R F L' F B' R' F' U R2 D' F2 D L2 D F2 L2 F2 L2 D',random_state,custom_rules,,,,8,RU,0,0,21807,71,71,80,3.26,11653,10034,"",0,Cross,z' L2' B L D B',z'[60] L2'[120] B[244] L[478] D[855] B'[1312],false,true,1192,0,1192,1312,5,5,6,4.19,F2L Slot 1,U' L' U U2' L U L' U' L U2' B' U' B,U'[4262] L'[4587] U[4747] U2'[5412] L[5601] U[5746] L'[5972] U'[6137] L[6291] U2'[6917] B'[7500] U'[7665] B[7838],false,true,6526,3275,3251,7838,13,13,15,4.0,F2L Slot 2,U2 F U F' U' F U F' U' F U F',U2[9177] F[9609] U[9757] F'[9916] U'[10129] F[10176] U[10324] F'[10474] U'[10584] F[10639] U[10737] F'[10875],false,true,3037,1771,1266,10875,12,12,13,9.48,F2L Slot 3,U' U B U B' U B U' B',U'[12242] U[13033] B[13398] U[13560] B'[13685] U[13956] B[14191] U'[14309] B'[14481],false,true,3606,2523,1083,14481,9,9,9,8.31,F2L Slot 4,U R U R' U R U' R',U[15894] R[16170] U[16319] R'[16423] U[16748] R[16857] U'[16950] R'[17024],false,true,2543,1689,854,17024,8,8,8,9.37,OLL,L' U2 L U2 L F' L' F,L'[18257] U2[18423] L[18528] U2[18787] L[18901] F'[19029] L'[19180] F[19216],false,true,2192,1233,959,19216,8,8,10,8.34,PLL,U2 R U R' U' R' F R2 U' R' U' R U R' F' U2,U2[20114] R[20378] U[20458] R'[20520] U'[20611] R'[20812] F[20860] R2[20991] U'[21049] R'[21137] U'[21237] R[21312] U[21392] R'[21460] F'[21680] U2[21807],false,true,2591,1162,1429,21807,16,16,19,11.2,,,,,,,,,,,,,,,,,,,,,,,,,,,,82,FL->FR 43,"[BL,BR]->FR 7",7,7,T,,
35459069-3ccd-4b96-840c-0f14d037ef45,2023-09-09 02:22:57 UTC,false,19702,CFOP,Gan Smart Cube,Gan i Carry,Gan 356i,Jacob Pfeifer,false,false,26608,19702,,B[0] L'[148] B'[320] U[393] B[539] R'[1182] D[1709] R[2366] L'[2926] U[3063] L[3221] L[3319] U'[3464] L'[3650] B'[4190] L'[4578] B[4712] U[6002] L'[6469] U'[6648] L[8782] L[9169] U'[9498] L[9586] U[9755] L[9938] D'[10264] L[10368] D[10769] L[11279] B[11667] L'[11820] B'[11938] L[12015] U'[12314] L'[12411] U[12492] L[13143] D'[13697] B'[13876] U[13997] B'[14171] U'[14292] B[14358] U[14476] B'[14596] U'[14772] B[14851] B[14930] D[15022] L[17583] U[17897] B'[18041] U[18156] F[18344] F[18541] U'[18727] B[18817] U[18985] F[19104] F[19404] U'[19575] U'[19664] L[19702],cube,,Playground,custom_rules,U2 L2 D2 R U' F' R2 D R U B' L2 U R2 L2 D R2 D2 B2 D R2 F2,random_state,custom_rules,,,,8,LU,0,0,19702,58,58,64,2.94,9815,9887,"",0,Cross,z B U' B' R B D' L D,z[0] B[0] U'[148] B'[320] R[393] B[539] D'[1182] L[1709] D[2366],false,true,2366,0,2366,2366,8,8,8,3.38,F2L Slot 1,U' R U2 R' U' B' U' B,U'[2926] R[3063] U2[3319] R'[3464] U'[3650] B'[4190] U'[4578] B[4712],false,true,2346,697,1649,4712,8,8,9,4.85,F2L Slot 2,R U' R',R[6002] U'[6469] R'[6648],false,true,1936,1290,646,6648,3,3,3,4.64,F2L Slot 3,U2 R' U R U L' U L,U2[9169] R'[9498] U[9586] R[9755] U[9938] L'[10264] U[10368] L[10769],false,true,4121,2850,1271,10769,8,8,9,6.29,F2L Slot 4,U B U' B' U R' U' R,U[11279] B[11667] U'[11820] B'[11938] U[12015] R'[12314] U'[12411] R[12492],false,true,1723,898,825,12492,8,8,8,9.7,OLL,U L' B' R B' R' B R B' R' B2 L,U[13143] L'[13697] B'[13876] R[13997] B'[14171] R'[14292] B[14358] R[14476] B'[14596] R'[14772] B2[14930] L[15022],false,true,2530,1205,1325,15022,12,12,13,9.06,PLL,U R B' R F2 R' B R F2 R2' U,U[17583] R[17897] B'[18041] R[18156] F2[18541] R'[18727] B[18817] R[18985] F2[19404] R2'[19664] U[19702],false,true,4680,2875,1805,19702,11,11,14,6.09,,,,,,,,,,,,,,,,,,,,,,,,,,,,24,BL->FR 21,"[FL,BR]->FR 36",18,53,Ab,,
c4559020-56cd-46d3-9dd0-1f736e308a7e,2023-09-09 02:26:03 UTC,false,17996,CFOP,Gan Smart Cube,Gan i Carry,Gan 356i,Jacob Pfeifer,false,false,9747,17996,,D[0] D[91] B'[244] B'[349] D[541] D[806] F[1443] R[1712] F[1854] D'[3607] F'[4010] D[4198] D[4316] F[4518] D'[4770] F'[5040] D[5200] F[5324] D[6553] B'[6936] D[7016] D[7138] B[7351] D[7742] B'[7978] D'[8459] B[8621] B[9930] D[10105] B'[10303] D'[10593] D'[11049] L'[11311] D[11412] L[11571] D'[11711] D'[11964] R'[12086] D'[12571] R[12716] D[12935] D[13217] F[13311] D'[13408] F'[13517] F[14564] D[14649] F'[14752] D[14827] F[15050] D'[15170] F'[15292] D'[15431] F'[15591] R[15648] F[15760] R'[15952] D'[16814] F[16944] D[17021] F'[17085] D'[17180] F'[17347] R[17381] F[17444] F[17493] D'[17543] F'[17618] D'[17710] F[17795] D[17865] F'[17932] R'[17996],cube,,Playground,custom_rules,D2 F' L2 D2 F B2 U' D' B L B2 U F2 D R2 U2 L2 F2 U' F2 D2 B2,random_state,custom_rules,,,,8,DB,0,0,17996,64,64,73,3.56,7631,10274,"",0,Cross,z2 U2 B2' U2 F L F,z2[45] U2[91] B2'[349] U2[806] F[1443] L[1712] F[1854],false,true,1763,0,1763,1854,6,6,9,3.4,F2L Slot 1,U' F' U2 F U' F' U F,U'[3607] F'[4010] U2[4316] F[4518] U'[4770] F'[5040] U[5200] F[5324],false,true,3470,2156,1314,5324,8,8,9,6.09,F2L Slot 2,U B' U2 B U B' U' B,U[6553] B'[6936] U2[7138] B[7351] U[7742] B'[7978] U'[8459] B[8621],false,true,3297,1612,1685,8621,8,8,9,4.75,F2L Slot 3,B U B' U2' R' U R,B[9930] U[10105] B'[10303] U2'[11049] R'[11311] U[11412] R[11571],false,true,2950,1309,1641,11571,7,7,8,4.27,F2L Slot 4,U2' L' U' L U2 F U' F',U2'[11964] L'[12086] U'[12571] L[12716] U2[13217] F[13311] U'[13408] F'[13517],false,true,1946,515,1431,13517,8,8,10,5.59,OLL,F U F' U F U' F' U' F' L F L',F[14564] U[14649] F'[14752] U[14827] F[15050] U'[15170] F'[15292] U'[15431] F'[15591] L[15648] F[15760] L'[15952],false,true,2435,1047,1388,15952,12,12,12,8.65,PLL,U' F U F' U' F' L F2 U' F' U' F U F' L',U'[16814] F[16944] U[17021] F'[17085] U'[17180] F'[17347] L[17381] F2[17493] U'[17543] F'[17618] U'[17710] F[17795] U[17865] F'[17932] L'[17996],false,true,2044,992,1052,17996,15,15,16,14.26,,,,,,,,,,,,,,,,,,,,,,,,,,,,10,BL->FR 4,"[FL,BR]->FR 30",26,38,T,,
5da94ad5-0dcf-4f25-af1d-088246a16a64,2023-09-09 02:27:36 UTC,false,19659,CFOP,Gan Smart Cube,Gan i Carry,Gan 356i,Jacob Pfeifer,false,false,8170,19659,,L'[0] F'[220] U'[571] F'[803] B'[1099] R'[1563] R'[1718] B'[3029] L[3131] L[3253] B[3374] D'[4047] L'[4351] D[4461] B'[5623] L[5737] B[5991] L'[6240] U'[6755] L[6907] U[7195] D[7817] L[7930] L[8060] D'[8178] L'[8577] U[8711] L[8879] U'[9130] L'[10853] B'[11438] L'[11555] B[11657] B[12689] D'[13029] B'[13152] D[13222] L[14979] L[15077] B[15326] L[15414] B'[15488] L[15531] B[15697] L[15787] L[16229] B'[16330] B[17386] B[17450] R[17712] D'[17838] L[18291] D'[18405] L'[18539] D[18643] R'[18858] B[18896] B[18975] U'[19425] L[19524] U[19659],cube,,Playground,custom_rules,D' R' U' R F' U L2 D L' B D B2 U2 D R2 D' L2 U F2 R2 B2,random_state,custom_rules,,,,8,LU,0,0,19659,54,54,61,2.75,8627,11032,"",0,Cross,z U' F' R' F' B' D2',z[0] U'[0] F'[220] R'[571] F'[803] B'[1099] D2'[1718],false,true,1718,0,1718,1718,6,6,7,3.49,F2L Slot 1,B' U2 B L' U' L,B'[3029] U2[3253] B[3374] L'[4047] U'[4351] L[4461],false,true,2743,1311,1432,4461,6,6,7,4.19,F2L Slot 2,B' U B U' R' U R,B'[5623] U[5737] B[5991] U'[6240] R'[6755] U[6907] R[7195],false,true,2734,1162,1572,7195,7,7,7,4.45,F2L Slot 3,L U2 L' U' R U R',L[7817] U2[8060] L'[8178] U'[8577] R[8711] U[8879] R'[9130],false,true,1935,622,1313,9130,7,7,8,5.33,F2L Slot 4,U' B' U' B B L' B' L,U'[10853] B'[11438] U'[11555] B[11657] B[12689] L'[13029] B'[13152] L[13222],false,true,4092,2308,1784,13222,8,8,8,4.48,OLL,U2 B U B' U B U2 B',U2[15077] B[15326] U[15414] B'[15488] U[15531] B[15697] U2[16229] B'[16330],false,true,3108,2104,1004,16330,8,8,10,7.97,PLL,B2 D L' U L' U' L D' B2 R' U R,B2[17450] D[17712] L'[17838] U[18291] L'[18405] U'[18539] L[18643] D'[18858] B2[18975] R'[19425] U[19524] R[19659],false,true,3329,1120,2209,19659,12,12,14,5.43,,,,,,,,,,,,,,,,,,,,,,,,,,,,4,BL->FR 71,"[FL,BR]->FR 56",16,27,Ga,,
d81a9fad-9829-4681-83b6-f9215cd5ee92,2023-09-09 02:29:48 UTC,false,18026,CFOP,Gan Smart Cube,Gan i Carry,Gan 356i,Jacob Pfeifer,false,false,10281,18026,,R'[0] U[89] U[179] L'[784] D[962] L[1125] F[1898] B'[4180] U'[4692] B'[4836] U[4970] B[5144] B[5280] D[5663] B[5840] D'[6095] B'[6514] B'[6824] U[7004] B'[7180] U'[7361] B'[7568] L[7764] B'[8057] L'[8423] U'[9322] B'[9643] U[9848] B'[10168] R[10499] B[10746] R'[10941] B[11429] B[11551] U[11943] B[12040] B[12118] U'[12203] B[12486] B[12563] U[12634] B'[12716] U'[12799] B'[13407] U[13550] B[13637] B[13691] U'[13759] B'[13824] U[13908] B'[14004] U'[14086] B'[15089] L'[16698] D[16732] L'[16845] U[16955] U[17152] L[17300] D'[17387] L'[17481] U[17640] U[17827] L[17973] L[18026],cube,,Playground,custom_rules,F L B R2 F' D' F U' B2 R D F2 U B2 D L2 B2 D' L2 D,random_state,custom_rules,,,,8,BU,0,0,18026,55,55,65,3.05,8967,9059,"",0,Cross,x' R' F2 L' B L D,x'[0] R'[0] F2[179] L'[784] B[962] L[1125] D[1898],false,true,1898,0,1898,1898,6,6,7,3.16,F2L Slot 1,U' F' U' F U2 B U B',U'[4180] F'[4692] U'[4836] F[4970] U2[5280] B[5663] U[5840] B'[6095],false,true,4197,2794,1403,6095,8,8,9,5.7,F2L Slot 2,U2' F U' F' U' L U' L',U2'[6824] F[7004] U'[7180] F'[7361] U'[7568] L[7764] U'[8057] L'[8423],false,true,2328,909,1419,8423,8,8,9,5.64,F2L Slot 3,F' U' F U' R U R',F'[9322] U'[9643] F[9848] U'[10168] R[10499] U[10746] R'[10941],false,true,2518,899,1619,10941,7,7,7,4.32,F2L Slot 4,U2 F U2 F' U2 F U' F',U2[11551] F[11943] U2[12118] F'[12203] U2[12563] F[12634] U'[12716] F'[12799],false,true,1858,1002,856,12799,8,8,11,9.35,OLL,U' F U2 F' U' F U' F',U'[13407] F[13550] U2[13691] F'[13759] U'[13824] F[13908] U'[14004] F'[14086],false,true,1287,751,536,14086,8,8,9,14.93,PLL,U' L' B L' F2 L B' L' F2 L2,U'[15089] L'[16698] B[16732] L'[16845] F2[17152] L[17300] B'[17387] L'[17481] F2[17827] L2[18026],false,true,3940,2612,1328,18026,10,10,13,7.53,,,,,,,,,,,,,,,,,,,,,,,,,,,,140,FL->FR 72,"[BL,BR]->FR 41",9,26,Aa,,
127e0770-862c-467e-b043-7aecebc2a6e0,2023-09-09 02:26:52 UTC,false,18247,CFOP,Gan Smart Cube,Gan i Carry,Gan 356i,Jacob Pfeifer,false,false,4760,18247,,U'[0] B'[254] U[449] B[774] B[897] D'[1171] B'[1504] B'[1596] F'[2622] L[2717] F[2874] L[4072] B'[4744] L'[4901] B[5008] B[5127] L[5341] B'[5553] L'[6740] D[6873] L'[7176] D'[7484] L[7568] B'[8329] L'[8816] B[8924] L'[10994] L'[11300] F[11448] L'[11602] F'[11773] F'[12387] D[12451] F[12535] D'[12743] L[13229] D'[13502] B[13735] D[13830] F'[13922] D'[14033] B'[14183] D[14254] F[14366] L[15860] F[16207] L[16291] F'[16372] D[16764] D[16847] R'[17038] B[17121] L'[17238] B'[17335] L[17380] B'[17438] R[17668] D[17885] D[17950] L'[18151] L'[18247],cube,,Playground,custom_rules,R' F R' U2 D F' U B2 R' F2 L2 U2 F2 D' R2 U2 L2 D' R2 B2 D2,random_state,custom_rules,,,,8,LU,0,0,18247,53,53,61,2.9,9340,8907,"",0,Cross,z R' B' R B2 L' B2',z[0] R'[0] B'[254] R[449] B2[897] L'[1171] B2'[1596],false,true,1596,0,1596,1596,6,6,8,3.76,F2L Slot 1,F' U F,F'[2622] U[2717] F[2874],false,true,1278,1026,252,2874,3,3,3,11.9,F2L Slot 2,U B' U' B2 U B',U[4072] B'[4744] U'[4901] B2[5127] U[5341] B'[5553],false,true,2679,1870,809,5553,6,6,7,7.42,F2L Slot 3,U' L U' L' U B' U' B,U'[6740] L[6873] U'[7176] L'[7484] U[7568] B'[8329] U'[8816] B[8924],false,true,3371,1320,2051,8924,8,8,8,3.9,F2L Slot 4,U2' F U' F2' L F L',U2'[11300] F[11448] U'[11602] F2'[12387] L[12451] F[12535] L'[12743],false,true,3819,2524,1295,12743,7,7,9,5.41,OLL,U L' B L F' L' B' L F,U[13229] L'[13502] B[13735] L[13830] F'[13922] L'[14033] B'[14183] L[14254] F[14366],false,true,1623,759,864,14366,9,9,9,10.42,PLL,U F U F' L2 D' B U' B' U B' D L2 U2',U[15860] F[16207] U[16291] F'[16372] L2[16847] D'[17038] B[17121] U'[17238] B'[17335] U[17380] B'[17438] D[17668] L2[17950] U2'[18247],false,true,3881,1841,2040,18247,14,14,17,6.86,,,,,,,,,,,,,,,,,,,,,,,,,,,,5,FL->FR 68,"[FL,BL]->FR 18",26,25,Gd,,
826336cc-fb6f-447c-b142-cd6a14f368bd,2023-09-09 02:28:19 UTC,false,20487,CFOP,Gan Smart Cube,Gan i Carry,Gan 356i,Jacob Pfeifer,false,false,6407,20487,,L[0] D'[428] F[771] U'[955] F'[1085] L'[1393] B[1611] B[1752] B'[2671] L'[2895] B[2975] L'[3379] L'[3604] D[4217] L'[4431] D'[5228] L'[6912] U'[7351] L'[7489] U[7598] U[8018] L[8376] U'[8578] L[9328] U'[9662] L[9744] U[10267] L'[11516] L'[11759] F'[11875] D[11928] F[12008] D'[12482] F[12588] L'[12718] F'[12831] L[13491] B[14450] D[14569] F'[14669] D[14711] F[14900] D[15046] D[15131] B'[15256] B'[15832] U'[16083] F[16206] U'[16348] F'[16484] U[16558] U[16667] B[16806] L'[18432] F'[18613] L[18657] F'[18747] L'[19044] U'[19290] F'[19382] U[19430] U[19489] L'[19561] U'[19677] L[19711] U'[19824] F[19976] U[20103] F[20283] L[20487],cube,,Playground,custom_rules,L U F' R D2 R B2 D2 L' F L2 B2 D2 L2 U' F2 D2 F2 L2 B2,random_state,custom_rules,,,,8,LU,0,0,20487,62,62,70,3.03,9160,11327,"",0,Cross,z U L' F R' F' U' B2,z[0] U[0] L'[428] F[771] R'[955] F'[1085] U'[1393] B2[1752],false,true,1752,0,1752,1752,7,7,8,4.0,F2L Slot 1,B' U' B U2' L U' L',B'[2671] U'[2895] B[2975] U2'[3604] L[4217] U'[4431] L'[5228],false,true,3476,919,2557,5228,7,7,8,2.74,F2L Slot 2,U' R' U' R2 U R',U'[6912] R'[7351] U'[7489] R2[8018] U[8376] R'[8578],false,true,3350,2123,1227,8578,6,6,7,4.89,F2L Slot 3,U R' U R,U[9328] R'[9662] U[9744] R[10267],false,true,1689,1084,605,10267,4,4,4,6.61,F2L Slot 4,U2' F' L F L' F U' F',U2'[11759] F'[11875] L[11928] F[12008] L'[12482] F[12588] U'[12718] F'[12831],false,true,2564,1608,956,12831,8,8,9,8.37,OLL,U B L F' L F L2 B2' R' F R' F' R2 B,U[13491] B[14450] L[14569] F'[14669] L[14711] F[14900] L2[15131] B2'[15832] R'[16083] F[16206] R'[16348] F'[16484] R2[16667] B[16806],false,true,3975,1619,2356,16806,14,14,17,5.94,PLL,U' F' U F' U' R' F' R2 U' R' U R' F R F U,U'[18432] F'[18613] U[18657] F'[18747] U'[19044] R'[19290] F'[19382] R2[19489] U'[19561] R'[19677] U[19711] R'[19824] F[19976] R[20103] F[20283] U[20487],false,true,3681,1807,1874,20487,16,16,17,8.54,,,,,,,,,,,,,,,,,,,,,,,,,,,,26,BL->FR 68,"[FL,BR]->FR 5",34,18,V,,
e7957d78-ca50-409f-b39d-95f39d4fd128,2023-09-09 02:29:00 UTC,false,17446,CFOP,Gan Smart Cube,Gan i Carry,Gan 356i,Jacob Pfeifer,false,false,8621,17446,,L'[0] B[89] B[183] R[392] D'[1316] B'[1529] D[1882] U'[3163] U'[3578] F'[4058] U'[4250] F[4374] U'[4663] R[5192] U[5341] R'[5591] U'[5819] R'[5976] U[6126] R[6308] U'[7214] U'[7534] U'[7891] B'[8047] U[8102] B[8234] U[8384] B'[8610] U[8678] B[8817] U'[9003] B'[9285] U[9376] B[9548] U'[9870] U'[10134] F[10259] U'[10396] F'[10515] U'[11033] L[11232] F[11367] U'[11455] F'[11544] U'[11948] F[12039] U[12119] F'[12192] L'[12257] U'[13033] U[13665] F'[14481] U'[14567] F[14646] R[15071] R[15170] D[15387] B'[15529] U[16079] B[16253] U'[16367] B[16480] D'[16733] R[16862] R[16936] U[17446],cube,,Playground,custom_rules,U2 R2 L F2 D' B2 L2 B' U' F L' B2 R2 L2 U D F2 L2 D' F2 D' B2,random_state,custom_rules,,,,8,UF,0,0,17446,59,59,66,3.38,7952,9494,"",0,Cross,L' B2 R D' B' D,L'[0] B2[183] R[392] D'[1316] B'[1529] D[1882],false,true,1882,0,1882,1882,6,6,7,3.19,F2L Slot 1,U2' F' U' F U' R U R',U2'[3578] F'[4058] U'[4250] F[4374] U'[4663] R[5192] U[5341] R'[5591],false,true,3709,2176,1533,5591,8,8,9,5.22,F2L Slot 2,U' R' U R,U'[5819] R'[5976] U[6126] R[6308],false,true,717,385,332,6308,4,4,4,12.05,F2L Slot 3,U3' B' U B U B' U B U' B' U B,U3'[7891] B'[8047] U[8102] B[8234] U[8384] B'[8610] U[8678] B[8817] U'[9003] B'[9285] U[9376] B[9548],false,true,3240,1739,1501,9548,12,12,14,7.99,F2L Slot 4,U2' F U' F',U2'[10134] F[10259] U'[10396] F'[10515],false,true,967,711,256,10515,4,4,5,15.63,OLL,U' L F U' F' U' F U F' L',U'[11033] L[11232] F[11367] U'[11455] F'[11544] U'[11948] F[12039] U[12119] F'[12192] L'[12257],false,true,1742,717,1025,12257,10,10,10,9.76,PLL,U' U F' U' F R2 D B' U B U' B D' R2 U,U'[13033] U[13665] F'[14481] U'[14567] F[14646] R2[15170] D[15387] B'[15529] U[16079] B[16253] U'[16367] B[16480] D'[16733] R2[16936] U[17446],false,true,5189,2224,2965,17446,15,15,17,5.06,,,,,,,,,,,,,,,,,,,,,,,,,,,,53,FL->FR 5,"[FL,BL]->FR 22",21,37,Gb,,
231f98a3-feb9-4b2e-a9c9-0836ea0b5a34,2023-09-09 02:31:01 UTC,false,19777,CFOP,Gan Smart Cube,Gan i Carry,Gan 356i,Jacob Pfeifer,false,false,36549,19777,,R[0] U'[188] B[441] B[558] L'[1112] U[1296] L'[1695] U[2240] R'[2472] U'[2688] R'[2875] D'[3051] R'[3397] D[3468] U'[6032] R[6089] U[6186] U[6570] R[6901] U'[7006] R'[7179] R'[7773] B'[7886] R[7943] B[8289] F[8598] R'[8769] F'[8937] R[9023] R[9130] U'[9572] R'[9905] U[10027] R[11877] D[11978] R'[12065] D'[12176] R'[12563] F'[12878] R[12948] F[13063] R[14217] R[14288] B[14535] R[14615] R[14679] B'[14757] R'[14814] B[14892] R'[15007] B'[15083] R'[16090] R'[16377] B'[16723] R'[16867] B[16987] U[17466] U[17535] L[17789] F'[17928] R[17979] F[18198] R'[18276] F[18342] L'[18834] U[18914] U[19012] R'[19116] R'[19581] R'[19777],cube,,Playground,custom_rules,U2 F' D' L' F' R2 L U L U B2 L2 D R2 B2 L2 F2 B2 D' F2 D2 F2,random_state,custom_rules,,,,8,RU,0,0,19777,59,59,70,2.98,8481,11296,"",0,Cross,z' U L' B2 D' L D',z'[0] U[0] L'[188] B2[558] D'[1112] L[1296] D'[1695],false,true,1695,0,1695,1695,6,6,7,3.54,F2L Slot 1,L U' L' U' R' U' R,L[2240] U'[2472] L'[2688] U'[2875] R'[3051] U'[3397] R[3468],false,true,1773,545,1228,3468,7,7,7,5.7,F2L Slot 2,L' U L2 U L' U2' B' U B,L'[6032] U[6089] L2[6570] U[6901] L'[7006] U2'[7773] B'[7886] U[7943] B[8289],false,true,4821,2564,2257,8289,9,9,11,3.99,F2L Slot 3,F U' F' U2 L' U' L,F[8598] U'[8769] F'[8937] U2[9130] L'[9572] U'[9905] L[10027],false,true,1738,309,1429,10027,7,7,8,4.9,F2L Slot 4,U R U' R' U' F' U F,U[11877] R[11978] U'[12065] R'[12176] U'[12563] F'[12878] U[12948] F[13063],false,true,3036,1951,1085,13063,8,8,8,7.37,OLL,U2 B U2 B' U' B U' B',U2[14288] B[14535] U2[14679] B'[14757] U'[14814] B[14892] U'[15007] B'[15083],false,true,2020,1472,548,15083,8,8,10,14.6,PLL,U2' B' U' B L2 D F' U F U' F D' L2 U3',U2'[16377] B'[16723] U'[16867] B[16987] L2[17535] D[17789] F'[17928] U[17979] F[18198] U'[18276] F[18342] D'[18834] L2[19012] U3'[19777],false,true,4694,1640,3054,19777,14,14,19,4.58,,,,,,,,,,,,,,,,,,,,,,,,,,,,23,FL->FR 78,"[FL,BL]->FR 23",28,26,Gb,,
ac375398-f0d7-4dd6-942d-bd0a7ab565e0,2023-09-09 02:32:57 UTC,false,14428,CFOP,Gan Smart Cube,Gan i Carry,Gan 356i,Jacob Pfeifer,false,false,37171,14428,,D[0] B[201] D[383] B[547] L[1322] F[1526] L[1709] D'[3074] F'[3316] D[3371] F[3487] D[3634] F'[3838] D[3894] F[4010] R'[4595] D[4659] R[4832] L'[5995] D[6064] L[6219] D'[6453] D'[6674] L[6883] D[6972] D[7027] L'[7090] D'[7161] L[7229] D[7310] L'[7369] D'[8674] D'[8901] B[9109] D[9308] R[9401] D'[9448] R'[9521] D[9584] R[9668] D'[9739] R'[9820] B'[9960] L'[11865] F[11938] L'[12122] B[12332] B[12525] L[12797] F'[13050] L'[13231] B[13353] B[13536] L[13738] L[13801] D[14011] D[14428],cube,,Playground,custom_rules,U' F2 R' U' F2 D F B U2 L U2 D2 F2 L2 D R2 D R2 L2 D2 L2,random_state,custom_rules,,,,8,DB,0,0,14428,50,50,57,3.47,7079,7349,"",1,Cross,z2 U B U B R F R,z2[0] U[0] B[201] U[383] B[547] R[1322] F[1526] R[1709],false,true,1709,0,1709,1709,7,7,7,4.1,F2L Slot 1,,"",true,false,0,0,0,1709,0,0,0,0,F2L Slot 2,U' F' U F U F' U F L' U L,U'[3074] F'[3316] U[3371] F[3487] U[3634] F'[3838] U[3894] F[4010] L'[4595] U[4659] L[4832],false,true,3123,1607,1516,4832,11,11,11,7.26,F2L Slot 3,R' U R,R'[5995] U[6064] R[6219],false,true,1387,1163,224,6219,3,3,3,13.39,F2L Slot 4,U2' R U2 R' U' R U R',U2'[6674] R[6883] U2[7027] R'[7090] U'[7161] R[7229] U[7310] R'[7369],false,true,1150,664,486,7369,8,8,10,16.46,OLL,U2' B U L U' L' U L U' L' B',U2'[8901] B[9109] U[9308] L[9401] U'[9448] L'[9521] U[9584] L[9668] U'[9739] L'[9820] B'[9960],false,true,2591,1740,851,9960,11,11,12,12.93,PLL,R' F R' B2 R F' R' B2 R2 U2,R'[11865] F[11938] R'[12122] B2[12525] R[12797] F'[13050] R'[13231] B2[13536] R2[13801] U2[14428],false,true,4468,1905,2563,14428,10,10,14,3.9,,,,,,,,,,,,,,,,,,,,,,,,,,,,Solved,FL->FR 22,"[BL,BR]->FR 5",19,51,Aa,,
6c9d9791-95ca-4ae6-b607-7b842738ac69,2023-09-09 02:34:52 UTC,false,22715,CFOP,Gan Smart Cube,Gan i Carry,Gan 356i,Jacob Pfeifer,false,false,17207,22715,,F[0] U[348] B[892] B[1000] D[1345] L'[2304] L'[2885] B'[3630] B[4361] R[4460] B'[4615] R'[4831] D[5308] R'[5449] D'[5572] R'[5843] F[6012] R'[6321] F'[6532] D'[9925] R[10015] D[10144] R'[10408] D[10736] R'[10874] D'[11041] R[11172] D[11415] R'[11595] D'[11775] R[13519] R[13702] B'[14078] R[14145] B[14234] D'[14713] R'[15111] D[15195] R[15424] R[15564] B'[16014] R'[16441] B[16604] R'[16840] U[17139] R[17249] U'[17323] B[18660] U[18803] R[18940] U'[18994] R'[19084] B'[19266] R[19483] B[19699] U[19821] R[19956] U'[20004] R'[20095] B'[20247] R[20904] U[21111] R[21197] U'[21258] R'[21330] U'[21535] B[21669] U[21842] U[21902] R'[21966] U'[22047] R'[22144] U[22214] R[22279] U'[22338] B'[22715],cube,,Playground,custom_rules,D B' U R U L B U' L F' U' B2 U' F2 R2 U F2 L2 U F2 D2 B2,random_state,custom_rules,,,,8,RU,0,0,22715,71,71,76,3.13,9447,13268,"",0,Cross,z' F L B2 R D2' B',z'[0] F[0] L[348] B2[1000] R[1345] D2'[2885] B'[3630],false,true,3630,0,3630,3630,6,6,8,1.65,F2L Slot 1,B U B' U' R U' R' U' F U' F',B[4361] U[4460] B'[4615] U'[4831] R[5308] U'[5449] R'[5572] U'[5843] F[6012] U'[6321] F'[6532],false,true,2902,731,2171,6532,11,11,11,5.07,F2L Slot 2,R' U R U' R U' R' U R U' R',R'[9925] U[10015] R[10144] U'[10408] R[10736] U'[10874] R'[11041] U[11172] R[11415] U'[11595] R'[11775],false,true,5243,3393,1850,11775,11,11,11,5.95,F2L Slot 3,U2 B' U B R' U' R,U2[13702] B'[14078] U[14145] B[14234] R'[14713] U'[15111] R[15195],false,true,3420,2303,1117,15195,7,7,8,6.27,F2L Slot 4,U2 B' U' B U' L U L',U2[15564] B'[16014] U'[16441] B[16604] U'[16840] L[17139] U[17249] L'[17323],false,true,2128,819,1309,17323,8,8,9,6.11,OLL,B L U L' U' B' U B L U L' U' B',B[18660] L[18803] U[18940] L'[18994] U'[19084] B'[19266] U[19483] B[19699] L[19821] U[19956] L'[20004] U'[20095] B'[20247],false,true,2924,1337,1587,20247,13,13,13,8.19,PLL,U L U L' U' L' B L2 U' L' U' L U L' B',U[20904] L[21111] U[21197] L'[21258] U'[21330] L'[21535] B[21669] L2[21902] U'[21966] L'[22047] U'[22144] L[22214] U[22279] L'[22338] B'[22715],false,true,2468,864,1604,22715,15,15,16,9.35,,,,,,,,,,,,,,,,,,,,,,,,,,,,100,FL->FR 74,"[FL,BL]->FR 6",35,12,T,,
f1cfb46d-dbf9-4aa7-935f-2ee7465e2ac9,2023-09-09 02:35:35 UTC,false,18846,CFOP,Gan Smart Cube,Gan i Carry,Gan 356i,Jacob Pfeifer,false,false,5842,18846,,B'[0] D[258] D[357] L[476] L[580] B[1022] B[1120] R'[1442] B[1502] R[1653] B[1769] R'[1973] B[2035] R[2173] B[2349] L'[2776] B[2849] L[2961] B'[3101] B'[3351] L[3501] B[3611] B[3704] L'[3898] D[3962] B[4178] D'[4474] B[5710] R[7293] B'[7633] R'[7752] D'[8210] B'[8303] D[8414] B'[8599] U'[8763] B'[8993] U[9090] B[11700] L[11867] B[11987] L'[12099] B'[12442] B'[12709] D'[12849] B[12898] D[13059] B'[13738] B'[13957] R[14136] B[14335] D[14428] B'[14479] D'[14554] B[14629] D[14701] B'[14771] D'[14864] R'[14984] B'[16037] B'[16635] U'[16878] L[16988] U'[17162] R[17261] R[17472] U[17664] L'[17786] U'[17889] R[18043] R[18223] U[18658] U[18742] B'[18846],cube,,Playground,custom_rules,R2 F' D B' U' R' F R L' B' U2 F2 L2 U2 L2 B2 U R2 U' L2 D' B2,random_state,custom_rules,,,,8,BU,0,0,18846,63,63,74,3.34,9969,8877,"",0,Cross,x' U' B2 L2,x'[0] U'[0] B2[357] L2[580],false,true,580,0,580,580,3,3,5,5.17,F2L Slot 1,U2 R' U R U R' U R U L' U L,U2[1120] R'[1442] U[1502] R[1653] U[1769] R'[1973] U[2035] R[2173] U[2349] L'[2776] U[2849] L[2961],false,true,2381,862,1519,2961,12,12,13,7.9,F2L Slot 2,U2' L U2 L' B U B',U2'[3351] L[3501] U2[3704] L'[3898] B[3962] U[4178] B'[4474],false,true,1513,540,973,4474,7,7,9,7.19,F2L Slot 3,U R U' R' B' U' B U' F' U' F,U[5710] R[7293] U'[7633] R'[7752] B'[8210] U'[8303] B[8414] U'[8599] F'[8763] U'[8993] F[9090],false,true,4616,2819,1797,9090,11,11,11,6.12,F2L Slot 4,U L U L' U2' B' U B,U[11700] L[11867] U[11987] L'[12099] U2'[12709] B'[12849] U[12898] B[13059],false,true,3969,2777,1192,13059,8,8,9,6.71,OLL,U2' R U B U' B' U B U' B' R',U2'[13957] R[14136] U[14335] B[14428] U'[14479] B'[14554] U[14629] B[14701] U'[14771] B'[14864] R'[14984],false,true,1925,1077,848,14984,11,11,12,12.97,PLL,U2' F' L F' R2 F L' F' R2 F2 U',U2'[16635] F'[16878] L[16988] F'[17162] R2[17472] F[17664] L'[17786] F'[17889] R2[18223] F2[18742] U'[18846],false,true,3862,1894,1968,18846,11,11,15,5.59,,,,,,,,,,,,,,,,,,,,,,,,,,,,22,BL->FR 19,"[FL,BR]->FR 53",30,51,Aa,,
8fec0401-55c2-4f3b-9663-28a6c3e9393d,2023-09-09 02:31:49 UTC,false,16754,CFOP,Gan Smart Cube,Gan i Carry,Gan 356i,Jacob Pfeifer,false,false,15248,16754,,U[0] B'[133] U'[326] F[794] R'[1500] R'[1790] U[2248] L[2407] L[2500] U'[2642] L'[2844] F[3186] L'[3540] F'[3802] L[4638] L[4761] U[5112] L'[5256] U'[5469] L[5541] L[5647] F'[6174] L'[6597] F[6759] L[7898] U'[8447] L'[8677] U[8756] L[8905] U'[9051] L'[9266] U[9378] L[10581] D[11085] L'[11191] D'[11303] L[11502] B'[11827] L'[11932] B[12005] L[12680] L[12753] B[12996] L[13076] L[13140] B'[13209] L'[13258] B[13360] L'[13419] B'[13519] L[14247] B[14882] B[14962] L[15207] B[15418] L[15509] B'[15565] L'[15652] B'[16089] L'[16252] B'[16416] L[16498] B'[16688] L'[16754],cube,,Playground,custom_rules,B U F U2 F2 R2 L2 U B R F2 L2 U' R2 U' B2 U2 R2 F2 U' L2 D,random_state,custom_rules,,,,8,LU,0,0,16754,57,57,64,3.4,7597,9157,"",0,Cross,z R B' R' F D2',z[0] R[0] B'[133] R'[326] F[794] D2'[1790],false,true,1790,0,1790,1790,5,5,6,2.79,F2L Slot 1,R U2 R' U' F U' F',R[2248] U2[2500] R'[2642] U'[2844] F[3186] U'[3540] F'[3802],false,true,2012,458,1554,3802,7,7,8,4.5,F2L Slot 2,U2 R U' R' U2 F' U' F,U2[4761] R[5112] U'[5256] R'[5469] U2[5647] F'[6174] U'[6597] F[6759],false,true,2957,1310,1647,6759,8,8,10,4.86,F2L Slot 3,U R' U' R U R' U' R,U[7898] R'[8447] U'[8677] R[8756] U[8905] R'[9051] U'[9266] R[9378],false,true,2619,1688,931,9378,8,8,8,8.59,F2L Slot 4,U L U' L' U B' U' B,U[10581] L[11085] U'[11191] L'[11303] U[11502] B'[11827] U'[11932] B[12005],false,true,2627,1707,920,12005,8,8,8,8.7,OLL,U2 B U2 B' U' B U' B',U2[12753] B[12996] U2[13140] B'[13209] U'[13258] B[13360] U'[13419] B'[13519],false,true,1514,991,523,13519,8,8,10,15.3,PLL,U B2 U B U B' U' B' U' B' U B' U',U[14247] B2[14962] U[15207] B[15418] U[15509] B'[15565] U'[15652] B'[16089] U'[16252] B'[16416] U[16498] B'[16688] U'[16754],false,true,3235,1443,1792,16754,13,13,14,7.25,,,,,,,,,,,,,,,,,,,,,,,,,,,,9,FL->FR 23,"[FL,BL]->FR 29",18,26,Ub,,
9e1a7a95-e07b-4aab-b2be-4bb082e9c640,2023-09-09 02:33:51 UTC,false,21599,CFOP,Gan Smart Cube,Gan i Carry,Gan 356i,Jacob Pfeifer,false,false,13751,21599,,U[0] R[318] R[422] F[617] L'[1266] B[1334] L[1555] D'[2143] D'[2422] U'[5056] U'[5356] L[5554] U'[5741] L'[5941] U[6031] F[6720] U'[6938] F'[7150] U'[8282] U'[8667] U'[9101] L[9563] U[9713] L'[9919] U[10500] F'[10855] U[11072] F[11397] U'[11664] U'[11953] F'[12290] U[12376] F[12616] U'[13346] B[13619] U[13727] B'[14008] U[14077] R'[14803] U'[14974] R[15055] U[15986] U[16105] L'[16441] U[16532] U[16677] L[16841] U[17073] U[17185] L[17281] F'[17438] L'[17589] F[17650] R'[19344] U'[19479] R[19574] B[20046] B[20136] D[20426] L'[20624] U[20703] L[20897] U'[21032] L[21158] D'[21411] B[21522] B[21599],cube,,Playground,custom_rules,D B2 L' F U' R' U2 L2 B' U' R2 U' F2 D R2 D L2 U2 R2 U F2,random_state,custom_rules,,,,8,UF,0,0,21599,56,56,67,2.59,10564,11035,"",0,Cross,U R2 F L' B L D2',U[0] R2[422] F[617] L'[1266] B[1334] L[1555] D2'[2422],false,true,2422,0,2422,2422,7,7,9,2.89,F2L Slot 1,U2' L U' L' U F U' F',U2'[5356] L[5554] U'[5741] L'[5941] U[6031] F[6720] U'[6938] F'[7150],false,true,4728,3132,1596,7150,8,8,9,5.01,F2L Slot 2,U3' L U L',U3'[9101] L[9563] U[9713] L'[9919],false,true,2769,2413,356,9919,4,4,6,11.24,F2L Slot 3,U F' U F U2' F' U F,U[10500] F'[10855] U[11072] F[11397] U2'[11953] F'[12290] U[12376] F[12616],false,true,2697,936,1761,12616,8,8,9,4.54,F2L Slot 4,U' B U B' U R' U' R,U'[13346] B[13619] U[13727] B'[14008] U[14077] R'[14803] U'[14974] R[15055],false,true,2439,1003,1436,15055,8,8,8,5.57,OLL,U2 L' U2 L U2 L F' L' F,U2[16105] L'[16441] U2[16677] L[16841] U2[17185] L[17281] F'[17438] L'[17589] F[17650],false,true,2595,1386,1209,17650,9,9,12,7.44,PLL,R' U' R B2 D L' U L U' L D' B2,R'[19344] U'[19479] R[19574] B2[20136] D[20426] L'[20624] U[20703] L[20897] U'[21032] L[21158] D'[21411] B2[21599],false,true,3949,1694,2255,21599,12,12,14,5.32,,,,,,,,,,,,,,,,,,,,,,,,,,,,144,BR->FR 14,"[FL,BL]->FR 38",36,7,Gb,,
21e169d6-e4f2-4440-bd4b-9165c322c805,2023-09-09 02:36:17 UTC,false,20214,CFOP,Gan Smart Cube,Gan i Carry,Gan 356i,Jacob Pfeifer,false,false,8712,20214,,L[0] U[173] L'[636] L'[718] D[948] L[1181] L[1263] B[2307] L'[2656] B[2696] L[2840] B[2963] L'[3160] B[3221] L[3355] B[3606] B[3705] U'[4240] B[4305] U[4475] B'[5260] D[6842] B[7014] B[7105] D'[7274] L[7842] B[7964] L'[8172] B[8689] L'[8910] B[9069] L[9219] B'[9487] L'[9909] B'[10173] L[10276] B[11143] B[11433] R'[11842] B'[11959] R[12044] B[12165] R'[12416] B'[12610] R[12703] B[12818] R'[12907] B'[13029] R[13320] B'[14438] B[14940] B[15300] R[15562] B[15639] R'[15723] B[15762] R[15995] B[16232] B[16301] R'[16506] U[16573] R[16711] B[16820] R'[16911] B'[16966] U'[17099] B'[18026] B'[18254] L[18653] B[18803] B[18864] L'[18993] B[19147] B[19209] L[19293] U'[19392] L'[19523] B'[19630] L[19681] B[19789] L[19859] U[20092] L'[20139] L'[20214],cube,,Playground,custom_rules,R' U' R2 F2 D' F2 R' B' L U2 L2 F2 B2 U' B2 D' R2 L2 D' L2 U F2,random_state,custom_rules,,,,8,BU,0,0,20214,73,73,84,3.61,9860,10354,"",0,Cross,x' L F L2' B L2,x'[0] L[0] F[173] L2'[718] B[948] L2[1263],false,true,1263,0,1263,1263,5,5,7,3.96,F2L Slot 1,U L' U L U L' U L U2 F' U F,U[2307] L'[2656] U[2696] L[2840] U[2963] L'[3160] U[3221] L[3355] U2[3705] F'[4240] U[4305] F[4475],false,true,3212,1393,1819,4475,12,12,13,6.6,F2L Slot 2,U' B U2 B' L U L',U'[5260] B[6842] U2[7105] B'[7274] L[7842] U[7964] L'[8172],false,true,3697,2367,1330,8172,7,7,8,5.26,F2L Slot 3,U L' U L U' L' U' L,U[8689] L'[8910] U[9069] L[9219] U'[9487] L'[9909] U'[10173] L[10276],false,true,2104,738,1366,10276,8,8,8,5.86,F2L Slot 4,U2 R' U' R U R' U' R U R' U' R,U2[11433] R'[11842] U'[11959] R[12044] U[12165] R'[12416] U'[12610] R[12703] U[12818] R'[12907] U'[13029] R[13320],false,true,3044,1566,1478,13320,12,12,13,8.12,OLL,U' U2 R U R' U R U2 R' F R U R' U' F',U'[14438] U2[15300] R[15562] U[15639] R'[15723] U[15762] R[15995] U2[16301] R'[16506] F[16573] R[16711] U[16820] R'[16911] U'[16966] F'[17099],false,true,3779,2242,1537,17099,15,15,17,9.76,PLL,U2' L U2 L' U2 L F' L' U' L U L F L2',U2'[18254] L[18653] U2[18864] L'[18993] U2[19209] L[19293] F'[19392] L'[19523] U'[19630] L[19681] U[19789] L[19859] F[20092] L2'[20214],false,true,3115,1554,1561,20214,14,14,18,8.97,,,,,,,,,,,,,,,,,,,,,,,,,,,,22,BL->FR 95,"[FL,BR]->FR 6",31,41,Ra,,
f969a8b9-ed66-4764-bd7c-ae1ae741f694,2023-09-09 02:37:46 UTC,false,17718,CFOP,Gan Smart Cube,Gan i Carry,Gan 356i,Jacob Pfeifer,false,false,7602,17718,,B'[0] U[52] B[184] F[305] B[884] D'[1056] B'[1239] B'[2301] L[2393] L[2510] B[2648] D'[3346] L'[3671] D[3770] U'[5516] L[5589] L[5680] U[5774] F'[6303] L'[6699] F[6807] B'[7272] L[7337] B[7477] L'[7666] L'[8058] D[8186] L[8410] D'[8557] L'[9774] U'[9960] L[10044] U[10207] L'[10378] B[10757] L[10868] B'[10938] L[11671] L[11853] F[12621] U'[12737] F'[12848] L'[12995] F[13086] U[13201] F'[13360] U'[13639] L[13778] U[14049] B[15228] B[15307] R[15516] D'[15650] L[15882] D'[15977] L'[16094] D[16205] R'[16621] B[16688] B[16773] U'[17231] L[17322] U[17542] L[17646] L[17718],cube,,Playground,custom_rules,U' R F2 B' L U' B L B2 R B' D2 L2 D' L2 U R2 B2 D F2 U B2,random_state,custom_rules,,,,8,LU,0,0,17718,58,58,65,3.27,7617,10101,"",0,Cross,z B' R B F B L' B',z[0] B'[0] R[52] B[184] F[305] B[884] L'[1056] B'[1239],false,true,1239,0,1239,1239,7,7,7,5.65,F2L Slot 1,B' U2 B L' U' L,B'[2301] U2[2510] B[2648] L'[3346] U'[3671] L[3770],false,true,2531,1062,1469,3770,6,6,7,4.08,F2L Slot 2,R' U2 R F' U' F,R'[5516] U2[5680] R[5774] F'[6303] U'[6699] F[6807],false,true,3037,1746,1291,6807,6,6,7,4.65,F2L Slot 3,B' U B U2' L U L',B'[7272] U[7337] B[7477] U2'[8058] L[8186] U[8410] L'[8557],false,true,1750,465,1285,8557,7,7,8,5.45,F2L Slot 4,U' R' U R U' B U B',U'[9774] R'[9960] U[10044] R[10207] U'[10378] B[10757] U[10868] B'[10938],false,true,2381,1403,978,10938,8,8,8,8.18,OLL,U2 F R' F' U' F R F' R' U R,U2[11853] F[12621] R'[12737] F'[12848] U'[12995] F[13086] R[13201] F'[13360] R'[13639] U[13778] R[14049],false,true,3111,1683,1428,14049,11,11,12,7.7,PLL,B2 D L' U L' U' L D' B2 R' U R U2,B2[15307] D[15516] L'[15650] U[15882] L'[15977] U'[16094] L[16205] D'[16621] B2[16773] R'[17231] U[17322] R[17542] U2[17718],false,true,3669,1258,2411,17718,13,13,16,5.39,,,,,,,,,,,,,,,,,,,,,,,,,,,,4,FL->FR 72,"[BL,BR]->FR 3",8,13,Ga,,
5d90d6b7-5e11-42c2-b4dc-7bdd682563a2,2023-09-09 02:37:04 UTC,false,22376,CFOP,Gan Smart Cube,Gan i Carry,Gan 356i,Jacob Pfeifer,false,false,9029,22376,,R[0] B[132] U'[499] D[1368] F[1674] R'[2148] B'[2301] D[2368] B[2489] L'[2756] L'[2984] R[3871] F[4419] R[4734] F'[4889] R'[5113] F[5199] R[5378] F'[5606] R'[6688] R'[8259] D[8574] R[8702] D'[9103] R[9813] U[10184] R[10347] U'[10509] R[10731] F[11397] R'[11641] F'[11905] R'[13783] B'[14350] R[14418] B[14537] R'[14822] R'[15282] U[15429] R[15570] U'[15777] R[16102] B[16497] R[16656] B'[16820] R[17110] R[17242] B[17356] R'[17468] B'[17595] R[18214] R[18331] D'[18702] F[18976] D[19062] B'[19173] D'[19301] F'[19445] D[19528] B[19638] B[20581] R[20667] B'[20748] D'[21098] B[21183] R[21331] B'[21387] R'[21515] B'[21713] D[21776] B[21877] B[21927] R'[22013] B'[22257] R[22320] R[22376],cube,,Playground,custom_rules,L B L U D R2 B' R2 F' R' F2 U2 D' F2 D R2 D L2 F2 L2 U' L2,random_state,custom_rules,,,,8,RU,0,0,22376,70,70,76,3.13,7731,14645,"",0,Cross,z' U B L' R F U' B' R B D2',z'[0] U[0] B[132] L'[499] R[1368] F[1674] U'[2148] B'[2301] R[2368] B[2489] D2'[2984],false,true,2984,0,2984,2984,10,10,11,3.35,F2L Slot 1,U F U F' U' F U F' U' U' R U R',U[3871] F[4419] U[4734] F'[4889] U'[5113] F[5199] U[5378] F'[5606] U'[6688] U'[8259] R[8574] U[8702] R'[9103],false,true,6119,1435,4684,9103,13,13,13,2.78,F2L Slot 2,U L U L' U F U' F',U[9813] L[10184] U[10347] L'[10509] U[10731] F[11397] U'[11641] F'[11905],false,true,2802,1081,1721,11905,8,8,8,4.65,F2L Slot 3,U' B' U B U2' L U L',U'[13783] B'[14350] U[14418] B[14537] U2'[15282] L[15429] U[15570] L'[15777],false,true,3872,2445,1427,15777,8,8,9,5.61,F2L Slot 4,U B U B' U2 B U' B',U[16102] B[16497] U[16656] B'[16820] U2[17242] B[17356] U'[17468] B'[17595],false,true,1818,720,1098,17595,8,8,9,7.29,OLL,U2 R' F R B' R' F' R B,U2[18331] R'[18702] F[18976] R[19062] B'[19173] R'[19301] F'[19445] R[19528] B[19638],false,true,2043,1107,936,19638,9,9,10,9.62,PLL,B U B' R' B U B' U' B' R B2 U' B' U2,B[20581] U[20667] B'[20748] R'[21098] B[21183] U[21331] B'[21387] U'[21515] B'[21713] R[21776] B2[21927] U'[22013] B'[22257] U2[22376],false,true,2738,943,1795,22376,14,14,16,7.8,,,,,,,,,,,,,,,,,,,,,,,,,,,,142,BR->FR 15,"[BL,BR]->FR 3",15,25,Jb,,
e90435a9-9982-4b45-b1c9-da22e9cf6309,2023-09-09 02:38:38 UTC,false,17830,CFOP,Gan Smart Cube,Gan i Carry,Gan 356i,Jacob Pfeifer,false,false,18748,17830,,L'[0] U[278] B'[775] F[791] L[1001] L[1109] U[1546] D[2590] B[2965] D[3062] B'[3135] D'[3202] B[3276] D[3369] B'[3462] D'[3603] D'[3840] R[4291] D[4492] R'[4653] D[6473] D[6724] F[7240] D[7373] F'[7518] D'[7835] D'[8202] L[8333] D[8461] L'[8726] D[9986] B[10547] D'[10721] B'[10855] F[11206] D'[11381] F'[11648] D[12221] B[12538] D[12646] B'[12738] D[12929] L'[13235] D'[13370] L[13429] D[13925] D[14052] R'[14396] B[14452] B[14526] L[14756] B[14886] L'[14947] B[15328] R[15611] L[16603] D[16701] L'[16786] F'[16901] L[16968] D[17107] L'[17168] D'[17252] L'[17449] F[17489] L[17559] L[17608] D'[17665] L'[17731] D'[17830],cube,,Playground,custom_rules,F D R2 U B U2 B R' B' L' D F2 L2 U2 R2 U' B2 L2 F2 R2 U2 F2,random_state,custom_rules,,,,8,DB,0,0,17830,62,63,70,3.48,8676,9154,"",0,Cross,z' D' L S' R2 D,z'[0] D'[0] L[278] S'[791] R2[1109] D[1546],false,true,1546,0,1546,1546,5,6,7,3.23,F2L Slot 1,U B U B' U' B U B' U2' L U L',U[2590] B[2965] U[3062] B'[3135] U'[3202] B[3276] U[3369] B'[3462] U2'[3840] L[4291] U[4492] L'[4653],false,true,3107,1419,1688,4653,12,12,13,7.11,F2L Slot 2,U2 F U F' U2' R U R',U2[6724] F[7240] U[7373] F'[7518] U2'[8202] R[8333] U[8461] R'[8726],false,true,4073,2587,1486,8726,8,8,10,5.38,F2L Slot 3,U B U' B' F U' F',U[9986] B[10547] U'[10721] B'[10855] F[11206] U'[11381] F'[11648],false,true,2922,1821,1101,11648,7,7,7,6.36,F2L Slot 4,U B U B' U R' U' R,U[12221] B[12538] U[12646] B'[12738] U[12929] R'[13235] U'[13370] R[13429],false,true,1781,890,891,13429,8,8,8,8.98,OLL,U2 L' B2 R B R' B L,U2[14052] L'[14396] B2[14526] R[14756] B[14886] R'[14947] B[15328] L[15611],false,true,2182,967,1215,15611,8,8,10,6.58,PLL,R U R' F' R U R' U' R' F R2 U' R' U',R[16603] U[16701] R'[16786] F'[16901] R[16968] U[17107] R'[17168] U'[17252] R'[17449] F[17489] R2[17608] U'[17665] R'[17731] U'[17830],false,true,2219,992,1227,17830,14,14,15,11.41,,,,,,,,,,,,,,,,,,,,,,,,,,,,142,BL->FR 39,"[FL,BR]->FR 57",36,5,Jb,,
c6e4a57e-63cd-4ce0-9494-ae944ad59fc3,2023-09-09 02:39:31 UTC,false,19344,CFOP,Gan Smart Cube,Gan i Carry,Gan 356i,Jacob Pfeifer,false,false,10826,19344,,U'[0] U'[114] D'[561] B[685] D[863] L[1192] D'[1381] D'[1483] R'[2043] R'[2251] U[4772] L[4892] U'[5015] L'[5267] D'[5442] L[5521] D[5657] L[5871] F[6451] L'[6720] F'[6990] L'[7452] B'[7646] L[7730] L[7842] B[7942] L[8213] B'[8355] L'[8537] B[8650] B[9675] L[9778] B'[9882] L'[10023] L'[10747] U'[10914] L[11023] U[11458] L'[11757] L'[12056] F'[12359] L[12400] F[12532] L[12633] F'[12806] L[12866] F[13004] L'[13200] F'[13282] L[13341] F[13429] F'[14332] B[14464] D[14587] B[14757] D[14858] B'[14931] D'[15055] B'[15181] L[15227] B[15328] L'[15517] F[15710] B'[15762] L[16536] U[16828] B[16938] L'[17016] B'[17112] L'[17213] B[17262] L[17340] B'[17398] U'[18008] B[18071] L[18225] B'[18294] L'[18394] B'[18565] U[18614] B[18717] U'[19065] L'[19239] L'[19344],cube,,Playground,custom_rules,U L2 U' F D2 F' L2 F U2 L F2 U D2 R2 F2 L2 U L2 U R2 F2 U,random_state,custom_rules,,,,8,LU,0,0,19344,75,77,84,3.88,7204,12026,"",0,Cross,z R2' L' B L U L2' D2',z[57] R2'[114] L'[561] B[685] L[863] U[1192] L2'[1483] D2'[2251],false,true,2137,0,2137,2251,7,7,10,3.28,F2L Slot 1,R U R' U' L' U L U F U' F',R[4772] U[4892] R'[5015] U'[5267] L'[5442] U[5521] L[5657] U[5871] F[6451] U'[6720] F'[6990],false,true,4739,2521,2218,6990,11,11,11,4.96,F2L Slot 2,U' B' U2 B U B' U' B,U'[7452] B'[7646] U2[7842] B[7942] U[8213] B'[8355] U'[8537] B[8650],false,true,1660,656,1004,8650,8,8,9,7.97,F2L Slot 3,B U B' U2' R' U R,B[9675] U[9778] B'[9882] U2'[10747] R'[10914] U[11023] R[11458],false,true,2808,1025,1783,11458,7,7,8,3.93,F2L Slot 4,U2' F' U F U F' U F U' F' U F,U2'[12056] F'[12359] U[12400] F[12532] U[12633] F'[12806] U[12866] F[13004] U'[13200] F'[13282] U[13341] F[13429],false,true,1971,901,1070,13429,12,12,13,11.21,OLL,S U B U B' U' B' R B R' S',S[14464] U[14587] B[14757] U[14858] B'[14931] U'[15055] B'[15181] R[15227] B[15328] R'[15517] S'[15762],false,true,2333,1035,1298,15762,11,13,13,8.47,PLL,U R B U' B' U' B U B' R' B U B' U' B' R B R' U2',U[16536] R[16828] B[16938] U'[17016] B'[17112] U'[17213] B[17262] U[17340] B'[17398] R'[18008] B[18071] U[18225] B'[18294] U'[18394] B'[18565] R[18614] B[18717] R'[19065] U2'[19344],false,true,3582,1066,2516,19344,19,19,20,7.55,,,,,,,,,,,,,,,,,,,,,,,,,,,,88,BR->FR 4,"[BL,BR]->FR 30",22,29,Y,,
ea4db5e0-b7db-4868-905f-cdfff07bd016,2023-09-09 02:40:11 UTC,false,16348,CFOP,Gan Smart Cube,Gan i Carry,Gan 356i,Jacob Pfeifer,false,false,9009,16348,,R'[0] B'[156] R'[564] F'[969] F'[1081] D[1280] D[1373] F'[2376] L[2442] F[2573] F[2663] L'[3053] F'[3294] B'[3787] L[3861] L[3977] B[4087] L[4335] U[4873] L[5032] U'[5345] L[5644] L[5746] L'[6036] D'[6168] B[6210] D[6304] B'[6551] D[6676] L'[6832] D'[7124] L[7992] L[8122] B[8593] L[8751] B'[9007] L[9068] U'[9374] L'[9509] U[9591] L[10217] U[10682] L[10787] U'[10883] U'[10983] L'[11188] U'[11351] F[11395] U[11498] L[11652] U[11772] L'[12115] F'[12281] L[13364] L[13572] U[13978] U[14050] R[14259] B'[14360] L[14600] B'[14706] L'[14816] B[14918] R'[15104] U[15170] U[15282] F'[15835] L[15927] F[16096] L[16280] L[16348],cube,,Playground,custom_rules,U' R2 L' U F2 D' B' R B U' L2 U2 R2 B2 L2 D R2 U F2 R2 D F2,random_state,custom_rules,,,,8,LU,0,0,16348,60,60,71,3.67,6648,9700,"",0,Cross,z D' B' D' F2' L2,z[0] D'[0] B'[156] D'[564] F2'[1081] L2[1373],false,true,1373,0,1373,1373,5,5,7,3.64,F2L Slot 1,F' U F2 U' F',F'[2376] U[2442] F2[2663] U'[3053] F'[3294],false,true,1921,1003,918,3294,5,5,6,5.45,F2L Slot 2,B' U2 B U R U R',B'[3787] U2[3977] B[4087] U[4335] R[4873] U[5032] R'[5345],false,true,2051,493,1558,5345,7,7,8,4.49,F2L Slot 3,U2 U' L' B L B' L U' L',U2[5746] U'[6036] L'[6168] B[6210] L[6304] B'[6551] L[6676] U'[6832] L'[7124],false,true,1779,823,956,7124,9,9,10,9.41,F2L Slot 4,U2 B U B' U R' U' R,U2[8122] B[8593] U[8751] B'[9007] U[9068] R'[9374] U'[9509] R[9591],false,true,2467,1469,998,9591,8,8,9,8.02,OLL,U R U R2' U' R' F R U R U' F',U[10217] R[10682] U[10787] R2'[10983] U'[11188] R'[11351] F[11395] R[11498] U[11652] R[11772] U'[12115] F'[12281],false,true,2690,1091,1599,12281,12,12,13,7.5,PLL,U2 R2 D B' U B' U' B D' R2 F' U F U2,U2[13572] R2[14050] D[14259] B'[14360] U[14600] B'[14706] U'[14816] B[14918] D'[15104] R2[15282] F'[15835] U[15927] F[16096] U2[16348],false,true,4067,1769,2298,16348,14,14,18,6.09,,,,,,,,,,,,,,,,,,,,,,,,,,,,79,FL->FR 2,"[BL,BR]->FR 40",36,34,Ga,,
336fb6e8-9416-4413-bc0c-3c8810c6bf20,2023-09-09 13:45:43 UTC,false,20053,CFOP,Gan Smart Cube,Gan i Carry,Gan 356i,Jacob Pfeifer,false,false,7363,20053,,B[0] U[219] F[440] U[756] D'[1270] B[1457] D'[1651] B'[1871] D'[2103] L[2684] D'[2997] L'[3242] R'[4465] D[4773] R[4911] D[5219] L'[5539] D[5598] L[5754] D'[5970] L'[6181] D[6267] L[6428] R[8706] D'[8824] R'[8971] D'[9427] D'[9665] F[9809] D'[9939] F'[10075] D[10224] D[10302] F[10387] D'[10464] F'[10594] R[11331] D'[11430] R'[11568] D[11785] B'[12128] D[12280] B[12422] B'[12551] D[12672] B[12776] D[13076] D[13145] B'[13462] D[13521] B[13584] B'[14967] D'[15048] B[15166] D'[15300] B'[15418] D[15541] D[15615] B[15716] L[16156] B[16324] D[16460] B'[16543] D'[16615] L'[16793] B'[17969] D[18051] D[18132] B'[18227] D'[18551] R'[18860] B'[18973] R[19014] R[19090] D'[19155] R'[19284] D[19311] R'[19447] B[19549] R[19642] D'[19730] B[19891] D[20053],cube,,Playground,custom_rules,U B' D' F U' B D F2 R F' B' U' D2 R2 U L2 B2 U' D2 F2 R2 B2,random_state,custom_rules,,,,8,DB,0,0,20053,77,77,83,3.84,7498,12555,"",0,Cross,z2 B D F D,z2[0] B[0] D[219] F[440] D[756],false,true,756,0,756,756,4,4,4,5.29,F2L Slot 1,U' B U' B' U' R U' R',U'[1270] B[1457] U'[1651] B'[1871] U'[2103] R[2684] U'[2997] R'[3242],false,true,2486,701,1785,3242,8,8,8,4.48,F2L Slot 2,L' U L U R' U R U' R' U R,L'[4465] U[4773] L[4911] U[5219] R'[5539] U[5598] R[5754] U'[5970] R'[6181] U[6267] R[6428],false,true,3186,1223,1963,6428,11,11,11,5.6,F2L Slot 3,L U' L' U2' F U' F' U2 F U' F',L[8706] U'[8824] L'[8971] U2'[9665] F[9809] U'[9939] F'[10075] U2[10302] F[10387] U'[10464] F'[10594],false,true,4166,2278,1888,10594,11,11,13,5.83,F2L Slot 4,L U' L' U B' U B B' U B U2 B' U B,L[11331] U'[11430] L'[11568] U[11785] B'[12128] U[12280] B[12422] B'[12551] U[12672] B[12776] U2[13145] B'[13462] U[13521] B[13584],false,true,2990,737,2253,13584,14,14,15,6.21,OLL,B' U' B U' B' U2 B R B U B' U' R',B'[14967] U'[15048] B[15166] U'[15300] B'[15418] U2[15615] B[15716] R[16156] B[16324] U[16460] B'[16543] U'[16615] R'[16793],false,true,3209,1383,1826,16793,13,13,14,7.12,PLL,B' U2 B' U' L' B' L2 U' L' U L' B L U' B U,B'[17969] U2[18132] B'[18227] U'[18551] L'[18860] B'[18973] L2[19090] U'[19155] L'[19284] U[19311] L'[19447] B[19549] L[19642] U'[19730] B[19891] U[20053],false,true,3260,1176,2084,20053,16,16,18,7.68,,,,,,,,,,,,,,,,,,,,,,,,,,,,84,FL->FR 99,"[BL,BR]->FR 50",40,42,F,,
ad463b6d-cbde-4b0f-b917-519190116351,2023-09-09 13:46:30 UTC,false,19987,CFOP,Gan Smart Cube,Gan i Carry,Gan 356i,Jacob Pfeifer,false,false,10807,19987,,R'[0] F'[169] R'[350] B[646] R'[808] U'[1782] D'[2245] R[2411] D[2545] D[2646] R'[2763] D[3033] D[3155] L'[3418] D'[3674] L[3787] D[5025] D[5132] R'[5476] D'[5600] R[5745] D[5909] D[6016] L[6419] D[6569] L'[6821] D'[8102] R'[8473] D'[8616] R[8758] D'[8989] R'[9183] D[9266] R[9393] D[10187] R[10354] D'[10465] R'[10582] D'[10693] R[10754] D'[10893] R'[10995] D[11046] R[11115] D'[11193] R'[11267] D'[12313] D'[12806] F[13041] D[13253] L[13385] D'[13464] L'[13540] F'[13722] D[14407] B[14733] R[14895] D[15028] R'[15079] D'[15173] B'[15306] R'[16455] D'[16548] R[16645] F[17092] F[17162] U[17433] L'[17582] D[17648] L[17846] D'[17979] L[18065] D'[18350] L[18462] L'[18641] D[19064] U'[19591] F[19755] F[19987],cube,,Playground,custom_rules,R' D' R B' L2 D' R L B R2 F2 D' R2 F2 D R2 F2 D R2 U B2 D',random_state,custom_rules,,,,8,DB,0,0,19987,72,72,79,3.6,7854,12133,"",0,Cross,z2 L' F' L' B L' D',z2[0] L'[0] F'[169] L'[350] B[646] L'[808] D'[1782],false,true,1782,0,1782,1782,6,6,6,3.37,F2L Slot 1,U' L U2 L' U2 R' U' R,U'[2245] L[2411] U2[2646] L'[2763] U2[3155] R'[3418] U'[3674] R[3787],false,true,2005,629,1376,3787,8,8,10,5.81,F2L Slot 2,U2 L' U' L U2 R U R',U2[5132] L'[5476] U'[5600] L[5745] U2[6016] R[6419] U[6569] R'[6821],false,true,3034,1689,1345,6821,8,8,10,5.95,F2L Slot 3,U' L' U' L U' L' U L,U'[8102] L'[8473] U'[8616] L[8758] U'[8989] L'[9183] U[9266] L[9393],false,true,2572,1652,920,9393,8,8,8,8.7,F2L Slot 4,U L U' L' U' L U' L' U L U' L',U[10187] L[10354] U'[10465] L'[10582] U'[10693] L[10754] U'[10893] L'[10995] U[11046] L[11115] U'[11193] L'[11267],false,true,1874,961,913,11267,12,12,12,13.14,OLL,U2' F U R U' R' F' U B L U L' U' B',U2'[12806] F[13041] U[13253] R[13385] U'[13464] R'[13540] F'[13722] U[14407] B[14733] L[14895] U[15028] L'[15079] U'[15173] B'[15306],false,true,4039,1774,2265,15306,14,14,15,6.18,PLL,L' U' L F2 D R' U R U' R U' R R' U D' F2,L'[16455] U'[16548] L[16645] F2[17162] D[17433] R'[17582] U[17648] R[17846] U'[17979] R[18065] U'[18350] R[18462] R'[18641] U[19064] D'[19591] F2[19987],false,true,4681,1149,3532,19987,16,16,18,4.53,,,,,,,,,,,,,,,,,,,,,,,,,,,,24,BR->FR 92,"[BL,BR]->FR 16",1,4,Gb,,
49d9e5cd-802f-4e39-9172-3f4fdd2cd9a6,2023-09-09 13:49:47 UTC,false,17209,CFOP,Gan Smart Cube,Gan i Carry,Gan 356i,Jacob Pfeifer,false,false,5005,17209,,B[0] D[173] F'[823] D[902] F'[1033] R[1226] R[1308] U'[1835] U'[2040] D'[2362] B'[2683] D[2787] B[3041] D[4539] F[4792] D[4933] D[5025] F'[5127] D'[5242] F[5339] D[5511] F'[5632] D[7272] L[8952] D[9054] D[9147] L'[9241] B[9578] D[9714] B'[9812] D'[11060] L[11291] D'[11443] L'[11571] D[11633] F'[11918] D'[11984] F[12079] D'[13130] F[13385] D[13481] F'[13567] D[13809] F'[13941] R[14043] F[14134] R'[14328] F[14448] D[14685] D[14740] F'[14842] F[15699] D[15795] F'[15884] D'[15988] F'[16242] R[16294] F[16395] F[16455] D'[16506] F'[16610] D'[16697] F[16828] D[16912] F'[16983] R'[17084] D[17209],cube,,Playground,custom_rules,L2 F' D' F' B' U2 B' D2 R B R2 F2 R2 D' F2 R2 B2 R2 B2 D F2 D2,random_state,custom_rules,,,,8,DB,0,0,17209,61,61,67,3.54,9356,7853,"",0,Cross,z2 B U F' U F' L2 D2',z2[0] B[0] U[173] F'[823] U[902] F'[1033] L2[1308] D2'[2040],false,true,2040,0,2040,2040,7,7,9,3.43,F2L Slot 1,U' B' U B,U'[2362] B'[2683] U[2787] B[3041],false,true,1001,643,358,3041,4,4,4,11.17,F2L Slot 2,U F U2 F' U' F U F',U[4539] F[4792] U2[5025] F'[5127] U'[5242] F[5339] U[5511] F'[5632],false,true,2591,1751,840,5632,8,8,9,9.52,F2L Slot 3,U R U2 R' B U B',U[7272] R[8952] U2[9147] R'[9241] B[9578] U[9714] B'[9812],false,true,4180,3320,860,9812,7,7,8,8.14,F2L Slot 4,U' R U' R' U F' U' F,U'[11060] R[11291] U'[11443] R'[11571] U[11633] F'[11918] U'[11984] F[12079],false,true,2267,1479,788,12079,8,8,8,10.15,OLL,U' F U F' U F' L F L' F U2 F',U'[13130] F[13385] U[13481] F'[13567] U[13809] F'[13941] L[14043] F[14134] L'[14328] F[14448] U2[14740] F'[14842],false,true,2763,1306,1457,14842,12,12,13,8.24,PLL,F U F' U' F' L F2 U' F' U' F U F' L' U,F[15699] U[15795] F'[15884] U'[15988] F'[16242] L[16294] F2[16455] U'[16506] F'[16610] U'[16697] F[16828] U[16912] F'[16983] L'[17084] U[17209],false,true,2367,857,1510,17209,15,15,16,9.93,,,,,,,,,,,,,,,,,,,,,,,,,,,,5,FL->FR 19,"[BL,BR]->FR 59",18,10,T,,
18affd6d-997c-4fc4-9372-507ba36fad86,2023-09-09 13:50:40 UTC,false,18205,CFOP,Gan Smart Cube,Gan i Carry,Gan 356i,Jacob Pfeifer,false,false,19003,18205,,R[0] R[80] D[249] F[762] U[1083] L'[1557] B'[2225] B'[2503] F[4530] L[4948] F[5098] L'[5368] R[5922] F'[6057] R'[6209] R'[6512] F[6665] R[6837] F'[8353] D[8747] F[8946] D'[9169] F[9278] D[9440] F'[9617] D'[9818] R[10989] F[11175] R'[11362] F[11680] R[11800] F'[11892] R'[12004] F[12787] R[13050] F[13171] F[13262] R'[13358] R'[13634] D[13676] R[13793] D'[13975] R[14084] F[14347] R'[14477] R[14655] F[14751] R'[14865] F[15763] R'[16146] F[16200] F[16276] R'[16397] F'[16715] U'[17006] R'[17105] U[17186] U[17266] F'[17334] U'[17448] F[17481] U'[17618] R[17734] U[17857] F'[17944] R[18093] F[18205],cube,,Playground,custom_rules,D' L F' B2 L' F' U2 D F U' F2 D' B2 U L2 F2 U2 R2 D' B2 U2,random_state,custom_rules,,,,8,FU,0,0,18205,60,60,67,3.3,8407,9718,"",0,Cross,x R2 F U B L' D2',x[40] R2[80] F[249] U[762] B[1083] L'[1557] D2'[2503],false,true,2423,0,2423,2503,6,6,8,2.48,F2L Slot 1,U L U L',U[4530] L[4948] U[5098] L'[5368],false,true,2865,2445,420,5368,4,4,4,9.52,F2L Slot 2,R U' R2' U R,R[5922] U'[6057] R2'[6512] U[6665] R[6837],false,true,1469,554,915,6837,5,5,6,5.46,F2L Slot 3,U' F U F' U F U' F',U'[8353] F[8747] U[8946] F'[9169] U[9278] F[9440] U'[9617] F'[9818],false,true,2981,1910,1071,9818,8,8,8,7.47,F2L Slot 4,R U R' U R U' R',R[10989] U[11175] R'[11362] U[11680] R[11800] U'[11892] R'[12004],false,true,2186,1171,1015,12004,7,7,7,6.9,OLL,U R U2 R2' F R F' R U R' R U R',U[12787] R[13050] U2[13262] R2'[13634] F[13676] R[13793] F'[13975] R[14084] U[14347] R'[14477] R[14655] U[14751] R'[14865],false,true,2861,1046,1815,14865,13,13,15,7.16,PLL,U R' U2 R' U' B' R' B2 U' B' U B' R B U' R U,U[15763] R'[16146] U2[16276] R'[16397] U'[16715] B'[17006] R'[17105] B2[17266] U'[17334] B'[17448] U[17481] B'[17618] R[17734] B[17857] U'[17944] R[18093] U[18205],false,true,3340,1281,2059,18205,17,17,19,8.26,,,,,,,,,,,,,,,,,,,,,,,,,,,,14,BR->FR 91,"[FL,BL]->FR 7",7,35,F,,
15d4ccca-ddeb-40b3-b75a-425eeac5ebb6,2023-09-09 13:51:32 UTC,false,21677,CFOP,Gan Smart Cube,Gan i Carry,Gan 356i,Jacob Pfeifer,false,false,11473,21677,,B[0] B[110] L'[365] F'[714] U'[1872] B[2058] D'[2815] D'[3088] R[3255] D'[3415] R'[3568] D'[3748] L[3986] D[4143] L'[4394] D[5546] D[5664] R'[6312] D[6459] D[6566] R[6648] D[6868] L'[7143] D'[7398] L[7489] R[8513] D'[8614] R'[8724] D'[8832] R[8933] D'[9068] R'[9245] F[9754] D'[9952] F'[10316] D[10858] R[11170] D'[11293] R'[11443] D[11494] R[11598] D[11719] R'[11851] D[12575] R[13016] D[13212] R'[13588] D[13899] R'[14049] B[14120] R[14207] B'[14474] B[15268] R'[15386] B'[15443] R[15525] D'[15897] R[16021] D'[16136] R'[16247] R[16500] D[16584] D[16657] R'[16742] R'[17009] B[17089] R[17190] B'[17418] D[17840] D[17919] R'[18071] B[18129] R[18235] B'[18444] D[19213] B[19519] R[19643] D'[19718] R'[19823] D'[19921] R[19979] D[20432] R'[20546] B'[20637] R[20744] D[20880] R'[20933] D'[21055] R'[21268] B[21341] R[21486] B'[21677],cube,,Playground,custom_rules,B' U' D' B2 R' L2 U' R' B' R D2 R2 L2 U F2 B2 L2 F2 B2 D F2 U2,random_state,custom_rules,,,,8,DB,0,0,21677,85,85,92,3.92,7233,14334,"",0,Cross,z2 B2 R' F' D' B,z2[55] B2[110] R'[365] F'[714] D'[1872] B[2058],false,true,1948,0,1948,2058,5,5,6,2.57,F2L Slot 1,U2' L U' L' U' R U R',U2'[3088] L[3255] U'[3415] L'[3568] U'[3748] R[3986] U[4143] R'[4394],false,true,2336,1197,1139,4394,8,8,9,7.02,F2L Slot 2,U2 L' U2 L U R' U' R,U2[5664] L'[6312] U2[6566] L[6648] U[6868] R'[7143] U'[7398] R[7489],false,true,3095,1918,1177,7489,8,8,10,6.8,F2L Slot 3,L U' L' U' L U' L' F U' F',L[8513] U'[8614] L'[8724] U'[8832] L[8933] U'[9068] L'[9245] F[9754] U'[9952] F'[10316],false,true,2827,1024,1803,10316,10,10,10,5.55,F2L Slot 4,U L U' L' U L U L',U[10858] L[11170] U'[11293] L'[11443] U[11494] L[11598] U[11719] L'[11851],false,true,1535,854,681,11851,8,8,8,11.75,OLL,U L U L' U L' B L B' B L' B' L U' L U' L' L U2 L2' B L B' U2 L' B L B',U[12575] L[13016] U[13212] L'[13588] U[13899] L'[14049] B[14120] L[14207] B'[14474] B[15268] L'[15386] B'[15443] L[15525] U'[15897] L[16021] U'[16136] L'[16247] L[16500] U2[16657] L2'[17009] B[17089] L[17190] B'[17418] U2[17919] L'[18071] B[18129] L[18235] B'[18444],false,true,6593,1165,5428,18444,28,28,31,5.16,PLL,U B L U' L' U' L U L' B' L U L' U' L' B L B',U[19213] B[19519] L[19643] U'[19718] L'[19823] U'[19921] L[19979] U[20432] L'[20546] B'[20637] L[20744] U[20880] L'[20933] U'[21055] L'[21268] B[21341] L[21486] B'[21677],false,true,3233,1075,2158,21677,18,18,18,8.34,,,,,,,,,,,,,,,,,,,,,,,,,,,,20,FL->FR 93,"[BL,BR]->FR 1",20,1,Y,,
4f5d87c4-b639-418f-acd0-0e8b2c9b3020,2023-09-09 13:52:29 UTC,false,20810,CFOP,Gan Smart Cube,Gan i Carry,Gan 356i,Jacob Pfeifer,false,false,20971,20810,,L'[0] D'[441] U[695] L'[1079] B'[1694] R[1810] B[1979] B[2995] U[3149] U[3257] B'[3399] U[3685] U[3837] B[4237] U'[4438] B'[4789] F[5284] U[5564] U[5728] F'[6082] U'[6758] F[7187] U[7335] F'[7602] U[8130] U'[8603] L[8824] U'[8959] L'[9078] U'[9227] L[9313] U'[9488] L'[9648] U[9752] L[9889] U'[10039] L'[10397] U[11897] U[12000] R[12508] U'[12754] R'[12888] U[12987] R[13869] U'[14057] R'[14202] U[15391] L[15687] U[15835] U[15929] L'[16035] U[16280] U[16362] L'[16474] B[16573] L[16641] B'[16884] U[17873] L[18093] U[18431] L'[18615] B[19207] B[19277] D'[19582] R[19629] U'[19743] R'[19874] U[19907] R'[20016] D[20231] B[20518] B[20575] U'[20708] U'[20810],cube,,Playground,custom_rules,R2 D F' U R2 L' F2 R2 U2 F' D' B2 R2 D F2 L2 D' R2 D L2 F2 U,random_state,custom_rules,,,,8,UF,0,0,20810,64,65,74,3.08,7538,13272,"",0,Cross,L' E F' L' B L,L'[0] E[695] F'[1079] L'[1694] B[1810] L[1979],false,true,1979,0,1979,1979,6,7,7,3.03,F2L Slot 1,L U2 L' U2 L U' L',L[2995] U2[3257] L'[3399] U2[3837] L[4237] U'[4438] L'[4789],false,true,2810,1016,1794,4789,7,7,9,3.9,F2L Slot 2,R U2 R' U' R U R',R[5284] U2[5728] R'[6082] U'[6758] R[7187] U[7335] R'[7602],false,true,2813,495,2318,7602,7,7,8,3.02,F2L Slot 3,U U' F U' F' U' F U' F' U F U' F',U[8130] U'[8603] F[8824] U'[8959] F'[9078] U'[9227] F[9313] U'[9488] F'[9648] U[9752] F[9889] U'[10039] F'[10397],false,true,2795,1222,1573,10397,13,13,13,8.26,F2L Slot 4,U2 B U' B' U B U' B',U2[12000] B[12508] U'[12754] B'[12888] U[12987] B[13869] U'[14057] B'[14202],false,true,3805,2111,1694,14202,8,8,9,4.72,OLL,U F U2 F' U2 F' L F L',U[15391] F[15687] U2[15929] F'[16035] U2[16362] F'[16474] L[16573] F[16641] L'[16884],false,true,2682,1485,1197,16884,9,9,11,7.52,PLL,U F U F' L2 D' B U' B' U B' D L2 U2',U[17873] F[18093] U[18431] F'[18615] L2[19277] D'[19582] B[19629] U'[19743] B'[19874] U[19907] B'[20016] D[20231] L2[20575] U2'[20810],false,true,3926,1209,2717,20810,14,14,17,5.15,,,,,,,,,,,,,,,,,,,,,,,,,,,,9,BL->FR 19,"[FL,BR]->FR 1",26,8,Gd,,
0e661bf1-838d-46fc-b088-db1917a252e9,2023-09-09 13:53:06 UTC,false,16723,CFOP,Gan Smart Cube,Gan i Carry,Gan 356i,Jacob Pfeifer,false,false,5989,16723,,F[0] L[219] L[303] R[671] U'[830] R'[956] B[1279] U[1533] B'[1873] F[2864] R[3249] F[3405] R'[3584] F'[4170] U'[4430] F'[4733] U[4926] D'[5880] F[6000] F[6154] D[6348] F'[6520] D'[6811] F[6951] D[7130] U[7728] F'[7879] U'[8099] F[8218] R'[8683] F'[8824] R[9073] F[9484] D[9834] F[9994] D'[10167] F[10467] F[10572] D[10677] F'[10804] D'[10914] F[11666] F[11957] U'[12366] R[12449] R[12538] D[12774] R[12908] D'[13018] R[13070] U[13303] D'[14514] F[14576] F[14644] D'[14748] F'[15044] R'[15319] D'[15435] R[15484] R[15553] F'[15632] R'[15743] F[15777] R'[15925] D[16028] R[16146] F'[16228] D[16379] F'[16600] F'[16723],cube,,Playground,custom_rules,D' L U R B' U R U' F B2 U L2 B2 U L2 U2 F2 L2 D' R2 L2 U2,random_state,custom_rules,,,,8,FU,0,0,16723,62,62,70,3.71,6352,10371,"",0,Cross,x U L2 R B' R' D B D',x[0] U[0] L2[303] R[671] B'[830] R'[956] D[1279] B[1533] D'[1873],false,true,1873,0,1873,1873,8,8,9,4.27,F2L Slot 1,U R U R' U' B' U' B,U[2864] R[3249] U[3405] R'[3584] U'[4170] B'[4430] U'[4733] B[4926],false,true,3053,1376,1677,4926,8,8,8,4.77,F2L Slot 2,F' U2 F U' F' U F,F'[5880] U2[6154] F[6348] U'[6520] F'[6811] U[6951] F[7130],false,true,2204,954,1250,7130,7,7,8,5.6,F2L Slot 3,B U' B' U R' U' R,B[7728] U'[7879] B'[8099] U[8218] R'[8683] U'[8824] R[9073],false,true,1943,598,1345,9073,7,7,7,5.2,F2L Slot 4,U F U F' U2 F U' F',U[9484] F[9834] U[9994] F'[10167] U2[10572] F[10677] U'[10804] F'[10914],false,true,1841,761,1080,10914,8,8,9,7.41,OLL,U2 B' R2 F R F' R B,U2[11957] B'[12366] R2[12538] F[12774] R[12908] F'[13018] R[13070] B[13303],false,true,2389,1452,937,13303,8,8,10,8.54,PLL,F' U2 F' U' R' F' R2 U' R' U R' F R U' F U2',F'[14514] U2[14644] F'[14748] U'[15044] R'[15319] F'[15435] R2[15553] U'[15632] R'[15743] U[15777] R'[15925] F[16028] R[16146] U'[16228] F[16379] U2'[16723],false,true,3420,1211,2209,16723,16,16,19,7.24,,,,,,,,,,,,,,,,,,,,,,,,,,,,114,BL->FR 10,"[FL,BR]->FR 18",15,5,F,,
fbd4ae4c-5a97-4a2b-b51d-ffa81654f9f4,2023-09-09 13:54:51 UTC,false,23853,CFOP,Gan Smart Cube,Gan i Carry,Gan 356i,Jacob Pfeifer,false,false,66997,23853,,F[0] L[243] L[349] F[680] B'[742] R'[1500] U[2151] F'[2470] F[2794] D'[2911] F'[3050] D[3125] F[3340] D[3445] D[3507] F'[3590] F[4591] D[4722] D[4801] F'[4909] F'[5284] D'[5444] F[5570] D'[5817] D'[6069] L'[6570] D[6638] L[6761] D[7076] R'[7990] D[8076] D[8214] R[8353] D'[8506] D'[8791] B'[9143] D'[9495] B[9609] D'[13837] D'[14262] L[14400] D'[14559] L'[14723] D[14786] D[14885] F[15220] D'[15517] F'[16170] F'[16717] D[16796] D[16887] F[16963] D[17197] F'[17293] D'[17372] F[17438] R[18670] F[18822] D[18969] F'[19044] D'[19128] F[19216] R'[19481] B[19753] R[19861] F'[19977] R'[20105] B'[20286] D'[21751] F'[21968] R[22047] F'[22249] L[22394] L[22602] F[22733] R'[22897] F'[22991] L[23125] L[23320] F[23479] F[23560] D'[23853],cube,,Playground,custom_rules,B' L2 U' F2 D L U' B' R' F B2 D F2 R2 U' R2 D' F2 R2 L2 U' R2,random_state,custom_rules,,,,8,DB,0,0,23853,67,68,82,2.81,9805,14048,"",0,Cross,z' F D2 S' L' D F',z'[0] F[0] D2[349] S'[742] L'[1500] D[2151] F'[2470],false,true,2470,0,2470,2470,6,7,8,2.43,F2L Slot 1,F U' F' U F U2 F' F U2 F2' U' F U2' R' U R,F[2794] U'[2911] F'[3050] U[3125] F[3340] U2[3507] F'[3590] F[4591] U2[4801] F2'[5284] U'[5444] F[5570] U2'[6069] R'[6570] U[6638] R[6761],false,true,4291,324,3967,6761,16,16,20,4.03,F2L Slot 2,U L' U2 L U2' B' U' B,U[7076] L'[7990] U2[8214] L[8353] U2'[8791] B'[9143] U'[9495] B[9609],false,true,2848,1229,1619,9609,8,8,10,4.94,F2L Slot 3,U2' R U' R' U2 F U' F',U2'[14262] R[14400] U'[14559] R'[14723] U2[14885] F[15220] U'[15517] F'[16170],false,true,6561,4791,1770,16170,8,8,10,4.52,F2L Slot 4,F' U2 F U F' U' F,F'[16717] U2[16887] F[16963] U[17197] F'[17293] U'[17372] F[17438],false,true,1268,547,721,17438,7,7,8,9.71,OLL,L F U F' U' F L' B L F' L' B',L[18670] F[18822] U[18969] F'[19044] U'[19128] F[19216] L'[19481] B[19753] L[19861] F'[19977] L'[20105] B'[20286],false,true,2848,1232,1616,20286,12,12,12,7.43,PLL,U' F' L F' R2 F L' F' R2 F2 U',U'[21751] F'[21968] L[22047] F'[22249] R2[22602] F[22733] L'[22897] F'[22991] R2[23320] F2[23560] U'[23853],false,true,3567,1682,1885,23853,11,11,14,5.84,,,,,,,,,,,,,,,,,,,,,,,,,,,,132,FL->FR 4,"[FL,BL]->FR 32",4,56,Aa,,
4e6ccc64-8c6b-4fde-ab38-b1fa8741d48a,2023-09-09 13:56:42 UTC,false,16624,CFOP,Gan Smart Cube,Gan i Carry,Gan 356i,Jacob Pfeifer,false,false,20765,16624,,D[0] R'[207] R'[294] D[456] R[663] R[757] D[990] L'[1498] U[1604] L[1866] B[2354] U[2506] B'[2818] U'[3326] U'[4482] F[4665] U'[4953] F'[5120] U'[5384] L[5997] U'[6438] L'[6557] U[6779] U[6911] R[7383] U[7704] R'[7846] U[8093] U[8179] L'[8497] U'[8892] L[9047] U[10838] B[11430] U[11618] L[11755] U'[11802] L'[11874] B'[12030] U[12222] F[12463] R[12611] U[12713] R'[12786] U'[12857] F'[12985] U[14169] U[14349] L[14690] U[14848] U[14927] L'[15089] U[15204] U[15272] L[15354] F'[15480] L'[15673] U'[15859] L[15913] U[16007] L[16310] F[16485] L'[16564] L'[16624],cube,,Playground,custom_rules,B D2 R2 D' B L' B' L' F U B2 R2 U2 B2 U2 B2 L2 U R2 U' R2 L2,random_state,custom_rules,,,,8,UF,0,0,16624,56,56,64,3.37,7920,8704,"",0,Cross,D R2' D R2 D,D[0] R2'[294] D[456] R2[757] D[990],false,true,990,0,990,990,5,5,7,5.05,F2L Slot 1,L' U L B U B',L'[1498] U[1604] L[1866] B[2354] U[2506] B'[2818],false,true,1828,508,1320,2818,6,6,6,4.55,F2L Slot 2,U' U' F U' F' U' L U' L',U'[3326] U'[4482] F[4665] U'[4953] F'[5120] U'[5384] L[5997] U'[6438] L'[6557],false,true,3739,1847,1892,6557,9,9,9,4.76,F2L Slot 3,U2 R U R',U2[6911] R[7383] U[7704] R'[7846],false,true,1289,826,463,7846,4,4,5,8.64,F2L Slot 4,U2 L' U' L,U2[8179] L'[8497] U'[8892] L[9047],false,true,1201,651,550,9047,4,4,5,7.27,OLL,U B U L U' L' B' U F R U R' U' F',U[10838] B[11430] U[11618] L[11755] U'[11802] L'[11874] B'[12030] U[12222] F[12463] R[12611] U[12713] R'[12786] U'[12857] F'[12985],false,true,3938,2383,1555,12985,14,14,14,9.0,PLL,U2 L U2 L' U2 L F' L' U' L U L F L2',U2[14349] L[14690] U2[14927] L'[15089] U2[15272] L[15354] F'[15480] L'[15673] U'[15859] L[15913] U[16007] L[16310] F[16485] L2'[16624],false,true,3639,1705,1934,16624,14,14,18,7.24,,,,,,,,,,,,,,,,,,,,,,,,,,,,3,FL->FR 72,"[BL,BR]->FR 14",12,4,Ra,,
86615706-75e4-48a8-b569-8eed7cb56e37,2023-09-09 13:59:30 UTC,false,17408,CFOP,Gan Smart Cube,Gan i Carry,Gan 356i,Jacob Pfeifer,false,false,5631,17408,,F[0] F[81] L'[491] U[911] U[1262] F[1556] D[3193] D'[3396] L[3632] D'[3779] L'[3935] D[4029] F'[4431] D'[4543] F[4719] F[5026] D[5239] D[5365] F'[5568] D'[5725] R[5890] D'[6165] R'[6407] D[7392] D[7519] R'[7843] D'[7948] R[8068] D[8228] D[8328] R'[8768] D[8914] R[9226] D[9929] D[10042] B[10492] D[10613] D[10668] B'[10741] D'[10848] B[10914] D[11008] B'[11090] D[12494] L[12841] B[13420] D[13586] B'[13670] D'[13745] L'[13895] D[14055] L[14334] B[14498] D[14611] B'[14674] D'[14751] L'[14917] B[15860] D[15994] B'[16083] L'[16193] B[16253] D[16407] B'[16462] D'[16576] B'[16790] L[16886] B[16993] B[17054] D'[17122] B'[17286] D[17355] D[17408],cube,,Playground,custom_rules,U2 L' D2 R2 D' R L' B U' L U L2 U' R2 F2 D2 F2 D L2 B2 U' R2,random_state,custom_rules,,,,8,DB,0,0,17408,63,63,73,3.62,7779,9548,"",0,Cross,z2 F2 R' D2 F,z2[40] F2[81] R'[491] D2[1262] F[1556],false,true,1475,0,1475,1556,4,4,6,2.71,F2L Slot 1,U U' R U' R' U F' U' F,U[3193] U'[3396] R[3632] U'[3779] R'[3935] U[4029] F'[4431] U'[4543] F[4719],false,true,3163,2076,1087,4719,9,9,9,8.28,F2L Slot 2,F U2 F' U' L U' L',F[5026] U2[5365] F'[5568] U'[5725] L[5890] U'[6165] L'[6407],false,true,1688,307,1381,6407,7,7,8,5.07,F2L Slot 3,U2 L' U' L U2 L' U L,U2[7519] L'[7843] U'[7948] L[8068] U2[8328] L'[8768] U[8914] L[9226],false,true,2819,1436,1383,9226,8,8,10,5.78,F2L Slot 4,U2 B U2 B' U' B U B',U2[10042] B[10492] U2[10668] B'[10741] U'[10848] B[10914] U[11008] B'[11090],false,true,1864,1266,598,11090,8,8,10,13.38,OLL,U R B U B' U' R' U R B U B' U' R',U[12494] R[12841] B[13420] U[13586] B'[13670] U'[13745] R'[13895] U[14055] R[14334] B[14498] U[14611] B'[14674] U'[14751] R'[14917],false,true,3827,1751,2076,14917,14,14,14,6.74,PLL,B U B' R' B U B' U' B' R B2 U' B' U2,B[15860] U[15994] B'[16083] R'[16193] B[16253] U[16407] B'[16462] U'[16576] B'[16790] R[16886] B2[17054] U'[17122] B'[17286] U2[17408],false,true,2491,943,1548,17408,14,14,16,9.04,,,,,,,,,,,,,,,,,,,,,,,,,,,,18,BL->FR 9,"[FL,BR]->FR 11",19,12,Jb,,
4c925d6d-0510-46a0-8fb9-77005df0546a,2023-09-09 14:01:04 UTC,false,15402,CFOP,Gan Smart Cube,Gan i Carry,Gan 356i,Jacob Pfeifer,false,false,9818,15402,,D[0] L[487] R'[500] D'[777] F[1219] F'[1602] B[2038] L[2217] B[2823] F[3993] F[4364] R[4698] F[4835] R'[4984] F[5622] D'[5822] F'[5960] D[6133] F[6685] U'[7021] F[7149] F[7257] U[7464] F[7623] F[7721] R'[8093] F'[8312] R[8410] F[8553] L[8796] F[8879] L'[8931] F'[8999] L[9061] F[9145] L'[9201] F'[9274] L[9333] F[9412] L'[9472] F'[10032] F'[10286] D[10633] F[10699] F[10760] D'[10824] F'[10915] D[10973] F[11038] D'[11091] F[11626] L[11871] D[11988] F[12100] D'[12152] F'[12206] L'[12395] D[13790] R'[13891] D'[13983] L[14055] D[14174] R[14285] D'[14360] L'[14462] D[14545] R[14642] D'[14699] L[14744] D[14905] R'[15081] D'[15126] L'[15284] F'[15402],cube,,Playground,custom_rules,U F' R D L' D2 B U2 D F R2 L2 U' L2 D' R2 F2 D2 B2 D R2 D',random_state,custom_rules,,,,8,FU,0,0,15402,68,69,74,4.42,6485,8917,"",0,Cross,D M' F' U U' D L D,D[0] M'[500] F'[777] U[1219] U'[1602] D[2038] L[2217] D[2823],false,true,2823,0,2823,2823,8,9,9,2.83,F2L Slot 1,U2 R U R' U F' U' F,U2[4364] R[4698] U[4835] R'[4984] U[5622] F'[5822] U'[5960] F[6133],false,true,3310,1875,1435,6133,8,8,9,5.57,F2L Slot 2,U B' U2 B U2 R' U' R,U[6685] B'[7021] U2[7257] B[7464] U2[7721] R'[8093] U'[8312] R[8410],false,true,2277,888,1389,8410,8,8,10,5.76,F2L Slot 3,U L U L' U' L U L' U' L U L',U[8553] L[8796] U[8879] L'[8931] U'[8999] L[9061] U[9145] L'[9201] U'[9274] L[9333] U[9412] L'[9472],false,true,1062,386,676,9472,12,12,12,17.75,F2L Slot 4,U2' F U2 F' U' F U F',U2'[10286] F[10633] U2[10760] F'[10824] U'[10915] F[10973] U[11038] F'[11091],false,true,1619,1161,458,11091,8,8,10,17.47,OLL,U L F U F' U' L',U[11626] L[11871] F[11988] U[12100] F'[12152] U'[12206] L'[12395],false,true,1304,780,524,12395,7,7,7,13.36,PLL,F R' F' L F R F' L' F R F' L F R' F' L' U',F[13790] R'[13891] F'[13983] L[14055] F[14174] R[14285] F'[14360] L'[14462] F[14545] R[14642] F'[14699] L[14744] F[14905] R'[15081] F'[15126] L'[15284] U'[15402],false,true,3007,1395,1612,15402,17,17,17,10.55,,,,,,,,,,,,,,,,,,,,,,,,,,,,54,FL->FR 4,"[FL,BL]->FR 37",19,45,E,,
3a0a733a-5b6a-46df-b74e-2b7ed6808ffd,2023-09-09 13:57:47 UTC,false,17082,CFOP,Gan Smart Cube,Gan i Carry,Gan 356i,Jacob Pfeifer,false,false,26656,17082,,B[0] U'[239] D[571] B'[820] D'[1063] L'[1540] B[2077] U'[2322] B'[2547] R'[3591] U'[4026] R[4103] U[4225] R[4502] R[4636] U[4897] R'[5166] U'[5439] R'[6137] D'[6352] R[6428] R[6520] D[6620] R[6914] D'[7215] R'[7456] D[7683] R'[8702] U[8945] F'[9162] U'[9268] F[9355] U'[9682] R[9777] U[9904] D[10919] R'[11023] D'[11131] R[11186] F'[11616] R[11738] R[11823] F[11881] R[12179] R[12245] F'[12501] R[12544] F[12617] B'[13858] D[13941] B[14259] B[14334] U'[14427] B'[14548] B'[14611] D'[14693] B[14772] B[14844] U[14974] B'[15121] R[15870] F[16063] R[16164] F'[16226] R'[16335] F'[16465] U[16508] F[16570] F[16631] R'[16664] F'[16751] R'[16832] F[16918] R[16983] F'[17037] U'[17082],cube,,Playground,custom_rules,U2 F U' D2 L' D' F' U' B' R' L2 U R2 F2 D2 F2 U F2 U' R2 L2 D,random_state,custom_rules,,,,8,RU,0,0,17082,68,68,76,3.98,6852,10230,"",0,Cross,z' B L' R B' R' D' B L' B',z'[0] B[0] L'[239] R[571] B'[820] R'[1063] D'[1540] B[2077] L'[2322] B'[2547],false,true,2547,0,2547,2547,9,9,9,3.53,F2L Slot 1,U' L' U L U2 L U' L',U'[3591] L'[4026] U[4103] L[4225] U2[4636] L[4897] U'[5166] L'[5439],false,true,2892,1479,1413,5439,8,8,9,5.66,F2L Slot 2,U' R' U2 R U R' U' R,U'[6137] R'[6352] U2[6520] R[6620] U[6914] R'[7215] U'[7456] R[7683],false,true,2244,913,1331,7683,8,8,9,6.01,F2L Slot 3,U' L F' L' F L' U L,U'[8702] L[8945] F'[9162] L'[9268] F[9355] L'[9682] U[9777] L[9904],false,true,2221,1262,959,9904,8,8,8,8.34,F2L Slot 4,R U' R' U F' U2 F U2 F' U F,R[10919] U'[11023] R'[11131] U[11186] F'[11616] U2[11823] F[11881] U2[12245] F'[12501] U[12544] F[12617],false,true,2713,1015,1698,12617,11,11,13,6.48,OLL,B' R B2 L' B2' R' B2 L B',B'[13858] R[13941] B2[14334] L'[14427] B2'[14611] R'[14693] B2[14844] L[14974] B'[15121],false,true,2504,1241,1263,15121,9,9,12,7.13,PLL,U F U F' U' F' L F2 U' F' U' F U F' L',U[15870] F[16063] U[16164] F'[16226] U'[16335] F'[16465] L[16508] F2[16631] U'[16664] F'[16751] U'[16832] F[16918] U[16983] F'[17037] L'[17082],false,true,1961,942,1019,17082,15,15,16,14.72,,,,,,,,,,,,,,,,,,,,,,,,,,,,31,BR->FR 4,"[FL,BL]->FR 40",40,50,T,,
b0367a02-6284-4c6b-a2d9-68b7f32b3c93,2023-09-09 13:58:52 UTC,false,17357,CFOP,Gan Smart Cube,Gan i Carry,Gan 356i,Jacob Pfeifer,false,false,18608,17357,,U'[0] R'[208] U[283] R'[424] F[597] F[677] D'[1105] D'[1289] F[1731] F[1832] U[3427] L[3834] U'[3985] L'[4189] U[4265] F[4930] U'[5158] F'[5378] R[6462] U[6621] R'[6828] U'[7070] B'[7378] U'[7489] B[7604] U[7924] U[8014] B[8237] U'[8378] B'[8546] U[8614] B[8722] U[8897] B'[9106] U[9584] U[9671] F'[9973] U[10057] U[10148] F[10228] U'[10354] R[10823] U[10943] R'[11059] L[12419] F[12757] R'[13101] F[13157] R[13268] F'[13377] R'[13516] F[13577] R[13645] F[14233] F[14304] L'[14436] U[15000] R'[15709] F[15771] R'[15939] B[16114] B[16320] R[16471] F'[16640] R'[16752] B[16888] B[17062] R[17191] R[17262] U[17357],cube,,Playground,custom_rules,U2 D B' U L D F' R' U2 R' F' U' R2 D R2 B2 D2 L2 U2 L2 F2 D',random_state,custom_rules,,,,8,UF,0,0,17357,60,60,70,3.46,7219,10138,"",0,Cross,U' R' U R' F2 D2' F2,U'[0] R'[208] U[283] R'[424] F2[677] D2'[1289] F2[1832],false,true,1832,0,1832,1832,7,7,10,3.82,F2L Slot 1,U L U' L' U F U' F',U[3427] L[3834] U'[3985] L'[4189] U[4265] F[4930] U'[5158] F'[5378],false,true,3546,2002,1544,5378,8,8,8,5.18,F2L Slot 2,R U R' U' B' U' B,R[6462] U[6621] R'[6828] U'[7070] B'[7378] U'[7489] B[7604],false,true,2226,1084,1142,7604,7,7,7,6.13,F2L Slot 3,U2 B U' B' U B U B',U2[8014] B[8237] U'[8378] B'[8546] U[8614] B[8722] U[8897] B'[9106],false,true,1502,633,869,9106,8,8,9,9.21,F2L Slot 4,U2 F' U2 F U' R U R',U2[9671] F'[9973] U2[10148] F[10228] U'[10354] R[10823] U[10943] R'[11059],false,true,1953,867,1086,11059,8,8,10,7.37,OLL,L F R' F R F' R' F R F2 L',L[12419] F[12757] R'[13101] F[13157] R[13268] F'[13377] R'[13516] F[13577] R[13645] F2[14304] L'[14436],false,true,3377,1360,2017,14436,11,11,12,5.45,PLL,U R' F R' B2 R F' R' B2 R2 U,U[15000] R'[15709] F[15771] R'[15939] B2[16320] R[16471] F'[16640] R'[16752] B2[17062] R2[17262] U[17357],false,true,2921,1273,1648,17357,11,11,14,6.67,,,,,,,,,,,,,,,,,,,,,,,,,,,,144,BR->FR 72,"[BL,BR]->FR 20",2,54,Aa,,
fca50d6d-da7f-4b91-af3d-2e1b27531bf5,2023-09-09 14:01:58 UTC,false,25309,CFOP,Gan Smart Cube,Gan i Carry,Gan 356i,Jacob Pfeifer,false,false,5243,25309,,D[0] F[625] U'[746] F'[839] L'[1141] B[1241] B[1323] R'[1741] R'[1937] L'[2155] F'[2408] L[2448] F[2573] L[2685] F'[2868] L[2937] F[3057] L[3263] L[3365] U'[3844] L[4011] U[4144] L[4502] U[4962] U'[5006] U[5137] L[5235] L[5307] U'[5435] L[5696] L[5822] U[5980] L'[6187] U'[6454] L'[6867] F[7297] L'[7595] F'[7815] L'[8000] D[8168] L'[8466] D'[8728] L[9741] F[9855] L'[9941] F'[10043] L'[10282] D'[10585] L[10647] D[10748] L[11198] F[11466] U[11597] L[11734] U'[11780] L'[11861] F'[11982] D[14025] L'[14141] U[14255] L[14405] L[14468] D'[14598] L[14774] D[14904] U'[14990] L'[15088] D'[15310] L[15416] L[15471] U[15581] L[15769] D[16276] D'[16468] U[16837] U'[17609] U'[18453] L[19881] L[20004] D[20162] L'[20270] D'[20380] B'[21127] U[21353] B[21438] D'[21553] B'[21671] U'[21828] B[21869] D[21991] L'[22953] L'[23176] B[23301] D[23436] L'[23495] D'[23591] L'[23688] D[23737] L[23816] D'[23888] B'[23997] D[24133] L[24241] D'[24300] L'[24394] D'[24546] B[24590] D[24688] B'[24981] L'[25309],cube,,Playground,custom_rules,R' B' U2 B2 U B2 D B2 R F' L' D L2 F2 U2 L2 U' R2 F2 D B2,random_state,custom_rules,,,,8,LU,0,0,25309,100,101,110,3.95,6020,19289,"",0,Cross,z L F R' F' U' B2 D2',z[0] L[0] F[625] R'[746] F'[839] U'[1141] B2[1323] D2'[1937],false,true,1937,0,1937,1937,7,7,9,3.61,F2L Slot 1,U' F' U F U F' U F U2 R' U R,U'[2155] F'[2408] U[2448] F[2573] U[2685] F'[2868] U[2937] F[3057] U2[3365] R'[3844] U[4011] R[4144],false,true,2207,471,1736,4144,12,12,13,6.91,F2L Slot 2,U R R' R U2 R' U2 R U' R',U[4502] R[4962] R'[5006] R[5137] U2[5307] R'[5435] U2[5822] R[5980] U'[6187] R'[6454],false,true,2310,818,1492,6454,10,10,12,6.7,F2L Slot 3,U' F U' F' U' L U' L',U'[6867] F[7297] U'[7595] F'[7815] U'[8000] L[8168] U'[8466] L'[8728],false,true,2274,843,1431,8728,8,8,8,5.59,F2L Slot 4,U F U' F' U' L' U L,U[9741] F[9855] U'[9941] F'[10043] U'[10282] L'[10585] U[10647] L[10748],false,true,2020,1127,893,10748,8,8,8,8.96,OLL,U F R U R' U' F',U[11198] F[11466] R[11597] U[11734] R'[11780] U'[11861] F'[11982],false,true,1234,718,516,11982,7,7,7,13.57,PLL,L U' R U2 L' U M' B' L' B2 R B L L' R R' R' B2 L B' L' D' R D L' D' R' D L B2' D L B' L' B' L B L' D' L B L' B' L' D L D' B',L[14025] U'[14141] R[14255] U2[14468] L'[14598] U[14774] M'[14990] B'[15088] L'[15310] B2[15471] R[15581] B[15769] L[16276] L'[16468] R[16837] R'[17609] R'[18453] B2[20004] L[20162] B'[20270] L'[20380] D'[21127] R[21353] D[21438] L'[21553] D'[21671] R'[21828] D[21869] L[21991] B2'[23176] D[23301] L[23436] B'[23495] L'[23591] B'[23688] L[23737] B[23816] L'[23888] D'[23997] L[24133] B[24241] L'[24300] B'[24394] L'[24546] D[24590] L[24688] D'[24981] B'[25309],false,true,13327,2043,11284,25309,48,49,53,4.25,,,,,,,,,,,,,,,,,,,,,,,,,,,,22,BR->FR 9,"[FL,BL]->FR 60",28,45,Na,,
e21f044f-7f27-443b-846b-0fe82bd4da7f,2023-09-09 14:02:55 UTC,false,16928,CFOP,Gan Smart Cube,Gan i Carry,Gan 356i,Jacob Pfeifer,false,false,16365,16928,,D'[0] B[74] U'[323] U'[733] L[1201] D[1431] D[1512] R'[1937] R'[2691] B'[3283] L[3371] B[3521] F'[4045] L[4254] F[4428] L'[5595] B'[6576] L[6638] B[6766] L'[7015] L'[7336] D'[7578] L'[7809] D[8127] L[8380] U'[8659] L[8803] U[8994] L'[10054] L'[10349] D'[10470] B[10515] D[10608] B'[11136] D[11267] L'[11400] D'[11523] U'[12383] F[12481] F[12573] D[12837] F[12951] D'[13030] F[13077] U[13297] L[14179] D'[14367] L'[14488] D[14584] F[14985] F[15075] R[15327] U'[15509] L[15562] U[15969] L'[16098] U[16159] R'[16538] F[16604] F[16702] L'[16838] L'[16928],cube,,Playground,custom_rules,U L2 U' F D2 F' L2 F U2 L F2 U D2 R2 F2 L2 U L2 U R2 F2 U,random_state,custom_rules,,,,8,LU,0,0,16928,54,54,62,3.19,6678,10250,"",0,Cross,z L' B R2' U L2 D' D',z[0] L'[0] B[74] R2'[733] U[1201] L2[1512] D'[1937] D'[2691],false,true,2691,0,2691,2691,7,7,9,2.6,F2L Slot 1,B' U B F' U F,B'[3283] U[3371] B[3521] F'[4045] U[4254] F[4428],false,true,1737,592,1145,4428,6,6,6,5.24,F2L Slot 2,U' B' U B U2' L' U' L,U'[5595] B'[6576] U[6638] B[6766] U2'[7336] L'[7578] U'[7809] L[8127],false,true,3699,2148,1551,8127,8,8,9,5.16,F2L Slot 3,U R' U R,U[8380] R'[8659] U[8803] R[8994],false,true,867,532,335,8994,4,4,4,11.94,F2L Slot 4,U2' L' B L B' L U' L',U2'[10349] L'[10470] B[10515] L[10608] B'[11136] L[11267] U'[11400] L'[11523],false,true,2529,1476,1053,11523,8,8,9,7.6,OLL,R' F2 L F L' F R,R'[12383] F2[12573] L[12837] F[12951] L'[13030] F[13077] R[13297],false,true,1774,860,914,13297,7,7,8,7.66,PLL,U L' U' L F2 D R' U R U' R D' F2 U2',U[14179] L'[14367] U'[14488] L[14584] F2[15075] D[15327] R'[15509] U[15562] R[15969] U'[16098] R[16159] D'[16538] F2[16702] U2'[16928],false,true,3631,1070,2561,16928,14,14,17,5.47,,,,,,,,,,,,,,,,,,,,,,,,,,,,110,BR->FR 6,"[FL,BL]->FR 5",34,5,Gb,,
99b18470-1c19-489d-b505-2a8a22c22ea0,2023-09-09 14:08:22 UTC,false,17871,CFOP,Gan Smart Cube,Gan i Carry,Gan 356i,Jacob Pfeifer,false,false,21839,17871,,F[0] U[190] L[749] L'[1039] D'[1390] B[1515] L[1723] D[1974] D[2041] R'[2528] R'[2969] L'[3640] L'[3903] D[4061] L[4178] D'[4409] L[4504] L[4600] U'[5022] L'[5423] U[5464] D[7055] L[7161] D'[7249] L'[10650] F'[11295] L[11398] L[11484] F[11576] L'[11779] F'[11855] L[11995] F[12073] L'[13052] B[13261] D[13419] D[13514] F'[13612] D'[13768] F[13883] D'[14109] B'[14303] L'[15399] F'[15649] L'[15752] F[15856] U[16284] U[16379] R[16634] B'[16814] L[16879] B[17079] L'[17181] B[17283] R'[17631] U[17723] U[17790] L'[17871],cube,,Playground,custom_rules,U B U D' B D L' D2 R2 B U R2 U D2 F2 D B2 L2 D' R2 F2 R2,random_state,custom_rules,,,,8,LU,0,0,17871,50,50,58,2.8,9263,8608,"",1,Cross,z F R U U' L' B U L2 D2',z[0] F[0] R[190] U[749] U'[1039] L'[1390] B[1515] U[1723] L2[2041] D2'[2969],false,true,2969,0,2969,2969,9,9,11,3.03,F2L Slot 1,,"",true,false,0,0,0,2969,0,0,0,0,F2L Slot 2,U2' L U L' U2 R' U' R,U2'[3903] L[4061] U[4178] L'[4409] U2[4600] R'[5022] U'[5423] R[5464],false,true,2495,1092,1403,5464,8,8,10,5.7,F2L Slot 3,L U L',L[7055] U[7161] L'[7249],false,true,1785,1591,194,7249,3,3,3,15.46,F2L Slot 4,U' F' U2 F U' F' U F,U'[10650] F'[11295] U2[11484] F[11576] U'[11779] F'[11855] U[11995] F[12073],false,true,4824,4046,778,12073,8,8,9,10.28,OLL,U' B L2 F' L' F L' B',U'[13052] B[13261] L2[13514] F'[13612] L'[13768] F[13883] L'[14109] B'[14303],false,true,2230,1188,1042,14303,8,8,9,7.68,PLL,U' F' U' F R2 D B' U B U' B D' R2 U',U'[15399] F'[15649] U'[15752] F[15856] R2[16379] D[16634] B'[16814] U[16879] B[17079] U'[17181] B[17283] D'[17631] R2[17790] U'[17871],false,true,3568,1346,2222,17871,14,14,16,6.3,,,,,,,,,,,,,,,,,,,,,,,,,,,,Solved,BL->FR 69,"[FL,BR]->FR 14",10,6,Gb,,
b11f82a7-d7d0-42a2-8bfb-b98835a3d351,2023-09-09 14:07:23 UTC,false,20997,CFOP,Gan Smart Cube,Gan i Carry,Gan 356i,Jacob Pfeifer,false,false,229882,20997,,B[0] U'[325] B[376] U[511] L'[923] R[1641] R[2017] U[2654] D'[2773] F'[3040] U'[3548] D[3676] R'[4578] F[5410] R[5848] F'[6240] R'[7681] R'[8014] F'[8589] R[8642] F[8757] R[8879] F'[9152] R[9427] F[9615] R[9902] R[10399] D'[10783] R[10870] D[11080] R'[11834] B'[12370] R[12424] B[12517] R[12779] R[12848] B'[13160] R[13234] B[13352] R[13969] F'[14355] R'[14445] F[14504] R[15262] R[15385] R[16767] R[16857] F[17116] D'[17226] F'[17395] R'[17568] F[17667] R[17813] D[18126] R'[18318] F'[18437] B[19572] F'[19580] B[19662] F'[19671] L'[19803] B[19950] F'[19959] B[20034] F'[20045] R'[20174] R'[20423] B[20517] F'[20526] B[20599] F'[20609] L'[20749] B[20847] F'[20855] B[20908] F'[20923] R'[20997],cube,,Playground,custom_rules,F L D F' R D' B U D F D' R2 L2 B2 D' B2 U' R2 U L2 B2 U,random_state,custom_rules,,,,8,RU,0,0,20997,56,62,77,2.67,10222,10775,"",0,Cross,z' B L' B L D' U2 M' U' M,z'[0] B[0] L'[325] B[376] L[511] D'[923] U2[2017] M'[2773] U'[3040] M[3676],false,true,3676,0,3676,3676,9,11,12,2.45,F2L Slot 1,U' F U F',U'[4578] F[5410] U[5848] F'[6240],false,true,2564,1734,830,6240,4,4,4,4.82,F2L Slot 2,U2' F' U F U F' U F U2 R' U R,U2'[8014] F'[8589] U[8642] F[8757] U[8879] F'[9152] U[9427] F[9615] U2[10399] R'[10783] U[10870] R[11080],false,true,4840,2349,2491,11080,12,12,14,4.82,F2L Slot 3,U' B' U B U2 B' U B,U'[11834] B'[12370] U[12424] B[12517] U2[12848] B'[13160] U[13234] B[13352],false,true,2272,1290,982,13352,8,8,9,8.15,F2L Slot 4,U F' U' F,U[13969] F'[14355] U'[14445] F[14504],false,true,1152,1003,149,14504,4,4,4,26.85,OLL,U2 U2 F R' F' U' F U R U' F',U2[15385] U2[16857] F[17116] R'[17226] F'[17395] U'[17568] F[17667] U[17813] R[18126] U'[18318] F'[18437],false,true,3933,2612,1321,18437,11,11,13,8.33,PLL,S2 U' S2 U2' S2 U' S2 U',S2[19671] U'[19803] S2[20045] U2'[20423] S2[20609] U'[20749] S2[20923] U'[20997],false,true,2560,1234,1326,20997,8,12,21,6.03,,,,,,,,,,,,,,,,,,,,,,,,,,,,14,BL->FR 22,"[FL,BR]->FR 38",12,39,H,,
3eb8402b-f78b-4e9d-8cc0-75ee31619b00,2023-09-09 19:05:56 UTC,false,17415,CFOP,Gan Smart Cube,Gan i Carry,Gan 356i,Jacob Pfeifer,false,false,26853,17415,,D[0] B'[157] L[277] U[895] R[1188] U'[1541] D'[2333] L'[2738] D[2852] D[2981] L[3138] D'[3418] R'[3607] D'[3778] R[3919] D'[4394] D'[4771] R[5022] D'[5188] R'[5393] D'[5604] B[5850] D'[6326] B'[6655] D'[8254] B'[8775] D[8907] D[8978] B[9075] D'[9269] R[9823] D[9943] R'[10190] D[10540] F'[10875] D'[10972] F[11038] D[11122] F'[11208] D'[11289] F[11350] D[11956] D[12048] F'[12389] D'[12524] F'[12637] R[12683] F[12811] R'[12981] D[13091] F[13441] D[15194] F[15523] L'[15662] F[15805] R[15965] R[16249] F'[16426] L[16477] F[16566] R[16735] R[16958] F'[17258] F'[17341] D'[17415],cube,,Playground,custom_rules,U D' B L2 U B U' R' U2 D L' D R2 F2 U' R2 D' F2 R2 D F2 U2,random_state,custom_rules,,,,8,DB,0,0,17415,58,58,65,3.33,8226,9189,"",0,Cross,z2 U B' R D L D',z2[0] U[0] B'[157] R[277] D[895] L[1188] D'[1541],false,true,1541,0,1541,1541,6,6,6,3.89,F2L Slot 1,U' R' U2 R U' L' U' L,U'[2333] R'[2738] U2[2981] R[3138] U'[3418] L'[3607] U'[3778] L[3919],false,true,2378,1197,1181,3919,8,8,9,6.77,F2L Slot 2,U2' L U' L' U' B U' B',U2'[4771] L[5022] U'[5188] L'[5393] U'[5604] B[5850] U'[6326] B'[6655],false,true,2736,1103,1633,6655,8,8,9,4.9,F2L Slot 3,U' B' U2 B U' L U L',U'[8254] B'[8775] U2[8978] B[9075] U'[9269] L[9823] U[9943] L'[10190],false,true,3535,2120,1415,10190,8,8,9,5.65,F2L Slot 4,U F' U' F U F' U' F,U[10540] F'[10875] U'[10972] F[11038] U[11122] F'[11208] U'[11289] F[11350],false,true,1160,685,475,11350,8,8,8,16.84,OLL,U2 F' U' F' L F L' U F,U2[12048] F'[12389] U'[12524] F'[12637] L[12683] F[12811] L'[12981] U[13091] F[13441],false,true,2091,1039,1052,13441,9,9,10,8.56,PLL,U F R' F L2 F' R F L2 F2' U',U[15194] F[15523] R'[15662] F[15805] L2[16249] F'[16426] R[16477] F[16566] L2[16958] F2'[17341] U'[17415],false,true,3974,2082,1892,17415,11,11,14,5.81,,,,,,,,,,,,,,,,,,,,,,,,,,,,4,BL->FR 72,"[FL,BR]->FR 2",29,46,Ab,,
28926965-9f96-4da6-a043-7965dae093a7,2023-09-09 19:08:02 UTC,false,18413,CFOP,Gan Smart Cube,Gan i Carry,Gan 356i,Jacob Pfeifer,false,false,20835,18413,,L[0] D'[195] D'[300] L[435] F'[854] F'[919] L[1197] B'[1680] B'[1771] B'[2484] L'[2752] B[2861] L[3172] F[3522] L'[3747] F'[3917] U[6646] L[6855] U'[7168] L[8011] U'[8822] L[8896] U[9065] L'[9602] L'[9951] D[10110] L[10293] D'[10527] B[12252] L'[12433] B'[12529] L'[12696] B[12815] L'[12938] B'[13048] L[13110] U'[13414] L'[13493] U[13576] U'[14287] L'[14412] U'[14527] F[14571] U[14686] F'[14890] L[15024] U[15243] L[16128] L[16219] U[16525] L[16601] U'[16679] F[17076] F[17149] R'[17390] D[17475] L'[17574] D'[17717] L[17979] D'[18070] R[18250] F[18377] F[18413],cube,,Playground,custom_rules,B L2 B L' F L2 F' U' F2 R U2 B2 U' F2 L2 D R2 D L2 B2 U,random_state,custom_rules,,,,8,LU,0,0,18413,55,55,63,2.99,8814,9599,"",0,Cross,z U L2' U F2' U B2',z[0] U[0] L2'[300] U[435] F2'[919] U[1197] B2'[1771],false,true,1771,0,1771,1771,6,6,9,3.39,F2L Slot 1,B' U' B U F U' F',B'[2484] U'[2752] B[2861] U[3172] F[3522] U'[3747] F'[3917],false,true,2146,713,1433,3917,7,7,7,4.88,F2L Slot 2,R U R',R[6646] U[6855] R'[7168],false,true,3251,2729,522,7168,3,3,3,5.75,F2L Slot 3,U R' U R U2' L U L',U[8011] R'[8822] U[8896] R[9065] U2'[9951] L[10110] U[10293] L'[10527],false,true,3359,1654,1705,10527,8,8,9,4.69,F2L Slot 4,B U' B' U' B U' B' U R' U' R,B[12252] U'[12433] B'[12529] U'[12696] B[12815] U'[12938] B'[13048] U[13110] R'[13414] U'[13493] R[13576],false,true,3049,1725,1324,13576,11,11,11,8.31,OLL,R' U' R' F R F' U R,R'[14287] U'[14412] R'[14527] F[14571] R[14686] F'[14890] U[15024] R[15243],false,true,1667,711,956,15243,8,8,8,8.37,PLL,U2 R U R' F2 D' L U' L' U L' D F2,U2[16219] R[16525] U[16601] R'[16679] F2[17149] D'[17390] L[17475] U'[17574] L'[17717] U[17979] L'[18070] D[18250] F2[18413],false,true,3170,1282,1888,18413,13,13,16,6.89,,,,,,,,,,,,,,,,,,,,,,,,,,,,44,FL->FR 14,"[BL,BR]->FR 8",41,46,Gd,,
c66b3722-1b3b-4ed6-b5da-6066d4e2dc73,2023-09-09 19:07:02 UTC,false,19684,CFOP,Gan Smart Cube,Gan i Carry,Gan 356i,Jacob Pfeifer,false,false,29033,19684,,R'[0] U[85] U[190] F[492] U'[951] R[3512] B[3633] R'[3788] B[4038] L'[4297] B'[4488] L[4541] B[4639] L'[4768] B'[5051] L[5181] B'[6724] B'[7051] R'[7296] B'[7438] R[7654] B'[7868] R'[8115] B[8290] R[8522] B[9464] L[9853] B'[10059] L'[10343] B[10691] B[10795] R[11208] B[11282] R'[11366] B'[11431] R[11493] B[11581] R'[11646] B'[11721] R[11771] B[11859] R'[11916] L'[13571] D'[13697] L[13851] R'[13887] B'[14076] R[14185] B[14266] L'[14508] D[14558] L[14670] B[17330] R[17633] R[17694] F[17925] D'[18026] B[18254] D'[18353] B'[18448] D[18539] F'[18724] R[18793] R[18874] U'[19368] B[19414] U[19558] B'[19684],cube,,Playground,custom_rules,D2 F' B R' F2 U' R' D' R' F D' F2 L2 U F2 U' B2 D2 R2 D F2 R2,random_state,custom_rules,,,,8,BU,0,0,19684,62,63,68,3.15,11551,8133,"",0,Cross,x' R' F2 D F',x'[0] R'[0] F2[190] D[492] F'[951],false,true,951,0,951,951,4,4,5,4.21,F2L Slot 1,R U R' U L' U' L U L' U' L,R[3512] U[3633] R'[3788] U[4038] L'[4297] U'[4488] L[4541] U[4639] L'[4768] U'[5051] L[5181],false,true,4230,2561,1669,5181,11,11,11,6.59,F2L Slot 2,U2' R' U' R U' R' U R,U2'[7051] R'[7296] U'[7438] R[7654] U'[7868] R'[8115] U[8290] R[8522],false,true,3341,2115,1226,8522,8,8,9,6.53,F2L Slot 3,U L U' L',U[9464] L[9853] U'[10059] L'[10343],false,true,1821,1331,490,10343,4,4,4,8.16,F2L Slot 4,U2 R U R' U' R U R' U' R U R',U2[10795] R[11208] U[11282] R'[11366] U'[11431] R[11493] U[11581] R'[11646] U'[11721] R[11771] U[11859] R'[11916],false,true,1573,865,708,11916,12,12,13,16.95,OLL,L' B' M' B' R B L' D L x',L'[13571] B'[13697] M'[13887] B'[14076] R[14185] B[14266] L'[14508] D[14558] L[14670] x'[16000],false,true,2754,1655,1099,14670,9,10,10,8.19,PLL,U R2 D B' U B' U' B D' R2 F' U F U',U[17330] R2[17694] D[17925] B'[18026] U[18254] B'[18353] U'[18448] B[18539] D'[18724] R2[18874] F'[19368] U[19414] F[19558] U'[19684],false,true,5014,3024,1990,19684,14,14,16,7.04,,,,,,,,,,,,,,,,,,,,,,,,,,,,86,BL->FR 16,"[FL,BR]->FR 21",31,15,Ga,,
10bdcba6-3ce7-45a6-ae76-0d46519a0d26,2023-09-09 19:11:25 UTC,false,18193,CFOP,Gan Smart Cube,Gan i Carry,Gan 356i,Jacob Pfeifer,false,false,6788,18193,,B[0] F[286] D[853] L[1292] R[1881] F[2341] U'[2463] F'[2566] U'[2721] F[2900] U[3001] F'[3251] U[3366] U[3479] F[3763] U'[4002] F'[4201] U'[4793] B[5198] U[5384] U[5482] B'[5658] U'[5902] R[6621] U'[6924] R'[7155] U[7424] R'[7732] U[7864] U[7958] R[8115] B'[8579] U'[8828] B[8977] U'[9515] B[9840] U[10138] B'[10299] U[10556] U[10647] B[10757] U'[10880] B'[11226] U[12353] U[12470] B[12795] U[12894] B'[12967] U[13190] B'[13294] R[13442] B[13528] R'[13763] U[13987] U[14050] B'[14173] R[14259] B[14337] R'[14518] B'[16372] U[16412] B'[16507] U'[16811] L'[17081] B'[17177] L[17229] L[17300] U'[17361] L'[17471] U[17505] L'[17666] B[17746] L[17849] B[18038] U'[18193],cube,,Playground,custom_rules,R2 U2 F L D' B' R2 F' L' U B2 U L2 U2 B2 D L2 U' B2 D F2,random_state,custom_rules,,,,8,UF,0,0,18193,68,68,75,3.74,6320,11873,"",0,Cross,B F D L R,B[0] F[286] D[853] L[1292] R[1881],false,true,1881,0,1881,1881,5,5,5,2.66,F2L Slot 1,F U' F' U' F U F' U2 F U' F',F[2341] U'[2463] F'[2566] U'[2721] F[2900] U[3001] F'[3251] U2[3479] F[3763] U'[4002] F'[4201],false,true,2320,460,1860,4201,11,11,12,5.91,F2L Slot 2,U' B U2 B' U' R U' R',U'[4793] B[5198] U2[5482] B'[5658] U'[5902] R[6621] U'[6924] R'[7155],false,true,2954,997,1957,7155,8,8,9,4.09,F2L Slot 3,U R' U2 R B' U' B,U[7424] R'[7732] U2[7958] R[8115] B'[8579] U'[8828] B[8977],false,true,1822,577,1245,8977,7,7,8,5.62,F2L Slot 4,U' B U B' U2 B U' B',U'[9515] B[9840] U[10138] B'[10299] U2[10647] B[10757] U'[10880] B'[11226],false,true,2249,863,1386,11226,8,8,9,5.77,OLL,U2 B U B' U B' R B R' U2 B' R B R',U2[12470] B[12795] U[12894] B'[12967] U[13190] B'[13294] R[13442] B[13528] R'[13763] U2[14050] B'[14173] R[14259] B[14337] R'[14518],false,true,3292,1569,1723,14518,14,14,16,8.13,PLL,B' U B' U' L' B' L2 U' L' U L' B L B U',B'[16372] U[16412] B'[16507] U'[16811] L'[17081] B'[17177] L2[17300] U'[17361] L'[17471] U[17505] L'[17666] B[17746] L[17849] B[18038] U'[18193],false,true,3675,1854,1821,18193,15,15,16,8.24,,,,,,,,,,,,,,,,,,,,,,,,,,,,56,FL->FR 9,"[BL,BR]->FR 4",15,17,V,,
d98a5b34-f806-4c23-b10b-2e86f5b46741,2023-09-09 19:15:31 UTC,false,21006,CFOP,Gan Smart Cube,Gan i Carry,Gan 356i,Jacob Pfeifer,false,false,7873,21006,,F[0] D[372] L[779] D[965] B'[1706] D'[1889] B[2149] F[3314] R[4006] F[4151] R'[4437] F[4573] R[4837] F'[5494] R'[5720] L'[8386] F[8449] L[8555] U'[9381] F'[9542] U[9599] F[9721] U'[9906] F'[10104] U[10253] F[10510] F[10660] L'[11134] F[11182] L[11299] F'[11534] L'[11705] F'[11928] L[12092] F'[12901] R'[13369] F[13433] R[13592] F'[13954] R'[14128] F[14178] R[14281] F[15109] F'[15636] F'[15873] L[16015] F[16126] F[16189] L'[16277] F'[16524] F'[16852] L'[16952] U[16991] L[17084] U'[17272] F'[18174] F'[18396] L'[18568] F[18615] R'[18770] F[19014] F[19070] L[19679] F'[19806] L'[19941] F[20016] F[20072] R[20423] L[20482] F[20676] F[21006],cube,,Playground,custom_rules,U L B2 R2 F R' F2 R D' B' D2 R2 L2 F2 B2 U R2 F2 D' F2 U2 F2,random_state,custom_rules,,,,8,FU,0,0,21006,63,63,71,3.0,9711,11295,"",0,Cross,x U F L F D' F' D,x[0] U[0] F[372] L[779] F[965] D'[1706] F'[1889] D[2149],false,true,2149,0,2149,2149,7,7,7,3.26,F2L Slot 1,U R U R' U R U' R',U[3314] R[4006] U[4151] R'[4437] U[4573] R[4837] U'[5494] R'[5720],false,true,3571,1857,1714,5720,8,8,8,4.67,F2L Slot 2,L' U L B' U' B U B' U' B,L'[8386] U[8449] L[8555] B'[9381] U'[9542] B[9599] U[9721] B'[9906] U'[10104] B[10253],false,true,4533,2666,1867,10253,10,10,10,5.36,F2L Slot 3,U2 L' U L U' L' U' L,U2[10660] L'[11134] U[11182] L[11299] U'[11534] L'[11705] U'[11928] L[12092],false,true,1839,881,958,12092,8,8,9,8.35,F2L Slot 4,U' R' U R U' R' U R,U'[12901] R'[13369] U[13433] R[13592] U'[13954] R'[14128] U[14178] R[14281],false,true,2189,1277,912,14281,8,8,8,8.77,OLL,U U2' L U2 L' U2' L' B L B',U[15109] U2'[15873] L[16015] U2[16189] L'[16277] U2'[16852] L'[16952] B[16991] L[17084] B'[17272],false,true,2991,1734,1257,17272,10,10,13,7.96,PLL,U2' L' U R' U2 L U' L' U2 R L U2,U2'[18396] L'[18568] U[18615] R'[18770] U2[19070] L[19679] U'[19806] L'[19941] U2[20072] R[20423] L[20482] U2[21006],false,true,3734,1296,2438,21006,12,12,16,4.92,,,,,,,,,,,,,,,,,,,,,,,,,,,,7,BL->FR 77,"[FL,BR]->FR 6",30,8,Ja,,
c6d69ae7-f146-498a-9d62-07c241249834,2023-09-09 19:09:10 UTC,false,20891,CFOP,Gan Smart Cube,Gan i Carry,Gan 356i,Jacob Pfeifer,false,false,27215,20891,,R'[0] D[107] F[665] F[761] L[1273] L[1365] U[1685] U[1767] L'[3688] D'[4408] L[4493] D[4678] L[4957] B[5436] L'[5680] B'[6107] B'[6859] L[6996] L[7128] B[7302] L[7564] U[7967] L[8132] U'[8440] L[9378] L[9844] L[9926] D[10071] L'[10171] D'[10283] L'[10382] D[10462] L'[10582] D'[11010] F[11459] L'[11703] F'[11858] L[13360] L[13463] D[13882] L'[14037] D'[14189] L[14266] L[14377] B'[14751] L'[14859] B[14960] L[15624] L[15698] F'[16157] D[16239] F[16467] F[16528] U'[16604] F'[16691] F'[16752] D'[16863] F[16939] F[17051] U[17202] F'[17388] L[18339] B'[18541] L'[18653] B[18742] D[19193] D[19287] R[19561] F'[19693] L[19771] F[19997] L'[20112] F[20216] R'[20678] D[20818] D[20891],cube,,Playground,custom_rules,B D2 L2 B U' L D' F2 R' U R2 F2 D F2 U' L2 U L2 U' R2 U' R2,random_state,custom_rules,,,,8,LU,0,0,20891,62,62,76,2.97,9398,11493,"",0,Cross,z D' L F2 U2 R2,z[0] D'[0] L[107] F2[761] U2[1365] R2[1767],false,true,1767,0,1767,1767,5,5,8,2.83,F2L Slot 1,U' L' U L U B U' B',U'[3688] L'[4408] U[4493] L[4678] U[4957] B[5436] U'[5680] B'[6107],false,true,4340,2641,1699,6107,8,8,8,4.71,F2L Slot 2,B' U2 B U R U R',B'[6859] U2[7128] B[7302] U[7564] R[7967] U[8132] R'[8440],false,true,2333,752,1581,8440,7,7,8,4.43,F2L Slot 3,U3 L U' L' U' L U' L' F U' F',U3[9926] L[10071] U'[10171] L'[10283] U'[10382] L[10462] U'[10582] L'[11010] F[11459] U'[11703] F'[11858],false,true,3418,1631,1787,11858,11,11,13,6.16,F2L Slot 4,U2 L U' L' U2 B' U' B,U2[13463] L[13882] U'[14037] L'[14189] U2[14377] B'[14751] U'[14859] B[14960],false,true,3102,2024,1078,14960,8,8,10,7.42,OLL,U2 F' L F2 R' F2' L' F2 R F',U2[15698] F'[16157] L[16239] F2[16528] R'[16604] F2'[16752] L'[16863] F2[17051] R[17202] F'[17388],false,true,2428,1197,1231,17388,10,10,14,8.12,PLL,U B' U' B L2 D F' U F U' F D' L2,U[18339] B'[18541] U'[18653] B[18742] L2[19287] D[19561] F'[19693] U[19771] F[19997] U'[20112] F[20216] D'[20678] L2[20891],false,true,3503,1153,2350,20891,13,13,15,5.53,,,,,,,,,,,,,,,,,,,,,,,,,,,,112,BR->FR 2,"[BL,BR]->FR 1",23,50,Gb,,
cf4deac6-8d48-4d34-a567-b116692a5c99,2023-09-09 19:09:51 UTC,false,18121,CFOP,Gan Smart Cube,Gan i Carry,Gan 356i,Jacob Pfeifer,false,false,4552,18121,,F[0] U'[302] F[440] F[521] L[891] B'[1228] B'[1363] L[2129] L[2220] B'[3055] L'[3235] B[3290] L[3406] B'[3570] L'[3707] B[3754] L[3902] B'[4050] L'[4228] B[4345] F'[4974] L'[5135] F[5242] L[5324] F'[5502] L'[5649] F[5744] U'[6268] L'[6435] U[6539] U[7213] L[7560] L[7620] U'[7904] L[7987] F'[8323] L'[8436] F[8557] L'[9275] D'[9723] L[9815] D[9926] L'[10296] L'[10642] F[10768] L[10846] F'[10923] L[11871] L[11947] U[12271] L[12471] B[12563] L'[12614] B'[12685] L[12765] B[12857] L'[12918] B'[12997] U'[13167] L[14082] B[14604] F'[14612] B[14663] F'[14676] R'[14789] F'[14916] B[14917] B[15491] F'[15506] L'[15671] B[15906] F'[15915] D'[16164] D'[16273] B[16416] F'[16424] B[16486] F'[16494] U'[16639] U'[17004] B[18014] F'[18034] L[18121],cube,,Playground,custom_rules,F U' F R2 D B U2 R F L2 D L2 F2 L2 D' R2 D F2 D F2 U2,random_state,custom_rules,,,,8,LU,0,0,18121,63,68,83,3.48,7018,11103,"",0,Cross,z F R' F2 U B2',z[0] F[0] R'[302] F2[521] U[891] B2'[1363],false,true,1363,0,1363,1363,5,5,7,3.67,F2L Slot 1,U2 B' U' B U B' U' B U B' U' B,U2[2220] B'[3055] U'[3235] B[3290] U[3406] B'[3570] U'[3707] B[3754] U[3902] B'[4050] U'[4228] B[4345],false,true,2982,1692,1290,4345,12,12,13,9.3,F2L Slot 2,F' U' F U F' U' F R' U' R,F'[4974] U'[5135] F[5242] U[5324] F'[5502] U'[5649] F[5744] R'[6268] U'[6435] R[6539],false,true,2194,629,1565,6539,10,10,10,6.39,F2L Slot 3,R U2 R' U F' U' F,R[7213] U2[7620] R'[7904] U[7987] F'[8323] U'[8436] F[8557],false,true,2018,674,1344,8557,7,7,8,5.21,F2L Slot 4,U' L' U L U2' F U F',U'[9275] L'[9723] U[9815] L[9926] U2'[10642] F[10768] U[10846] F'[10923],false,true,2366,1166,1200,10923,8,8,9,6.67,OLL,U2 R U B U' B' U B U' B' R',U2[11947] R[12271] U[12471] B[12563] U'[12614] B'[12685] U[12765] B[12857] U'[12918] B'[12997] R'[13167],false,true,2244,1348,896,13167,11,11,12,12.28,PLL,U S2 U' S2 U' S U2' S2 U2' S U,U[14082] S2[14676] U'[14789] S2[15506] U'[15671] S[15915] U2'[16273] S2[16494] U2'[17004] S[18034] U[18121],false,true,4954,1509,3445,18121,11,16,24,3.19,,,,,,,,,,,,,,,,,,,,,,,,,,,,49,BR->FR 94,"[BL,BR]->FR 24",3,51,Z,,
f171bd2c-ff07-47a2-88d7-040c2ad577ae,2023-09-09 19:10:42 UTC,false,18682,CFOP,Gan Smart Cube,Gan i Carry,Gan 356i,Jacob Pfeifer,false,false,17858,18682,,R[0] F[362] R'[736] R'[1144] F'[1655] U'[1971] F'[2212] R[2751] L[4491] D[4984] L'[5179] D'[5341] L'[5626] B[6220] L'[6490] B'[6697] F'[7212] L[7275] F[7378] L[7639] B'[7914] L'[8328] B[8748] L[9638] F'[9982] L[10224] F[10424] F[10512] L[10674] F'[10929] L[11447] U[12998] L[13104] U'[13191] L[13462] L[13545] U[13623] L'[13722] U'[13776] L'[14416] F'[14647] D[14925] F[15016] U'[15101] F'[15255] D'[15443] F[15493] U[15611] L[16407] U'[16764] L[16858] L[16941] U[17035] L'[17192] L'[17362] U'[17621] F[17668] U[17807] L[17932] U'[18004] L'[18105] U'[18330] F'[18466] U[18538] U[18615] L'[18682],cube,,Playground,custom_rules,D R2 B2 U' F R D2 L F' U2 R F2 D L2 F2 R2 U' R2 U' B2 L2 F2,random_state,custom_rules,,,,8,LU,0,0,18682,60,60,66,3.21,8075,10607,"",0,Cross,z D F D2' F' R' F' D,z[0] D[0] F[362] D2'[1144] F'[1655] R'[1971] F'[2212] D[2751],false,true,2751,0,2751,2751,7,7,8,2.54,F2L Slot 1,U L U' L' U' B U' B',U[4491] L[4984] U'[5179] L'[5341] U'[5626] B[6220] U'[6490] B'[6697],false,true,3946,2233,1713,6697,8,8,8,4.67,F2L Slot 2,F' U F U B' U' B,F'[7212] U[7275] F[7378] U[7639] B'[7914] U'[8328] B[8748],false,true,2051,515,1536,8748,7,7,7,4.56,F2L Slot 3,U F' U F2 U F',U[9638] F'[9982] U[10224] F2[10512] U[10674] F'[10929],false,true,2181,1234,947,10929,6,6,7,6.34,F2L Slot 4,U R U R' U2 R U' R',U[11447] R[12998] U[13104] R'[13191] U2[13545] R[13623] U'[13722] R'[13776],false,true,2847,2069,778,13776,8,8,9,10.28,OLL,U' F' L F R' F' L' F R,U'[14416] F'[14647] L[14925] F[15016] R'[15101] F'[15255] L'[15443] F[15493] R[15611],false,true,1835,871,964,15611,9,9,9,9.34,PLL,U R' U2 R U2' R' F R U R' U' R' F' R2 U',U[16407] R'[16764] U2[16941] R[17035] U2'[17362] R'[17621] F[17668] R[17807] U[17932] R'[18004] U'[18105] R'[18330] F'[18466] R2[18615] U'[18682],false,true,3071,1153,1918,18682,15,15,18,7.82,,,,,,,,,,,,,,,,,,,,,,,,,,,,84,FL->FR 6,"[FL,BL]->FR 8",15,25,Rb,,
8ea02a07-e08d-4929-ae23-c2d0e91eeda8,2023-09-09 19:12:11 UTC,false,18801,CFOP,Gan Smart Cube,Gan i Carry,Gan 356i,Jacob Pfeifer,false,false,13106,18801,,D'[0] B[54] L[337] U'[1309] U'[1442] L[1704] D[1986] D[2096] U[2434] L[2663] L[2756] U'[2928] L[3078] F'[3499] L'[3869] F[3972] L'[5220] B[5394] L'[5594] B'[5792] L[5911] U'[7022] L'[7497] U[7630] L'[8174] B'[8395] L'[8833] B[9049] L'[9312] D[9438] L[9544] D'[9699] L[11011] L'[11307] F[11480] L'[11601] F'[11732] L[11838] F'[12322] D[12430] F[12531] D'[12742] L'[13145] L'[13390] F[13504] F[13564] R[13666] F'[13818] L[13921] L[14009] F[14057] R'[14479] F'[14760] L[14808] L[14869] F'[14968] L'[16619] F'[16816] D[16910] F'[17133] U[17315] U[17592] F[17756] D'[17917] F'[18014] U[18172] U[18406] F[18570] F[18645] L[18731] L[18801],cube,,Playground,custom_rules,R D' B R B2 L' F U L B2 U2 F2 R2 D B2 R2 B2 U2 B2 U R2 D',random_state,custom_rules,,,,8,LU,0,0,18801,60,60,71,3.19,6976,11825,"",0,Cross,z L' B U R2' U L2,z[0] L'[0] B[54] U[337] R2'[1442] U[1704] L2[2096],false,true,2096,0,2096,2096,6,6,8,2.86,F2L Slot 1,R U2 R' U F' U' F,R[2434] U2[2756] R'[2928] U[3078] F'[3499] U'[3869] F[3972],false,true,1876,338,1538,3972,7,7,8,4.55,F2L Slot 2,U' B U' B' U R' U' R,U'[5220] B[5394] U'[5594] B'[5792] U[5911] R'[7022] U'[7497] R[7630],false,true,3658,1422,2236,7630,8,8,8,3.58,F2L Slot 3,U' B' U' B U' L U L',U'[8174] B'[8395] U'[8833] B[9049] U'[9312] L[9438] U[9544] L'[9699],false,true,2069,765,1304,9699,8,8,8,6.13,F2L Slot 4,U U' F U' F' U F' L F L',U[11011] U'[11307] F[11480] U'[11601] F'[11732] U[11838] F'[12322] L[12430] F[12531] L'[12742],false,true,3043,1781,1262,12742,10,10,10,7.92,OLL,U2' F2 D F' U2 F D' F' U2 F',U2'[13390] F2[13564] D[13666] F'[13818] U2[14009] F[14057] D'[14479] F'[14760] U2[14869] F'[14968],false,true,2226,822,1404,14968,10,10,14,7.12,PLL,U' F' L F' R2 F L' F' R2 F2 U2,U'[16619] F'[16816] L[16910] F'[17133] R2[17592] F[17756] L'[17917] F'[18014] R2[18406] F2[18645] U2[18801],false,true,3833,1848,1985,18801,11,11,15,5.54,,,,,,,,,,,,,,,,,,,,,,,,,,,,24,FL->FR 18,"[FL,BL]->FR 41",33,23,Aa,,
a1814bd5-1bfa-4ed2-9e64-14f7e809a8e2,2023-09-09 19:13:14 UTC,false,14968,CFOP,Gan Smart Cube,Gan i Carry,Gan 356i,Jacob Pfeifer,false,false,23102,14968,,U[0] U[91] R'[287] L[857] D[1033] L[1209] B'[2370] L'[3012] B'[3160] L[3253] B[3425] B[3558] D'[3972] B'[4276] D[4574] B[5196] U'[5577] B[5708] B[5837] U[5981] B'[6467] U'[6629] B[6775] U[6973] D[7540] B[7712] D'[7971] B[8063] D[8213] B'[8399] D'[8715] B[9045] B[9206] L'[9608] B'[9853] L[9952] B'[10221] U[10513] B[10669] U'[10859] B[11721] D[11928] B[12023] D'[12083] B[12139] D[12317] B[12407] B[12462] D'[12514] B'[13392] R[13561] D[13687] B'[13763] D'[13845] B'[13919] D[13994] B[14068] D'[14123] R'[14203] D[14264] B[14390] D'[14441] B'[14503] D'[14689] R[14720] D[14804] R'[14968],cube,,Playground,custom_rules,D2 F2 R' B' D2 R' L U' F D2 L2 U F2 B2 U B2 D' L2 U F2 L2 U,random_state,custom_rules,,,,8,BU,0,0,14968,62,62,67,4.14,6382,8495,"",0,Cross,x' F2 R' L B L,x'[45] F2[91] R'[287] L[857] B[1033] L[1209],false,true,1118,0,1118,1209,5,5,6,4.47,F2L Slot 1,U' L' U' L U2 B' U' B,U'[2370] L'[3012] U'[3160] L[3253] U2[3558] B'[3972] U'[4276] B[4574],false,true,3365,1803,1562,4574,8,8,9,5.12,F2L Slot 2,U F' U2 F U' F' U F,U[5196] F'[5577] U2[5837] F[5981] U'[6467] F'[6629] U[6775] F[6973],false,true,2399,1003,1396,6973,8,8,9,5.73,F2L Slot 3,B U B' U B U' B',B[7540] U[7712] B'[7971] U[8063] B[8213] U'[8399] B'[8715],false,true,1742,567,1175,8715,7,7,7,5.96,F2L Slot 4,U2 L' U' L U' F U F',U2[9206] L'[9608] U'[9853] L[9952] U'[10221] F[10513] U[10669] F'[10859],false,true,2144,893,1251,10859,8,8,9,6.39,OLL,U B U B' U B U2 B',U[11721] B[11928] U[12023] B'[12083] U[12139] B[12317] U2[12462] B'[12514],false,true,1655,1069,586,12514,8,8,9,13.65,PLL,U' R B U' B' U' B U B' R' B U B' U' B' R B R',U'[13392] R[13561] B[13687] U'[13763] B'[13845] U'[13919] B[13994] U[14068] B'[14123] R'[14203] B[14264] U[14390] B'[14441] U'[14503] B'[14689] R[14720] B[14804] R'[14968],false,true,2454,1047,1407,14968,18,18,18,12.79,,,,,,,,,,,,,,,,,,,,,,,,,,,,35,BL->FR 10,"[FL,BR]->FR 7",35,27,Y,,
96f38dba-6e32-454a-adc3-1df0c624d91c,2023-09-09 19:14:45 UTC,false,19582,CFOP,Gan Smart Cube,Gan i Carry,Gan 356i,Jacob Pfeifer,false,false,11412,19582,,L[0] D[307] B'[620] L[697] R'[1073] R'[1324] B[2792] D[2925] D[3046] B'[3170] D'[3323] B[3460] D[3679] B'[3900] F'[4881] D[4959] F[5381] F[5529] D[5686] F'[5943] B'[7401] D[7473] B[7588] F'[7982] D'[8298] F[8349] D[8598] D[8717] L[9431] D'[10000] L'[10242] D[10873] D[11130] B'[11726] D[11859] D[11931] B[12021] D[12236] B'[12327] D'[12409] B[12472] D[13371] L[13658] B[13819] D[13975] B'[14067] D'[14150] L'[14309] D[14511] L[14728] B[14875] D[15019] B'[15075] D'[15177] L'[15334] D'[18036] B[18225] R'[18338] B'[18435] L[18513] B[18647] R[18739] B'[18805] L'[18917] B[18988] R[19085] B'[19145] L[19195] B[19327] R'[19424] B'[19483] L'[19582],cube,,Playground,custom_rules,R' B' L D' R' B U' F L D' L' U L2 U B2 R2 D F2 B2 U' D' R2,random_state,custom_rules,,,,8,DB,0,0,19582,66,66,72,3.37,9468,10114,"",0,Cross,z2 R U B' R L2',z2[0] R[0] U[307] B'[620] R[697] L2'[1324],false,true,1324,0,1324,1324,5,5,6,3.78,F2L Slot 1,B U2 B' U' B U B',B[2792] U2[3046] B'[3170] U'[3323] B[3460] U[3679] B'[3900],false,true,2576,1468,1108,3900,7,7,8,6.32,F2L Slot 2,F' U F2 U F',F'[4881] U[4959] F2[5529] U[5686] F'[5943],false,true,2043,981,1062,5943,5,5,6,4.71,F2L Slot 3,B' U B F' U' F U2 R U' R',B'[7401] U[7473] B[7588] F'[7982] U'[8298] F[8349] U2[8717] R[9431] U'[10000] R'[10242],false,true,4299,1458,2841,10242,10,10,11,3.52,F2L Slot 4,U2 B' U2 B U B' U' B,U2[11130] B'[11726] U2[11931] B[12021] U[12236] B'[12327] U'[12409] B[12472],false,true,2230,1484,746,12472,8,8,10,10.72,OLL,U R B U B' U' R' U R B U B' U' R',U[13371] R[13658] B[13819] U[13975] B'[14067] U'[14150] R'[14309] U[14511] R[14728] B[14875] U[15019] B'[15075] U'[15177] R'[15334],false,true,2862,1186,1676,15334,14,14,14,8.35,PLL,U' B L' B' R B L B' R' B L B' R B L' B' R',U'[18036] B[18225] L'[18338] B'[18435] R[18513] B[18647] L[18739] B'[18805] R'[18917] B[18988] L[19085] B'[19145] R[19195] B[19327] L'[19424] B'[19483] R'[19582],false,true,4248,2891,1357,19582,17,17,17,12.53,,,,,,,,,,,,,,,,,,,,,,,,,,,,19,BL->FR 8,"[FL,BR]->FR 65",4,12,E,,
c5051a62-3042-43b5-a00b-aeedc8ee8256,2023-09-09 19:13:58 UTC,false,18031,CFOP,Gan Smart Cube,Gan i Carry,Gan 356i,Jacob Pfeifer,false,false,6174,18031,,F[0] L[203] L[312] D'[790] D'[1026] B[1503] B[1624] R'[2154] L[3903] F'[4229] L[4290] F[4439] L[4665] L[4765] F'[5277] L[5373] F[5645] D'[6854] L[6922] D[7146] U'[7553] L[7680] U[7918] L[9011] L'[9262] D[9359] L[9446] D'[9553] L'[9677] L'[10087] F[10186] L[10497] F'[10703] L[11746] L[12075] D[12218] L'[12346] D'[12496] L[12580] L[13051] B'[13188] L'[13288] B[13386] L'[13991] B'[14192] L'[14308] B'[14447] U[14492] B[14607] U'[14806] L[14954] B[15354] L[15682] B'[16048] L[16182] L[16239] B'[16357] L'[16626] D'[16881] B'[16980] D[17022] D[17086] L'[17150] D'[17259] L[17291] D'[17431] B[17515] D[17590] L'[17694] B[17836] L'[18031],cube,,Playground,custom_rules,D2 B L B L D B' R F B R2 L2 D R2 B2 L2 F2 D2 R2 U,random_state,custom_rules,,,,8,LU,0,0,18031,62,62,71,3.44,7740,10291,"",0,Cross,z F U2 L2' B2 D',z[0] F[0] U2[312] L2'[1026] B2[1624] D'[2154],false,true,2154,0,2154,2154,5,5,8,2.32,F2L Slot 1,U F' U F U2 F' U F,U[3903] F'[4229] U[4290] F[4439] U2[4765] F'[5277] U[5373] F[5645],false,true,3491,2075,1416,5645,8,8,9,5.65,F2L Slot 2,L' U L R' U R,L'[6854] U[6922] L[7146] R'[7553] U[7680] R[7918],false,true,2273,1209,1064,7918,6,6,6,5.64,F2L Slot 3,U U' L U L' U2' F U F',U[9011] U'[9262] L[9359] U[9446] L'[9553] U2'[10087] F[10186] U[10497] F'[10703],false,true,2785,1441,1344,10703,9,9,10,6.7,F2L Slot 4,U2 L U' L' U2 B' U' B,U2[12075] L[12218] U'[12346] L'[12496] U2[13051] B'[13188] U'[13288] B[13386],false,true,2683,1515,1168,13386,8,8,10,6.85,OLL,U' B' U' B' R B R' U B,U'[13991] B'[14192] U'[14308] B'[14447] R[14492] B[14607] R'[14806] U[14954] B[15354],false,true,1968,806,1162,15354,9,9,9,7.75,PLL,U B' U2 B' U' L' B' L2 U' L' U L' B L U' B U',U[15682] B'[16048] U2[16239] B'[16357] U'[16626] L'[16881] B'[16980] L2[17086] U'[17150] L'[17259] U[17291] L'[17431] B[17515] L[17590] U'[17694] B[17836] U'[18031],false,true,2677,694,1983,18031,17,17,19,8.57,,,,,,,,,,,,,,,,,,,,,,,,,,,,50,FL->FR 92,"[BL,BR]->FR 33",23,46,F,,
1754bb02-6cdc-4840-ba5d-256704b08845,2023-09-09 19:17:33 UTC,false,19433,CFOP,Gan Smart Cube,Gan i Carry,Gan 356i,Jacob Pfeifer,false,false,18918,19433,,F'[0] U[306] R[715] R[841] B[1318] D[1675] L'[1866] D'[1994] B'[4144] D[4299] B[4577] D'[4815] U[5167] B'[5363] U'[5691] B'[6524] U'[6687] B[6773] U[6917] B[7862] D[8071] B'[8231] D'[8389] B[8479] B[8578] R'[9051] B'[9379] R[9489] L[10207] B'[10375] L'[10583] B[11759] L[12032] B'[12175] L'[12320] B[12407] L[12565] B'[12693] L'[12778] B[13598] L[14125] B[14212] B[14293] L'[14403] B[14647] B[14727] L'[14886] D[14960] L[15051] D'[15241] B[15764] L'[16657] B[16703] L'[16806] B'[17078] U'[17327] L'[17435] U[17492] U[17559] B'[17658] U'[17753] B[17783] U'[17917] L[18032] U[18161] L[18358] B'[19033] B'[19433],cube,,Playground,custom_rules,U' B' L B2 U F2 U2 R' D' B' D' L2 D' L2 D' L2 F2 U' F2 B2 L2 D,random_state,custom_rules,,,,8,BU,0,0,19433,62,62,68,3.19,7936,11497,"",0,Cross,x' D' F R2 U B L' B',x'[0] D'[0] F[306] R2[841] U[1318] B[1675] L'[1866] B'[1994],false,true,1994,0,1994,1994,7,7,8,3.51,F2L Slot 1,U' B U B' F U' F',U'[4144] B[4299] U[4577] B'[4815] F[5167] U'[5363] F'[5691],false,true,3697,2305,1392,5691,7,7,7,5.03,F2L Slot 2,U' F' U F,U'[6524] F'[6687] U[6773] F[6917],false,true,1226,996,230,6917,4,4,4,17.39,F2L Slot 3,U B U' B' U2 R' U' R,U[7862] B[8071] U'[8231] B'[8389] U2[8578] R'[9051] U'[9379] R[9489],false,true,2572,1154,1418,9489,8,8,9,5.64,F2L Slot 4,L U' L' U L U' L' U L U' L',L[10207] U'[10375] L'[10583] U[11759] L[12032] U'[12175] L'[12320] U[12407] L[12565] U'[12693] L'[12778],false,true,3289,718,2571,12778,11,11,11,4.28,OLL,U L U2 L' U2 L' B L B',U[13598] L[14125] U2[14293] L'[14403] U2[14727] L'[14886] B[14960] L[15051] B'[15241],false,true,2463,1347,1116,15241,9,9,11,8.06,PLL,U L' U L' U' F' L' F2 U' F' U F' L F L U2',U[15764] L'[16657] U[16703] L'[16806] U'[17078] F'[17327] L'[17435] F2[17559] U'[17658] F'[17753] U[17783] F'[17917] L[18032] F[18161] L[18358] U2'[19433],false,true,4192,1416,2776,19433,16,16,18,5.76,,,,,,,,,,,,,,,,,,,,,,,,,,,,15,FL->FR 5,"[FL,BL]->FR 23",31,8,V,,
8a4e2a25-2e25-4b9c-9163-050d7b21fca2,2023-09-09 19:16:33 UTC,false,16107,CFOP,Gan Smart Cube,Gan i Carry,Gan 356i,Jacob Pfeifer,false,false,17442,16107,,D'[0] F'[306] U[520] F'[1043] D[1288] B[1941] B[2063] R[2513] B[2662] R'[2897] B[3024] U'[3383] B'[3581] U[3708] B'[4639] D[5007] B'[5178] D'[5362] U[5509] B'[5780] U'[5926] B[6749] D'[7439] B[7486] D[7631] D[7744] B'[8335] D'[8522] B'[9271] L[9817] B[9958] L'[10098] B[10183] L[10303] B'[10388] L'[10488] B[11157] B'[11400] L[11577] B[11659] B[11741] L'[11814] L'[12067] D[12106] L[12217] D'[12384] L[12594] B[12939] B[13010] L'[13101] B[13902] L'[14282] B[14337] B[14393] L[14479] B'[14647] B'[14796] L'[14972] D[15015] L[15116] B[15257] L'[15349] B'[15425] L'[15615] D'[15778] L[15849] L[15929] B'[16011] B'[16107],cube,,Playground,custom_rules,U' R2 L' U F2 D' B' R B U' L2 U2 R2 B2 L2 D R2 U F2 R2 D F2,random_state,custom_rules,,,,8,BU,0,0,16107,59,60,69,3.66,7602,8505,"",0,Cross,x' B' D' F D' B,x'[0] B'[0] D'[306] F[520] D'[1043] B[1288],false,true,1288,0,1288,1288,5,5,5,3.88,F2L Slot 1,U2 R U R' U F' U' F,U2[2063] R[2513] U[2662] R'[2897] U[3024] F'[3383] U'[3581] F[3708],false,true,2420,1225,1195,3708,8,8,9,6.69,F2L Slot 2,U' B U' S' L' F' z,U'[4639] B[5007] U'[5178] S'[5509] L'[5780] F'[5926] z[6337],false,true,2218,1299,919,5926,6,7,7,6.53,F2L Slot 3,U B' U B2 U' B',U[6749] B'[7439] U[7486] B2[7744] U'[8335] B'[8522],false,true,2596,1513,1083,8522,6,6,7,5.54,F2L Slot 4,U' L U L' U L U' L',U'[9271] L[9817] U[9958] L'[10098] U[10183] L[10303] U'[10388] L'[10488],false,true,1966,1295,671,10488,8,8,8,11.92,OLL,U U' L U2 L2' B L B' L U2 L',U[11157] U'[11400] L[11577] U2[11741] L2'[12067] B[12106] L[12217] B'[12384] L[12594] U2[13010] L'[13101],false,true,2613,1089,1524,13101,11,11,14,7.22,PLL,U L' U2 L U2' L' B L U L' U' L' B' L2 U2',U[13902] L'[14282] U2[14393] L[14479] U2'[14796] L'[14972] B[15015] L[15116] U[15257] L'[15349] U'[15425] L'[15615] B'[15778] L2[15929] U2'[16107],false,true,3006,1181,1825,16107,15,15,19,8.22,,,,,,,,,,,,,,,,,,,,,,,,,,,,54,BR->FR 69,"[FL,BL]->FR 55",7,35,Rb,,
d3e6afec-b9cb-4271-a036-bdb17678e308,2023-09-09 19:18:37 UTC,false,21080,CFOP,Gan Smart Cube,Gan i Carry,Gan 356i,Jacob Pfeifer,false,false,21032,21080,,R[0] F'[180] U[267] D'[820] R[1004] D[1149] F[1532] F[1641] R[2055] R[2152] B'[2624] B'[2781] R'[3418] F'[3615] R[3704] R[3789] F[3897] D'[4551] R'[4785] D[4944] R[6725] F[7448] R[7576] F'[7688] R[7954] F[8214] R'[8369] F'[8504] R[10554] R[10732] R[11028] F'[11535] R[11634] F[11808] R'[11993] F'[12133] R'[12464] F[12579] R'[13379] R'[13832] U[14295] R[14378] U'[14432] R'[14515] U[14582] R[14649] U'[14715] R'[15388] U[15570] R[15939] U'[16053] U'[16381] R'[16542] U'[16669] B[16707] U[16788] R[16942] U[17054] R'[17155] B'[17448] R[18580] U[18819] R[18906] U'[18978] B[19436] B[19511] L'[19756] D[19843] R'[19958] D'[20075] R[20131] D'[20192] L[20497] B[20641] B[20725] R'[20850] R'[21080],cube,,Playground,custom_rules,L F' R2 D' R2 B L' B R L F2 R2 U R2 D' R2 B2 D2 L2 U R2 L2,random_state,custom_rules,,,,8,RU,0,0,21080,66,66,77,3.13,10311,10769,"",0,Cross,z' U F' L R' U R F2 U2 B2',z'[0] U[0] F'[180] L[267] R'[820] U[1004] R[1149] F2[1641] U2[2152] B2'[2781],false,true,2781,0,2781,2781,9,9,12,3.24,F2L Slot 1,U' F' U2 F R' U' R,U'[3418] F'[3615] U2[3789] F[3897] R'[4551] U'[4785] R[4944],false,true,2163,834,1329,4944,7,7,8,5.27,F2L Slot 2,U F U F' U F U' F',U[6725] F[7448] U[7576] F'[7688] U[7954] F[8214] U'[8369] F'[8504],false,true,3560,2504,1056,8504,8,8,8,7.58,F2L Slot 3,U3 F' U F U' F' U' F,U3[11028] F'[11535] U[11634] F[11808] U'[11993] F'[12133] U'[12464] F[12579],false,true,4075,3031,1044,12579,8,8,10,7.66,F2L Slot 4,U2' L U L' U' L U L',U2'[13832] L[14295] U[14378] L'[14432] U'[14515] L[14582] U[14649] L'[14715],false,true,2136,1716,420,14715,8,8,9,19.05,OLL,U' L U L2' U' L' B L U L U' B',U'[15388] L[15570] U[15939] L2'[16381] U'[16542] L'[16669] B[16707] L[16788] U[16942] L[17054] U'[17155] B'[17448],false,true,2733,855,1878,17448,12,12,13,6.39,PLL,U L U L' B2 D' R U' R' U R' D B2 U2',U[18580] L[18819] U[18906] L'[18978] B2[19511] D'[19756] R[19843] U'[19958] R'[20075] U[20131] R'[20192] D[20497] B2[20725] U2'[21080],false,true,3632,1371,2261,21080,14,14,17,6.19,,,,,,,,,,,,,,,,,,,,,,,,,,,,4,BL->FR 7,"[FL,BR]->FR 6",27,34,Gd,,
89b8ef72-4fa0-403c-a37d-99225704cdff,2023-09-09 19:19:40 UTC,false,17309,CFOP,Gan Smart Cube,Gan i Carry,Gan 356i,Jacob Pfeifer,false,false,26658,17309,,B[0] B[89] D'[300] R[778] B[946] U'[1103] B'[1256] L'[1587] L'[1989] B[2725] R[3376] B'[3721] R[3785] B[3921] R[4114] U[4753] R'[5035] U'[5301] R[5612] R'[5898] F'[6360] R'[6782] F[6817] B[7407] R'[7582] B'[7719] U'[8145] R'[8311] U[8576] R'[9453] R'[9833] D'[10026] R[10069] D[10182] R[10310] D'[10453] R[10532] D[10642] R'[10741] D'[10855] R[10893] D[10994] U[11905] R[12038] R[12114] U'[12182] U'[12463] B[12509] U[12645] B'[12843] R[13087] R[13151] U'[13328] B[13608] U[13822] B'[14119] R[14562] R[14688] U'[15018] R[15076] R[15144] U'[15422] R'[15692] F'[15977] U'[16116] F[16168] F[16244] R'[16323] F'[16432] R[16459] F'[16561] U[16686] F[16811] R'[16896] U[17022] R[17309],cube,,Playground,custom_rules,U D B L2 U D B2 U' B2 R F' R2 B2 U2 D R2 L2 U' L2 B2 D2 R2,random_state,custom_rules,,,,8,RU,0,0,17309,67,67,76,3.87,5905,11315,"",0,Cross,z' B2 R' U B L' B' D2' B,z'[44] B2[89] R'[300] U[778] B[946] L'[1103] B'[1256] D2'[1989] B[2725],false,true,2636,0,2636,2725,8,8,10,3.03,F2L Slot 1,U B' U B U L U' L',U[3376] B'[3721] U[3785] B[3921] U[4114] L[4753] U'[5035] L'[5301],false,true,2576,996,1580,5301,8,8,8,5.06,F2L Slot 2,U U' F' U' F,U[5612] U'[5898] F'[6360] U'[6782] F[6817],false,true,1516,1059,457,6817,5,5,5,10.94,F2L Slot 3,B U' B' L' U' L,B[7407] U'[7582] B'[7719] L'[8145] U'[8311] L[8576],false,true,1759,590,1169,8576,6,6,6,5.13,F2L Slot 4,U2' R' U R U R' U R U' R' U R,U2'[9833] R'[10026] U[10069] R[10182] U[10310] R'[10453] U[10532] R[10642] U'[10741] R'[10855] U[10893] R[10994],false,true,2418,1450,968,10994,12,12,13,12.4,OLL,L U2 L2' B L B' U2 L' B L B',L[11905] U2[12114] L2'[12463] B[12509] L[12645] B'[12843] U2[13151] L'[13328] B[13608] L[13822] B'[14119],false,true,3125,911,2214,14119,11,11,14,4.97,PLL,U2 L' U2 L' U' F' L' F2 U' F' U F' L F U' L U,U2[14688] L'[15018] U2[15144] L'[15422] U'[15692] F'[15977] L'[16116] F2[16244] U'[16323] F'[16432] U[16459] F'[16561] L[16686] F[16811] U'[16896] L[17022] U[17309],false,true,3190,899,2291,17309,17,17,20,7.42,,,,,,,,,,,,,,,,,,,,,,,,,,,,25,BL->FR 12,"[FL,BR]->FR 23",22,1,F,,
048512fa-2f70-448e-8219-816d144a06d9,2023-09-09 19:20:25 UTC,false,16850,CFOP,Gan Smart Cube,Gan i Carry,Gan 356i,Jacob Pfeifer,false,false,12438,16850,,B[0] R'[177] F[372] L'[809] B'[1011] L[1145] B[1354] L'[1683] L'[2000] F[2313] L'[2561] F'[2717] F'[2945] L[3076] F[3266] L[3868] B[4107] L[4280] B'[4616] D'[6513] L[6585] L[6661] D[6748] D[6863] L[6984] D'[7122] D'[7215] L[7259] D[7426] L[9109] L[9228] U[9633] L'[9733] U'[9873] L[9983] F'[10303] L[10377] F[10481] F[11955] U[12062] B'[12210] U'[12413] F[12670] B'[12680] F[12796] B'[12811] D[13080] B[13185] D'[13285] B'[13430] D'[13728] F[14064] B'[14091] B[15166] L[15279] B'[15416] L'[15547] B'[15708] U[15772] B[15875] B[15929] L'[15994] B'[16099] L'[16183] B[16268] L[16353] B'[16419] U'[16493] L[16850],cube,,Playground,custom_rules,U D' R' U2 D' F R2 B U2 L U L2 D' L2 D F2 B2 R2 B2 D B2,random_state,custom_rules,,,,8,LU,0,0,16850,58,60,69,3.44,7520,9330,"",0,Cross,z B D' F,z[0] B[0] D'[177] F[372],false,true,372,0,372,372,3,3,3,8.06,F2L Slot 1,U' B' U B U2' F U' F',U'[809] B'[1011] U[1145] B[1354] U2'[2000] F[2313] U'[2561] F'[2717],false,true,2345,639,1706,2717,8,8,9,4.69,F2L Slot 2,F' U F U B U B',F'[2945] U[3076] F[3266] U[3868] B[4107] U[4280] B'[4616],false,true,1899,228,1671,4616,7,7,7,4.19,F2L Slot 3,L' U2 L2 U L2' U L,L'[6513] U2[6661] L2[6863] U[6984] L2'[7215] U[7259] L[7426],false,true,2810,1897,913,7426,7,7,10,7.67,F2L Slot 4,U2 R U' R' U F' U F,U2[9228] R[9633] U'[9733] R'[9873] U[9983] F'[10303] U[10377] F[10481],false,true,3055,2207,848,10481,8,8,9,9.43,OLL,F R B' R' S2' R B R' B' R' S' z',F[11955] R[12062] B'[12210] R'[12413] S2'[12811] R[13080] B[13185] R'[13285] B'[13430] R'[13728] S'[14091] z'[14628],false,true,3610,1474,2136,14091,11,13,15,5.15,PLL,B U B' U' B' R B2 U' B' U' B U B' R' U,B[15166] U[15279] B'[15416] U'[15547] B'[15708] R[15772] B2[15929] U'[15994] B'[16099] U'[16183] B[16268] U[16353] B'[16419] R'[16493] U[16850],false,true,2759,1075,1684,16850,15,15,16,8.91,,,,,,,,,,,,,,,,,,,,,,,,,,,,139,BL->FR 3,"[FL,BR]->FR 2",34,20,T,,
f8bade59-9a9c-4d9d-b1a2-b7dc58004c1b,2023-09-09 19:21:18 UTC,false,20200,CFOP,Gan Smart Cube,Gan i Carry,Gan 356i,Jacob Pfeifer,false,false,9033,20200,,D[0] D[85] L'[399] B[547] B[627] L'[1010] L'[1252] R[2233] F[2653] R[2796] F'[2965] R'[3478] D'[3617] R'[3803] D[3931] U[6034] R'[6233] U'[6315] R'[6591] D[6748] R'[6923] D'[7095] R[7189] D[7396] R'[7641] D'[7815] R[8708] U'[9689] R[9781] U[9934] R[10231] R[10422] F[10683] R[10875] F'[11065] U[11948] R'[12206] U'[12389] R[12481] B'[12928] R[13121] R[13201] B[13302] R[13602] R[13663] B'[13960] R[13998] B[14130] R[14745] B[15251] R[15420] B'[15570] R'[15732] F[16092] B'[16121] D[16429] B[16532] D'[16628] F'[17230] D[18005] B[18138] R'[18194] B'[18297] R'[18396] B[18451] R[18535] B'[18591] D'[18717] B[18858] R[19028] B'[19085] R'[19217] B'[19362] D[19402] B[19506] D'[20006] R[20200],cube,,Playground,custom_rules,F' B' L U D F D' R' F D2 R2 U' F2 B2 R2 F2 U' L2 D' L2 D',random_state,custom_rules,,,,8,RU,0,0,20200,70,71,77,3.47,8157,11958,"",0,Cross,z' R2 D' B2 D2',z'[42] R2[85] D'[399] B2[627] D2'[1252],false,true,1167,0,1167,1252,4,4,7,3.43,F2L Slot 1,U F U F' U' R' U' R,U[2233] F[2653] U[2796] F'[2965] U'[3478] R'[3617] U'[3803] R[3931],false,true,2679,1401,1278,3931,8,8,8,6.26,F2L Slot 2,L U' L' U' R U' R' U R U' R',L[6034] U'[6233] L'[6315] U'[6591] R[6748] U'[6923] R'[7095] U[7189] R[7396] U'[7641] R'[7815],false,true,3884,2103,1781,7815,11,11,11,6.18,F2L Slot 3,U L' U L U2 F U F',U[8708] L'[9689] U[9781] L[9934] U2[10422] F[10683] U[10875] F'[11065],false,true,3250,1874,1376,11065,8,8,9,5.81,F2L Slot 4,L U' L' U B' U2 B U2 B' U B,L[11948] U'[12206] L'[12389] U[12481] B'[12928] U2[13201] B[13302] U2[13663] B'[13960] U[13998] B[14130],false,true,3065,883,2182,14130,11,11,13,5.04,OLL,U B U B' U' S' U B U' F' z,U[14745] B[15251] U[15420] B'[15570] U'[15732] S'[16121] U[16429] B[16532] U'[16628] F'[17230] z[17617],false,true,3100,1121,1979,17230,10,11,11,5.05,PLL,R B U' B' U' B U B' R' B U B' U' B' R B R' U,R[18005] B[18138] U'[18194] B'[18297] U'[18396] B[18451] U[18535] B'[18591] R'[18717] B[18858] U[19028] B'[19085] U'[19217] B'[19362] R[19402] B[19506] R'[20006] U[20200],false,true,2970,775,2195,20200,18,18,18,8.2,,,,,,,,,,,,,,,,,,,,,,,,,,,,114,BR->FR 74,"[BL,BR]->FR 3",40,57,Y,,
76841447-b066-4fc9-b35e-4e87426b47f8,2023-09-09 19:22:03 UTC,false,19573,CFOP,Gan Smart Cube,Gan i Carry,Gan 356i,Jacob Pfeifer,false,false,5431,19573,,U[0] R[229] U'[484] U'[812] R'[1871] U[2084] D'[3351] L'[3507] D[3569] L[3698] D[3838] L'[3988] D[4082] L[4202] D'[4451] L'[4669] D[4794] L[5000] D'[5801] D'[6082] R'[6366] D'[6850] R[7012] D[7117] R'[7246] D'[7372] R[7512] D[7646] D[7733] B'[8154] D'[8269] B[8423] F'[9500] D'[9785] F[9868] D'[10143] R'[10590] D[10696] R[10862] D[11278] D'[11843] F'[12254] D'[12403] F[12536] D[12706] D[12788] F'[13077] D[13129] F[13222] D'[14126] D'[14377] B'[14510] D'[14733] B[14815] D'[15132] B'[15221] D[15278] B[15392] D[15527] B[15655] R'[15760] B'[16236] R[16325] D[17255] F[17499] F[17569] U'[17868] R[17980] D'[18086] R[18216] D[18342] R'[18438] U[18634] F[18808] F[18880] L[19268] D'[19354] L'[19460] D'[19573],cube,,Playground,custom_rules,F R' F2 U2 R' U B2 R B' L F2 L2 U L2 D' R2 D' L2 D2 R2 U B2,random_state,custom_rules,,,,8,DB,0,0,19573,72,72,79,3.68,7790,11783,"",0,Cross,z2 D L D2' L' D,z2[0] D[0] L[229] D2'[812] L'[1871] D[2084],false,true,2084,0,2084,2084,5,5,6,2.4,F2L Slot 1,U' R' U R U R' U R U' R' U R,U'[3351] R'[3507] U[3569] R[3698] U[3838] R'[3988] U[4082] R[4202] U'[4451] R'[4669] U[4794] R[5000],false,true,2916,1423,1493,5000,12,12,12,8.04,F2L Slot 2,U2' L' U' L U L' U' L U2 B' U' B,U2'[6082] L'[6366] U'[6850] L[7012] U[7117] L'[7246] U'[7372] L[7512] U2[7733] B'[8154] U'[8269] B[8423],false,true,3423,1366,2057,8423,12,12,14,5.83,F2L Slot 3,F' U' F U' L' U L,F'[9500] U'[9785] F[9868] U'[10143] L'[10590] U[10696] L[10862],false,true,2439,1077,1362,10862,7,7,7,5.14,F2L Slot 4,U U' F' U' F U2 F' U F,U[11278] U'[11843] F'[12254] U'[12403] F[12536] U2[12788] F'[13077] U[13129] F[13222],false,true,2360,1392,968,13222,9,9,10,9.3,OLL,U2' B' U' B U' B' U B U B L' B' L,U2'[14377] B'[14510] U'[14733] B[14815] U'[15132] B'[15221] U[15278] B[15392] U[15527] B[15655] L'[15760] B'[16236] L[16325],false,true,3103,1288,1815,16325,13,13,14,7.16,PLL,U F2 D' L U' L U L' D F2 R U' R' U',U[17255] F2[17569] D'[17868] L[17980] U'[18086] L[18216] U[18342] L'[18438] D[18634] F2[18880] R[19268] U'[19354] R'[19460] U'[19573],false,true,3248,1244,2004,19573,14,14,16,6.99,,,,,,,,,,,,,,,,,,,,,,,,,,,,22,FL->FR 70,"[FL,BL]->FR 11",11,36,Gc,,
60c3750b-ae51-4438-911d-3eccf577434f,2023-09-09 19:22:51 UTC,false,15721,CFOP,Gan Smart Cube,Gan i Carry,Gan 356i,Jacob Pfeifer,false,false,14570,15721,,D'[0] B'[191] L[289] U'[987] R[1154] U'[1330] L[1774] L[1860] D[2386] L'[2678] D[2797] L[2979] D[3240] B'[3723] D[3803] B[4059] F[4405] D[4634] D[4728] F'[5021] D'[5175] L'[5598] D'[5687] L[5854] R'[6271] D[6335] R[6481] D'[6686] F[7165] D'[7587] F'[7716] D'[8391] L[8528] D[8656] L'[8799] D[8978] D[9069] L[9146] D'[9238] L'[9345] D'[10118] B[10367] D[10581] R[10676] D'[10736] R'[10834] B'[10981] D'[11150] F[11273] L[11401] D[11525] L'[11592] D'[11658] F'[11802] R'[13360] D[13494] L'[13638] D[13738] D[13806] R[14078] D'[14193] L[14256] R'[14600] D[14902] L'[15079] D[15195] D[15285] R[15569] D'[15663] L[15721],cube,,Playground,custom_rules,B U2 L D R' D2 L2 D' B' U D2 R2 D L2 D' B2 L2 F2 L2 D2 F2 U',random_state,custom_rules,,,,8,DB,0,0,15721,65,65,70,4.13,4973,10748,"",0,Cross,z2 U' B' R D' L D' R2,z2[0] U'[0] B'[191] R[289] D'[987] L[1154] D'[1330] R2[1860],false,true,1860,0,1860,1860,7,7,8,3.76,F2L Slot 1,U R' U R U B' U B,U[2386] R'[2678] U[2797] R[2979] U[3240] B'[3723] U[3803] B[4059],false,true,2199,818,1381,4059,8,8,8,5.79,F2L Slot 2,F U2 F' U' R' U' R,F[4405] U2[4728] F'[5021] U'[5175] R'[5598] U'[5687] R[5854],false,true,1795,346,1449,5854,7,7,8,4.83,F2L Slot 3,L' U L U' F U' F',L'[6271] U[6335] L[6481] U'[6686] F[7165] U'[7587] F'[7716],false,true,1862,417,1445,7716,7,7,7,4.84,F2L Slot 4,U' R U R' U2 R U' R',U'[8391] R[8528] U[8656] R'[8799] U2[9069] R[9146] U'[9238] R'[9345],false,true,1629,812,817,9345,8,8,9,9.79,OLL,U' B U L U' L' B' U' F R U R' U' F',U'[10118] B[10367] U[10581] L[10676] U'[10736] L'[10834] B'[10981] U'[11150] F[11273] R[11401] U[11525] R'[11592] U'[11658] F'[11802],false,true,2457,1022,1435,11802,14,14,14,9.76,PLL,L' U R' U2 L U' R L' U R' U2 L U' R,L'[13360] U[13494] R'[13638] U2[13806] L[14078] U'[14193] R[14256] L'[14600] U[14902] R'[15079] U2[15285] L[15569] U'[15663] R[15721],false,true,3919,1558,2361,15721,14,14,16,5.93,,,,,,,,,,,,,,,,,,,,,,,,,,,,143,BR->FR 24,"[FL,BL]->FR 40",15,3,Nb,,
3ee7ca82-7448-456e-bf50-6ca60cfc0003,2023-09-09 19:23:38 UTC,false,20047,CFOP,Gan Smart Cube,Gan i Carry,Gan 356i,Jacob Pfeifer,false,false,9201,20047,,L[0] B'[176] F'[838] R[966] R[1062] U'[1481] U'[1669] R[2062] R[2212] D[3820] B[4204] D[4333] B'[4478] D'[4673] B[4759] D[4887] B'[5110] L[5675] D[5914] L'[6588] D[7757] R'[7985] D[8290] D[8373] R[8488] D'[8895] B'[9288] D[9378] B[9573] D[9857] D[9956] B[10287] D'[10523] B'[10672] D[10782] D[10883] B[11021] D'[11329] B'[11438] D[11597] D[11693] R'[12127] D[12185] R[12285] D[12531] D[12639] R'[13050] D[13091] R[13180] L[14890] B[15280] R'[15618] B[15662] R[15791] B'[15942] R'[16058] B[16256] R[16409] B[16731] B[16840] L'[16986] R[18204] R[18259] D[18482] R[18690] D[18784] R'[18840] D'[18945] R'[19146] D'[19263] R'[19389] D[19438] R'[19747] D'[19914] D'[20047],cube,,Playground,custom_rules,L2 F' D' F2 R L U2 F R D R D' F2 B2 R2 F2 D2 L2 U R2 U' F2,random_state,custom_rules,,,,8,DB,0,0,20047,64,64,75,3.19,7775,12272,"",0,Cross,z2 R B' F' L2 D2' L2,z2[0] R[0] B'[176] F'[838] L2[1062] D2'[1669] L2[2212],false,true,2212,0,2212,2212,6,6,9,2.71,F2L Slot 1,U B U B' U' B U B' R U R',U[3820] B[4204] U[4333] B'[4478] U'[4673] B[4759] U[4887] B'[5110] R[5675] U[5914] R'[6588],false,true,4376,1992,2384,6588,11,11,11,4.61,F2L Slot 2,U L' U2 L U' B' U B,U[7757] L'[7985] U2[8373] L[8488] U'[8895] B'[9288] U[9378] B[9573],false,true,2985,1397,1588,9573,8,8,9,5.04,F2L Slot 3,U2 B U' B' U2 B U' B',U2[9956] B[10287] U'[10523] B'[10672] U2[10883] B[11021] U'[11329] B'[11438],false,true,1865,714,1151,11438,8,8,10,6.95,F2L Slot 4,U2 L' U L U2 L' U L,U2[11693] L'[12127] U[12185] L[12285] U2[12639] L'[13050] U[13091] L[13180],false,true,1742,689,1053,13180,8,8,10,7.6,OLL,R B L' B L B' L' B L B2 R',R[14890] B[15280] L'[15618] B[15662] L[15791] B'[15942] L'[16058] B[16256] L[16409] B2[16840] R'[16986],false,true,3806,1710,2096,16986,11,11,12,5.25,PLL,L2 U L U L' U' L' U' L' U L' U2',L2[18259] U[18482] L[18690] U[18784] L'[18840] U'[18945] L'[19146] U'[19263] L'[19389] U[19438] L'[19747] U2'[20047],false,true,3061,1273,1788,20047,12,12,14,6.71,,,,,,,,,,,,,,,,,,,,,,,,,,,,82,BL->FR 17,"[FL,BR]->FR 39",32,54,Ub,,
4e289098-8cf0-4e9d-8736-dbbba084a96e,2023-09-09 19:24:37 UTC,false,16289,CFOP,Gan Smart Cube,Gan i Carry,Gan 356i,Jacob Pfeifer,false,false,23872,16289,,L'[0] U[178] R[475] F[1023] B'[1404] U[1811] D[3258] D[3419] F'[3801] D[3867] F[4058] D[4326] L'[4713] D[4839] L[5087] R[5536] D[5698] D[5812] R'[6099] R'[6204] D'[6589] R[6762] D'[7528] L[7986] D[8116] L'[8203] D'[8286] L[8346] D[8425] L'[8554] D[8640] R[8990] D[9134] R'[9416] F'[10045] D[10170] D[10214] F[10305] D[10514] F'[10589] D'[10669] F[10727] D'[11412] D'[11671] B'[12137] L'[12266] B[12422] F'[12439] D'[12638] F[12750] D[12845] B'[13110] L[13259] B[13364] D'[14831] F'[15030] D[15085] B'[15205] D[15445] D[15515] F[15645] F'[15696] F[15778] D'[15884] F'[16024] D[16098] D[16151] F[16237] B[16289],cube,,Playground,custom_rules,R' U' F' R' L2 D L2 D L' B L2 U' L2 F2 L2 B2 D' F2 R2 D2 L2 D',random_state,custom_rules,,,,8,DB,0,0,16289,61,62,69,3.74,7368,8921,"",0,Cross,z2 R' D L F B' D,z2[0] R'[0] D[178] L[475] F[1023] B'[1404] D[1811],false,true,1811,0,1811,1811,6,6,6,3.31,F2L Slot 1,U2 F' U F U R' U R,U2[3419] F'[3801] U[3867] F[4058] U[4326] R'[4713] U[4839] R[5087],false,true,3276,1990,1286,5087,8,8,9,6.22,F2L Slot 2,L U2 L2' U' L,L[5536] U2[5812] L2'[6204] U'[6589] L[6762],false,true,1675,449,1226,6762,5,5,7,4.08,F2L Slot 3,U' R U R' U' R U R' U L U L',U'[7528] R[7986] U[8116] R'[8203] U'[8286] R[8346] U[8425] R'[8554] U[8640] L[8990] U[9134] L'[9416],false,true,2654,1224,1430,9416,12,12,12,8.39,F2L Slot 4,F' U2 F U F' U' F,F'[10045] U2[10214] F[10305] U[10514] F'[10589] U'[10669] F[10727],false,true,1311,629,682,10727,7,7,8,10.26,OLL,U2' B' R' S R' F R B' D B z',U2'[11671] B'[12137] R'[12266] S[12439] R'[12638] F[12750] R[12845] B'[13110] D[13259] B[13364] z'[14097],false,true,2637,1410,1227,13364,10,11,12,8.15,PLL,U' F' U B' U2 F F' F U' F' U2 F B,U'[14831] F'[15030] U[15085] B'[15205] U2[15515] F[15645] F'[15696] F[15778] U'[15884] F'[16024] U2[16151] F[16237] B[16289],false,true,2925,1666,1259,16289,13,13,15,10.33,,,,,,,,,,,,,,,,,,,,,,,,,,,,143,BL->FR 24,"[FL,BR]->FR 55",4,15,Ja,,
b0cdec5c-ebd8-4f39-baf0-9ef8dc0ff8f8,2023-09-09 19:25:34 UTC,false,14085,CFOP,Gan Smart Cube,Gan i Carry,Gan 356i,Jacob Pfeifer,false,false,7890,14085,,F[0] B[99] R[450] R[572] D[1412] R[1994] D[2124] R'[2368] L[2761] D'[2907] L'[3103] D[3187] F'[3644] D[3695] F[3832] D'[4038] D'[4446] F[4609] D[4685] F'[4771] D'[4843] F[4900] D[4987] F'[5078] D'[5157] F[5232] D[5303] F'[5649] D'[6231] D'[6810] D'[7023] B[7431] D[7525] D[7580] B'[7636] D[7891] D[7955] B[8014] B'[8311] D'[8379] B'[8552] L[8585] B[8683] L'[8905] D[9393] D[9482] F[9774] L[9884] B'[9946] L'[10083] F'[10238] L[10294] B[10395] L'[10567] D'[11504] B[11666] D[11737] B'[11818] L[12180] L[12250] U'[12459] F[12582] D'[12772] F'[13016] F'[13131] F[13245] D[13355] F'[13437] U[13642] L[13807] L[13871] D'[14085],cube,,Playground,custom_rules,F' L' D2 R' D' L' U2 R F D F2 D' B2 D L2 U' L2 B2 D' L2 U2 B2,random_state,custom_rules,,,,8,DB,0,0,14085,62,62,72,4.4,6342,7743,"",0,Cross,z2 F B L2,z2[0] F[0] B[99] L2[572],false,true,572,0,572,572,3,3,4,5.24,F2L Slot 1,U L U L',U[1412] L[1994] U[2124] L'[2368],false,true,1796,1422,374,2368,4,4,4,10.7,F2L Slot 2,R U' R' U F' U F,R[2761] U'[2907] R'[3103] U[3187] F'[3644] U[3695] F[3832],false,true,1464,393,1071,3832,7,7,7,6.54,F2L Slot 3,U2' F U F' U' F U F' U' F U F',U2'[4446] F[4609] U[4685] F'[4771] U'[4843] F[4900] U[4987] F'[5078] U'[5157] F[5232] U[5303] F'[5649],false,true,1817,777,1040,5649,12,12,13,11.54,F2L Slot 4,U3' B U2 B' U2 B B' U' B' R B R',U3'[7023] B[7431] U2[7580] B'[7636] U2[7955] B[8014] B'[8311] U'[8379] B'[8552] R[8585] B[8683] R'[8905],false,true,3256,1782,1474,8905,12,12,16,8.14,OLL,U2 F R B' R' F' R B R',U2[9482] F[9774] R[9884] B'[9946] R'[10083] F'[10238] R[10294] B[10395] R'[10567],false,true,1662,869,793,10567,9,9,10,11.35,PLL,U' B U B' R2 D' F U' F2' F U F' D R2 U',U'[11504] B[11666] U[11737] B'[11818] R2[12250] D'[12459] F[12582] U'[12772] F2'[13131] F[13245] U[13355] F'[13437] D[13642] R2[13871] U'[14085],false,true,3518,1099,2419,14085,15,15,18,6.2,,,,,,,,,,,,,,,,,,,,,,,,,,,,14,BL->FR 46,"[FL,BR]->FR 37",9,24,Gd,,
e4001a4d-67b2-4271-8f05-57577f1a42ab,2023-09-09 19:26:29 UTC,false,17853,CFOP,Gan Smart Cube,Gan i Carry,Gan 356i,Jacob Pfeifer,false,false,15050,17853,,F[0] F[62] R'[356] B[831] B[935] R'[1332] F[1452] R[1820] L'[2731] U[3130] L[3268] U'[3457] L[3556] F'[3903] L'[4104] F[4200] F[4574] L[4678] L[4780] F'[5000] D[5098] L[5380] D'[5682] L[7376] L[7482] D'[8146] L[8224] D[8362] L[8780] L[8895] D'[9304] L[9407] D[9750] L[10490] U'[10870] L[10935] U[11099] U[11517] B'[11835] U'[12002] B[12061] L[12593] L[12700] L'[12892] D[13060] D[13131] R[13258] D'[13418] L[13503] L[13582] D[13638] R'[13906] D'[14035] L[14103] L[14157] D'[14246] L[15246] D'[15607] L[15653] L[15718] D'[15832] L'[16217] F'[16434] D'[16545] F[16600] F[16670] L'[16940] F'[17054] L[17088] F'[17228] D[17342] F[17469] L'[17567] D[17693] L'[17853],cube,,Playground,custom_rules,D L D' R B' U' R2 F' B2 R U' B2 D L2 D' B2 D2 F2 U' F2 L2 D,random_state,custom_rules,,,,8,LU,0,0,17853,62,62,75,3.47,7699,10092,"",0,Cross,z F2 D' B2 D' F D,z[31] F2[62] D'[356] B2[935] D'[1332] F[1452] D[1820],false,true,1758,0,1758,1820,6,6,8,3.41,F2L Slot 1,U' R U R' U F' U' F,U'[2731] R[3130] U[3268] R'[3457] U[3556] F'[3903] U'[4104] F[4200],false,true,2380,1310,1070,4200,8,8,8,7.48,F2L Slot 2,F U2 F' L U L',F[4574] U2[4780] F'[5000] L[5098] U[5380] L'[5682],false,true,1482,374,1108,5682,6,6,7,5.42,F2L Slot 3,U2 L' U L U2 L' U L,U2[7482] L'[8146] U[8224] L[8362] U2[8895] L'[9304] U[9407] L[9750],false,true,4068,2464,1604,9750,8,8,10,4.99,F2L Slot 4,U R' U R2 B' R' B,U[10490] R'[10870] U[10935] R2[11517] B'[11835] R'[12002] B[12061],false,true,2311,1120,1191,12061,7,7,8,5.88,OLL,U2 U' L2 D L' U2 L D' L' U2 L',U2[12700] U'[12892] L2[13131] D[13258] L'[13418] U2[13582] L[13638] D'[13906] L'[14035] U2[14157] L'[14246],false,true,2185,1070,1115,14246,11,11,15,9.87,PLL,U L' U2 L' U' F' L' F2 U' F' U F' L F U' L U',U[15246] L'[15607] U2[15718] L'[15832] U'[16217] F'[16434] L'[16545] F2[16670] U'[16940] F'[17054] U[17088] F'[17228] L[17342] F[17469] U'[17567] L[17693] U'[17853],false,true,3607,1361,2246,17853,17,17,19,7.57,,,,,,,,,,,,,,,,,,,,,,,,,,,,54,BL->FR 19,"[FL,BR]->FR 38",30,23,F,,
5daf717c-485b-4368-8ff5-8b2255b18683,2023-09-09 19:27:09 UTC,false,16181,CFOP,Gan Smart Cube,Gan i Carry,Gan 356i,Jacob Pfeifer,false,false,9132,16181,,U'[0] B[239] U'[609] B[921] B[1014] F[1364] D'[1802] F'[1897] D'[2152] R[2686] D'[2915] R'[3180] D[3530] L[3755] D[3891] D[3982] L'[4236] D[4307] F'[4643] D'[4994] F[5200] F[5645] D'[5733] F'[5848] D'[6178] F[6364] D'[6487] F'[6612] D[6710] F[6836] D'[7021] F'[7266] D'[8552] L[9103] D[9221] L[9469] D[9609] L[9791] D'[9908] L'[10445] D'[10578] L'[10843] D'[11491] B[11651] D[11856] R[11959] D'[12000] R'[12087] B'[12214] D'[13231] L[13382] L[13440] U[13662] B'[13766] D[13972] B'[14056] D'[14149] B[14231] U'[14453] L[14493] L[14565] F'[15082] D[15931] F[16054] D'[16181],cube,,Playground,custom_rules,R' B2 R B' D B2 U' F L U F2 D' F2 U L2 U' L2 U2 R2 L2 F2 L2,random_state,custom_rules,,,,8,DB,0,0,16181,60,60,65,3.71,5241,10940,"",0,Cross,z2 D' B D' B2,z2[0] D'[0] B[239] D'[609] B2[1014],false,true,1014,0,1014,1014,4,4,5,3.94,F2L Slot 1,F U' F' U' L U' L',F[1364] U'[1802] F'[1897] U'[2152] L[2686] U'[2915] L'[3180],false,true,2166,350,1816,3180,7,7,7,3.85,F2L Slot 2,U R U2 R' U F' U' F,U[3530] R[3755] U2[3982] R'[4236] U[4307] F'[4643] U'[4994] F[5200],false,true,2020,575,1445,5200,8,8,9,5.54,F2L Slot 3,F U' F' U' F U' F' U F U' F',F[5645] U'[5733] F'[5848] U'[6178] F[6364] U'[6487] F'[6612] U[6710] F[6836] U'[7021] F'[7266],false,true,2066,445,1621,7266,11,11,11,6.79,F2L Slot 4,U' R U R U R U' R' U' R',U'[8552] R[9103] U[9221] R[9469] U[9609] R[9791] U'[9908] R'[10445] U'[10578] R'[10843],false,true,3577,1837,1740,10843,10,10,10,5.75,OLL,U' B U L U' L' B',U'[11491] B[11651] U[11856] L[11959] U'[12000] L'[12087] B'[12214],false,true,1371,808,563,12214,7,7,7,12.43,PLL,U' R2 D B' U B' U' B D' R2 F' U F U',U'[13231] R2[13440] D[13662] B'[13766] U[13972] B'[14056] U'[14149] B[14231] D'[14453] R2[14565] F'[15082] U[15931] F[16054] U'[16181],false,true,3967,1226,2741,16181,14,14,16,5.11,,,,,,,,,,,,,,,,,,,,,,,,,,,,84,BL->FR 24,"[FL,BR]->FR 1",28,44,Ga,,
30fe2d6b-9e59-47e5-a555-31912c4851d9,2023-09-09 19:27:52 UTC,false,16505,CFOP,Gan Smart Cube,Gan i Carry,Gan 356i,Jacob Pfeifer,false,false,9955,16505,,U'[0] L'[138] U'[326] R[695] R[786] B'[1228] F'[1695] U[1886] F'[2043] U'[2185] F[2268] F[2368] R[2863] F[3003] R'[3368] F'[3903] L'[4111] F[4198] F[4295] L[4413] F'[4617] R'[4940] F'[5245] R[5328] F[5926] L[6567] F[6745] F[6840] L'[6959] F[7448] L[7710] F'[7882] L'[8012] F'[9354] D[9551] F[9650] D'[9894] F[9951] L'[10279] F'[10369] L[10439] F[11821] F[11942] U[12303] L[12435] F[12569] L'[12623] F'[12694] U'[12833] F[12974] U[13238] L[13353] F[13466] L'[13538] F'[13607] U'[13992] F[14782] L[14990] F[15083] L'[15146] F'[15219] L'[15425] U[15702] L[15844] L[15901] F'[15969] L'[16046] F'[16122] L[16236] F[16304] L'[16370] U'[16430] F'[16505],cube,,Playground,custom_rules,L2 F2 U' R' F R' U B L F R2 B2 U R2 U2 D B2 D' R2 L2 U2 F2,random_state,custom_rules,,,,8,FU,0,0,16505,67,67,73,4.06,7041,9464,"",0,Cross,x B' L' B' R2 D',x[0] B'[0] L'[138] B'[326] R2[786] D'[1228],false,true,1228,0,1228,1228,5,5,6,4.07,F2L Slot 1,U' B U' B' U2 R U R',U'[1695] B[1886] U'[2043] B'[2185] U2[2368] R[2863] U[3003] R'[3368],false,true,2140,658,1482,3368,8,8,9,5.4,F2L Slot 2,U' L' U2 L U' R' U' R,U'[3903] L'[4111] U2[4295] L[4413] U'[4617] R'[4940] U'[5245] R[5328],false,true,1960,743,1217,5328,8,8,9,6.57,F2L Slot 3,U L U2 L' U L U' L',U[5926] L[6567] U2[6840] L'[6959] U[7448] L[7710] U'[7882] L'[8012],false,true,2684,1239,1445,8012,8,8,9,5.54,F2L Slot 4,U' F U F' U L' U' L,U'[9354] F[9551] U[9650] F'[9894] U[9951] L'[10279] U'[10369] L[10439],false,true,2427,1539,888,10439,8,8,8,9.01,OLL,U2 B L U L' U' B' U B L U L' U' B',U2[11942] B[12303] L[12435] U[12569] L'[12623] U'[12694] B'[12833] U[12974] B[13238] L[13353] U[13466] L'[13538] U'[13607] B'[13992],false,true,3553,1864,1689,13992,14,14,15,8.29,PLL,U L U L' U' L' B L2 U' L' U' L U L' B' U',U[14782] L[14990] U[15083] L'[15146] U'[15219] L'[15425] B[15702] L2[15901] U'[15969] L'[16046] U'[16122] L[16236] U[16304] L'[16370] B'[16430] U'[16505],false,true,2513,998,1515,16505,16,16,17,10.56,,,,,,,,,,,,,,,,,,,,,,,,,,,,20,FL->FR 4,"[FL,BL]->FR 13",36,12,T,,
def0f47f-a2a4-469a-a36b-cbb5c9288d0c,2023-09-09 19:40:08 UTC,false,15397,CFOP,Gan Smart Cube,Gan i Carry,Gan 356i,Jacob Pfeifer,false,false,9840,15397,,R'[0] B[210] F'[261] R[507] R[625] U'[1281] D'[1899] B'[2279] D'[2748] B[3247] D[3621] B'[3852] D'[3950] B[4013] D[4126] B'[4266] D'[4392] B[4470] D'[5233] R'[5798] D[5905] D[5997] R[6104] D'[6240] R'[6475] D[6578] R[6818] D[7208] L[7526] D'[7642] L'[7771] L'[8129] L'[8337] L[8420] D[8576] L[8733] D'[9033] L[9249] D'[9372] L'[9503] D[9577] D[9684] L[9776] D'[9880] L'[9982] B[10903] D[11091] R[11206] D'[11257] R'[11316] B'[11481] F[11705] L[11854] D[11985] L'[12029] D'[12100] F'[12245] D'[12960] F[13137] L[13273] D'[13332] L'[13427] D'[13519] L[13566] D[13657] L'[13705] F'[13771] L[13850] D[13989] L'[14034] D'[14132] L'[14346] F[14404] L[14504] F'[15071] D[15350] D[15397],cube,,Playground,custom_rules,U2 B R' F' B2 L' U D B' U R2 U' R2 F2 R2 U R2 D L2 U R2 U',random_state,custom_rules,,,,8,DB,0,0,15397,69,71,77,4.48,5363,10034,"",0,Cross,z D' S L2 D',z[0] D'[0] S[261] L2[625] D'[1281],false,true,1281,0,1281,1281,4,5,6,3.12,F2L Slot 1,U' B' U' B U B' U' B U B' U' B,U'[1899] B'[2279] U'[2748] B[3247] U[3621] B'[3852] U'[3950] B[4013] U[4126] B'[4266] U'[4392] B[4470],false,true,3189,998,2191,4470,12,12,12,5.48,F2L Slot 2,U' L' U2 L U' L' U L,U'[5233] L'[5798] U2[5997] L[6104] U'[6240] L'[6475] U[6578] L[6818],false,true,2348,1328,1020,6818,8,8,9,7.84,F2L Slot 3,U R U' R3' R U R,U[7208] R[7526] U'[7642] R3'[8337] R[8420] U[8576] R[8733],false,true,1915,708,1207,8733,7,7,9,5.8,F2L Slot 4,U' R U' R' U2 R U' R',U'[9033] R[9249] U'[9372] R'[9503] U2[9684] R[9776] U'[9880] R'[9982],false,true,1249,516,733,9982,8,8,9,10.91,OLL,B U L U' L' S' U L U' L' F' z,B[10903] U[11091] L[11206] U'[11257] L'[11316] S'[11705] U[11854] L[11985] U'[12029] L'[12100] F'[12245] z[12602],false,true,2263,921,1342,12245,11,12,12,8.2,PLL,U' F R U' R' U' R U R' F' R U R' U' R' F R F' U2,U'[12960] F[13137] R[13273] U'[13332] R'[13427] U'[13519] R[13566] U[13657] R'[13705] F'[13771] R[13850] U[13989] R'[14034] U'[14132] R'[14346] F[14404] R[14504] F'[15071] U2[15397],false,true,3152,892,2260,15397,19,19,20,8.41,,,,,,,,,,,,,,,,,,,,,,,,,,,,49,FL->FR 10,"[BL,BR]->FR 55",33,22,Y,,
79ba6eda-ec43-49b5-8c2c-13449013a713,2023-09-09 19:28:51 UTC,false,14429,CFOP,Gan Smart Cube,Gan i Carry,Gan 356i,Jacob Pfeifer,false,false,10539,14429,,B'[0] D[76] F'[419] U[564] U[631] R'[1028] B[1377] U'[1561] B'[1726] F'[2154] U[2293] F[2409] F[2496] U'[2621] F[2734] D[3104] F[3218] D'[3554] U'[4451] F[4818] U[4973] F'[5238] R'[5628] F[5737] R[6055] F'[6657] L[6825] F'[6979] L'[7126] F[7247] L[7649] F'[7826] L'[8267] F'[8678] R[9114] F[9265] F[9362] R'[9517] F'[9705] R[9760] F[9914] R'[10025] F[10941] L[11142] F[11233] L'[11290] F[11450] L[11932] F[12037] F[12110] L'[12196] L'[13071] F[13157] R'[13342] F[13553] F[13621] L[13680] F'[13773] L'[13904] F[13968] F[14003] L[14107] R[14211] F'[14429],cube,,Playground,custom_rules,F2 R' U L2 U B2 D' R F R2 D' F2 U R2 D' L2 D2 L2 D' L2,random_state,custom_rules,,,,8,FU,0,0,14429,58,58,64,4.02,5073,9356,"",0,Cross,x D' F U' B2 R' D B' D',x[0] D'[0] F[76] U'[419] B2[631] R'[1028] D[1377] B'[1561] D'[1726],false,true,1726,0,1726,1726,8,8,9,4.63,F2L Slot 1,U' B U2 B' U F U F',U'[2154] B[2293] U2[2496] B'[2621] U[2734] F[3104] U[3218] F'[3554],false,true,1828,567,1261,3554,8,8,9,6.34,F2L Slot 2,B' U B U' R' U R,B'[4451] U[4818] B[4973] U'[5238] R'[5628] U[5737] R[6055],false,true,2501,897,1604,6055,7,7,7,4.36,F2L Slot 3,U' L U' L' U L U' L',U'[6657] L[6825] U'[6979] L'[7126] U[7247] L[7649] U'[7826] L'[8267],false,true,2212,770,1442,8267,8,8,8,5.55,F2L Slot 4,U' R U2 R' U' R U R',U'[8678] R[9114] U2[9362] R'[9517] U'[9705] R[9760] U[9914] R'[10025],false,true,1758,847,911,10025,8,8,9,8.78,OLL,U L U L' U L U2 L',U[10941] L[11142] U[11233] L'[11290] U[11450] L[11932] U2[12110] L'[12196],false,true,2171,1117,1054,12196,8,8,9,7.59,PLL,L' U R' U2 L U' L' U2 L R U',L'[13071] U[13157] R'[13342] U2[13621] L[13680] U'[13773] L'[13904] U2[14003] L[14107] R[14211] U'[14429],false,true,2233,875,1358,14429,11,11,13,8.1,,,,,,,,,,,,,,,,,,,,,,,,,,,,19,BL->FR 71,"[FL,BR]->FR 26",19,27,Ja,,
97ef7427-c087-4d37-80d5-bcca22a04930,2023-09-09 19:30:10 UTC,false,20890,CFOP,Gan Smart Cube,Gan i Carry,Gan 356i,Jacob Pfeifer,false,false,27556,20890,,R'[0] R'[107] F'[324] F'[501] B'[938] U[1710] U[2076] R[4605] R[4829] D[7561] D[7771] R[8319] D[8472] R'[8782] R'[9411] D'[9613] R[9729] D'[10206] F[10522] D[10703] F'[10921] F'[11138] D[11306] F[11454] D'[11696] L[12276] D'[12510] L'[12724] B[13358] D'[13489] B'[13617] D[13692] L'[13946] D'[14044] L[14126] F[16307] L[16475] D[16594] L'[16640] D'[16734] F'[16897] L[17693] D[17786] D[17848] L'[17917] D'[18014] L[18353] D'[18444] L'[18500] D[19196] L'[19563] D[19650] R'[19907] D[20178] D[20234] L[20331] D'[20457] L'[20635] D[20715] D[20764] L[20850] R[20890],cube,,Playground,custom_rules,F' D2 B' D R F' U2 L U' R F L2 U2 F2 U B2 U' F2 L2 B2 U' R2,random_state,custom_rules,,,,8,DB,0,0,20890,52,52,62,2.49,8214,12569,"",0,Cross,z2 L2' F2' B' D2 L2,z2[53] L2'[107] F2'[501] B'[938] D2[2076] L2[4829],false,true,4722,0,4722,4829,5,5,9,1.06,F2L Slot 1,U2 L U L',U2[7771] L[8319] U[8472] L'[8782],false,true,3953,3490,463,8782,4,4,5,8.64,F2L Slot 2,L' U' L U' F U F',L'[9411] U'[9613] L[9729] U'[10206] F[10522] U[10703] F'[10921],false,true,2139,629,1510,10921,7,7,7,4.64,F2L Slot 3,F' U F U' R U' R',F'[11138] U[11306] F[11454] U'[11696] R[12276] U'[12510] R'[12724],false,true,1803,217,1586,12724,7,7,7,4.41,F2L Slot 4,B U' B' U R' U' R,B[13358] U'[13489] B'[13617] U[13692] R'[13946] U'[14044] R[14126],false,true,1402,634,768,14126,7,7,7,9.11,OLL,F R U R' U' F' R U2 R' U' R U' R',F[16307] R[16475] U[16594] R'[16640] U'[16734] F'[16897] R[17693] U2[17848] R'[17917] U'[18014] R[18353] U'[18444] R'[18500],false,true,4374,2181,2193,18500,13,13,14,5.93,PLL,U R' U L' U2 R U' R' U2 R L,U[19196] R'[19563] U[19650] L'[19907] U2[20234] R[20331] U'[20457] R'[20635] U2[20764] R[20850] L[20890],false,true,2390,1063,1327,20890,11,11,13,8.29,,,,,,,,,,,,,,,,,,,,,,,,,,,,14,FL->FR 47,"[FL,BL]->FR 40",18,16,Ja,,
b304fe05-52b6-4d16-bb17-5781fcd6aeb8,2023-09-09 19:32:20 UTC,false,17045,CFOP,Gan Smart Cube,Gan i Carry,Gan 356i,Jacob Pfeifer,false,false,9372,17045,,U[0] B'[199] L[545] L[850] R'[1357] R'[1622] U[1971] D'[2444] B[2647] D[2909] B'[3115] B'[3232] D'[3476] B[3743] D[4232] B[4432] D[4557] B'[4715] R'[5305] D[5369] R[5594] D[5873] L[6062] D'[6216] L'[6399] D[6445] D[6554] F'[7207] D'[7770] F[7868] D[8139] D[8264] B[8534] D[8634] B'[8728] D'[8913] D'[9269] L'[9407] D[9453] L[9551] D[10403] D[10484] R'[13576] B[13617] R[13758] D[13881] R'[13956] D'[14040] B'[14204] R[14342] D'[14480] R'[14631] D[14717] R[14844] R'[14976] D[15075] R[15202] D[15755] R[15997] D[16083] R'[16157] B'[16249] R[16304] D[16454] R'[16517] D'[16623] R'[16798] B[16834] R[16886] R[16933] D'[16970] R'[17045],cube,,Playground,custom_rules,U' D L' B2 U D R F2 D F L2 B2 R2 U' B2 U2 B2 R2 U D2 B2 R2,random_state,custom_rules,,,,8,DB,0,0,17045,64,64,72,3.75,7319,9726,"",0,Cross,z2 D B' R2 L2' D,z2[0] D[0] B'[199] R2[850] L2'[1622] D[1971],false,true,1971,0,1971,1971,5,5,7,2.54,F2L Slot 1,U' B U B2' U' B,U'[2444] B[2647] U[2909] B2'[3232] U'[3476] B[3743],false,true,1772,676,1096,3743,6,6,7,5.47,F2L Slot 2,U B U B' L' U L,U[4232] B[4432] U[4557] B'[4715] L'[5305] U[5369] L[5594],false,true,1851,689,1162,5594,7,7,7,6.02,F2L Slot 3,U R U' R' U2 F' U' F,U[5873] R[6062] U'[6216] R'[6399] U2[6554] F'[7207] U'[7770] F[7868],false,true,2274,468,1806,7868,8,8,9,4.43,F2L Slot 4,U2 B U B' U2' R' U R,U2[8264] B[8534] U[8634] B'[8728] U2'[9269] R'[9407] U[9453] R[9551],false,true,1683,666,1017,9551,8,8,10,7.87,OLL,U2 L' B L U L' U' B' L U' L' U L L' U L,U2[10484] L'[13576] B[13617] L[13758] U[13881] L'[13956] U'[14040] B'[14204] L[14342] U'[14480] L'[14631] U[14717] L[14844] L'[14976] U[15075] L[15202],false,true,5651,4025,1626,15202,16,16,17,9.84,PLL,U L U L' B' L U L' U' L' B L2 U' L',U[15755] L[15997] U[16083] L'[16157] B'[16249] L[16304] U[16454] L'[16517] U'[16623] L'[16798] B[16834] L2[16933] U'[16970] L'[17045],false,true,1843,795,1048,17045,14,14,15,13.36,,,,,,,,,,,,,,,,,,,,,,,,,,,,141,FL->FR 42,"[FL,BL]->FR 23",30,16,Jb,,
ec7ae96d-eb56-4c7c-948e-635a39dea5a5,2023-09-09 19:33:32 UTC,false,15915,CFOP,Gan Smart Cube,Gan i Carry,Gan 356i,Jacob Pfeifer,false,false,27195,15915,,R'[0] D[173] U'[557] U'[682] L[1170] U'[1578] L'[1743] U[1812] B'[2432] L'[2580] B[2676] L[3264] L[3355] F'[3723] L[3814] F[4005] L[4259] L[4352] F'[4588] L[4694] F[4881] L'[6973] L'[7255] B[7421] L'[7774] B'[7932] L[7999] B[8120] L'[8203] B'[8318] L'[9601] L[10018] F[10137] L'[10229] F'[10339] L'[10677] D'[11005] L[11030] D[11151] L'[11769] L'[12153] D[12380] F[12501] F[12572] U'[12663] F'[12765] U[12875] F'[13006] D'[13193] L[13807] U'[14278] L[14385] L[14450] U[14536] L'[14694] L'[14824] U'[14993] F[15024] U[15144] L[15255] U'[15312] L'[15397] U'[15599] F'[15708] U[15754] U[15827] L'[15915],cube,,Playground,custom_rules,U B R2 U F2 D' R B2 L2 F U2 D' R2 F2 D L2 F2 L2 F2 U' L2 D2,random_state,custom_rules,,,,8,LU,0,0,15915,58,58,67,3.64,8616,7299,"",0,Cross,z D' L R2',z[0] D'[0] L[173] R2'[682],false,true,682,0,682,682,3,3,4,4.4,F2L Slot 1,U R' U' R B' U' B,U[1170] R'[1578] U'[1743] R[1812] B'[2432] U'[2580] B[2676],false,true,1994,896,1098,2676,7,7,7,6.38,F2L Slot 2,U2 F' U F U2 F' U F,U2[3355] F'[3723] U[3814] F[4005] U2[4352] F'[4588] U[4694] F[4881],false,true,2205,1047,1158,4881,8,8,10,6.91,F2L Slot 3,U2' B U' B' U B U' B',U2'[7255] B[7421] U'[7774] B'[7932] U[7999] B[8120] U'[8203] B'[8318],false,true,3437,2540,897,8318,8,8,9,8.92,F2L Slot 4,U' U F U' F' U' L' U L,U'[9601] U[10018] F[10137] U'[10229] F'[10339] U'[10677] L'[11005] U[11030] L[11151],false,true,2833,1819,1014,11151,9,9,9,8.88,OLL,U2' L F2 R' F' R F' L',U2'[12153] L[12380] F2[12572] R'[12663] F'[12765] R[12875] F'[13006] L'[13193],false,true,2042,1229,813,13193,8,8,10,9.84,PLL,U R' U2 R U2' R' F R U R' U' R' F' R2 U',U[13807] R'[14278] U2[14450] R[14536] U2'[14824] R'[14993] F[15024] R[15144] U[15255] R'[15312] U'[15397] R'[15599] F'[15708] R2[15827] U'[15915],false,true,2722,1085,1637,15915,15,15,18,9.16,,,,,,,,,,,,,,,,,,,,,,,,,,,,47,BL->FR 44,"[FL,BR]->FR 26",28,6,Rb,,
110c08f8-f47d-45de-a1e2-4d5673e7e402,2023-09-09 19:35:13 UTC,false,18714,CFOP,Gan Smart Cube,Gan i Carry,Gan 356i,Jacob Pfeifer,false,false,12273,18714,,D[0] L[614] R'[649] D[894] B[1516] L[1686] B'[2049] F[2591] F[2994] L'[3404] F'[3771] L[3825] F[4103] U[4446] F[4602] U'[4958] F[5220] D[5491] F[5625] F[5724] D'[5845] D'[6108] F'[6355] D[6583] F[7294] D[7720] F'[8048] D'[8169] F'[8358] L[8558] F'[8841] L'[9312] F'[9996] F'[10225] D[10379] F[10479] D'[10611] F[10705] L'[10991] F'[11088] L[11176] F'[12142] R[12878] U[13032] L'[13205] U[13253] L[13471] U[13611] U[13708] R'[13854] R'[14348] D'[14541] L[14644] D'[14775] L'[14919] D[14970] D[15032] R[15156] L'[16570] F'[16674] L[16776] D[17182] D[17264] B[17473] R'[17595] F[17665] R[17897] F'[17996] R[18066] B'[18326] D[18459] D[18714],cube,,Playground,custom_rules,U2 R' U2 D' L F2 B' R' F B2 U R2 U' L2 D' R2 U L2 U L2 F2 U',random_state,custom_rules,,,,8,FU,0,0,18714,62,63,72,3.31,7208,11506,"",0,Cross,D M' F D L D',D[0] M'[649] F[894] D[1516] L[1686] D'[2049],false,true,2049,0,2049,2049,6,7,7,2.93,F2L Slot 1,U2 L' U' L U B U B',U2[2994] L'[3404] U'[3771] L[3825] U[4103] B[4446] U[4602] B'[4958],false,true,2909,1355,1554,4958,8,8,9,5.15,F2L Slot 2,U F U2 F2' U' F,U[5220] F[5491] U2[5724] F2'[6108] U'[6355] F[6583],false,true,1625,533,1092,6583,6,6,8,5.49,F2L Slot 3,U F U' F' U' L U' L',U[7294] F[7720] U'[8048] F'[8169] U'[8358] L[8558] U'[8841] L'[9312],false,true,2729,1137,1592,9312,8,8,8,5.03,F2L Slot 4,U2' F U F' U L' U' L,U2'[10225] F[10379] U[10479] F'[10611] U[10705] L'[10991] U'[11088] L[11176],false,true,1864,1067,797,11176,8,8,9,10.04,OLL,U' R B L' B L B2 R2' F' L F' L' F2 R,U'[12142] R[12878] B[13032] L'[13205] B[13253] L[13471] B2[13708] R2'[14348] F'[14541] L[14644] F'[14775] L'[14919] F2[15032] R[15156],false,true,3980,1702,2278,15156,14,14,17,6.15,PLL,L' U' L F2 D R' U R U' R D' F2,L'[16570] U'[16674] L[16776] F2[17264] D[17473] R'[17595] U[17665] R[17897] U'[17996] R[18066] D'[18326] F2[18714],false,true,3558,1414,2144,18714,12,12,14,5.6,,,,,,,,,,,,,,,,,,,,,,,,,,,,113,BR->FR 24,"[FL,BL]->FR 60",36,18,Gb,,
3d86b843-c2ae-4790-9dba-1685da28f7eb,2023-09-09 19:34:21 UTC,false,18609,CFOP,Gan Smart Cube,Gan i Carry,Gan 356i,Jacob Pfeifer,false,false,8894,18609,,R'[0] U'[144] B[263] L'[1263] F[1548] L'[1888] R[3054] R[3213] D'[3807] R'[3988] D[4167] R'[4409] D'[4598] R[4730] D[5507] R[5708] U'[6127] R[6425] R[6610] U[6748] R'[7102] F[7660] R[7841] F'[8147] D[10241] R'[10380] D'[10540] R[10622] F'[11048] R'[11216] F[11400] R'[12538] B'[13018] R[13187] R[13271] B[13361] R'[13623] B'[13757] R[13825] B[13920] R'[14860] B[15103] R[15267] B'[15413] R[15658] B[15790] R'[15886] B'[16020] R'[16111] B'[16247] D[16289] B[16411] D'[16627] R[17103] B[17284] R[17377] B'[17439] D'[17512] B[17578] R[17721] B'[17770] R'[17864] B'[18208] D[18259] B[18323] B[18372] R'[18426] B'[18494] R'[18609],cube,,Playground,custom_rules,D2 B' L' D2 R B R2 U' D' F D' R2 U F2 D2 B2 R2 B2 D L2 F2 U,random_state,custom_rules,,,,8,RU,0,0,18609,65,65,69,3.49,8091,10518,"",0,Cross,z' U' L' B D' F D',z'[0] U'[0] L'[144] B[263] D'[1263] F[1548] D'[1888],false,true,1888,0,1888,1888,6,6,6,3.18,F2L Slot 1,U2 R' U' R U' R' U R,U2[3213] R'[3807] U'[3988] R[4167] U'[4409] R'[4598] U[4730] R[5507],false,true,3619,1919,1700,5507,8,8,9,4.71,F2L Slot 2,U L' U2 L U' F U F',U[5708] L'[6127] U2[6610] L[6748] U'[7102] F[7660] U[7841] F'[8147],false,true,2640,620,2020,8147,8,8,9,3.96,F2L Slot 3,R U' R' U F' U' F,R[10241] U'[10380] R'[10540] U[10622] F'[11048] U'[11216] F[11400],false,true,3253,2094,1159,11400,7,7,7,6.04,F2L Slot 4,U' B' U2 B U' B' U B,U'[12538] B'[13018] U2[13271] B[13361] U'[13623] B'[13757] U[13825] B[13920],false,true,2520,1618,902,13920,8,8,9,8.87,OLL,U' B U B' U B U' B' U' B' R B R',U'[14860] B[15103] U[15267] B'[15413] U[15658] B[15790] U'[15886] B'[16020] U'[16111] B'[16247] R[16289] B[16411] R'[16627],false,true,2707,1183,1524,16627,13,13,13,8.53,PLL,U B U B' R' B U B' U' B' R B2 U' B' U',U[17103] B[17284] U[17377] B'[17439] R'[17512] B[17578] U[17721] B'[17770] U'[17864] B'[18208] R[18259] B2[18372] U'[18426] B'[18494] U'[18609],false,true,1982,657,1325,18609,15,15,16,11.32,,,,,,,,,,,,,,,,,,,,,,,,,,,,16,BL->FR 2,"[FL,BR]->FR 18",10,38,Jb,,
a4086a68-c7bb-4523-a2a8-f84e2bb274e3,2023-09-09 19:35:56 UTC,false,15761,CFOP,Gan Smart Cube,Gan i Carry,Gan 356i,Jacob Pfeifer,false,false,9245,15761,,L[0] L[89] U[586] R'[748] U[914] B'[1167] R'[2918] D'[3053] R[3160] D'[3374] L'[3580] D'[3773] L[3913] D[4172] D[4269] R[4841] D'[5025] R'[5207] D'[6629] D'[6872] F'[7216] D'[7309] F[7404] D[7511] F'[7683] D'[7777] F[7882] D[8139] D[8228] R'[8666] D'[8939] R[9107] D[9808] L[9889] D'[9988] L'[10085] D'[10337] F'[10600] D[10653] F[10771] D[11382] B[11607] D[11712] B'[11770] D'[11867] B'[12012] L[12059] B[12138] B[12225] D[12397] B'[12455] D'[12536] L'[12667] D'[13560] D'[13780] L[13947] B[14074] D'[14129] B'[14237] D'[14322] B[14396] D[14468] B'[14529] L'[14599] B[14654] D[14784] B'[14830] D'[14903] B'[15117] L[15146] B[15276] L'[15682] D[15761],cube,,Playground,custom_rules,R2 L B R' L2 U' R F2 L U' L2 F2 U F2 L2 D' L2 U' D' F2,random_state,custom_rules,,,,8,DB,0,0,15761,67,67,73,4.25,7586,8086,"",0,Cross,z2 R2 D L' D B',z2[44] R2[89] D[586] L'[748] D[914] B'[1167],false,true,1078,0,1078,1167,5,5,6,4.64,F2L Slot 1,L' U' L U' R' U' R,L'[2918] U'[3053] L[3160] U'[3374] R'[3580] U'[3773] R[3913],false,true,2746,1751,995,3913,7,7,7,7.04,F2L Slot 2,U2 L U' L',U2[4269] L[4841] U'[5025] L'[5207],false,true,1294,928,366,5207,4,4,5,10.93,F2L Slot 3,U2' F' U' F U F' U' F U2 L' U' L,U2'[6872] F'[7216] U'[7309] F[7404] U[7511] F'[7683] U'[7777] F[7882] U2[8228] L'[8666] U'[8939] L[9107],false,true,3900,2009,1891,9107,12,12,14,6.35,F2L Slot 4,U R U' R' U' F' U F,U[9808] R[9889] U'[9988] R'[10085] U'[10337] F'[10600] U[10653] F[10771],false,true,1664,782,882,10771,8,8,8,9.07,OLL,U B U B' U' B' R B2 U B' U' R',U[11382] B[11607] U[11712] B'[11770] U'[11867] B'[12012] R[12059] B2[12225] U[12397] B'[12455] U'[12536] R'[12667],false,true,1896,836,1060,12667,12,12,13,11.32,PLL,U2' R B U' B' U' B U B' R' B U B' U' B' R B R' U,U2'[13780] R[13947] B[14074] U'[14129] B'[14237] U'[14322] B[14396] U[14468] B'[14529] R'[14599] B[14654] U[14784] B'[14830] U'[14903] B'[15117] R[15146] B[15276] R'[15682] U[15761],false,true,3094,1280,1814,15761,19,19,20,10.47,,,,,,,,,,,,,,,,,,,,,,,,,,,,41,FL->FR 21,"[FL,BL]->FR 58",28,9,Y,,
60ad73b7-2279-4b7c-93a0-06be022b5447,2023-09-09 19:37:58 UTC,false,20558,CFOP,Gan Smart Cube,Gan i Carry,Gan 356i,Jacob Pfeifer,false,false,17132,20558,,U[0] L[149] L[258] D'[455] F[1038] F[1161] R'[1607] R'[1685] F[2685] R[3123] F'[3263] R'[3903] F'[4771] D'[4963] F[5094] D[5598] F'[6161] U[6535] F[6629] U'[6694] F'[6764] U[6848] F[6956] U'[7294] F'[7442] F'[7842] L[8021] F[8176] L'[8295] F'[9527] L'[9788] F[9832] L[9923] F[10016] L'[10204] F[10268] L[10354] F'[10470] L'[10701] F[10766] L[10895] F[11493] F[12265] R'[12475] F[12614] F[12706] R[12832] F'[12934] U[13363] F[13458] U'[13540] D[15661] R'[15778] D'[15913] F'[16070] D[16169] R[16290] D'[16431] R'[16634] F[16755] R[17065] U'[18228] F[18285] F[18359] U'[18502] F'[18800] L'[19075] U'[19180] L[19238] L[19304] F'[19389] L'[19503] F[19549] L'[19681] U[19801] L[19918] F'[19998] U[20125] F'[20558],cube,,Playground,custom_rules,U2 D R2 L F' D R' D2 F L B2 D2 R2 D2 L2 B2 R2 D R2 U R2 F2,random_state,custom_rules,,,,8,FU,0,0,20558,72,72,79,3.5,8732,11826,"",0,Cross,x B L2 F' U2 R2',x[0] B[0] L2[258] F'[455] U2[1161] R2'[1685],false,true,1685,0,1685,1685,5,5,8,2.97,F2L Slot 1,U R U' R' U' F' U F,U[2685] R[3123] U'[3263] R'[3903] U'[4771] F'[4963] U[5094] F[5598],false,true,3913,1438,2475,5598,8,8,8,3.23,F2L Slot 2,U' B U B' U' B U B' U2' L U L',U'[6161] B[6535] U[6629] B'[6694] U'[6764] B[6848] U[6956] B'[7294] U2'[7842] L[8021] U[8176] L'[8295],false,true,2697,937,1760,8295,12,12,13,6.82,F2L Slot 3,U' L' U L U L' U L U' L' U L,U'[9527] L'[9788] U[9832] L[9923] U[10016] L'[10204] U[10268] L[10354] U'[10470] L'[10701] U[10766] L[10895],false,true,2600,1493,1107,10895,12,12,12,10.84,F2L Slot 4,U U R' U2 R U' B U B',U[11493] U[12265] R'[12475] U2[12706] R[12832] U'[12934] B[13363] U[13458] B'[13540],false,true,2645,1580,1065,13540,9,9,10,8.45,OLL,F R' F' U' F R F' R' U R,F[15661] R'[15778] F'[15913] U'[16070] F[16169] R[16290] F'[16431] R'[16634] U[16755] R[17065],false,true,3525,2121,1404,17065,10,10,10,7.12,PLL,B' U2 B' U' L' B' L2 U' L' U L' B L U' B U',B'[18228] U2[18359] B'[18502] U'[18800] L'[19075] B'[19180] L2[19304] U'[19389] L'[19503] U[19549] L'[19681] B[19801] L[19918] U'[19998] B[20125] U'[20558],false,true,3493,1163,2330,20558,16,16,18,6.87,,,,,,,,,,,,,,,,,,,,,,,,,,,,28,BL->FR 94,"[FL,BR]->FR 22",2,13,F,,
cd7de440-9464-4593-a427-5aea2b0cbc40,2023-09-09 19:37:01 UTC,false,20976,CFOP,Gan Smart Cube,Gan i Carry,Gan 356i,Jacob Pfeifer,false,false,19710,20976,,B'[0] F'[215] R'[474] F'[1468] L[1862] L'[2455] B[2712] L[2895] F'[3204] F'[3553] L[4931] B'[5144] L'[5384] B[5712] B[5835] U'[6511] B[6583] U[6695] B[6988] B[7078] U'[7374] B[7437] U[7601] D[9454] B[9626] B[9697] D'[9850] B'[10014] U[10275] B[10396] U'[10471] B[12686] B[12950] B'[13241] D[13466] B[13629] D'[13827] B[13955] D[14192] B'[14328] D'[14449] B[15035] D[15768] L'[15941] D'[16084] D'[16160] R[16233] D[16404] D[16469] L[16606] D'[16718] D'[16772] R'[16878] D[16957] B[18080] B[18221] U[18613] U[18689] F'[18992] L[19052] B'[19188] L[19310] B[19542] L'[19628] F[19816] U[20232] U[20289] R[20673] B'[20768] R'[20932] B[20976],cube,,Playground,custom_rules,R' B R B2 R' L B U' F L U L2 U' R2 D' R2 L2 U' F2 D2 L2 B2,random_state,custom_rules,,,,8,BU,0,0,20976,60,60,71,2.86,10404,10572,"",0,Cross,x' U' D' R' D' L L' U L D2',x'[0] U'[0] D'[215] R'[474] D'[1468] L[1862] L'[2455] U[2712] L[2895] D2'[3553],false,true,3553,0,3553,3553,9,9,10,2.53,F2L Slot 1,L U' L',L[4931] U'[5144] L'[5384],false,true,1831,1378,453,5384,3,3,3,6.62,F2L Slot 2,U2 F' U F U2 F' U F,U2[5835] F'[6511] U[6583] F[6695] U2[7078] F'[7374] U[7437] F[7601],false,true,2217,1127,1090,7601,8,8,10,7.34,F2L Slot 3,B U2 B' U' F U F',B[9454] U2[9697] B'[9850] U'[10014] F[10275] U[10396] F'[10471],false,true,2870,1853,1017,10471,7,7,8,6.88,F2L Slot 4,U2 U' B U B' U B U' B',U2[12950] U'[13241] B[13466] U[13629] B'[13827] U[13955] B[14192] U'[14328] B'[14449],false,true,3978,2995,983,14449,9,9,10,9.16,OLL,U B L' B2' R B2 L B2' R' B,U[15035] B[15768] L'[15941] B2'[16160] R[16233] B2[16469] L[16606] B2'[16772] R'[16878] B[16957],false,true,2508,1319,1189,16957,10,10,13,8.41,PLL,U2 F2 D' L U' L U L' D F2 R U' R' U,U2[18221] F2[18689] D'[18992] L[19052] U'[19188] L[19310] U[19542] L'[19628] D[19816] F2[20289] R[20673] U'[20768] R'[20932] U[20976],false,true,4019,1732,2287,20976,14,14,17,6.12,,,,,,,,,,,,,,,,,,,,,,,,,,,,21,BL->FR 44,"[FL,BR]->FR 56",7,49,Gc,,
bf46982e-2035-4d4a-b324-ab770b9bf22c,2023-09-09 19:38:35 UTC,false,13686,CFOP,Gan Smart Cube,Gan i Carry,Gan 356i,Jacob Pfeifer,false,false,4677,13686,,R'[0] B'[127] U'[409] F[611] F[703] D[1051] F'[1314] D'[1566] R[3406] U[3515] R'[3658] U'[3807] L'[3979] U[4077] L[4210] U'[4515] U'[4781] L[5092] U'[5294] L'[5493] U'[6132] U'[6393] U'[7958] F'[8541] L[8630] F[8749] L'[8977] U'[9225] U'[9448] R[9980] U'[10118] R'[10326] U[10524] U[10674] R'[11038] U[11093] R[11194] U'[11321] B[11725] U[11832] B'[11920] F[12808] R[12928] B'[13037] R'[13146] F'[13353] R[13400] B[13518] R'[13686],cube,,Playground,custom_rules,D L' D' L' U2 B' R L2 B L' U B2 R2 L2 D' F2 U B2 L2 F2 D2 B2,random_state,custom_rules,,,,8,UF,0,0,13686,44,44,49,3.21,7491,6195,"",1,Cross,R' B' U' F2 D F' D',R'[0] B'[127] U'[409] F2[703] D[1051] F'[1314] D'[1566],false,true,1566,0,1566,1566,7,7,8,4.47,F2L Slot 1,R U R' U' L' U L U2' L U' L',R[3406] U[3515] R'[3658] U'[3807] L'[3979] U[4077] L[4210] U2'[4781] L[5092] U'[5294] L'[5493],false,true,3927,1840,2087,5493,11,11,12,5.27,F2L Slot 2,U2' U' F' L F L',U2'[6393] U'[7958] F'[8541] L[8630] F[8749] L'[8977],false,true,3484,3048,436,8977,6,6,7,13.76,F2L Slot 3,U2' R U' R',U2'[9448] R[9980] U'[10118] R'[10326],false,true,1349,1003,346,10326,4,4,5,11.56,F2L Slot 4,U2 R' U R U' B U B',U2[10674] R'[11038] U[11093] R[11194] U'[11321] B[11725] U[11832] B'[11920],false,true,1594,712,882,11920,8,8,9,9.07,OLL,F R B' R' F' R B R',F[12808] R[12928] B'[13037] R'[13146] F'[13353] R[13400] B[13518] R'[13686],false,true,1766,888,878,13686,8,8,8,9.11,PLL,,"",true,false,0,0,0,13686,0,0,0,0,,,,,,,,,,,,,,,,,,,,,,,,,,,,121,FL->FR 21,"[FL,BL]->FR 21",8,24,Solved,,
0127a3fa-502e-462b-a324-fb39ef245ad6,2023-09-09 19:39:22 UTC,false,15113,CFOP,Gan Smart Cube,Gan i Carry,Gan 356i,Jacob Pfeifer,false,false,13593,15113,,D'[0] R[138] R[219] D'[426] R'[589] B[668] R[793] L'[1279] L'[1385] F[1422] L[1522] L[1601] D'[2244] L'[2487] D[2550] L[2638] D'[3209] D'[3460] R[3583] D[3704] D[3779] R'[3873] D'[4249] F'[4571] D'[4738] F[4868] D[5480] B'[5673] D[6036] D[6133] B[6257] D'[6393] B'[6522] D[6601] B[6713] D[7531] D[7733] R'[8165] D[8338] D[8407] R[8488] D[8774] D[8858] R'[9110] D[9135] R[9231] D[10014] D'[10094] D[10305] R[10537] D[10636] D[10685] R'[10755] D'[10809] R[10904] D'[10977] R'[11053] D'[12003] D'[12540] R'[12720] B[12783] R'[12924] F[13124] F[13561] R[13780] B'[13873] R'[13968] F[14130] F[14596] R[14796] R[14881] D'[15113],cube,,Playground,custom_rules,U2 F' U B R' B' R' L' U F' D F2 D' R2 F2 D' R2 D B2 D,random_state,custom_rules,,,,8,DB,0,0,15113,58,58,72,3.84,7061,8052,"",0,Cross,z2 U' L2 U' L' B L R2' F R2,z2[0] U'[0] L2[219] U'[426] L'[589] B[668] L[793] R2'[1385] F[1422] R2[1601],false,true,1601,0,1601,1601,9,9,12,5.62,F2L Slot 1,U' R' U R,U'[2244] R'[2487] U[2550] R[2638],false,true,1037,886,151,2638,4,4,4,26.49,F2L Slot 2,U2' L U2 L' U' F' U' F,U2'[3460] L[3583] U2[3779] L'[3873] U'[4249] F'[4571] U'[4738] F[4868],false,true,2230,945,1285,4868,8,8,10,6.23,F2L Slot 3,U B' U2 B U' B' U B,U[5480] B'[5673] U2[6133] B[6257] U'[6393] B'[6522] U[6601] B[6713],false,true,1845,805,1040,6713,8,8,9,7.69,F2L Slot 4,U2 L' U2 L U2 L' U L,U2[7733] L'[8165] U2[8407] L[8488] U2[8858] L'[9110] U[9135] L[9231],false,true,2518,1452,1066,9231,8,8,11,7.5,OLL,U U' U L U2 L' U' L U' L',U[10014] U'[10094] U[10305] L[10537] U2[10685] L'[10755] U'[10809] L[10904] U'[10977] L'[11053],false,true,1822,1306,516,11053,10,10,11,19.38,PLL,U2' L' B L' F2 L B' L' F2 L2 U',U2'[12540] L'[12720] B[12783] L'[12924] F2[13561] L[13780] B'[13873] L'[13968] F2[14596] L2[14881] U'[15113],false,true,4060,1667,2393,15113,11,11,15,4.6,,,,,,,,,,,,,,,,,,,,,,,,,,,,5,BR->FR 24,"[FL,BL]->FR 10",17,26,Aa,,
3322f5af-acb8-424a-9b20-4b9c9a611454,2023-09-09 19:42:56 UTC,false,20699,CFOP,Gan Smart Cube,Gan i Carry,Gan 356i,Jacob Pfeifer,false,false,21246,20699,,F'[0] R[169] F'[486] D[1183] D[1353] B[1723] D[2636] L'[4278] L'[4553] L'[4924] D'[5072] L[5155] D[5297] L[5788] F[5969] L'[6172] F'[6329] D[7936] L[8098] D'[8317] L[8452] B'[8885] L'[9015] B[9233] U[10446] L[10546] L[10625] U'[10703] L[10963] L[11027] U[11106] L'[11186] U'[11295] B[13309] L[13403] L[13483] B'[13585] L[13651] B[13854] L[13975] B'[14028] L'[15034] L[16528] L[16612] B[17134] D'[17245] B'[17377] L'[17734] B[17813] L[18039] D[18378] L'[18580] B'[18704] L[19309] B[19508] L[19615] B'[19674] U'[19777] B[19822] L[19988] B'[20048] L'[20152] B'[20374] U[20416] B[20488] B[20548] L'[20622] B'[20699],cube,,Playground,custom_rules,B U2 L B' D L D2 F2 R' B' D' F2 U' R2 L2 U R2 F2 R2 U2 B2 R2,random_state,custom_rules,,,,8,LU,0,0,20699,60,60,68,2.9,11180,9519,"",0,Cross,z F' D F' L2 B L,z[0] F'[0] D[169] F'[486] L2[1353] B[1723] L[2636],false,true,2636,0,2636,2636,6,6,7,2.28,F2L Slot 1,U3' L' U L U F U' F',U3'[4924] L'[5072] U[5155] L[5297] U[5788] F[5969] U'[6172] F'[6329],false,true,3693,2436,1257,6329,8,8,10,6.36,F2L Slot 2,L U L' U B' U' B,L[7936] U[8098] L'[8317] U[8452] B'[8885] U'[9015] B[9233],false,true,2904,1607,1297,9233,7,7,7,5.4,F2L Slot 3,R U2 R' U2 R U' R',R[10446] U2[10625] R'[10703] U2[11027] R[11106] U'[11186] R'[11295],false,true,2062,1213,849,11295,7,7,9,8.24,F2L Slot 4,B U2 B' U B U B',B[13309] U2[13483] B'[13585] U[13651] B[13854] U[13975] B'[14028],false,true,2733,2014,719,14028,7,7,8,9.74,OLL,U' U2 B L' B' U' B U L U' B',U'[15034] U2[16612] B[17134] L'[17245] B'[17377] U'[17734] B[17813] U[18039] L[18378] U'[18580] B'[18704],false,true,4676,3106,1570,18704,11,11,12,7.01,PLL,U B U B' R' B U B' U' B' R B2 U' B',U[19309] B[19508] U[19615] B'[19674] R'[19777] B[19822] U[19988] B'[20048] U'[20152] B'[20374] R[20416] B2[20548] U'[20622] B'[20699],false,true,1995,804,1191,20699,14,14,15,11.75,,,,,,,,,,,,,,,,,,,,,,,,,,,,25,BR->FR 48,"[FL,BL]->FR 9",32,39,Jb,,
22d87e52-ee51-4f0a-b8c5-abe63caf7e04,2023-09-09 19:46:24 UTC,false,16933,CFOP,Gan Smart Cube,Gan i Carry,Gan 356i,Jacob Pfeifer,false,false,21784,16933,,R[0] R[78] F'[328] U[443] U[534] L[885] L[1028] R[1255] R'[1839] F[2711] L[3167] F'[3334] L'[3521] F[3634] F[3773] L[3979] F'[4215] L'[4545] F[4750] U[5361] F[5491] U'[5823] F[5881] F[6179] D'[6549] F'[6789] D[6890] F[7692] F[7913] F[8266] R'[8451] F'[8553] R[8674] F[8833] F[8907] R'[9258] F[9327] R[9522] D[10486] F[10611] D'[10798] F[11012] F[11125] D[11230] F'[11343] D'[11440] F'[12068] F'[12440] D[12561] F[12657] D'[12763] F[12976] D[13095] F'[13171] D'[13295] F'[13376] D'[13509] L[13538] D[13660] L'[13888] F[14460] F[14565] D[15111] F'[15214] D[15364] F[15559] D[15743] F[15853] D[16004] F'[16152] D'[16290] F'[16349] D[16467] D[16525] F[16933],cube,,Playground,custom_rules,D F L2 B2 U' B' R U2 F U2 R2 F2 U' F2 U2 L2 D R2 D L2 B2 U2,random_state,custom_rules,,,,8,FU,0,0,16933,63,63,75,3.72,5912,10943,"",0,Cross,x R2 U' B2 L2,x[39] R2[78] U'[328] B2[534] L2[1028],false,true,950,0,950,1028,4,4,7,4.21,F2L Slot 1,R R' U L U' L' U2 L U' L',R[1255] R'[1839] U[2711] L[3167] U'[3334] L'[3521] U2[3773] L[3979] U'[4215] L'[4545],false,true,3517,227,3290,4545,10,10,11,3.04,F2L Slot 2,U B U B' U2 F' U' F,U[4750] B[5361] U[5491] B'[5823] U2[6179] F'[6549] U'[6789] F[6890],false,true,2345,816,1529,6890,8,8,9,5.23,F2L Slot 3,U3 R' U' R U2 R' U R,U3[8266] R'[8451] U'[8553] R[8674] U2[8907] R'[9258] U[9327] R[9522],false,true,2632,1561,1071,9522,8,8,11,7.47,F2L Slot 4,F U F' U2 F U' F',F[10486] U[10611] F'[10798] U2[11125] F[11230] U'[11343] F'[11440],false,true,1918,964,954,11440,7,7,8,7.34,OLL,U2' F U F' U F U' F' U' F' L F L',U2'[12440] F[12561] U[12657] F'[12763] U[12976] F[13095] U'[13171] F'[13295] U'[13376] F'[13509] L[13538] F[13660] L'[13888],false,true,2448,1121,1327,13888,13,13,14,9.8,PLL,U2 F U' F U F U F U' F' U' F2 U,U2[14565] F[15111] U'[15214] F[15364] U[15559] F[15743] U[15853] F[16004] U'[16152] F'[16290] U'[16349] F2[16525] U[16933],false,true,3045,1223,1822,16933,13,13,15,7.14,,,,,,,,,,,,,,,,,,,,,,,,,,,,51,BL->FR 69,"[FL,BR]->FR 11",15,38,Ua,,
4a275cf0-689c-455e-b5fb-dc24bc3ba804,2023-09-09 19:41:06 UTC,false,16204,CFOP,Gan Smart Cube,Gan i Carry,Gan 356i,Jacob Pfeifer,false,false,25623,16204,,L[0] D[189] R[549] U[743] B'[1401] B'[1657] F'[2230] F[2438] U[2916] F[3080] U'[3359] F[3813] D[3996] F'[4102] D'[4231] F'[4316] D[4445] F'[4570] D'[4694] R[5289] F'[5588] R'[5834] F[6382] L[6505] F'[6598] L'[6709] F'[6791] L[6856] F'[6986] L'[7108] F[7155] L[7229] F'[7298] L'[7377] F'[8673] F'[9284] F'[9505] D[9638] F'[9752] D'[9879] F[9989] F[10096] L'[10403] F'[10459] L[10548] F[11249] F'[11453] L[11587] F[11659] L'[11724] F[11766] L[11986] F[12088] F[12154] L'[12228] R'[13687] F[13817] L'[14027] F[14146] F[14224] R[14534] F'[14638] L[14685] R'[14963] F[15112] L'[15235] F[15340] F[15425] R[15720] F'[15799] L[15843] F[16142] F[16204],cube,,Playground,custom_rules,D F2 D2 R F' R2 L D' L2 F' U' B2 U R2 L2 D F2 U F2 R2 U,random_state,custom_rules,,,,8,FU,0,0,16204,64,65,73,3.95,7326,8878,"",0,Cross,x L F R B D2',x[0] L[0] F[189] R[549] B[743] D2'[1657],false,true,1657,0,1657,1657,5,5,6,3.02,F2L Slot 1,U' U B U B',U'[2230] U[2438] B[2916] U[3080] B'[3359],false,true,1702,1259,443,3359,5,5,5,11.29,F2L Slot 2,U F U' F' U' F U' F' R U' R',U[3813] F[3996] U'[4102] F'[4231] U'[4316] F[4445] U'[4570] F'[4694] R[5289] U'[5588] R'[5834],false,true,2475,637,1838,5834,11,11,11,5.98,F2L Slot 3,U L U' L' U' L U' L' U L U' L',U[6382] L[6505] U'[6598] L'[6709] U'[6791] L[6856] U'[6986] L'[7108] U[7155] L[7229] U'[7298] L'[7377],false,true,1543,671,872,7377,12,12,12,13.76,F2L Slot 4,U3' F U' F' U2 L' U' L,U3'[9505] F[9638] U'[9752] F'[9879] U2[10096] L'[10403] U'[10459] L[10548],false,true,3171,2261,910,10548,8,8,11,8.79,OLL,U U' L U L' U L U2 L',U[11249] U'[11453] L[11587] U[11659] L'[11724] U[11766] L[11986] U2[12154] L'[12228],false,true,1680,1039,641,12228,9,9,10,14.04,PLL,R' U L' U2 R U' M' B L' B2 R B' L B2,R'[13687] U[13817] L'[14027] U2[14224] R[14534] U'[14638] M'[14963] B[15112] L'[15235] B2[15425] R[15720] B'[15799] L[15843] B2[16204],false,true,3976,1459,2517,16204,14,15,18,5.56,,,,,,,,,,,,,,,,,,,,,,,,,,,,14,BR->FR 1,"[FL,BL]->FR 1",23,27,Nb,,
fee79836-7d40-4db0-bd39-f19ff59f44c5,2023-09-09 19:41:55 UTC,false,17214,CFOP,Gan Smart Cube,Gan i Carry,Gan 356i,Jacob Pfeifer,false,false,14958,17214,,B[0] L[202] D[579] R[1039] F'[1244] F'[1363] L'[1586] L'[1838] R[2078] D'[2505] R[2567] D[2672] R[2952] B'[3391] R[3483] B[3822] R'[6316] R'[6866] D'[7247] R[7553] R[7652] D[7870] R'[8048] D'[8350] R[8447] D[8680] R[9304] U'[9716] R[9833] R[9960] U[10126] R[10382] F'[10969] R[11046] F[11230] R'[11387] R'[11621] R'[11845] F[11965] R'[12080] F'[12203] R[12257] F[12361] R[12443] F'[12559] R'[13041] F[13213] R[13306] F'[13366] R'[13456] F'[13596] U[13630] F[13698] U'[13882] R'[14674] R[14790] F[15033] F[15083] L[15305] D'[15446] R[15662] D'[15777] R'[15869] D[15983] L'[16159] F[16221] F[16330] U'[16843] R[16911] U[17077] R[17214],cube,,Playground,custom_rules,F' U' R2 F' U2 R F' R2 L' F' R2 D' L2 U' R2 U B2 L2 U2 F2 L2 U,random_state,custom_rules,,,,8,RU,0,0,17214,62,62,71,3.6,7718,9496,"",0,Cross,z' B D R U F2' D2',z'[0] B[0] D[202] R[579] U[1039] F2'[1363] D2'[1838],false,true,1838,0,1838,1838,6,6,8,3.26,F2L Slot 1,U R' U R U B' U B,U[2078] R'[2505] U[2567] R[2672] U[2952] B'[3391] U[3483] B[3822],false,true,1984,667,1317,3822,8,8,8,6.07,F2L Slot 2,U2' R' U2 R U' R' U R,U2'[6866] R'[7247] U2[7652] R[7870] U'[8048] R'[8350] U[8447] R[8680],false,true,4858,3425,1433,8680,8,8,10,5.58,F2L Slot 3,U L' U2 L U F' U F,U[9304] L'[9716] U2[9960] L[10126] U[10382] F'[10969] U[11046] F[11230],false,true,2550,1036,1514,11230,8,8,9,5.28,F2L Slot 4,U3' F U' F' U F U F',U3'[11845] F[11965] U'[12080] F'[12203] U[12257] F[12361] U[12443] F'[12559],false,true,1329,735,594,12559,8,8,10,13.47,OLL,U' F U F' U' F' L F L',U'[13041] F[13213] U[13306] F'[13366] U'[13456] F'[13596] L[13630] F[13698] L'[13882],false,true,1323,654,669,13882,9,9,9,13.45,PLL,U' U F2 D R' U R' U' R D' F2 L' U L U,U'[14674] U[14790] F2[15083] D[15305] R'[15446] U[15662] R'[15777] U'[15869] R[15983] D'[16159] F2[16330] L'[16843] U[16911] L[17077] U[17214],false,true,3332,1201,2131,17214,15,15,17,7.04,,,,,,,,,,,,,,,,,,,,,,,,,,,,143,BR->FR 10,"[BL,BR]->FR 17",20,33,Ga,,
0e98db11-aff0-40c5-b81b-0bebb4784ef2,2023-09-09 19:43:34 UTC,false,15329,CFOP,Gan Smart Cube,Gan i Carry,Gan 356i,Jacob Pfeifer,false,false,5948,15329,,R[0] L'[64] L'[272] F[503] B'[928] B'[1149] D'[2155] D'[2557] R'[2685] D[2811] R[2977] D'[3159] B[3866] D'[4105] B'[4337] D[5068] F'[5565] D[5639] F[5763] D'[5970] F[6174] D[6324] F'[6719] D[7104] B'[7494] D[7574] D[7685] B[7819] D[8036] D[8124] B'[8399] D[8602] B[8830] F'[10481] D'[10610] F[10700] D'[11618] B[12173] R[12275] F'[12376] R[12426] F[12633] R[12727] R[12823] B'[12928] B'[13417] L'[13599] F[13707] L'[13859] F'[13995] L[14041] L[14117] B[14204] D[14967] D'[15098] D'[15329],cube,,Playground,custom_rules,F' B2 L2 D R' U D' R2 F' R2 F2 R2 U2 F2 U' L2 D F2 D' F2 L2 U',random_state,custom_rules,,,,8,DB,0,0,15329,47,48,56,3.07,7426,7839,"",1,Cross,x' M L' B F2',x'[32] M[64] L'[272] B[503] F2'[1149],false,true,1085,0,1085,1149,4,5,6,3.69,F2L Slot 1,U2' R' U R U' F U' F',U2'[2557] R'[2685] U[2811] R[2977] U'[3159] F[3866] U'[4105] F'[4337],false,true,3188,1536,1652,4337,8,8,9,4.84,F2L Slot 2,U B' U B U' B U B',U[5068] B'[5565] U[5639] B[5763] U'[5970] B[6174] U[6324] B'[6719],false,true,2382,1228,1154,6719,8,8,8,6.93,F2L Slot 3,U F' U2 F U2 F' U F,U[7104] F'[7494] U2[7685] F[7819] U2[8124] F'[8399] U[8602] F[8830],false,true,2111,775,1336,8830,8,8,10,5.99,F2L Slot 4,B' U' B,B'[10481] U'[10610] B[10700],false,true,1870,1651,219,10700,3,3,3,13.7,OLL,U' F R B' R B R2 F2' L' B L' B' L2 F,U'[11618] F[12173] R[12275] B'[12376] R[12426] B[12633] R2[12823] F2'[13417] L'[13599] B[13707] L'[13859] B'[13995] L2[14117] F[14204],false,true,3504,1473,2031,14204,14,14,17,6.89,PLL,U U2',U[14967] U2'[15329],true,true,1125,763,362,15329,2,2,3,5.52,,,,,,,,,,,,,,,,,,,,,,,,,,,,37,BL->FR 3,"[FL,BR]->FR 17",12,18,Solved,,
4e525b57-0943-48d8-81e5-a3cf3feb5d51,2023-09-09 19:49:14 UTC,false,19247,CFOP,Gan Smart Cube,Gan i Carry,Gan 356i,Jacob Pfeifer,false,false,8796,19247,,U[0] L[205] B'[862] D'[1239] B[1472] F'[1958] U[2133] F'[2333] U'[2500] F[2627] L[3102] F'[3282] L'[3435] R[5208] F'[5341] R'[5517] F[5596] F[5742] D'[6093] F'[6261] D[6410] F[6867] F[6981] L'[7299] F'[7404] L[7518] R'[7800] F[7911] R[8344] F[8975] L'[9229] F'[9354] L[9548] F'[9740] L'[9881] F[9931] L[10013] F[10800] F[10968] L[11316] F[11431] F[11512] L'[11590] L'[11861] U[11890] L[12034] U'[12209] F[12480] F'[12776] L[14506] F[14619] F[14681] L'[14767] F'[15582] U[15785] L[15919] F'[15991] L'[16085] F'[16162] L[16218] L'[16350] L[16447] F[16573] L'[16677] U'[16766] R[17890] L'[17899] R[17970] L'[17986] B'[18077] L'[18220] R[18221] L'[18286] R[18287] F'[18428] F'[18523] R[18643] L'[18652] R[18709] L'[18722] B'[18843] L'[18975] R[18975] R[19065] L'[19088] F[19247],cube,,Playground,custom_rules,D' R D' F' L' U' R' F R B U2 R2 D' R2 U' B2 D' B2 L2 D F2 B2,random_state,custom_rules,,,,8,FU,0,0,19247,66,71,86,3.43,6731,12516,"",0,Cross,x B L D' F' D,x[0] B[0] L[205] D'[862] F'[1239] D[1472],false,true,1472,0,1472,1472,5,5,5,3.4,F2L Slot 1,U' B U' B' U L U' L',U'[1958] B[2133] U'[2333] B'[2500] U[2627] L[3102] U'[3282] L'[3435],false,true,1963,661,1302,3435,8,8,8,6.14,F2L Slot 2,R U' R' U2 F' U' F,R[5208] U'[5341] R'[5517] U2[5742] F'[6093] U'[6261] F[6410],false,true,2975,1773,1202,6410,7,7,8,5.82,F2L Slot 3,U2 L' U' M' B R x',U2[6981] L'[7299] U'[7404] M'[7800] B[7911] R[8344] x'[8659],false,true,1934,889,1045,8344,6,7,8,5.74,F2L Slot 4,U L' U' L U' L' U L,U[8975] L'[9229] U'[9354] L[9548] U'[9740] L'[9881] U[9931] L[10013],false,true,1669,885,784,10013,8,8,8,10.2,OLL,U2 L U2 L2' B L B' U U' L U2 L' U' B L U' L' U' L L' L U L' B',U2[10968] L[11316] U2[11512] L2'[11861] B[11890] L[12034] B'[12209] U[12480] U'[12776] L[14506] U2[14681] L'[14767] U'[15582] B[15785] L[15919] U'[15991] L'[16085] U'[16162] L[16218] L'[16350] L[16447] U[16573] L'[16677] B'[16766],false,true,6753,1303,5450,16766,24,24,28,4.4,PLL,M2 U' M2 U2' M2 U' M2 U,M2[17986] U'[18077] M2[18287] U2'[18523] M2[18722] U'[18843] M2[19088] U[19247],false,true,2481,1220,1261,19247,8,12,21,6.34,,,,,,,,,,,,,,,,,,,,,,,,,,,,144,BL->FR 23,"[FL,BR]->FR 11",16,17,H,,
9bf8bafd-1162-446c-b789-79ffaa14762a,2023-09-09 19:47:25 UTC,false,22642,CFOP,Gan Smart Cube,Gan i Carry,Gan 356i,Jacob Pfeifer,false,false,19807,22642,,B[0] L[222] L[323] U[1249] F[1666] U[1999] R'[2669] R'[2842] B'[3126] B'[3358] F[4890] F[5006] L'[5507] F[5563] L[5718] F[6093] U[6694] F'[6843] U'[7026] F[7967] D[8390] F'[8501] D'[8598] F[8812] R[9329] F'[9490] R'[9708] L'[11628] F[11896] L[12050] F[12181] L'[12406] F[12466] L[12594] U'[13140] F[13518] U[13653] F'[14476] L'[14918] F[14974] L[15066] F'[15248] F'[15536] D[15615] F[15703] D'[15765] F[16438] F'[16726] L[17306] L'[17714] D[18012] F[18117] F[18173] D'[18236] F'[18297] D[18377] F[18452] D'[18521] F'[18562] D[18641] F'[18911] D'[19038] F'[20049] D[20178] D[20245] B'[20536] L[20609] F'[21251] L[21393] F[21486] L'[21576] B[21753] D[21893] D[21936] R[22367] F'[22437] R'[22609] F[22642],cube,,Playground,custom_rules,U L' U L' B2 D' F B U B' U2 L2 D' R2 D' R2 L2 D R2 D2 L2 B2,random_state,custom_rules,,,,8,FU,0,0,22642,70,70,78,3.09,9446,13196,"",0,Cross,x D L2 B U B R2' D2',x[0] D[0] L2[323] B[1249] U[1666] B[1999] R2'[2842] D2'[3358],false,true,3358,0,3358,3358,7,7,10,2.08,F2L Slot 1,U2 L' U L U B U' B',U2[5006] L'[5507] U[5563] L[5718] U[6093] B[6694] U'[6843] B'[7026],false,true,3668,2149,1519,7026,8,8,9,5.27,F2L Slot 2,U F U' F' U R U' R',U[7967] F[8390] U'[8501] F'[8598] U[8812] R[9329] U'[9490] R'[9708],false,true,2682,1364,1318,9708,8,8,8,6.07,F2L Slot 3,L' U L U L' U L B' U B,L'[11628] U[11896] L[12050] U[12181] L'[12406] U[12466] L[12594] B'[13140] U[13518] B[13653],false,true,3945,1920,2025,13653,10,10,10,4.94,F2L Slot 4,U' L' U L U2' F U F',U'[14476] L'[14918] U[14974] L[15066] U2'[15536] F[15615] U[15703] F'[15765],false,true,2112,1265,847,15765,8,8,9,9.45,OLL,U U' L L' F U2 F' U' F U F' U' F U' F',U[16438] U'[16726] L[17306] L'[17714] F[18012] U2[18173] F'[18236] U'[18297] F[18377] U[18452] F'[18521] U'[18562] F[18641] U'[18911] F'[19038],false,true,3273,1541,1732,19038,15,15,16,8.66,PLL,U' F2 D' L U' L U L' D F2 R U' R' U,U'[20049] F2[20245] D'[20536] L[20609] U'[21251] L[21393] U[21486] L'[21576] D[21753] F2[21936] R[22367] U'[22437] R'[22609] U[22642],false,true,3604,1207,2397,22642,14,14,16,5.84,,,,,,,,,,,,,,,,,,,,,,,,,,,,112,BR->FR 96,"[FL,BL]->FR 22",3,21,Gc,,
88aa4f96-e632-4b32-8cb0-2309add7d027,2023-09-09 19:48:27 UTC,false,17328,CFOP,Gan Smart Cube,Gan i Carry,Gan 356i,Jacob Pfeifer,false,false,22343,17328,,D'[0] F[235] R[481] F[762] R[993] R[1093] B'[2576] B'[2825] D[2991] B'[3106] D'[3248] B[3354] D[3745] B'[3902] D'[4148] B'[4288] R[4674] B'[4809] R'[4943] B[5022] R[5163] B[5337] R'[5530] U[6814] B'[6939] U'[7048] B[7140] B[7462] D'[7803] B[7862] B[7952] D[8079] B[8265] B[8347] D'[8567] B[8661] D[8820] U[9807] B'[9934] U'[10064] B[10143] L'[10444] B'[10536] L[10622] B'[11517] B'[11733] R'[11917] B'[12113] R[12222] B'[12655] R'[12782] B[12855] R[12972] B[13126] R[13254] D'[13401] R'[13554] D[13606] B'[14770] L[14921] L[15018] F'[15353] D[15650] B'[15738] D[15871] B[16184] D'[16259] F[16431] L[16581] L[16628] U[17017] B'[17109] U'[17221] B'[17328],cube,,Playground,custom_rules,D2 L' D2 F' R U2 F' B' R' U' R2 U' B2 U F2 U L2 D' F2 D B2 D2,random_state,custom_rules,,,,8,BU,0,0,17328,66,66,74,3.81,7402,9926,"",0,Cross,x' B' D R D R2,x'[0] B'[0] D[235] R[481] D[762] R2[1093],false,true,1093,0,1093,1093,5,5,6,4.57,F2L Slot 1,U2' B U' B' U B U' B',U2'[2825] B[2991] U'[3106] B'[3248] U[3354] B[3745] U'[3902] B'[4148],false,true,3055,1898,1157,4148,8,8,9,6.91,F2L Slot 2,U' R U' R' U R U R',U'[4288] R[4674] U'[4809] R'[4943] U[5022] R[5163] U[5337] R'[5530],false,true,1382,526,856,5530,8,8,8,9.35,F2L Slot 3,F U' F' U2 B' U2 B U2 B' U B,F[6814] U'[6939] F'[7048] U2[7462] B'[7803] U2[7952] B[8079] U2[8347] B'[8567] U[8661] B[8820],false,true,3290,1284,2006,8820,11,11,14,5.48,F2L Slot 4,F U' F' U L' U' L,F[9807] U'[9934] F'[10064] U[10143] L'[10444] U'[10536] L[10622],false,true,1802,987,815,10622,7,7,7,8.59,OLL,U2' R' U' R U' R' U R U R B' R' B,U2'[11733] R'[11917] U'[12113] R[12222] U'[12655] R'[12782] U[12855] R[12972] U[13126] R[13254] B'[13401] R'[13554] B[13606],false,true,2984,1295,1689,13606,13,13,14,7.7,PLL,U' L2 D' B U' B U B' D L2 F U' F' U',U'[14770] L2[15018] D'[15353] B[15650] U'[15738] B[15871] U[16184] B'[16259] D[16431] L2[16628] F[17017] U'[17109] F'[17221] U'[17328],false,true,3722,1412,2310,17328,14,14,16,6.06,,,,,,,,,,,,,,,,,,,,,,,,,,,,26,BR->FR 20,"[FL,BL]->FR 67",18,36,Gc,,
f2576072-fc9f-457f-bb7c-4b41f51003a8,2023-09-09 23:04:35 UTC,false,14848,CFOP,Gan Smart Cube,Gan i Carry,Gan 356i,Jacob Pfeifer,false,false,7856,14848,,F'[0] L[72] B[231] L[401] D'[964] D'[1182] U'[1821] F[3493] U[3621] F'[3735] F'[3848] U'[4003] F[4193] U[4524] U[4598] U[4965] B[5096] L'[5211] B'[5336] L[5384] B'[5779] U[5881] B[6037] F[6582] U[6816] F'[6959] U[7194] U[7317] F[7476] U'[7621] F'[7760] U[7896] U[7982] B[8424] U'[8599] B'[8725] U[9465] B'[9725] F[9865] R'[9946] B'[10098] R'[10247] B[10304] R[10433] B[10536] U'[10672] B'[10805] U[10848] B[11144] F'[11273] U'[12263] U'[12518] F'[12691] U'[12784] F[12854] R[13253] R[13359] D[13596] B'[13784] U[13850] B[14093] U'[14242] B[14288] D'[14585] R[14707] R[14778] U[14848],cube,,Playground,custom_rules,L' U F2 D R' U2 D' B' D' R D' F2 U2 R2 D B2 R2 L2 D' L2 F2 D2,random_state,custom_rules,,,,8,UF,0,0,14848,56,58,67,3.77,6981,7867,"",0,Cross,F' L B L D2',F'[0] L[72] B[231] L[401] D2'[1182],false,true,1182,0,1182,1182,5,5,6,4.23,F2L Slot 1,U' F U F2' U' F,U'[1821] F[3493] U[3621] F2'[3848] U'[4003] F[4193],false,true,3011,2311,700,4193,6,6,7,8.57,F2L Slot 2,U3 B L' B' L B' U B,U3[4965] B[5096] L'[5211] B'[5336] L[5384] B'[5779] U[5881] B[6037],false,true,1844,903,941,6037,8,8,10,8.5,F2L Slot 3,F U F' U2 F U' F',F[6582] U[6816] F'[6959] U2[7317] F[7476] U'[7621] F'[7760],false,true,1723,545,1178,7760,7,7,8,5.94,F2L Slot 4,U2 B U' B',U2[7982] B[8424] U'[8599] B'[8725],false,true,965,664,301,8725,4,4,5,13.29,OLL,U S' U' B' U' B U B L' B' L S,U[9465] S'[9865] U'[9946] B'[10098] U'[10247] B[10304] U[10433] B[10536] L'[10672] B'[10805] L[10848] S[11273],false,true,2548,1140,1408,11273,12,14,14,8.52,PLL,U2' F' U' F R2 D B' U B U' B D' R2 U,U2'[12518] F'[12691] U'[12784] F[12854] R2[13359] D[13596] B'[13784] U[13850] B[14093] U'[14242] B[14288] D'[14585] R2[14778] U[14848],false,true,3575,1418,2157,14848,14,14,17,6.49,,,,,,,,,,,,,,,,,,,,,,,,,,,,141,BL->FR 46,"[FL,BR]->FR 15",21,30,Gb,,
340f7780-2314-4341-a806-04c58d99ca42,2023-09-09 23:10:58 UTC,false,14482,CFOP,Gan Smart Cube,Gan i Carry,Gan 356i,Jacob Pfeifer,false,false,17472,14482,,L[0] U'[237] B[334] L[845] U[2874] R'[3026] U'[3117] R[3944] D[4378] R'[4495] D'[4779] R'[4985] F[5497] R'[5734] F'[5921] F'[6566] R[6742] R[6843] F[6957] R[7151] D'[7556] R[7684] D[7938] R[8507] R[8631] F'[9167] R[9251] R[9325] F[9402] R[9665] R[9750] F'[9997] R[10025] F[10104] R[10580] R[10660] B[10927] U[11037] F'[11115] U'[11229] B'[11435] U[11490] F[11653] U'[11835] F[12689] R[12776] F'[12827] R'[12916] F'[13124] U[13170] F[13227] F[13275] R'[13320] F'[13404] R'[13496] F[13570] F'[13682] F[14076] R[14153] F'[14255] U'[14339] R[14482],cube,,Playground,custom_rules,U D L' F2 U2 F R' F2 U B L' F2 U B2 L2 U F2 B2 D R2 D' R2,random_state,custom_rules,,,,8,RU,0,0,14482,55,55,62,3.8,6841,7641,"",0,Cross,z' D L' B D,z'[0] D[0] L'[237] B[334] D[845],false,true,845,0,845,845,4,4,4,4.73,F2L Slot 1,L U' L',L[2874] U'[3026] L'[3117],false,true,2272,2029,243,3117,3,3,3,12.35,F2L Slot 2,U R U' R' U' F U' F',U[3944] R[4378] U'[4495] R'[4779] U'[4985] F[5497] U'[5734] F'[5921],false,true,2804,1261,1543,5921,8,8,8,5.18,F2L Slot 3,F' U2 F U R' U R,F'[6566] U2[6843] F[6957] U[7151] R'[7556] U[7684] R[7938],false,true,2017,645,1372,7938,7,7,8,5.1,F2L Slot 4,U2 F' U2 F U2 F' U F,U2[8631] F'[9167] U2[9325] F[9402] U2[9750] F'[9997] U[10025] F[10104],false,true,2166,1229,937,10104,8,8,11,8.54,OLL,U2 B L F' L' B' L F L',U2[10660] B[10927] L[11037] F'[11115] L'[11229] B'[11435] L[11490] F[11653] L'[11835],false,true,1731,823,908,11835,9,9,10,9.91,PLL,F U F' U' F' L F2 U' F' U' F F' F U F' L' U,F[12689] U[12776] F'[12827] U'[12916] F'[13124] L[13170] F2[13275] U'[13320] F'[13404] U'[13496] F[13570] F'[13682] F[14076] U[14153] F'[14255] L'[14339] U[14482],false,true,2647,854,1793,14482,17,17,18,9.48,,,,,,,,,,,,,,,,,,,,,,,,,,,,21,FL->FR 72,"[BL,BR]->FR 17",17,24,T,,
ff22a1c1-167b-42ce-9566-a84a75f55670,2023-09-09 22:54:22 UTC,false,18180,CFOP,Gan Smart Cube,Gan i Carry,Gan 356i,Jacob Pfeifer,false,false,6682,18180,,F[0] L'[195] D'[705] L[902] B[1399] D'[1547] D[2306] L[2677] D'[2834] L'[3040] L'[3258] U[3563] L'[3714] U'[3960] L[5074] L[5233] D'[5456] L'[5611] D[5738] L'[6024] B'[6500] L[6623] B[6780] L[7930] U'[8353] L'[8464] U[8557] L[8665] U'[8845] L'[8975] U[9177] D'[10300] L'[10539] D[10613] L'[10788] F[11378] L[11481] F'[11555] L'[12477] B'[12723] F[12853] U'[12980] B'[13106] U'[13272] B[13360] U[13614] B[13941] L'[14117] B'[14273] L[14333] B[14658] F'[14683] L[15623] F'[15801] L'[15882] F[15977] U[16392] U[16503] R[16882] B'[17022] L[17108] B[17289] L'[17404] B[17532] R'[17818] U[17945] U[18103] L'[18180],cube,,Playground,custom_rules,F L D B2 U F2 D' B D' F R' D' B2 D B2 R2 U F2 D2 B2 L2 F2,random_state,custom_rules,,,,8,LU,0,0,18180,62,64,68,3.41,7367,10813,"",0,Cross,z F U' L' U B L',z[0] F[0] U'[195] L'[705] U[902] B[1399] L'[1547],false,true,1547,0,1547,1547,6,6,6,3.88,F2L Slot 1,L U L' U2' R U' R',L[2306] U[2677] L'[2834] U2'[3258] R[3563] U'[3714] R'[3960],false,true,2413,759,1654,3960,7,7,8,4.23,F2L Slot 2,U2 L' U' L U' B' U B,U2[5233] L'[5456] U'[5611] L[5738] U'[6024] B'[6500] U[6623] B[6780],false,true,2820,1496,1324,6780,8,8,9,6.04,F2L Slot 3,U R' U' R U R' U' R,U[7930] R'[8353] U'[8464] R[8557] U[8665] R'[8845] U'[8975] R[9177],false,true,2397,1573,824,9177,8,8,8,9.71,F2L Slot 4,L' U' L U' F U F',L'[10300] U'[10539] L[10613] U'[10788] F[11378] U[11481] F'[11555],false,true,2378,1123,1255,11555,7,7,7,5.58,OLL,U' S' U' B' U' B U B L' B' L S,U'[12477] S'[12853] U'[12980] B'[13106] U'[13272] B[13360] U[13614] B[13941] L'[14117] B'[14273] L[14333] S[14683],false,true,3128,1298,1830,14683,12,14,14,6.56,PLL,U F' U' F R2 D B' U B U' B D' R2 U',U[15623] F'[15801] U'[15882] F[15977] R2[16503] D[16882] B'[17022] U[17108] B[17289] U'[17404] B[17532] D'[17818] R2[18103] U'[18180],false,true,3497,1118,2379,18180,14,14,16,5.88,,,,,,,,,,,,,,,,,,,,,,,,,,,,127,BL->FR 11,"[FL,BR]->FR 29",35,30,Gb,,
91c4e51d-09fa-4dce-a34f-e6d5028a81d3,2023-09-09 22:56:44 UTC,false,19171,CFOP,Gan Smart Cube,Gan i Carry,Gan 356i,Jacob Pfeifer,false,false,23307,19171,,U[0] D'[15] F'[262] L'[832] D'[1004] L'[1321] B[1744] R'[2671] R'[2924] D'[3355] R[3732] D[3925] R[4088] R[4174] D'[4509] R[4609] D[4867] U'[5536] R[5825] R[5931] U[6040] R[6325] R[6418] D[7113] R[7281] D'[7515] R'[7760] U[8042] R'[8175] U'[8397] R[8515] B'[9044] R'[9433] B[9476] R[10161] F[11016] R[11133] F'[11364] R[11769] U'[11891] R'[11971] U[12059] R'[12902] D[13329] B[13609] B'[13807] B'[14125] D'[14302] D'[14399] F[15130] D[15349] D[15424] B[15610] D'[15739] D'[15796] F'[15905] D[15987] R[16907] U[17202] R[17306] U'[17361] B[17784] B[17846] L'[18112] D[18163] R'[18271] D'[18406] R[18439] D'[18517] L[18731] B[19048] B[19106] R'[19171],cube,,Playground,custom_rules,U2 F' L F2 R' U' R D' F' R2 L' D L2 F2 L2 D2 R2 U' L2 B2 U R2,random_state,custom_rules,,,,8,RU,0,0,19171,62,63,73,3.23,6832,12324,"",0,Cross,x' S' R' D' B' D' L,x'[7] S'[15] R'[262] D'[832] B'[1004] D'[1321] L[1744],false,true,1729,0,1729,1744,6,7,7,3.47,F2L Slot 1,U2' B' U B U2 B' U B,U2'[2924] B'[3355] U[3732] B[3925] U2[4174] B'[4509] U[4609] B[4867],false,true,3123,1611,1512,4867,8,8,10,5.29,F2L Slot 2,F' U2 F U2 B U B',F'[5536] U2[5931] F[6040] U2[6418] B[7113] U[7281] B'[7515],false,true,2648,669,1979,7515,7,7,9,3.54,F2L Slot 3,U' F U' F' U L' U' L,U'[7760] F[8042] U'[8175] F'[8397] U[8515] L'[9044] U'[9433] L[9476],false,true,1961,527,1434,9476,8,8,8,5.58,F2L Slot 4,U R U R' U F' U' F,U[10161] R[11016] U[11133] R'[11364] U[11769] F'[11891] U'[11971] F[12059],false,true,2583,1540,1043,12059,8,8,8,7.67,OLL,U' B L L2' B2' R B2 L B2' R' B,U'[12902] B[13329] L[13609] L2'[14125] B2'[14399] R[15130] B2[15424] L[15610] B2'[15796] R'[15905] B[15987],false,true,3928,1270,2658,15987,11,11,15,4.14,PLL,U F U F' L2 D' B U' B' U B' D L2 U',U[16907] F[17202] U[17306] F'[17361] L2[17846] D'[18112] B[18163] U'[18271] B'[18406] U[18439] B'[18517] D[18731] L2[19106] U'[19171],false,true,3184,1215,1969,19171,14,14,16,7.11,,,,,,,,,,,,,,,,,,,,,,,,,,,,50,BR->FR 2,"[FL,BL]->FR 18",36,49,Gd,,
c3622372-6a8b-4e44-be7e-8672b876b556,2023-09-09 22:58:19 UTC,false,16930,CFOP,Gan Smart Cube,Gan i Carry,Gan 356i,Jacob Pfeifer,false,false,12544,16930,,R[0] D'[158] R'[314] R'[450] D'[860] R'[1221] U'[1811] U'[2158] F'[2279] U[2341] F[2455] U[2725] R[3159] U'[3348] R'[3627] U[3775] U[3896] F[4236] U[4595] F'[4773] U[4880] L'[5254] U'[5446] L[5606] L[5709] U'[6382] L'[6510] U[6720] B'[7148] U[7234] B[7402] U'[8538] R'[8974] U'[9096] R[9203] U'[9427] R'[9587] U[9688] R[9807] R'[11478] F[11526] R[11640] U[11767] R'[11859] F'[12051] R[12167] F[12466] U'[12648] F'[12783] R[14499] B'[14596] R'[14702] F[14760] R[14886] B[15256] R'[15409] F'[15589] R[15640] B[15761] R'[15846] F[15900] R[16053] B'[16354] R'[16450] F'[16598] U'[16930],cube,,Playground,custom_rules,R2 B' R' B' U R L' U D R B D' L2 U2 F2 D L2 D' L2 F2 U B2,random_state,custom_rules,,,,8,UF,0,0,16930,62,62,66,3.66,6729,10201,"",0,Cross,R D' R2' D' R',R[0] D'[158] R2'[450] D'[860] R'[1221],false,true,1221,0,1221,1221,5,5,6,4.1,F2L Slot 1,U2' F' U F U R U' R',U2'[2158] F'[2279] U[2341] F[2455] U[2725] R[3159] U'[3348] R'[3627],false,true,2406,1058,1348,3627,8,8,9,5.93,F2L Slot 2,U2 F U F' U L' U' L,U2[3896] F[4236] U[4595] F'[4773] U[4880] L'[5254] U'[5446] L[5606],false,true,1979,609,1370,5606,8,8,9,5.84,F2L Slot 3,L U' L' U B' U B,L[5709] U'[6382] L'[6510] U[6720] B'[7148] U[7234] B[7402],false,true,1796,103,1693,7402,7,7,7,4.13,F2L Slot 4,U' R' U' R U' R' U R,U'[8538] R'[8974] U'[9096] R[9203] U'[9427] R'[9587] U[9688] R[9807],false,true,2405,1572,833,9807,8,8,8,9.6,OLL,R' F R U R' F' R F U' F',R'[11478] F[11526] R[11640] U[11767] R'[11859] F'[12051] R[12167] F[12466] U'[12648] F'[12783],false,true,2976,1671,1305,12783,10,10,10,7.66,PLL,R B' R' F R B R' F' R B R' F R B' R' F' U',R[14499] B'[14596] R'[14702] F[14760] R[14886] B[15256] R'[15409] F'[15589] R[15640] B[15761] R'[15846] F[15900] R[16053] B'[16354] R'[16450] F'[16598] U'[16930],false,true,4147,1716,2431,16930,17,17,17,6.99,,,,,,,,,,,,,,,,,,,,,,,,,,,,25,BR->FR 48,"[BL,BR]->FR 40",16,14,E,,
5cbeefbe-c82a-4edc-b784-72243104f6e9,2023-09-09 23:00:16 UTC,false,20383,CFOP,Gan Smart Cube,Gan i Carry,Gan 356i,Jacob Pfeifer,false,false,31257,20383,,D'[0] B[104] R[657] U[912] B[1238] D'[1556] B'[1695] D[2505] L'[2652] D'[2845] U[4187] D'[4210] U[4376] D'[4394] R[4732] R[4836] U[5271] D'[5285] U[5411] D'[5434] D'[6693] L[6775] L[6861] D[6951] L'[7377] B'[7982] L[8113] B[8250] U[9114] L'[9213] U'[9320] L'[9429] U[9469] L'[9641] U'[9802] L[9861] U[10031] L'[10157] U'[10285] U'[11613] L[11726] U[11851] D'[12180] L[12288] D[12451] L'[13139] L'[13544] B[13669] L[13772] L[13849] B'[13921] L[14220] L[14295] B[14376] L'[14448] B'[14523] L[15211] L[15486] F'[16341] D[16455] F[16676] F[16738] U'[16809] F'[16888] F'[16945] D'[17031] F[17098] F[17157] U[17276] F'[17417] B[18588] B[18649] L[18842] B[19016] L[19104] B'[19163] L'[19229] B'[19443] L'[19526] B'[19631] L[19661] B'[19737] L[19979] L[20383],cube,,Playground,custom_rules,U' R2 D' R2 D R B2 U L2 B U2 F2 D' B2 D R2 B2 D' B2 U' B2 U2,random_state,custom_rules,,,,8,LU,0,0,20383,67,69,84,3.29,7719,12664,"",0,Cross,z L' B D R B L' B' L U' L' M2 U2 M2,z[0] L'[0] B[104] D[657] R[912] B[1238] L'[1556] B'[1695] L[2505] U'[2652] L'[2845] M2[4394] U2[4836] M2[5434],false,true,5434,0,5434,5434,13,15,20,2.39,F2L Slot 1,L' U2 L U' B' U B,L'[6693] U2[6861] L[6951] U'[7377] B'[7982] U[8113] B[8250],false,true,2816,1259,1557,8250,7,7,8,4.5,F2L Slot 2,R U' R' U' R U' R' U R U' R',R[9114] U'[9213] R'[9320] U'[9429] R[9469] U'[9641] R'[9802] U[9861] R[10031] U'[10157] R'[10285],false,true,2035,864,1171,10285,11,11,11,9.39,F2L Slot 3,R' U R L' U L,R'[11613] U[11726] R[11851] L'[12180] U[12288] L[12451],false,true,2166,1328,838,12451,6,6,6,7.16,F2L Slot 4,U2' B U2 B' U2 B U' B',U2'[13544] B[13669] U2[13849] B'[13921] U2[14295] B[14376] U'[14448] B'[14523],false,true,2072,1218,854,14523,8,8,11,9.37,OLL,U2 F' L F2 R' F2' L' F2 R F',U2[15486] F'[16341] L[16455] F2[16738] R'[16809] F2'[16945] L'[17031] F2[17157] R[17276] F'[17417],false,true,2894,1818,1076,17417,10,10,14,9.29,PLL,B2 U B U B' U' B' U' B' U B' U2,B2[18649] U[18842] B[19016] U[19104] B'[19163] U'[19229] B'[19443] U'[19526] B'[19631] U[19661] B'[19737] U2[20383],false,true,2966,1232,1734,20383,12,12,14,6.92,,,,,,,,,,,,,,,,,,,,,,,,,,,,17,BL->FR 1,"[FL,BR]->FR 56",9,50,Ub,,
73a5a198-eeb7-49c6-8da5-2ec1e6b0f5cb,2023-09-09 23:01:47 UTC,false,19346,CFOP,Gan Smart Cube,Gan i Carry,Gan 356i,Jacob Pfeifer,false,false,7517,19346,,L[0] U'[117] U'[231] L[507] B'[824] B'[959] L'[1413] F'[1580] D[1615] F[1768] B[2999] L'[3109] B'[3325] L'[3564] B'[3653] L[3725] B[3845] L[4267] D[4648] L'[4753] D'[4980] L[5981] U[7783] L[7984] L[8098] U'[8312] L[8576] L[8749] U[9030] L'[9202] U'[9435] L'[9963] L'[10481] U'[10609] L[10668] U[10765] L[10929] U'[11076] L[11189] U[11312] L[11713] D'[12104] L[12196] D[12393] B[13249] L[13332] L[13432] B'[13505] L'[13569] B[13661] L[13740] B'[13812] L'[14564] F[15125] U'[15244] F'[15375] F'[15456] D[15543] F[15691] F[15752] U[15948] F'[16557] F'[16717] D'[16788] F[16870] L[17481] B[17665] L[17786] B'[17849] U'[17980] B[18033] B'[18276] B[18332] L[18500] B'[18636] L'[18741] B'[18985] U[19022] B[19087] B[19137] L'[19179] B'[19249] L'[19346],cube,,Playground,custom_rules,R B' L' F R' B2 L2 D' B' U D2 F2 D2 F2 R2 D B2 L2 D' F2 L2 D,random_state,custom_rules,,,,8,LU,0,0,19346,73,73,83,3.77,8172,11174,"",0,Cross,z U R2' U B2' U' F' L F,z[0] U[0] R2'[231] U[507] B2'[959] U'[1413] F'[1580] L[1615] F[1768],false,true,1768,0,1768,1768,8,8,10,4.52,F2L Slot 1,B U' B' U' B' U B U L U' L',B[2999] U'[3109] B'[3325] U'[3564] B'[3653] U[3725] B[3845] U[4267] L[4648] U'[4753] L'[4980],false,true,3212,1231,1981,4980,11,11,11,5.55,F2L Slot 2,U R U2 R' U2 R U' R',U[5981] R[7783] U2[8098] R'[8312] U2[8749] R[9030] U'[9202] R'[9435],false,true,4455,2803,1652,9435,8,8,10,4.84,F2L Slot 3,U2' R' U R U R' U R U L' U L,U2'[10481] R'[10609] U[10668] R[10765] U[10929] R'[11076] U[11189] R[11312] U[11713] L'[12104] U[12196] L[12393],false,true,2958,1174,1784,12393,12,12,13,6.73,F2L Slot 4,B U2 B' U' B U B',B[13249] U2[13432] B'[13505] U'[13569] B[13661] U[13740] B'[13812],false,true,1419,856,563,13812,7,7,8,12.43,OLL,U' F R' F2' L F2 R F2' L' F,U'[14564] F[15125] R'[15244] F2'[15456] L[15543] F2[15752] R[15948] F2'[16717] L'[16788] F[16870],false,true,3058,1313,1745,16870,10,10,13,5.73,PLL,U B U B' R' B B' B U B' U' B' R B2 U' B' U',U[17481] B[17665] U[17786] B'[17849] R'[17980] B[18033] B'[18276] B[18332] U[18500] B'[18636] U'[18741] B'[18985] R[19022] B2[19137] U'[19179] B'[19249] U'[19346],false,true,2476,795,1681,19346,17,17,18,10.11,,,,,,,,,,,,,,,,,,,,,,,,,,,,148,BL->FR 9,"[FL,BR]->FR 22",19,49,Jb,,
ab9eb183-8e42-402e-8cb9-84e40db5c292,2023-09-09 22:55:43 UTC,false,16974,CFOP,Gan Smart Cube,Gan i Carry,Gan 356i,Jacob Pfeifer,false,false,47663,16974,,U[0] R'[430] D[528] L'[865] D'[1205] L[1288] D'[1620] L[1978] D'[2159] L'[2413] D[3344] B[5338] D[5477] B'[5613] D[6067] B[6289] D'[6403] B'[6526] D'[7632] D'[7882] R[7985] D'[8163] R'[8298] D[8384] R[8820] D'[8975] R'[9138] F[9557] D'[9661] F'[9772] D[9988] F[10211] D[10330] D[10392] F'[10463] D[10800] F[10903] D'[10979] F'[11055] D'[11885] B[12516] R[12817] F'[13149] R[13206] F[13310] R'[13407] F'[13536] R[13596] F[13681] R[13948] R[14031] B'[14108] D[14884] F'[15195] R[15348] F'[15484] L[15646] L[15869] F[16036] R'[16194] F'[16291] L[16439] L[16629] F[16793] F[16874] D'[16974],cube,,Playground,custom_rules,F2 D R' U' R B D F2 B2 R' D R2 D' L2 U R2 U' R2 L2 D' F2,random_state,custom_rules,,,,8,DB,0,0,16974,60,60,66,3.53,7786,9188,"",0,Cross,z2 D L',z2[0] D[0] L'[430],false,true,430,0,430,430,2,2,2,4.65,F2L Slot 1,U R' U' R U' R U' R',U[528] R'[865] U'[1205] R[1288] U'[1620] R[1978] U'[2159] R'[2413],false,true,1983,435,1548,2413,8,8,8,5.17,F2L Slot 2,U B U B' U B U' B',U[3344] B[5338] U[5477] B'[5613] U[6067] B[6289] U'[6403] B'[6526],false,true,4113,2925,1188,6526,8,8,8,6.73,F2L Slot 3,U2' L U' L' U L U' L',U2'[7882] L[7985] U'[8163] L'[8298] U[8384] L[8820] U'[8975] L'[9138],false,true,2612,1459,1153,9138,8,8,9,6.94,F2L Slot 4,F U' F' U F U2 F' U F U' F',F[9557] U'[9661] F'[9772] U[9988] F[10211] U2[10392] F'[10463] U[10800] F[10903] U'[10979] F'[11055],false,true,1917,419,1498,11055,11,11,12,7.34,OLL,U' B L F' L F L' F' L F L2 B',U'[11885] B[12516] L[12817] F'[13149] L[13206] F[13310] L'[13407] F'[13536] L[13596] F[13681] L2[14031] B'[14108],false,true,3053,1461,1592,14108,12,12,13,7.54,PLL,U F' L F' R2 F L' F' R2 F2 U',U[14884] F'[15195] L[15348] F'[15484] R2[15869] F[16036] L'[16194] F'[16291] R2[16629] F2[16874] U'[16974],false,true,2866,1087,1779,16974,11,11,14,6.18,,,,,,,,,,,,,,,,,,,,,,,,,,,,32,FL->FR 7,"[FL,BL]->FR 26",39,54,Aa,,
c572e20c-fd67-4155-b450-f90bce3142b7,2023-09-09 22:57:26 UTC,false,15171,CFOP,Gan Smart Cube,Gan i Carry,Gan 356i,Jacob Pfeifer,false,false,10683,15171,,L'[0] L'[307] B'[686] D'[1173] U'[1494] L[1785] F'[2134] L'[2472] R[3672] U'[4142] R[4356] U[4511] U[4632] R'[5064] U'[5259] R[5765] R[5879] R[6298] U[6449] F'[6563] U'[6750] F[6797] U'[7307] R[7404] U[7533] R[8096] R[8228] D[8506] R'[8628] D'[8839] R[8904] R[9006] F'[9415] R'[9747] F[9820] B[10415] R[10502] R[10570] B'[10633] R'[10706] B[10772] R[10887] B'[10977] R[11607] R[11688] R'[12021] R'[12238] B[12343] R[12407] R[12466] B'[12523] R'[12586] B[12682] R'[12771] B'[12842] R[13376] B[13598] R[13669] B'[13727] R'[13802] B'[14022] D[14060] B[14119] B[14161] R'[14204] B'[14294] R'[14389] B[14451] R[14534] B'[14979] D'[15171],cube,,Playground,custom_rules,F2 B' D' R' F R' L F U F L2 D2 F2 R2 B2 U' B2 D2 R2 B2 D' R2,random_state,custom_rules,,,,8,RU,0,0,15171,60,60,71,3.95,6550,8314,"",0,Cross,z' D2' B' R' L' D F' D',z'[153] D2'[307] B'[686] R'[1173] L'[1494] D[1785] F'[2134] D'[2472],false,true,2165,0,2165,2472,7,7,8,3.23,F2L Slot 1,U L' U L2 U' L',U[3672] L'[4142] U[4356] L2[4632] U'[5064] L'[5259],false,true,2787,1670,1117,5259,6,6,7,5.37,F2L Slot 2,U3 L F' L' F L' U L,U3[6298] L[6449] F'[6563] L'[6750] F[6797] L'[7307] U[7404] L[7533],false,true,2274,1190,1084,7533,8,8,10,7.38,F2L Slot 3,U2 R U' R' U2 F' U' F,U2[8228] R[8506] U'[8628] R'[8839] U2[9006] F'[9415] U'[9747] F[9820],false,true,2287,973,1314,9820,8,8,10,6.09,F2L Slot 4,B U2 B' U' B U B',B[10415] U2[10570] B'[10633] U'[10706] B[10772] U[10887] B'[10977],false,true,1157,595,562,10977,7,7,8,12.46,OLL,U2 U2' B U2 B' U' B U' B',U2[11688] U2'[12238] B[12343] U2[12466] B'[12523] U'[12586] B[12682] U'[12771] B'[12842],false,true,1865,1366,499,12842,9,9,12,18.04,PLL,U B U B' U' B' R B2 U' B' U' B U B' R',U[13376] B[13598] U[13669] B'[13727] U'[13802] B'[14022] R[14060] B2[14161] U'[14204] B'[14294] U'[14389] B[14451] U[14534] B'[14979] R'[15171],false,true,2329,756,1573,15171,15,15,16,9.54,,,,,,,,,,,,,,,,,,,,,,,,,,,,79,FL->FR 46,"[FL,BL]->FR 23",19,26,T,,
424817c3-5057-4b4e-bc48-1213ad378bb7,2023-09-09 22:59:05 UTC,false,19149,CFOP,Gan Smart Cube,Gan i Carry,Gan 356i,Jacob Pfeifer,false,false,9395,19149,,R'[0] B[109] D[485] F[734] R'[1136] D[1263] R[1582] L'[2195] D'[2674] L[2792] D[3086] B'[4171] L[4500] L[4602] B[4794] L'[5093] B'[5334] L[5421] B[5562] L'[5884] B[6066] L'[6210] B'[6373] L[6419] L[6512] U[6809] L[7009] U'[7315] B[8035] L'[8296] B'[8442] L[8520] U'[8896] L'[9007] U[9085] L'[9756] U'[12163] L[12279] L[12355] U[12582] U[12656] L[12815] U'[12963] L[13031] U[13164] L[13518] L[13607] B'[15037] U'[15524] B[15586] L'[16520] L'[17093] B'[17305] L[17349] B'[17429] L'[17743] D'[18026] B'[18152] D[18200] D[18265] L'[18344] D'[18445] L[18487] D'[18579] B[18707] D[18814] B[18986] L'[19149],cube,,Playground,custom_rules,L2 D R2 F2 R' F U2 L F R2 U' B2 L2 U' B2 U2 R2 D R2 D2 R2,random_state,custom_rules,,,,8,LU,0,0,19149,61,61,68,3.19,8198,10951,"",0,Cross,z D' B L F D' L D,z[0] D'[0] B[109] L[485] F[734] D'[1136] L[1263] D[1582],false,true,1582,0,1582,1582,7,7,7,4.42,F2L Slot 1,U' L' U L,U'[2195] L'[2674] U[2792] L[3086],false,true,1504,1092,412,3086,4,4,4,9.71,F2L Slot 2,B' U2 B U' B' U B,B'[4171] U2[4602] B[4794] U'[5093] B'[5334] U[5421] B[5562],false,true,2476,1085,1391,5562,7,7,8,5.03,F2L Slot 3,U' B U' B' U2 R U R',U'[5884] B[6066] U'[6210] B'[6373] U2[6512] R[6809] U[7009] R'[7315],false,true,1753,504,1249,7315,8,8,9,6.41,F2L Slot 4,B U' B' U R' U' R,B[8035] U'[8296] B'[8442] U[8520] R'[8896] U'[9007] R[9085],false,true,1770,720,1050,9085,7,7,7,6.67,OLL,U' R' U2 R2 U R' U R U2 B' R' B,U'[9756] R'[12163] U2[12355] R2[12656] U[12815] R'[12963] U[13031] R[13164] U2[13607] B'[15037] R'[15524] B[15586],false,true,6501,3078,3423,15586,12,12,15,3.51,PLL,U2' B' U B' U' L' B' L2 U' L' U L' B L B U',U2'[17093] B'[17305] U[17349] B'[17429] U'[17743] L'[18026] B'[18152] L2[18265] U'[18344] L'[18445] U[18487] L'[18579] B[18707] L[18814] B[18986] U'[19149],false,true,3563,1719,1844,19149,16,16,18,8.68,,,,,,,,,,,,,,,,,,,,,,,,,,,,5,BR->FR 10,"[FL,BL]->FR 20",18,55,V,,
4964cf98-ff28-4a15-a0b9-579324dc70a0,2023-09-09 23:01:02 UTC,false,16106,CFOP,Gan Smart Cube,Gan i Carry,Gan 356i,Jacob Pfeifer,false,false,10322,16106,,U'[0] R[167] R[516] B[708] R'[1026] B[2523] L[2675] B'[2872] U[3009] L[3220] U'[3554] L'[3933] B[4104] L'[4279] B'[4417] L'[4610] F[4896] L'[5110] F'[5371] L[5988] L[7456] L[7574] B[7682] L'[7765] B'[7862] L'[7971] B[8065] L'[8202] B'[8311] L[8377] B[8510] L'[8641] B'[8740] L[10065] L[10219] B'[10543] L'[10654] B[10715] L[10800] B'[10868] L'[10954] B[11024] B[11843] L[11968] B'[12083] L[12280] B[12471] L'[12716] D[12965] L'[13090] D'[13185] B'[13292] L'[14279] D[14410] L[14495] D'[14568] B[14973] B[15049] R'[15336] U[15380] L'[15513] U'[15624] L[15653] U'[15721] R[15927] B[16073] B[16106],cube,,Playground,custom_rules,R F' R2 D2 B2 D B L' D2 F R2 D F2 D' F2 U2 R2 L2 B2 U R2,random_state,custom_rules,,,,8,LU,0,0,16106,62,62,67,3.85,8098,8008,"",0,Cross,z R' D2 B D',z[0] R'[0] D2[516] B[708] D'[1026],false,true,1026,0,1026,1026,4,4,5,3.9,F2L Slot 1,B U B' R U R',B[2523] U[2675] B'[2872] R[3009] U[3220] R'[3554],false,true,2528,1497,1031,3554,6,6,6,5.82,F2L Slot 2,U' B U' B' U' F U' F',U'[3933] B[4104] U'[4279] B'[4417] U'[4610] F[4896] U'[5110] F'[5371],false,true,1817,550,1267,5371,8,8,8,6.31,F2L Slot 3,U U2 B U' B' U' B U' B' U B U' B',U[5988] U2[7574] B[7682] U'[7765] B'[7862] U'[7971] B[8065] U'[8202] B'[8311] U[8377] B[8510] U'[8641] B'[8740],false,true,3369,2311,1058,8740,13,13,14,12.29,F2L Slot 4,U2 B' U' B U B' U' B,U2[10219] B'[10543] U'[10654] B[10715] U[10800] B'[10868] U'[10954] B[11024],false,true,2284,1803,481,11024,8,8,9,16.63,OLL,B U B' U B U' L U' L' B',B[11843] U[11968] B'[12083] U[12280] B[12471] U'[12716] L[12965] U'[13090] L'[13185] B'[13292],false,true,2268,819,1449,13292,10,10,10,6.9,PLL,U' L U L' B2 D' R U' R' U R' D B2,U'[14279] L[14410] U[14495] L'[14568] B2[15049] D'[15336] R[15380] U'[15513] R'[15624] U[15653] R'[15721] D[15927] B2[16106],false,true,2814,1118,1696,16106,13,13,15,7.67,,,,,,,,,,,,,,,,,,,,,,,,,,,,33,BR->FR 32,"[FL,BL]->FR 1",29,52,Gd,,
652e1899-444d-4e7f-b032-501c8358f200,2023-09-09 23:02:32 UTC,false,17013,CFOP,Gan Smart Cube,Gan i Carry,Gan 356i,Jacob Pfeifer,false,false,8057,17013,,U[0] R[230] F[649] L'[1037] L'[1117] U[1336] U[1466] R[1959] R[2098] U'[3237] R[3405] U[3540] R'[3651] U[3818] U[4132] B[4728] U[4881] B'[5115] U'[5642] F'[6229] U'[6406] F[6522] U[6843] U[6933] F'[7325] U[7464] F[7719] U[8346] B'[8669] U[8770] U[8896] B[9315] U[9493] L'[10032] U[10137] L[10381] U'[10970] U'[11191] L'[11290] B[11331] L[11421] B'[11617] L[11751] U'[11885] L'[11998] U'[12515] L[12646] U[12738] U[12795] L'[12865] U'[12927] L[13019] U'[13089] L'[13188] U'[15374] L[15562] F'[15659] L'[15750] B[15855] L[15957] F[16048] L'[16147] B'[16251] L[16350] F[16451] L'[16512] B[16571] L[16709] F'[16783] L'[16852] B'[17013],cube,,Playground,custom_rules,U F B D R2 L D2 F2 U' F R2 D2 F2 D R2 L2 F2 U' B2 U2 L2 F2,random_state,custom_rules,,,,8,UF,0,0,17013,63,63,71,3.7,7302,9711,"",0,Cross,U R F L2' U2 R2,U[0] R[230] F[649] L2'[1117] U2[1466] R2[2098],false,true,2098,0,2098,2098,6,6,9,2.86,F2L Slot 1,U' R U R' U2 B U B',U'[3237] R[3405] U[3540] R'[3651] U2[4132] B[4728] U[4881] B'[5115],false,true,3017,1307,1710,5115,8,8,9,4.68,F2L Slot 2,U' F' U' F U2 F' U F,U'[5642] F'[6229] U'[6406] F[6522] U2[6933] F'[7325] U[7464] F[7719],false,true,2604,1114,1490,7719,8,8,9,5.37,F2L Slot 3,U B' U2 B U L' U L,U[8346] B'[8669] U2[8896] B[9315] U[9493] L'[10032] U[10137] L[10381],false,true,2662,950,1712,10381,8,8,9,4.67,F2L Slot 4,U2' L' B L B' L U' L',U2'[11191] L'[11290] B[11331] L[11421] B'[11617] L[11751] U'[11885] L'[11998],false,true,1617,909,708,11998,8,8,9,11.3,OLL,U' L U2 L' U' L U' L',U'[12515] L[12646] U2[12795] L'[12865] U'[12927] L[13019] U'[13089] L'[13188],false,true,1190,648,542,13188,8,8,9,14.76,PLL,U' L F' L' B L F L' B' L F L' B L F' L' B',U'[15374] L[15562] F'[15659] L'[15750] B[15855] L[15957] F[16048] L'[16147] B'[16251] L[16350] F[16451] L'[16512] B[16571] L[16709] F'[16783] L'[16852] B'[17013],false,true,3825,2374,1451,17013,17,17,17,11.72,,,,,,,,,,,,,,,,,,,,,,,,,,,,45,BR->FR 11,"[BL,BR]->FR 17",34,26,E,,
27830273-1c7a-42f4-ab61-c14b84c73fa5,2023-09-09 23:06:30 UTC,false,16432,CFOP,Gan Smart Cube,Gan i Carry,Gan 356i,Jacob Pfeifer,false,false,7195,16432,,B'[0] L'[152] F[361] U'[814] U'[1058] L[1744] D'[2128] L[2353] D'[2468] L'[2600] D'[2695] L[2800] D'[2939] L'[3066] D[3130] D[3210] F[3792] D'[3964] F'[4172] B[4692] D'[4895] B'[5032] D[5866] B'[6099] D'[6353] B[6540] D[6901] D[7055] L'[7605] D[7675] L[7799] D'[8062] B[8323] D[8508] B'[8696] F'[8986] D[9190] D[9333] F[9469] D'[9610] L[10055] D[10255] L'[10523] D[11089] F[11443] D[11611] L[11756] D'[11863] L'[11935] F'[12080] D[13006] L[13327] D[13515] D[13591] L'[13745] D[13882] D[13929] L[14024] B'[14153] L'[14292] D'[14376] L[14433] D[14580] L[14749] B[15885] L'[16010] L'[16132] D[16390] D[16432],cube,,Playground,custom_rules,U' F D2 L' F U' R2 B2 L B' U R2 F2 U F2 D' R2 D' R2 D' R2 D',random_state,custom_rules,,,,8,DB,0,0,16432,61,61,69,3.71,4651,11781,"",0,Cross,z2 B' R' F D2' R,z2[0] B'[0] R'[152] F[361] D2'[1058] R[1744],false,true,1744,0,1744,1744,5,5,6,2.87,F2L Slot 1,U' R U' R' U' R U' R' U2 F U' F',U'[2128] R[2353] U'[2468] R'[2600] U'[2695] R[2800] U'[2939] R'[3066] U2[3210] F[3792] U'[3964] F'[4172],false,true,2428,609,1819,4172,12,12,13,6.6,F2L Slot 2,B U' B' U B' U' B,B[4692] U'[4895] B'[5032] U[5866] B'[6099] U'[6353] B[6540],false,true,2368,520,1848,6540,7,7,7,3.79,F2L Slot 3,U2 R' U R U' B U B',U2[7055] R'[7605] U[7675] R[7799] U'[8062] B[8323] U[8508] B'[8696],false,true,2156,1065,1091,8696,8,8,9,7.33,F2L Slot 4,F' U2 F U' R U R',F'[8986] U2[9333] F[9469] U'[9610] R[10055] U[10255] R'[10523],false,true,1827,290,1537,10523,7,7,8,4.55,OLL,U F U R U' R' F',U[11089] F[11443] U[11611] R[11756] U'[11863] R'[11935] F'[12080],false,true,1557,920,637,12080,7,7,7,10.99,PLL,U R U2 R' U2 R B' R' U' R U R B R2' U2,U[13006] R[13327] U2[13591] R'[13745] U2[13929] R[14024] B'[14153] R'[14292] U'[14376] R[14433] U[14580] R[14749] B[15885] R2'[16132] U2[16432],false,true,4352,1247,3105,16432,15,15,19,4.83,,,,,,,,,,,,,,,,,,,,,,,,,,,,1,BR->FR 23,"[BL,BR]->FR 8",2,44,Ra,,
09753913-f8b2-4dcc-b859-b5fdaf3247e9,2023-09-09 23:05:48 UTC,false,19434,CFOP,Gan Smart Cube,Gan i Carry,Gan 356i,Jacob Pfeifer,false,false,12924,19434,,B'[0] B'[111] D'[545] F'[1195] D[1493] F[2343] L[2472] F'[2617] L[3393] L'[3951] U'[4052] L[4123] U[4242] L[4715] B[4845] L'[5021] B'[5227] L[6413] L'[6851] D[7173] L'[7319] D'[7481] L[7539] D'[7656] L'[7778] D[7929] L[9660] L[9750] U[10165] L[10317] U'[10476] L'[10905] B'[11081] L'[11266] B[11636] L[12138] L[12375] L[12823] U[12907] L'[12985] U'[13083] U[13247] U'[13327] L'[13439] U[13578] L'[13652] U'[13758] L[13788] U[13883] L'[13939] U'[14013] L'[14670] L'[15173] U'[15615] L'[15715] U[15782] L'[15918] U'[16038] L[16117] L[16195] U[16264] F[16544] U[16692] L[16820] U'[16886] L'[16955] F'[17215] L'[18182] U[18311] L[18388] U'[18458] F'[18534] U[18588] L[18739] U'[18810] L'[18879] U'[19059] F[19096] U[19179] U[19225] L'[19278] U'[19398] L[19434],cube,,Playground,custom_rules,F U2 D B R2 B' L2 D' L' F2 U R2 B2 U2 F2 D L2 F2 L2 U R2 L2,random_state,custom_rules,,,,8,LU,0,0,19434,76,76,83,3.91,9001,10322,"",0,Cross,z B2' L' F' L,z[55] B2'[111] L'[545] F'[1195] L[1493],false,true,1382,0,1382,1493,4,4,5,2.89,F2L Slot 1,F U F' U U' R' U R U B U' B',F[2343] U[2472] F'[2617] U[3393] U'[3951] R'[4052] U[4123] R[4242] U[4715] B[4845] U'[5021] B'[5227],false,true,3734,850,2884,5227,12,12,12,4.16,F2L Slot 2,U U' L U' L' U L' U' L,U[6413] U'[6851] L[7173] U'[7319] L'[7481] U[7539] L'[7656] U'[7778] L[7929],false,true,2702,1946,756,7929,9,9,9,11.9,F2L Slot 3,U2 R U R' U' B' U' B,U2[9750] R[10165] U[10317] R'[10476] U'[10905] B'[11081] U'[11266] B[11636],false,true,3707,2236,1471,11636,8,8,9,5.44,F2L Slot 4,U3 R U' R' R R' U' R U' R' U R U' R',U3[12823] R[12907] U'[12985] R'[13083] R[13247] R'[13327] U'[13439] R[13578] U'[13652] R'[13758] U[13788] R[13883] U'[13939] R'[14013],false,true,2377,1271,1106,14013,14,14,16,12.66,OLL,U2' R' U' R U' R' U2 R F R U R' U' F',U2'[15173] R'[15615] U'[15715] R[15782] U'[15918] R'[16038] U2[16195] R[16264] F[16544] R[16692] U[16820] R'[16886] U'[16955] F'[17215],false,true,3202,1602,1600,17215,14,14,16,8.75,PLL,U' R U R' F' R U R' U' R' F R2 U' R' U,U'[18182] R[18311] U[18388] R'[18458] F'[18534] R[18588] U[18739] R'[18810] U'[18879] R'[19059] F[19096] R2[19225] U'[19278] R'[19398] U[19434],false,true,2219,1096,1123,19434,15,15,16,13.36,,,,,,,,,,,,,,,,,,,,,,,,,,,,115,BL->FR 23,"[FL,BR]->FR 60",1,42,Jb,,
e88e61e5-a7dc-4350-bca7-3d7fd4ed143d,2023-09-09 23:08:59 UTC,false,24727,CFOP,Gan Smart Cube,Gan i Carry,Gan 356i,Jacob Pfeifer,false,false,98563,24727,,F[0] D[140] R'[660] R'[1035] F'[1502] F'[1618] B'[1824] B'[2147] U[5325] L'[5589] U'[5726] L[6596] L[8775] L[8889] U[9240] L'[9418] U'[9546] D[9871] L'[10013] D'[10160] L[11019] U[11668] L[11786] U'[11991] L[12055] L[12141] D'[12377] L'[12610] D[12689] L'[13215] L'[13563] U'[13692] L[13742] U[13845] L'[13970] U[14162] L[14363] U'[14487] L[15460] L'[15737] U'[16869] L[17008] U[17341] L'[18525] B[18666] L[18748] L[18828] B'[18879] L[19101] U'[19405] L'[19490] U[19560] L'[20465] U[20608] L[20706] U'[20780] L'[20879] U'[21020] F[21063] U[21131] U[21210] L[21360] U'[21435] L'[21477] F'[21601] L[22235] L[22881] U[23189] B'[23284] U[23412] F[23580] F[23827] U'[23990] B[24060] U[24190] F[24334] F[24548] U'[24668] U'[24727],cube,,Playground,custom_rules,U' D' L B R2 B2 U2 R2 B L' D' F2 B2 U' F2 D' L2 U' B2 U B2 L2,random_state,custom_rules,,,,8,LU,0,0,24727,67,67,79,2.71,10707,14020,"",0,Cross,z F L D2' F2' B2',z[0] F[0] L[140] D2'[1035] F2'[1618] B2'[2147],false,true,2147,0,2147,2147,5,5,8,2.33,F2L Slot 1,R U' R' U U2 R U' R' L U' L',R[5325] U'[5589] R'[5726] U[6596] U2[8889] R[9240] U'[9418] R'[9546] L[9871] U'[10013] L'[10160],false,true,8013,3178,4835,10160,11,11,12,2.28,F2L Slot 2,U R U R' U2 L' U' L,U[11019] R[11668] U[11786] R'[11991] U2[12141] L'[12377] U'[12610] L[12689],false,true,2529,1508,1021,12689,8,8,9,7.84,F2L Slot 3,U2' R' U R U' R U R',U2'[13563] R'[13692] U[13742] R[13845] U'[13970] R[14162] U[14363] R'[14487],false,true,1798,1003,795,14487,8,8,9,10.06,F2L Slot 4,U U' R' U R U' B U2 B' U R' U' R,U[15460] U'[15737] R'[16869] U[17008] R[17341] U'[18525] B[18666] U2[18828] B'[18879] U[19101] R'[19405] U'[19490] R[19560],false,true,5073,2382,2691,19560,13,13,14,4.83,OLL,U' R U R' U' R' F R2 U R' U' F',U'[20465] R[20608] U[20706] R'[20780] U'[20879] R'[21020] F[21063] R2[21210] U[21360] R'[21435] U'[21477] F'[21601],false,true,2041,1048,993,21601,12,12,13,12.08,PLL,U2 R B' R F2 R' B R F2 R2',U2[22881] R[23189] B'[23284] R[23412] F2[23827] R'[23990] B[24060] R[24190] F2[24548] R2'[24727],false,true,3126,1588,1538,24727,10,10,14,6.5,,,,,,,,,,,,,,,,,,,,,,,,,,,,38,FL->FR 69,"[FL,BL]->FR 3",28,9,Ab,,
ba3a57fe-cb86-4aac-9d81-2cb293b77dfb,2023-09-09 23:10:08 UTC,false,17848,CFOP,Gan Smart Cube,Gan i Carry,Gan 356i,Jacob Pfeifer,false,false,11721,17848,,U'[0] L[67] U[194] B[522] R[876] R[972] D'[1179] B'[2797] B[3841] R[4254] B[4440] R'[4647] B[4740] U'[5151] B'[5309] U[5443] B[6108] B[6257] B'[6695] D'[7067] B[7144] D[7264] D[7355] B'[7753] D'[7940] B[8449] L'[9037] B[9098] L[9206] D'[9636] B'[9922] D[10016] U[10529] B[10822] B[10901] U'[10980] B[11403] U[11578] B'[11676] U'[11735] B[13088] L'[13449] D'[13709] B'[14178] D[14240] B[14339] L[14701] B[14977] L[15261] U[15409] B[15495] U'[15557] B'[15633] L'[15736] B[16187] B[16310] U[16670] U[16735] B[16929] U[17146] B[17250] U'[17312] B'[17391] U'[17628] B'[17671] U'[17760] B[17794] U'[17848],cube,,Playground,custom_rules,U2 R2 L' B' R2 U D F U' B2 D L2 U2 D' R2 F2 D' B2 D L2 B2,random_state,custom_rules,,,,8,BU,0,0,17848,62,62,68,3.47,9022,8826,"",0,Cross,x' F' L F U R2 B',x'[0] F'[0] L[67] F[194] U[522] R2[972] B'[1179],false,true,1179,0,1179,1179,6,6,7,5.09,F2L Slot 1,U' U R U R' U F' U' F,U'[2797] U[3841] R[4254] U[4440] R'[4647] U[4740] F'[5151] U'[5309] F[5443],false,true,4264,3075,1189,5443,9,9,9,7.57,F2L Slot 2,U2 U' B' U B2 U' B',U2[6257] U'[6695] B'[7067] U[7144] B2[7355] U'[7753] B'[7940],false,true,2497,1624,873,7940,7,7,9,8.02,F2L Slot 3,U L' U L B' U' B,U[8449] L'[9037] U[9098] L[9206] B'[9636] U'[9922] B[10016],false,true,2076,1097,979,10016,7,7,7,7.15,F2L Slot 4,F U2 F' U F U' F',F[10529] U2[10901] F'[10980] U[11403] F[11578] U'[11676] F'[11735],false,true,1719,513,1206,11735,7,7,8,5.8,OLL,U L' B' U' B U L U L F U F' U' L',U[13088] L'[13449] B'[13709] U'[14178] B[14240] U[14339] L[14701] U[14977] L[15261] F[15409] U[15495] F'[15557] U'[15633] L'[15736],false,true,4001,1714,2287,15736,14,14,14,6.12,PLL,U2 F2 U F U F' U' F' U' F' U F',U2[16310] F2[16735] U[16929] F[17146] U[17250] F'[17312] U'[17391] F'[17628] U'[17671] F'[17760] U[17794] F'[17848],false,true,2112,999,1113,17848,12,12,14,10.78,,,,,,,,,,,,,,,,,,,,,,,,,,,,54,FL->FR 67,"[FL,BL]->FR 6",13,11,Ub,,
427f2686-773c-45fe-afa4-1c6668efde7b,2023-09-09 23:11:43 UTC,false,18727,CFOP,Gan Smart Cube,Gan i Carry,Gan 356i,Jacob Pfeifer,false,false,8328,18727,,L[0] B[119] F'[428] F'[537] U'[916] U'[1120] D[1689] D'[1868] D'[2149] B'[2315] D[2373] D[2497] B[2652] R'[3226] D'[3380] R[3462] D'[4383] D'[4690] L[4832] D[4936] D[5044] L'[5194] D'[5288] D'[5515] B[5898] D[6057] B'[6274] D'[7006] D'[7375] R[7841] D[8158] R'[8561] D'[8769] F'[9177] D'[9268] F[9363] B'[9730] D[9843] B[9972] D'[10281] R[10747] D[10840] R'[10955] R[11162] D[11296] R'[11415] D[11651] D[11713] R[11790] D'[11866] R'[11933] D[12712] R[12973] D[13074] R'[13132] D'[13230] R'[13425] B[13471] R[13562] R[13622] D[13927] R'[14019] D'[14364] B'[14524] D[15706] L[16167] D[16307] D[16381] L'[16541] D[16659] D[16752] L[17135] B'[17263] L'[17369] D'[17522] L[17553] D[17793] L[18419] B[18536] L'[18660] L'[18727],cube,,Playground,custom_rules,F2 R2 U' L2 U' F' U F2 R' L2 D' B2 L2 U' L2 U2 R2 B2 D' B2 U' R2,random_state,custom_rules,,,,8,DB,0,0,18727,68,68,81,3.63,7182,11545,"",0,Cross,z2 R B F2' D2',z2[0] R[0] B[119] F2'[537] D2'[1120],false,true,1120,0,1120,1120,4,4,6,3.57,F2L Slot 1,U U2' B' U2 B L' U' L,U[1689] U2'[2149] B'[2315] U2[2497] B[2652] L'[3226] U'[3380] L[3462],false,true,2342,1195,1147,3462,8,8,10,6.97,F2L Slot 2,U2' R U2 R' U2' B U B',U2'[4690] R[4832] U2[5044] R'[5194] U2'[5515] B[5898] U[6057] B'[6274],false,true,2812,1370,1442,6274,8,8,11,5.55,F2L Slot 3,U2' L U L' U' F' U' F,U2'[7375] L[7841] U[8158] L'[8561] U'[8769] F'[9177] U'[9268] F[9363],false,true,3089,1567,1522,9363,8,8,9,5.26,F2L Slot 4,B' U B U' L U L' L U L' U2 L U' L',B'[9730] U[9843] B[9972] U'[10281] L[10747] U[10840] L'[10955] L[11162] U[11296] L'[11415] U2[11713] L[11790] U'[11866] L'[11933],false,true,2570,367,2203,11933,14,14,15,6.35,OLL,U L U L' U' L' B L2 U L' U' B',U[12712] L[12973] U[13074] L'[13132] U'[13230] L'[13425] B[13471] L2[13622] U[13927] L'[14019] U'[14364] B'[14524],false,true,2591,1040,1551,14524,12,12,13,7.74,PLL,U R U2 R' U2 R B' R' U' R U R B R2',U[15706] R[16167] U2[16381] R'[16541] U2[16752] R[17135] B'[17263] R'[17369] U'[17522] R[17553] U[17793] R[18419] B[18536] R2'[18727],false,true,4203,1643,2560,18727,14,14,17,5.47,,,,,,,,,,,,,,,,,,,,,,,,,,,,4,BL->FR 19,"[FL,BR]->FR 60",40,9,Ra,,
23e246b7-f77d-4588-aa16-09c166929a60,2023-09-09 23:12:22 UTC,false,14207,CFOP,Gan Smart Cube,Gan i Carry,Gan 356i,Jacob Pfeifer,false,false,6048,14207,,L[0] F'[246] F'[430] U[801] F'[1194] R[1304] F[1493] R'[2245] B[2478] R[2625] R[2798] B[2997] R'[3252] B'[3790] L'[4053] B[4090] L[4238] B[4362] L'[4541] B[4645] L[4774] D'[5437] B[5567] D[5791] B'[6432] U[6616] B[6731] B[6801] U'[6886] B'[6947] U[7023] B[7102] U'[7186] R[7755] B'[7882] R'[7971] B'[8166] R[8292] B'[8599] R'[8722] B[8765] U'[9190] B'[9376] U[9451] B[9884] D[10013] B'[10102] D'[10199] B'[10812] R'[10974] U[11218] R[11312] D'[11390] R'[11499] U'[11655] R[11707] D[11800] D[12610] B[12685] D'[12747] B'[12828] D'[13017] R[13053] D[13110] D[13162] B'[13203] D'[13279] B'[13359] D[13443] D'[13607] D[13981] B[14067] D'[14155] R'[14207],cube,,Playground,custom_rules,F' R' D F' B L' B' U D' F U2 F2 D' R2 F2 B2 U L2 F2 B2 D2 B2,random_state,custom_rules,,,,8,BU,0,0,14207,70,70,74,4.93,4293,9914,"",0,Cross,x' L D2' F D' R D,x'[0] L[0] D2'[430] F[801] D'[1194] R[1304] D[1493],false,true,1493,0,1493,1493,6,6,7,4.02,F2L Slot 1,R' U R2 U R' U' L' U L U L' U L B' U B,R'[2245] U[2478] R2[2798] U[2997] R'[3252] U'[3790] L'[4053] U[4090] L[4238] U[4362] L'[4541] U[4645] L[4774] B'[5437] U[5567] B[5791],false,true,4298,752,3546,5791,16,16,17,4.51,F2L Slot 2,U' F U2 F' U' F U F',U'[6432] F[6616] U2[6801] F'[6886] U'[6947] F[7023] U[7102] F'[7186],false,true,1395,825,570,7186,8,8,9,14.04,F2L Slot 3,R U' R' U' R U' R' U F' U' F,R[7755] U'[7882] R'[7971] U'[8166] R[8292] U'[8599] R'[8722] U[8765] F'[9190] U'[9376] F[9451],false,true,2265,569,1696,9451,11,11,11,6.49,F2L Slot 4,U B U' B',U[9884] B[10013] U'[10102] B'[10199],false,true,748,562,186,10199,4,4,4,21.51,OLL,U' R' F R B' R' F' R B,U'[10812] R'[10974] F[11218] R[11312] B'[11390] R'[11499] F'[11655] R[11707] B[11800],false,true,1601,775,826,11800,9,9,9,10.9,PLL,B U B' U' B' R B2 U' B' U' B B' B U B' R',B[12610] U[12685] B'[12747] U'[12828] B'[13017] R[13053] B2[13162] U'[13203] B'[13279] U'[13359] B[13443] B'[13607] B[13981] U[14067] B'[14155] R'[14207],false,true,2407,810,1597,14207,16,16,17,10.02,,,,,,,,,,,,,,,,,,,,,,,,,,,,131,FL->FR 19,"[FL,BL]->FR 47",21,25,T,,
54e64528-7ef1-4947-9b5a-a6152151f40c,2023-09-10 01:28:22 UTC,false,17164,CFOP,Gan Smart Cube,Gan i Carry,Gan 356i,Jacob Pfeifer,false,false,14686,17164,,B'[0] U[179] F'[695] U'[1068] U'[1277] F[1661] B[2347] D'[2673] B'[2816] D'[3099] F[3291] D[3419] F'[3542] D[4649] R[4987] D'[5084] R'[5224] D'[5337] R[5456] D'[5585] R'[5739] D[6049] D[6126] B[6540] D'[6734] B'[6916] D'[8979] D'[9294] L[9629] D[9805] L'[10039] D[10135] L[10358] D'[10523] L'[10691] R[11359] D[11460] D[11510] R'[11576] D[11840] D[11896] R[11961] D'[12026] R'[12105] D[12717] D'[12912] R[13076] D[13166] D[13233] R'[13306] R'[13587] B[13630] R[13754] B'[13910] R[14215] D[14332] D[14383] R'[14451] D'[15106] D'[15325] R[15414] D[15533] R'[15608] B'[16013] R[16093] D[16243] R'[16304] D'[16386] R'[16657] B[16687] R[16789] R[16837] D'[16904] R'[17091] D[17125] D[17164],cube,,Playground,custom_rules,U D2 F2 B U2 R U' R' D2 F U2 F2 B2 L2 D B2 D L2 U' R2 L2 D,random_state,custom_rules,,,,8,DB,0,0,17164,65,65,76,3.79,7446,9718,"",0,Cross,z2 B' D F' D2' F,z2[0] B'[0] D[179] F'[695] D2'[1277] F[1661],false,true,1661,0,1661,1661,5,5,6,3.01,F2L Slot 1,B U' B' U' F U F',B[2347] U'[2673] B'[2816] U'[3099] F[3291] U[3419] F'[3542],false,true,1881,686,1195,3542,7,7,7,5.86,F2L Slot 2,U L U' L' U' L U' L' U2 B U' B',U[4649] L[4987] U'[5084] L'[5224] U'[5337] L[5456] U'[5585] L'[5739] U2[6126] B[6540] U'[6734] B'[6916],false,true,3374,1445,1929,6916,12,12,13,6.22,F2L Slot 3,U2' R U R' U R U' R',U2'[9294] R[9629] U[9805] R'[10039] U[10135] R[10358] U'[10523] R'[10691],false,true,3775,2713,1062,10691,8,8,9,7.53,F2L Slot 4,L U2 L' U2 L U' L',L[11359] U2[11510] L'[11576] U2[11896] L[11961] U'[12026] L'[12105],false,true,1414,668,746,12105,7,7,9,9.38,OLL,U U' L U2 L2' B L B' L U2 L',U[12717] U'[12912] L[13076] U2[13233] L2'[13587] B[13630] L[13754] B'[13910] L[14215] U2[14383] L'[14451],false,true,2346,971,1375,14451,11,11,14,8.0,PLL,U2' L U L' B' L U L' U' L' B L2 U' L' U2,U2'[15325] L[15414] U[15533] L'[15608] B'[16013] L[16093] U[16243] L'[16304] U'[16386] L'[16657] B[16687] L2[16837] U'[16904] L'[17091] U2[17164],false,true,2713,963,1750,17164,15,15,18,8.57,,,,,,,,,,,,,,,,,,,,,,,,,,,,20,BL->FR 1,"[FL,BR]->FR 7",9,35,Jb,,
4f5d4e55-2bb8-4ccd-8ed7-d30e6dbeb858,2023-09-10 13:00:46 UTC,false,16814,CFOP,Gan Smart Cube,Gan i Carry,Gan 356i,Jacob Pfeifer,false,false,18638,16814,,B'[0] D[73] L[631] U'[765] L'[922] B'[1223] R[1399] R[1576] B[3146] B[3301] R'[3717] B'[3935] R[4197] B[5203] B[5740] B[5823] L[6205] B[6403] L'[6672] B[7221] L'[7527] B[7685] B[7795] L[7976] B[8298] U'[8830] B[8889] U[9022] B'[9189] B'[9443] U[9541] B[9649] B[9708] U'[9770] B'[9852] U[9908] B[10002] U'[10072] D'[11251] R'[11385] D[11574] U'[11598] B'[11808] U[11924] B[12029] D'[12279] R[12344] D[12447] D[14221] B'[14382] U[14473] B[14634] B[14697] D'[14875] B[15046] U'[15242] D[15544] B'[15697] U[15796] B[15973] B[16034] D'[16193] B[16323] U'[16454] B[16814],cube,,Playground,custom_rules,U R' D R L B' R U' F' L' U2 R2 U2 D R2 B2 U2 D B2 U R2 B2,random_state,custom_rules,,,,8,BU,0,0,16814,55,56,65,3.27,8476,8338,"",0,Cross,x' U' B L F' L' U' R2,x'[0] U'[0] B[73] L[631] F'[765] L'[922] U'[1223] R2[1576],false,true,1576,0,1576,1576,7,7,8,4.44,F2L Slot 1,U2 R' U' R,U2[3301] R'[3717] U'[3935] R[4197],false,true,2621,2141,480,4197,4,4,5,8.33,F2L Slot 2,U3 L U L',U3[5823] L[6205] U[6403] L'[6672],false,true,2475,2008,467,6672,4,4,6,8.57,F2L Slot 3,U L' U2 L U F' U F,U[7221] L'[7527] U2[7795] L[7976] U[8298] F'[8830] U[8889] F[9022],false,true,2350,855,1495,9022,8,8,9,5.35,F2L Slot 4,U2' F U2 F' U' F U F',U2'[9443] F[9541] U2[9708] F'[9770] U'[9852] F[9908] U[10002] F'[10072],false,true,1050,519,531,10072,8,8,10,15.07,OLL,B' R' S R' F R B' D B z',B'[11251] R'[11385] S[11598] R'[11808] F[11924] R[12029] B'[12279] D[12344] B[12447] z'[13334],false,true,2375,1179,1196,12447,9,10,10,7.53,PLL,B U' F U2 B' U F' B U' F U2 B' U F' U,B[14221] U'[14382] F[14473] U2[14697] B'[14875] U[15046] F'[15242] B[15544] U'[15697] F[15796] U2[16034] B'[16193] U[16323] F'[16454] U[16814],false,true,4367,1774,2593,16814,15,15,17,5.78,,,,,,,,,,,,,,,,,,,,,,,,,,,,12,FL->FR 14,"[BL,BR]->FR 17",19,15,Na,,
70a124ed-79e2-4931-8601-12c278939ba7,2023-09-10 13:01:30 UTC,false,22248,CFOP,Gan Smart Cube,Gan i Carry,Gan 356i,Jacob Pfeifer,false,false,7027,22248,,F'[0] U[45] B'[337] B'[425] L[1082] U[1392] F[1635] F[1708] F[5048] U[5227] F'[5440] U[6166] B[6657] U[6841] B'[7068] R[7834] U[8022] R'[8261] U'[8916] L[9126] U[9262] U[9375] L'[9536] B[9716] U[9941] B'[10293] U[11673] L'[12205] U[12280] L[12443] U'[12667] F[13060] U'[13361] F'[13804] L[14511] U'[14609] L'[14727] U'[14835] L[14890] U'[15058] L'[15182] U[15284] L[15415] U'[15490] L'[15592] F[16488] U[16707] R[16871] U'[17041] R'[17129] F'[17571] B[17835] L[18023] U[18159] L'[18232] U'[18300] B'[18483] L[19655] L[19760] D[20125] F'[20260] U[20521] F'[20604] U'[20693] F[20775] D'[20945] L[21046] L[21166] B'[21765] U[21857] B[21975] U[22186] U[22248],cube,,Playground,custom_rules,R' B L' F2 U' R2 L' B U' F' B2 U F2 B2 L2 D' F2 D' R2 U2 F2,random_state,custom_rules,,,,8,UF,0,0,22248,66,67,73,2.97,8997,13251,"",0,Cross,F' U B2' L U F2,F'[0] U[45] B2'[425] L[1082] U[1392] F2[1708],false,true,1708,0,1708,1708,6,6,8,3.51,F2L Slot 1,F U F' U B U B' R U R',F[5048] U[5227] F'[5440] U[6166] B[6657] U[6841] B'[7068] R[7834] U[8022] R'[8261],false,true,6553,3340,3213,8261,10,10,10,3.11,F2L Slot 2,U' L U2 L' B U B',U'[8916] L[9126] U2[9375] L'[9536] B[9716] U[9941] B'[10293],false,true,2032,865,1167,10293,7,7,8,6.0,F2L Slot 3,U L' U L U' F U' F',U[11673] L'[12205] U[12280] L[12443] U'[12667] F[13060] U'[13361] F'[13804],false,true,3511,1912,1599,13804,8,8,8,5.0,F2L Slot 4,L U' L' U' L U' L' U L U' L',L[14511] U'[14609] L'[14727] U'[14835] L[14890] U'[15058] L'[15182] U[15284] L[15415] U'[15490] L'[15592],false,true,1788,707,1081,15592,11,11,11,10.18,OLL,F U R U' R' S U R U' R' B' z',F[16488] U[16707] R[16871] U'[17041] R'[17129] S[17835] U[18023] R[18159] U'[18232] R'[18300] B'[18483] z'[19069],false,true,2891,896,1995,18483,11,12,12,5.51,PLL,L2 D F' U F' U' F D' L2 B' U B U2,L2[19760] D[20125] F'[20260] U[20521] F'[20604] U'[20693] F[20775] D'[20945] L2[21166] B'[21765] U[21857] B[21975] U2[22248],false,true,3765,1277,2488,22248,13,13,16,5.23,,,,,,,,,,,,,,,,,,,,,,,,,,,,156,FL->FR 19,"[BL,BR]->FR 40",1,22,Ga,,
306532ac-37f1-409d-b1c7-1dd57a708d71,2023-09-10 13:02:11 UTC,false,18385,CFOP,Gan Smart Cube,Gan i Carry,Gan 356i,Jacob Pfeifer,false,false,6311,18385,,L'[0] D[92] F'[492] R[610] F'[1326] D'[1537] F[1615] D[2319] L'[2795] D[2891] L[3141] D[3380] D[3482] B'[3806] D'[4025] B[4262] D[4653] D[4806] F[5225] D[5392] F'[5777] D[7584] D[7678] F'[8142] D'[8560] F[8693] D[8896] F'[9073] D'[9192] F[9283] D'[9684] B'[10035] D'[10204] B[10363] D[10726] L[11144] D'[11266] L'[11384] D'[11565] D[12130] F[12258] L'[12372] F'[12502] L[12538] D[13088] D[13204] L'[13528] F[13778] L[13882] B'[14149] L'[14339] F'[14604] L[14652] B[14775] D[16094] B[16462] B[16551] U[16761] R'[16864] D[17113] R'[17227] D'[17317] R[17423] U'[17589] B[17648] B[17740] L'[18250] D[18296] L[18385],cube,,Playground,custom_rules,U' B' U D' R U2 F2 B R' U2 R2 U R2 D' B2 D2 L2 D B2 L2 D F2,random_state,custom_rules,,,,8,DB,0,0,18385,63,63,69,3.43,7293,11092,"",0,Cross,z2 R' U F' L,z2[0] R'[0] U[92] F'[492] L[610],false,true,610,0,610,610,4,4,4,6.56,F2L Slot 1,F' U' F U R' U R,F'[1326] U'[1537] F[1615] U[2319] R'[2795] U[2891] R[3141],false,true,2531,716,1815,3141,7,7,7,3.86,F2L Slot 2,U2 B' U' B U2 F U F',U2[3482] B'[3806] U'[4025] B[4262] U2[4806] F[5225] U[5392] F'[5777],false,true,2636,665,1971,5777,8,8,10,4.06,F2L Slot 3,U2 F' U' F U F' U' F U' B' U' B,U2[7678] F'[8142] U'[8560] F[8693] U[8896] F'[9073] U'[9192] F[9283] U'[9684] B'[10035] U'[10204] B[10363],false,true,4586,2365,2221,10363,12,12,13,5.4,F2L Slot 4,U R U' R' U' U F R' F' R,U[10726] R[11144] U'[11266] R'[11384] U'[11565] U[12130] F[12258] R'[12372] F'[12502] R[12538],false,true,2175,781,1394,12538,10,10,10,7.17,OLL,U2 R' F R B' R' F' R B,U2[13204] R'[13528] F[13778] R[13882] B'[14149] R'[14339] F'[14604] R[14652] B[14775],false,true,2237,990,1247,14775,9,9,10,7.22,PLL,U B2 D L' U L' U' L D' B2 R' U R,U[16094] B2[16551] D[16761] L'[16864] U[17113] L'[17227] U'[17317] L[17423] D'[17589] B2[17740] R'[18250] U[18296] R[18385],false,true,3610,1776,1834,18385,13,13,15,7.09,,,,,,,,,,,,,,,,,,,,,,,,,,,,11,BL->FR 92,"[FL,BR]->FR 55",28,25,Ga,,
4fef968c-6b25-4e5d-866d-e8725f9535e2,2023-09-10 13:03:32 UTC,false,16153,CFOP,Gan Smart Cube,Gan i Carry,Gan 356i,Jacob Pfeifer,false,false,42462,16153,,B[0] D'[188] F'[584] F'[680] D'[944] F'[1428] R[2020] U'[2929] U[3206] R'[3544] U'[3644] R[3735] U[3878] R'[4083] U'[4243] R[4349] U[4812] F'[5186] U[5370] F[5742] U'[5977] L'[6274] U[6319] L[6488] R[6738] U'[6875] R'[7050] U[7136] F'[7563] U[7638] F[7835] U[8677] U[9156] U[9566] L[9696] U'[9786] L'[9887] U[10973] U[11211] L[11543] U[11659] U[11741] L'[11852] U'[11971] U'[12161] L'[12331] B[12385] L[12501] B'[12687] L[14055] F'[14155] L'[14258] B[14315] L[14437] F[14565] L'[14647] B'[14773] L[14846] F[14953] L'[15042] B[15126] L[15422] F'[15737] L'[15877] B'[16004] U[16093] U[16153],cube,,Playground,custom_rules,R' F2 D' R2 L2 D F D L' B' U R2 F2 D2 B2 U' R2 D' B2 U' F2 R2,random_state,custom_rules,,,,8,UF,0,0,16153,60,60,67,3.71,7496,8657,"",0,Cross,B D' F2' D' F' R,B[0] D'[188] F2'[680] D'[944] F'[1428] R[2020],false,true,2020,0,2020,2020,6,6,7,2.97,F2L Slot 1,U' U R' U' R U R' U' R,U'[2929] U[3206] R'[3544] U'[3644] R[3735] U[3878] R'[4083] U'[4243] R[4349],false,true,2329,1524,805,4349,9,9,9,11.18,F2L Slot 2,U F' U F U' L' U L,U[4812] F'[5186] U[5370] F[5742] U'[5977] L'[6274] U[6319] L[6488],false,true,2139,837,1302,6488,8,8,8,6.14,F2L Slot 3,R U' R' U F' U F,R[6738] U'[6875] R'[7050] U[7136] F'[7563] U[7638] F[7835],false,true,1347,250,1097,7835,7,7,7,6.38,F2L Slot 4,U3 L U' L',U3[9566] L[9696] U'[9786] L'[9887],false,true,2052,1861,191,9887,4,4,6,20.94,OLL,U2 L U2 L' U2' L' B L B',U2[11211] L[11543] U2[11741] L'[11852] U2'[12161] L'[12331] B[12385] L[12501] B'[12687],false,true,2800,1656,1144,12687,9,9,12,7.87,PLL,L F' L' B L F L' B' L F L' B L F' L' B' U2,L[14055] F'[14155] L'[14258] B[14315] L[14437] F[14565] L'[14647] B'[14773] L[14846] F[14953] L'[15042] B[15126] L[15422] F'[15737] L'[15877] B'[16004] U2[16153],false,true,3466,1368,2098,16153,17,17,18,8.1,,,,,,,,,,,,,,,,,,,,,,,,,,,,29,BL->FR 71,"[FL,BR]->FR 40",21,8,E,,
f4c82e93-54cb-4055-be64-8760b4289afb,2023-09-10 13:05:08 UTC,false,19001,CFOP,Gan Smart Cube,Gan i Carry,Gan 356i,Jacob Pfeifer,false,false,13694,19001,,F[0] U'[167] L'[643] D'[1442] D'[1722] R[2258] U[2454] R'[2854] L'[3177] D'[3401] L[3474] L[3592] D[3779] F'[4317] L'[4619] F[4807] L[5778] L[6155] D'[6605] L'[6776] D[6977] L'[7188] D'[7378] L[7456] D[7808] D[9626] L'[9804] D'[9899] L[10135] B'[10504] L'[10626] B[10795] L[11222] U'[11722] L[11765] U[11870] L'[11941] U'[12042] L'[12143] U[12204] L[12822] L[13660] L[13739] U'[13974] F[14224] U[14360] L[14488] U'[14569] L'[14648] F'[14838] L[15006] U[15198] U'[16691] L[16748] L[16805] U[16906] L'[17051] L'[17193] U'[17404] F[17435] U[17571] L[17676] U'[17729] L'[17811] U'[18037] F'[18157] U[18236] U[18769] L[19001],cube,,Playground,custom_rules,F' U2 R' B R' L2 D L' D2 B U R2 U2 R2 B2 U' F2 R2 F2 U2 R2 L2,random_state,custom_rules,,,,8,LU,0,0,19001,62,62,69,3.26,8353,10648,"",0,Cross,z F R' U' L2' D R D',z[0] F[0] R'[167] U'[643] L2'[1722] D[2258] R[2454] D'[2854],false,true,2854,0,2854,2854,7,7,8,2.45,F2L Slot 1,U' L' U2 L F' U' F,U'[3177] L'[3401] U2[3592] L[3779] F'[4317] U'[4619] F[4807],false,true,1953,547,1406,4807,7,7,8,4.98,F2L Slot 2,U2 L' U' L U' L' U L,U2[6155] L'[6605] U'[6776] L[6977] U'[7188] L'[7378] U[7456] L[7808],false,true,3001,1798,1203,7808,8,8,9,6.65,F2L Slot 3,L U' L' U B' U' B,L[9626] U'[9804] L'[9899] U[10135] B'[10504] U'[10626] B[10795],false,true,2987,1818,1169,10795,7,7,7,5.99,F2L Slot 4,U R' U R U' R' U' R,U[11222] R'[11722] U[11765] R[11870] U'[11941] R'[12042] U'[12143] R[12204],false,true,1409,927,482,12204,8,8,8,16.6,OLL,U U2 R' F R U R' U' F' U R,U[12822] U2[13739] R'[13974] F[14224] R[14360] U[14488] R'[14569] U'[14648] F'[14838] U[15006] R[15198],false,true,2994,1770,1224,15198,11,11,12,8.99,PLL,R' U2 R U2' R' F R U R' U' R' F' R2 U,R'[16691] U2[16805] R[16906] U2'[17193] R'[17404] F[17435] R[17571] U[17676] R'[17729] U'[17811] R'[18037] F'[18157] R2[18769] U[19001],false,true,3803,1493,2310,19001,14,14,17,6.06,,,,,,,,,,,,,,,,,,,,,,,,,,,,4,BR->FR 16,"[BL,BR]->FR 18",6,40,Rb,,
94c0ffd6-590c-4ca1-a485-45ae673c0fa6,2023-09-10 13:04:17 UTC,false,16959,CFOP,Gan Smart Cube,Gan i Carry,Gan 356i,Jacob Pfeifer,false,false,11218,16959,,D'[0] R[73] F'[433] U[506] R'[1694] R'[1974] R'[2400] U'[2864] R[2919] U[3044] R'[3288] B[3867] R'[4139] B'[4319] R[4715] R[4824] B'[5283] R'[5631] B[5743] R[5950] R[6080] F[6536] R[6772] F'[7047] R[7296] B'[7559] R[7634] B[7907] B'[7974] B[8031] R[8286] R[8387] B'[8801] R[8915] B[9192] R'[9395] D[9778] R[9883] R[9940] D'[10022] R'[10093] D[10167] R[10253] D'[10331] U[11054] D'[11193] F[11278] U'[11535] D[11578] R[11708] R[11807] U[11935] D'[11954] F[12174] U'[12357] D[12481] R[14168] R'[14432] D'[14644] R[14706] D'[14807] R'[15084] B'[15332] D'[15412] B[15475] B[15539] R'[15607] B'[15690] R[15743] B'[15867] D[15976] B[16073] D[16280] R'[16532] R[16710] R[16959],cube,,Playground,custom_rules,U D2 R U R B' U2 R2 F U' L U' R2 L2 U2 B2 D' L2 B2 U' L2 U,random_state,custom_rules,,,,8,RU,0,0,16959,63,67,76,3.71,7445,9514,"",0,Cross,z' R' U F' L,z'[0] R'[0] U[73] F'[433] L[506],false,true,506,0,506,506,4,4,4,7.91,F2L Slot 1,U3' L' U L U' B U' B',U3'[2400] L'[2864] U[2919] L[3044] U'[3288] B[3867] U'[4139] B'[4319],false,true,3813,2358,1455,4319,8,8,10,5.5,F2L Slot 2,U2 B' U' B U2 F U F',U2[4824] B'[5283] U'[5631] B[5743] U2[6080] F[6536] U[6772] F'[7047],false,true,2728,964,1764,7047,8,8,10,4.54,F2L Slot 3,U B' U B B' B U2 B' U B,U[7296] B'[7559] U[7634] B[7907] B'[7974] B[8031] U2[8387] B'[8801] U[8915] B[9192],false,true,2145,512,1633,9192,10,10,11,6.12,F2L Slot 4,U' R U2 R' U' R U R',U'[9395] R[9778] U2[9940] R'[10022] U'[10093] R[10167] U[10253] R'[10331],false,true,1139,586,553,10331,8,8,9,14.47,OLL,M' U M U2 M' U M,M'[11193] U[11278] M[11578] U2[11807] M'[11954] U[12174] M[12481],false,true,2150,862,1288,12481,7,11,12,5.43,PLL,U U' R' U R' U' B' R' B2 U' B' U B' R B R U' U2,U[14168] U'[14432] R'[14644] U[14706] R'[14807] U'[15084] B'[15332] R'[15412] B2[15539] U'[15607] B'[15690] U[15743] B'[15867] R[15976] B[16073] R[16280] U'[16532] U2[16959],false,true,4478,2163,2315,16959,18,18,20,7.78,,,,,,,,,,,,,,,,,,,,,,,,,,,,37,BL->FR 92,"[FL,BR]->FR 38",19,28,V,,
e8e7e755-ee61-4c4a-9723-5b77776d5833,2023-09-10 13:05:59 UTC,false,19514,CFOP,Gan Smart Cube,Gan i Carry,Gan 356i,Jacob Pfeifer,false,false,13972,19514,,F[0] U[200] U[354] L[1254] B'[1757] L'[2151] L'[2484] R'[2790] B[2962] R'[3175] B'[3364] R[3483] B[3674] R[3901] B'[4375] R[4732] R'[5341] F'[6064] R'[6359] F[6473] R[6710] B'[7589] R'[7773] B[7903] R'[8728] D[10156] R'[10280] D'[10416] R'[10527] D[10631] R'[10785] D'[10954] R[11069] D[11345] R'[11613] D'[11765] R[12887] F[14004] R[14104] R[14163] F'[14275] R[14590] R[14669] F[14741] R'[14837] F'[14909] R'[16090] U[16293] F[16445] R[16565] F'[16618] R'[16703] F[16767] R[16873] F'[16918] R'[16987] U'[17108] R[17850] F'[18202] R[18262] B'[18433] R[18665] R[18727] F[18828] R'[18912] F'[19052] R[19104] R[19149] F[19251] B[19324] R'[19514],cube,,Playground,custom_rules,U2 R F L' F2 U2 F U F' B' U F2 L2 D2 F2 D F2 U' R2 B2 U' B2,random_state,custom_rules,,,,8,RU,0,0,19514,65,65,71,3.33,9137,10377,"",0,Cross,z' F L2 D B' D2',z'[0] F[0] L2[354] D[1254] B'[1757] D2'[2484],false,true,2484,0,2484,2484,5,5,7,2.01,F2L Slot 1,U' B U' B' U B U B',U'[2790] B[2962] U'[3175] B'[3364] U[3483] B[3674] U[3901] B'[4375],false,true,1891,478,1413,4375,8,8,8,5.66,F2L Slot 2,U U' F' U' F U B' U' B,U[4732] U'[5341] F'[6064] U'[6359] F[6473] U[6710] B'[7589] U'[7773] B[7903],false,true,3528,1689,1839,7903,9,9,9,4.89,F2L Slot 3,U' R U' R' U' R U' R' U R U' R',U'[8728] R[10156] U'[10280] R'[10416] U'[10527] R[10631] U'[10785] R'[10954] U[11069] R[11345] U'[11613] R'[11765],false,true,3862,2253,1609,11765,12,12,12,7.46,F2L Slot 4,U F U2 F' U2 F U' F',U[12887] F[14004] U2[14163] F'[14275] U2[14669] F[14741] U'[14837] F'[14909],false,true,3144,2239,905,14909,8,8,10,8.84,OLL,U' L F U F' U' F U F' U' L',U'[16090] L[16293] F[16445] U[16565] F'[16618] U'[16703] F[16767] U[16873] F'[16918] U'[16987] L'[17108],false,true,2199,1384,815,17108,11,11,11,13.5,PLL,U F' U B' U2 F U' F' U2 F B U',U[17850] F'[18202] U[18262] B'[18433] U2[18727] F[18828] U'[18912] F'[19052] U2[19149] F[19251] B[19324] U'[19514],false,true,2406,1094,1312,19514,12,12,14,9.15,,,,,,,,,,,,,,,,,,,,,,,,,,,,20,FL->FR 18,"[BL,BR]->FR 1",9,48,Ja,,
56030e96-001c-4e1a-b29b-d29f4419ccb4,2023-09-10 13:06:38 UTC,false,14788,CFOP,Gan Smart Cube,Gan i Carry,Gan 356i,Jacob Pfeifer,false,false,7110,14788,,L[0] B[184] L[419] L[515] F[714] F[865] D'[1356] D'[1660] U[1945] F'[2280] U[2341] F[2441] L'[2975] U'[3181] L[3310] U[4254] U'[4781] L[5068] U'[5234] L'[5418] U[5529] B'[5880] U'[6047] B[6156] B[6486] U'[6672] B'[6835] U'[7010] F'[7160] U'[7486] F[7674] R'[8490] U'[8606] R[8670] U[8943] U[9007] R'[9287] U[9321] R[9402] U'[10062] L'[10254] U'[10435] L[10497] U'[10776] L'[10911] U[10944] L[11058] U[11190] L[11302] F'[11387] L'[11513] F[11553] U[12509] R[12879] U[12960] R'[13048] F[13408] F[13491] D'[13777] L[13878] U'[13990] L'[14130] U[14156] L'[14243] D[14420] F[14562] F[14618] U[14788],cube,,Playground,custom_rules,B2 L' F R2 F D' R2 F R' D' L2 B2 D2 R2 U B2 L2 D' B2 D F2,random_state,custom_rules,,,,8,UF,0,0,14788,61,61,68,4.12,5702,9086,"",0,Cross,L B L2 F2 D2',L[0] B[184] L2[515] F2[865] D2'[1660],false,true,1660,0,1660,1660,5,5,8,3.01,F2L Slot 1,U F' U F L' U' L,U[1945] F'[2280] U[2341] F[2441] L'[2975] U'[3181] L[3310],false,true,1650,620,1030,3310,7,7,7,6.8,F2L Slot 2,U U' L U' L' U B' U' B,U[4254] U'[4781] L[5068] U'[5234] L'[5418] U[5529] B'[5880] U'[6047] B[6156],false,true,2846,1758,1088,6156,9,9,9,8.27,F2L Slot 3,B U' B' U' F' U' F,B[6486] U'[6672] B'[6835] U'[7010] F'[7160] U'[7486] F[7674],false,true,1518,330,1188,7674,7,7,7,5.89,F2L Slot 4,R' U' R U2 R' U R,R'[8490] U'[8606] R[8670] U2[9007] R'[9287] U[9321] R[9402],false,true,1728,816,912,9402,7,7,8,7.68,OLL,U' L' U' L U' L' U L U L F' L' F,U'[10062] L'[10254] U'[10435] L[10497] U'[10776] L'[10911] U[10944] L[11058] U[11190] L[11302] F'[11387] L'[11513] F[11553],false,true,2151,852,1299,11553,13,13,13,10.01,PLL,U R U R' F2 D' L U' L' U L' D F2 U,U[12509] R[12879] U[12960] R'[13048] F2[13491] D'[13777] L[13878] U'[13990] L'[14130] U[14156] L'[14243] D[14420] F2[14618] U[14788],false,true,3235,1326,1909,14788,14,14,16,7.33,,,,,,,,,,,,,,,,,,,,,,,,,,,,6,BR->FR 18,"[FL,BL]->FR 23",11,36,Gd,,
bfe60629-3f2e-4b9b-9705-2a61b2a5f9e7,2023-09-10 13:07:36 UTC,false,17019,CFOP,Gan Smart Cube,Gan i Carry,Gan 356i,Jacob Pfeifer,false,false,21630,17019,,B[0] U'[125] B'[287] B'[472] L'[1098] L'[1393] B'[1909] R[2693] R[2796] B[3093] R[3183] B'[3263] R'[3328] B[3401] R[3499] B'[3604] R'[3714] B[3790] R[4023] B'[4251] F'[5110] R'[5508] F[5700] R'[6000] D[6506] R[6681] D'[7041] B'[8437] R'[8628] B[8719] F[9119] R[9199] F'[9331] R'[9458] B'[9668] R[9730] B[9848] R[11027] R[11137] F[11327] R'[11509] F'[11635] R'[11711] F[11796] R'[11913] F'[12045] F[12119] F'[12202] R[12286] F[12367] R'[12454] F'[12536] R[13203] F[13515] R[13616] R[13677] F'[13747] F'[14007] U[14041] F[14167] U'[14317] F[14612] R[14726] R[14790] F'[14876] R[15481] F'[15822] R[15893] B'[15998] R[16222] R[16285] F[16341] R'[16438] F'[16567] R[16622] R[16660] F[16744] B[16907] R'[17019],cube,,Playground,custom_rules,R D B' R F U' B2 U R U' F2 U2 L2 D R2 F2 U2 R2 D F2 L2 B2,random_state,custom_rules,,,,8,RU,0,0,17019,70,70,79,4.11,6843,10176,"",0,Cross,z' B L' B2' D2' B',z'[0] B[0] L'[125] B2'[472] D2'[1393] B'[1909],false,true,1909,0,1909,1909,5,5,7,2.62,F2L Slot 1,U2 B U B' U' B U B' U' B U B',U2[2796] B[3093] U[3183] B'[3263] U'[3328] B[3401] U[3499] B'[3604] U'[3714] B[3790] U[4023] B'[4251],false,true,2342,1184,1158,4251,12,12,13,10.36,F2L Slot 2,F' U' F U' R U R',F'[5110] U'[5508] F[5700] U'[6000] R[6506] U[6681] R'[7041],false,true,2790,859,1931,7041,7,7,7,3.63,F2L Slot 3,B' U' B F U F' U' B' U B,B'[8437] U'[8628] B[8719] F[9119] U[9199] F'[9331] U'[9458] B'[9668] U[9730] B[9848],false,true,2807,1396,1411,9848,10,10,10,7.09,F2L Slot 4,U2 F U' F' U' F U' F' F F' U F U' F',U2[11137] F[11327] U'[11509] F'[11635] U'[11711] F[11796] U'[11913] F'[12045] F[12119] F'[12202] U[12286] F[12367] U'[12454] F'[12536],false,true,2688,1479,1209,12536,14,14,15,11.58,OLL,U F U2 F2' L F L' F U2 F',U[13203] F[13515] U2[13677] F2'[14007] L[14041] F[14167] L'[14317] F[14612] U2[14790] F'[14876],false,true,2340,979,1361,14876,10,10,13,7.35,PLL,U F' U B' U2 F U' F' U2 F B U',U[15481] F'[15822] U[15893] B'[15998] U2[16285] F[16341] U'[16438] F'[16567] U2[16660] F[16744] B[16907] U'[17019],false,true,2143,946,1197,17019,12,12,14,10.03,,,,,,,,,,,,,,,,,,,,,,,,,,,,49,BR->FR 47,"[FL,BL]->FR 51",1,35,Ja,,
2064e140-bfa9-4d4f-9d2a-d43bad38ca13,2023-09-10 13:08:27 UTC,false,15949,CFOP,Gan Smart Cube,Gan i Carry,Gan 356i,Jacob Pfeifer,false,false,15465,15949,,D[0] F[118] R[597] B[838] B[927] R[1157] D'[1595] D'[1684] D[2083] R'[2354] D'[2479] R'[2629] D[2922] R'[3042] D'[3173] B[3745] R'[3997] B'[4148] F'[4866] R[4946] F[5087] F[5183] R'[5662] F'[5786] F'[6382] R[6483] R[6573] F[6708] R'[6994] B'[7233] R'[7458] B[7608] R[8487] R[8629] D[9032] R[9132] D'[9363] R[9478] F'[9809] R'[9923] F[9993] R[10523] D[10847] R[11009] B[11118] R'[11184] B'[11256] D'[11421] R[12333] R[12800] F'[13358] U[13437] F'[13579] D[13758] D[14350] F[14605] U'[14713] F'[14842] D[14987] D[15228] F[15721] F[15813] R'[15949],cube,,Playground,custom_rules,F R B' L U D' B2 U2 L F R2 D L2 F2 R2 B2 D' R2 U' L2 F2 U2,random_state,custom_rules,,,,8,RU,0,0,15949,53,53,63,3.32,5928,10021,"",0,Cross,z' R F U B2 U R2',z'[0] R[0] F[118] U[597] B2[927] U[1157] R2'[1684],false,true,1684,0,1684,1684,6,6,8,3.56,F2L Slot 1,R U' R' U' R U' R' B U' B',R[2083] U'[2354] R'[2479] U'[2629] R[2922] U'[3042] R'[3173] B[3745] U'[3997] B'[4148],false,true,2464,399,2065,4148,10,10,10,4.84,F2L Slot 2,F' U F2 U' F',F'[4866] U[4946] F2[5183] U'[5662] F'[5786],false,true,1638,718,920,5786,5,5,6,5.43,F2L Slot 3,F' U2 F U' B' U' B,F'[6382] U2[6573] F[6708] U'[6994] B'[7233] U'[7458] B[7608],false,true,1822,596,1226,7608,7,7,8,5.71,F2L Slot 4,U2 R U R' U F' U' F,U2[8629] R[9032] U[9132] R'[9363] U[9478] F'[9809] U'[9923] F[9993],false,true,2385,1424,961,9993,8,8,9,8.32,OLL,U R U B U' B' R',U[10523] R[10847] U[11009] B[11118] U'[11184] B'[11256] R'[11421],false,true,1428,854,574,11421,7,7,7,12.2,PLL,U2 F' L F' R2 F L' F' R2 F2 U',U2[12800] F'[13358] L[13437] F'[13579] R2[14350] F[14605] L'[14713] F'[14842] R2[15228] F2[15813] U'[15949],false,true,4528,1937,2591,15949,11,11,15,4.25,,,,,,,,,,,,,,,,,,,,,,,,,,,,1,BL->FR 67,"[FL,BR]->FR 4",36,44,Aa,,
74a836f9-d893-46ce-974e-081fb4f379e6,2023-09-10 13:09:49 UTC,false,16952,CFOP,Gan Smart Cube,Gan i Carry,Gan 356i,Jacob Pfeifer,false,false,12803,16952,,U'[0] U'[254] F[756] B'[790] U[1263] D'[1786] L'[2045] D[2160] L[2676] D[2852] R'[3217] D[3310] R[3458] D'[3639] R'[3835] D'[4137] R[4275] D'[4573] D'[4815] R[4961] D[5235] D[5300] R'[5441] D'[5862] F'[6104] D'[6259] F[6399] D[7875] B'[8180] D'[8386] B[8559] D'[8843] B'[8954] D[9022] B[9121] D[10012] D[10116] B'[11018] F[11183] L[11417] F[11622] L[11775] F'[11863] L'[12004] B[12459] F'[12468] F'[12577] R[12628] F[12766] R'[12958] D'[14296] F[14857] F[14933] U[15168] L'[15308] D[15531] L'[15641] D'[15721] L[15825] U'[15969] F[16024] F[16130] R'[16593] D[16688] R[16871] D'[16952],cube,,Playground,custom_rules,R' U L' U2 F L2 U2 D' L U2 B2 U' R2 B2 R2 U L2 U B2 L2 D L2,random_state,custom_rules,,,,8,DB,0,0,16952,57,60,66,3.36,7827,8871,"",0,Cross,z' L2' S' D,z'[127] L2'[254] S'[790] D[1263],false,true,1009,0,1009,1263,3,4,5,2.97,F2L Slot 1,U' R' U R,U'[1786] R'[2045] U[2160] R[2676],false,true,1413,782,631,2676,4,4,4,6.34,F2L Slot 2,U L' U L U' L' U' L,U[2852] L'[3217] U[3310] L[3458] U'[3639] L'[3835] U'[4137] L[4275],false,true,1599,541,1058,4275,8,8,8,7.56,F2L Slot 3,U2' L U2 L' U' F' U' F,U2'[4815] L[4961] U2[5300] L'[5441] U'[5862] F'[6104] U'[6259] F[6399],false,true,2124,686,1438,6399,8,8,10,5.56,F2L Slot 4,U B' U' B U' B' U B,U[7875] B'[8180] U'[8386] B[8559] U'[8843] B'[8954] U[9022] B[9121],false,true,2722,1781,941,9121,8,8,8,8.5,OLL,U2 S' U F U F' U' S F' L F L',U2[10116] S'[11183] U[11417] F[11622] U[11775] F'[11863] U'[12004] S[12468] F'[12577] L[12628] F[12766] L'[12958],false,true,3837,2062,1775,12958,12,14,15,6.76,PLL,U' F2 D R' U R' U' R D' F2 L' U L U',U'[14296] F2[14933] D[15168] R'[15308] U[15531] R'[15641] U'[15721] R[15825] D'[15969] F2[16130] L'[16593] U[16688] L[16871] U'[16952],false,true,3994,1975,2019,16952,14,14,16,6.93,,,,,,,,,,,,,,,,,,,,,,,,,,,,5,BL->FR 6,"[FL,BR]->FR 24",16,19,Ga,,
4a7f1432-5159-450e-bfe2-d773f5d54785,2023-09-10 13:11:15 UTC,false,17007,CFOP,Gan Smart Cube,Gan i Carry,Gan 356i,Jacob Pfeifer,false,false,6807,17007,,D'[0] R[104] U'[505] B[739] B[828] D'[1223] B[1526] D[1817] F[2639] U'[2784] F'[2927] U[3124] U[3244] F'[3691] U[3799] F[3941] U'[4142] B'[4590] U'[4793] B[4872] U[4997] B'[5134] U'[5263] B[5317] L'[5856] U'[5947] L[6165] U'[6755] U'[7148] L[7370] U'[7572] L'[7713] U'[8060] B[8270] U'[8492] B'[8714] U'[9471] U'[9716] L[9826] U[9902] L'[10016] U[10055] L[10221] U[10325] L'[10381] U[11120] U'[12510] B[12657] L[12789] U[12907] L'[12965] U'[13049] L[13099] U[13169] L'[13254] U'[13325] B'[13698] U[14691] L'[15069] U[15117] U[15192] L'[15438] U'[15568] F'[15865] L'[15989] F[16047] F[16124] U'[16197] F'[16297] U[16336] F'[16439] L[16569] F[16646] U'[16740] L[16866] U[17007],cube,,Playground,custom_rules,R2 U2 L' D' R D R D' F R B2 U' R2 B2 U' R2 D2 B2 U B2 U',random_state,custom_rules,,,,8,UF,0,0,17007,70,70,76,4.12,7435,9572,"",0,Cross,D' R U' B2 D' B D,D'[0] R[104] U'[505] B2[828] D'[1223] B[1526] D[1817],false,true,1817,0,1817,1817,7,7,8,3.85,F2L Slot 1,F U' F' U2 F' U F,F[2639] U'[2784] F'[2927] U2[3244] F'[3691] U[3799] F[3941],false,true,2124,822,1302,3941,7,7,8,5.38,F2L Slot 2,U' B' U' B U B' U' B L' U' L,U'[4142] B'[4590] U'[4793] B[4872] U[4997] B'[5134] U'[5263] B[5317] L'[5856] U'[5947] L[6165],false,true,2224,649,1575,6165,11,11,11,6.98,F2L Slot 3,U2' L U' L' U' B U' B',U2'[7148] L[7370] U'[7572] L'[7713] U'[8060] B[8270] U'[8492] B'[8714],false,true,2549,1205,1344,8714,8,8,9,5.95,F2L Slot 4,U2' L U L' U L U L',U2'[9716] L[9826] U[9902] L'[10016] U[10055] L[10221] U[10325] L'[10381],false,true,1667,1112,555,10381,8,8,9,14.41,OLL,U U' B L U L' U' L U L' U' B',U[11120] U'[12510] B[12657] L[12789] U[12907] L'[12965] U'[13049] L[13099] U[13169] L'[13254] U'[13325] B'[13698],false,true,3317,2276,1041,13698,12,12,12,11.53,PLL,U L' U2 L' U' F' L' F2 U' F' U F' L F U' L U,U[14691] L'[15069] U2[15192] L'[15438] U'[15568] F'[15865] L'[15989] F2[16124] U'[16197] F'[16297] U[16336] F'[16439] L[16569] F[16646] U'[16740] L[16866] U[17007],false,true,3309,1371,1938,17007,17,17,19,8.77,,,,,,,,,,,,,,,,,,,,,,,,,,,,46,BR->FR 94,"[FL,BL]->FR 60",8,48,F,,
30076ce9-5191-4c81-9c95-33023a0b3ca4,2023-09-10 13:10:35 UTC,false,19699,CFOP,Gan Smart Cube,Gan i Carry,Gan 356i,Jacob Pfeifer,false,false,5391,19699,,R[0] D'[194] B'[1068] F[1077] R'[1654] U'[2915] F'[3449] U[3640] U[3762] F[3948] U'[4138] F'[4333] U[4493] F[4780] B[5418] U[5512] B'[5643] U'[5710] B[5790] U[5880] B'[6022] U'[6389] U'[6856] L[7080] U[7431] L'[7813] U'[9257] F[9389] U[9542] F'[9738] U[9840] U[9949] F[10134] U'[10311] F'[10597] U[11290] U'[11511] U[12117] U[12197] B[12650] U'[12954] B'[13109] U[13170] B[13330] U[13465] B'[13585] U[14098] U'[14371] F[14723] U[14809] U[14876] F'[14954] U'[15003] F[15094] U'[15186] F'[15257] U[17020] F[17330] R'[17448] F[17558] L[17752] L[17957] F'[18157] R[18248] F[18416] L[18618] L[19281] F'[19490] F'[19612] U[19642] U[19699],cube,,Playground,custom_rules,F2 B' D' R' F R' L F U F L2 D2 F2 R2 B2 U' B2 D2 R2 B2 D' R2,random_state,custom_rules,,,,8,UF,0,0,19699,61,62,71,3.1,9273,10426,"",0,Cross,z D L' S' R',z[0] D[0] L'[194] S'[1077] R'[1654],false,true,1654,0,1654,1654,4,5,5,2.42,F2L Slot 1,U' F' U2 F U' F' U F,U'[2915] F'[3449] U2[3762] F[3948] U'[4138] F'[4333] U[4493] F[4780],false,true,3126,1795,1331,4780,8,8,9,6.01,F2L Slot 2,B U B' U' B U B' U2' L U L',B[5418] U[5512] B'[5643] U'[5710] B[5790] U[5880] B'[6022] U2'[6856] L[7080] U[7431] L'[7813],false,true,3033,638,2395,7813,11,11,12,4.59,F2L Slot 3,U' F U F' U2 F U' F',U'[9257] F[9389] U[9542] F'[9738] U2[9949] F[10134] U'[10311] F'[10597],false,true,2784,1576,1208,10597,8,8,9,6.62,F2L Slot 4,U U' U2 B U' B' U B U B',U[11290] U'[11511] U2[12197] B[12650] U'[12954] B'[13109] U[13170] B[13330] U[13465] B'[13585],false,true,2988,2053,935,13585,10,10,11,10.7,OLL,U U' F U2 F' U' F U' F',U[14098] U'[14371] F[14723] U2[14876] F'[14954] U'[15003] F[15094] U'[15186] F'[15257],false,true,1672,1138,534,15257,9,9,10,16.85,PLL,U F R' F L2 F' R F L2 F2' U2,U[17020] F[17330] R'[17448] F[17558] L2[17957] F'[18157] R[18248] F[18416] L2[19281] F2'[19612] U2[19699],false,true,4442,2073,2369,19699,11,11,15,4.64,,,,,,,,,,,,,,,,,,,,,,,,,,,,10,BL->FR 94,"[FL,BR]->FR 15",20,26,Ab,,
12e8bd8d-a910-4487-9588-d99f52a897a2,2023-09-10 13:12:13 UTC,false,18211,CFOP,Gan Smart Cube,Gan i Carry,Gan 356i,Jacob Pfeifer,false,false,23415,18211,,F'[0] D[45] L[377] L[452] F[762] F[831] U[1109] U[1197] B'[2121] L'[2345] B[2414] L[2534] B'[2681] L'[2825] B[2863] L[3367] L[3478] U'[3861] L'[4136] U[4230] D'[4779] L[4838] D[4942] L[5141] U[5430] L[5574] U'[5816] L[6636] L'[6969] L'[7336] L'[7609] F[8075] L[8203] F'[8376] L[8624] F[8889] L'[9098] F'[9430] D[10514] L'[10608] D'[10689] L[10750] D[10841] L[10939] D'[11036] L[11664] U[12468] B[12727] D'[13042] B[13086] D[13188] B'[13294] D'[13418] B[13467] D[13934] B[14199] B[14271] U'[14391] L'[15581] D[15718] D'[15854] D[15958] L[16038] D'[16166] B[16542] B[16681] R'[16855] U[16921] L'[17025] U'[17206] L[17243] U'[17351] R[17614] B[17794] B[17862] L'[17940] L'[18211],cube,,Playground,custom_rules,R' U L D2 B2 U' L' D' B' R F2 U L2 D' L2 B2 D' F2 B2 D2 L2,random_state,custom_rules,,,,8,LU,0,0,18211,67,67,77,3.68,7575,10636,"",0,Cross,z F' L U2 F2 R2,z[0] F'[0] L[45] U2[452] F2[831] R2[1197],false,true,1197,0,1197,1197,5,5,8,4.18,F2L Slot 1,B' U' B U B' U' B U2 R' U' R,B'[2121] U'[2345] B[2414] U[2534] B'[2681] U'[2825] B[2863] U2[3478] R'[3861] U'[4136] R[4230],false,true,3033,924,2109,4230,11,11,12,5.22,F2L Slot 2,L' U L U R U R',L'[4779] U[4838] L[4942] U[5141] R[5430] U[5574] R'[5816],false,true,1586,549,1037,5816,7,7,7,6.75,F2L Slot 3,U U3' F U F' U F U' F',U[6636] U3'[7609] F[8075] U[8203] F'[8376] U[8624] F[8889] U'[9098] F'[9430],false,true,3614,2259,1355,9430,9,9,11,6.64,F2L Slot 4,L U' L' U L U L',L[10514] U'[10608] L'[10689] U[10750] L[10841] U[10939] L'[11036],false,true,1606,1084,522,11036,7,7,7,13.41,OLL,U R B L' B L B' L' B L B2 R',U[11664] R[12468] B[12727] L'[13042] B[13086] L[13188] B'[13294] L'[13418] B[13467] L[13934] B2[14271] R'[14391],false,true,3355,1432,1923,14391,12,12,13,6.24,PLL,U' L L' L U L' B2 D' R U' R' U R' D B2 U2',U'[15581] L[15718] L'[15854] L[15958] U[16038] L'[16166] B2[16681] D'[16855] R[16921] U'[17025] R'[17206] U[17243] R'[17351] D[17614] B2[17862] U2'[18211],false,true,3820,1327,2493,18211,16,16,19,6.42,,,,,,,,,,,,,,,,,,,,,,,,,,,,82,BR->FR 3,"[BL,BR]->FR 7",20,54,Gd,,
34dd3a4d-56bc-4849-a74a-39887bc99ef3,2023-09-10 13:13:08 UTC,false,16520,CFOP,Gan Smart Cube,Gan i Carry,Gan 356i,Jacob Pfeifer,false,false,18265,16520,,D[0] D[104] L'[412] U'[1016] U'[1433] B[1861] B[1972] L[2684] D[2875] L'[3005] D'[3122] L[3905] L[4663] L[5051] D'[5621] L'[5760] D[5849] L[7358] L[7464] U[7863] L'[7991] U'[8211] L[8369] U[8975] L'[9426] U'[9568] L'[9857] U'[10001] L[10139] U[10297] L'[10441] U'[10563] L'[10751] U[10807] U'[11651] D[11785] F'[11925] U'[12058] F'[12236] U[12288] F[12463] U[12584] L'[12740] U'[12869] L[12919] U[13176] D'[13318] L[14042] L'[14266] D[14564] L[14664] D'[14732] B[15124] B[15247] R'[15445] U[15525] L'[15618] U'[15718] U'[15793] U[15955] L[16058] U'[16143] R[16333] B[16481] B[16520],cube,,Playground,custom_rules,B' L U B D' B2 L2 U L D2 F2 D F2 U' R2 U' R2 F2 U2 F2 B2 U',random_state,custom_rules,,,,8,LU,0,0,16520,55,57,65,3.33,8073,8343,"",0,Cross,z L2 U' R2' B2,z[52] L2[104] U'[412] R2'[1433] B2[1972],false,true,1868,0,1868,1972,4,4,7,2.14,F2L Slot 1,U L U' L',U[2684] L[2875] U'[3005] L'[3122],false,true,1150,903,247,3122,4,4,4,16.19,F2L Slot 2,U U2 L' U' L,U[3905] U2[5051] L'[5621] U'[5760] L[5849],false,true,2727,2499,228,5849,5,5,6,21.93,F2L Slot 3,U2 R U' R' U R U' R',U2[7464] R[7863] U'[7991] R'[8211] U[8369] R[8975] U'[9426] R'[9568],false,true,3719,2014,1705,9568,8,8,9,4.69,F2L Slot 4,U' R' U R U' R' U' R,U'[9857] R'[10001] U[10139] R[10297] U'[10441] R'[10563] U'[10751] R[10807],false,true,1239,433,806,10807,8,8,8,9.93,OLL,M' U' R' U' R U R B' R' B M,M'[11785] U'[11925] R'[12058] U'[12236] R[12288] U[12463] R[12584] B'[12740] R'[12869] B[12919] M[13318],false,true,2511,978,1533,13318,11,13,13,7.18,PLL,U U' L U L' B2 D' R U' R2' R U R' D B2,U[14042] U'[14266] L[14564] U[14664] L'[14732] B2[15247] D'[15445] R[15525] U'[15618] R2'[15793] R[15955] U[16058] R'[16143] D[16333] B2[16520],false,true,3202,1246,1956,16520,15,15,18,7.67,,,,,,,,,,,,,,,,,,,,,,,,,,,,21,FL->FR 12,"[FL,BL]->FR 26",6,30,Gd,,
2f6475e1-b379-479d-b921-c0bd7e8b62e8,2023-09-10 13:15:02 UTC,false,16773,CFOP,Gan Smart Cube,Gan i Carry,Gan 356i,Jacob Pfeifer,false,false,78298,16773,,U'[0] L'[138] U'[540] L'[681] U'[1046] B[1645] F[2356] D'[2467] F'[2567] F'[2926] D[3002] D[3081] F[3182] D[4227] L'[4478] D[4543] L[4687] L[4807] D[5041] D[5131] L'[5309] D[5533] R[5763] D[5891] R'[6202] D'[6423] R'[6758] D[6890] D[6958] R[7046] D[7308] D[7391] L[7682] D[7820] L'[8026] D[8785] D'[9022] F[9569] D[9672] D[9727] F'[9804] D[10064] F[10154] D'[10225] F'[10312] F[11077] D[11205] L'[11448] D'[11700] F'[11838] D[12033] F[12108] L[12301] F'[12420] D[13072] D[14122] F[14419] L'[14548] F[14644] R[14819] R[15072] F'[15375] L[15478] F[15601] R[15992] R[16390] F'[16622] F'[16727] D[16773],cube,,Playground,custom_rules,F L2 F' R U2 D L' D2 L F U D2 F2 U R2 F2 R2 F2 L2 D F2 D',random_state,custom_rules,,,,8,DB,0,0,16773,59,59,69,3.52,5694,11079,"",0,Cross,z2 D' R' D' R' D' B,z2[0] D'[0] R'[138] D'[540] R'[681] D'[1046] B[1645],false,true,1645,0,1645,1645,6,6,6,3.65,F2L Slot 1,F U' F2' U2 F U R' U R,F[2356] U'[2467] F2'[2926] U2[3081] F[3182] U[4227] R'[4478] U[4543] R[4687],false,true,3042,711,2331,4687,9,9,11,3.86,F2L Slot 2,R U2 R' U L U L',R[4807] U2[5131] R'[5309] U[5533] L[5763] U[5891] L'[6202],false,true,1515,120,1395,6202,7,7,8,5.02,F2L Slot 3,U' L' U2 L U2 R U R',U'[6423] L'[6758] U2[6958] L[7046] U2[7391] R[7682] U[7820] R'[8026],false,true,1824,556,1268,8026,8,8,10,6.31,F2L Slot 4,U U' F U2 F' U F U' F',U[8785] U'[9022] F[9569] U2[9727] F'[9804] U[10064] F[10154] U'[10225] F'[10312],false,true,2286,1543,743,10312,9,9,10,12.11,OLL,F U R' U' F' U F R F',F[11077] U[11205] R'[11448] U'[11700] F'[11838] U[12033] F[12108] R[12301] F'[12420],false,true,2108,765,1343,12420,9,9,9,6.7,PLL,U U F R' F L2 F' R F L2 F2' U,U[13072] U[14122] F[14419] R'[14548] F[14644] L2[15072] F'[15375] R[15478] F[15601] L2[16390] F2'[16727] U[16773],false,true,4353,1999,2354,16773,12,12,15,5.1,,,,,,,,,,,,,,,,,,,,,,,,,,,,130,FL->FR 19,"[BL,BR]->FR 2",13,32,Ab,,
2b964e7c-f626-4809-bcec-06a9fe54fa56,2023-09-10 13:15:51 UTC,false,17088,CFOP,Gan Smart Cube,Gan i Carry,Gan 356i,Jacob Pfeifer,false,false,12255,17088,,R[0] D'[287] R'[588] R'[653] D'[1083] R'[1452] U'[2277] U'[2613] F'[2774] U[2857] F[3004] U[3299] R[3677] U'[3849] R'[4362] U[5442] U[5536] B'[6063] U'[6232] B[6359] U'[6527] L[6947] U[7127] L'[7320] L'[7459] U[7547] L[7708] U'[7914] F[8596] U'[8767] F'[9008] U'[9295] R'[9844] U'[9963] R[10103] U'[10267] U[10560] R[11147] B'[11239] R'[11370] B[11437] U[12163] U[12251] L[12552] F[12691] R'[12801] F'[12935] L'[13118] F[13190] R[13307] F'[13471] R'[15233] U[15270] R'[15373] U'[15625] B'[15895] R'[15994] B[16033] B[16092] U'[16154] B'[16248] U[16277] B'[16364] R[16509] B[16601] R[16767] U[17042] U[17088],cube,,Playground,custom_rules,R2 B' R' B' U R L' U D R B D' L2 U2 F2 D L2 D' L2 F2 U B2,random_state,custom_rules,,,,8,UF,0,0,17088,61,61,68,3.57,6875,10213,"",0,Cross,R D' R2' D' R',R[0] D'[287] R2'[653] D'[1083] R'[1452],false,true,1452,0,1452,1452,5,5,6,3.44,F2L Slot 1,U2' F' U F U R U' R',U2'[2613] F'[2774] U[2857] F[3004] U[3299] R[3677] U'[3849] R'[4362],false,true,2910,1322,1588,4362,8,8,9,5.04,F2L Slot 2,U2 B' U' B U' L U L',U2[5536] B'[6063] U'[6232] B[6359] U'[6527] L[6947] U[7127] L'[7320],false,true,2958,1701,1257,7320,8,8,9,6.36,F2L Slot 3,L' U L U' F U' F',L'[7459] U[7547] L[7708] U'[7914] F[8596] U'[8767] F'[9008],false,true,1688,139,1549,9008,7,7,7,4.52,F2L Slot 4,U' R' U' R U' U R B' R' B,U'[9295] R'[9844] U'[9963] R[10103] U'[10267] U[10560] R[11147] B'[11239] R'[11370] B[11437],false,true,2429,836,1593,11437,10,10,10,6.28,OLL,U2 L F R' F' L' F R F',U2[12251] L[12552] F[12691] R'[12801] F'[12935] L'[13118] F[13190] R[13307] F'[13471],false,true,2034,1115,919,13471,9,9,10,9.79,PLL,R' U R' U' B' R' B2 U' B' U B' R B R U2,R'[15233] U[15270] R'[15373] U'[15625] B'[15895] R'[15994] B2[16092] U'[16154] B'[16248] U[16277] B'[16364] R[16509] B[16601] R[16767] U2[17088],false,true,3617,1762,1855,17088,15,15,17,8.09,,,,,,,,,,,,,,,,,,,,,,,,,,,,25,BL->FR 47,"[FL,BR]->FR 40",16,24,V,,
f7a0806e-61a6-4f7b-9d36-ffca7cd6aa1f,2023-09-10 18:06:51 UTC,false,16474,CFOP,Gan Smart Cube,Gan i Carry,Gan 356i,Jacob Pfeifer,false,false,24231,16474,,B'[0] B'[127] L[471] D'[1012] B[1355] F'[1373] F[1873] U[2267] F'[2493] D'[2906] F[3448] U'[3596] F'[3710] U'[4990] B[5363] U'[5489] B'[5640] B'[5785] U[6055] B[6224] U'[7150] R[7776] U'[7921] R'[8108] U[8190] U[8282] R[8651] U'[8794] R'[9029] U[9710] U[9827] R'[10234] U[10273] R[10421] U[10650] U[10723] R'[10998] U[11040] R[11126] U'[11871] U'[12224] L[12635] F[12783] R'[13097] F[13135] R[13255] F'[13331] R'[13466] F[13529] R[13625] F[13878] F[13941] L'[14055] U'[14973] R'[15266] U[15325] L'[15462] U[15685] U[15746] R[15826] U'[15913] R'[16053] U[16097] U[16140] R[16213] L[16319] U[16474],cube,,Playground,custom_rules,B D R2 U2 L B L F' R' U B' L2 U R2 D' R2 U L2 U' F2 D2 L2,random_state,custom_rules,,,,8,UF,0,0,16474,57,58,67,3.46,7672,8675,"",0,Cross,z' B2' D R' S F U F' D',z'[63] B2'[127] D[471] R'[1012] S[1373] F[1873] U[2267] F'[2493] D'[2906],false,true,2779,0,2779,2906,8,9,10,2.88,F2L Slot 1,F U' F',F[3448] U'[3596] F'[3710],false,true,804,542,262,3710,3,3,3,11.45,F2L Slot 2,U' B U' B2' U B,U'[4990] B[5363] U'[5489] B2'[5785] U[6055] B[6224],false,true,2514,1653,861,6224,6,6,7,6.97,F2L Slot 3,U' R U' R' U2 R U' R',U'[7150] R[7776] U'[7921] R'[8108] U2[8282] R[8651] U'[8794] R'[9029],false,true,2805,1552,1253,9029,8,8,9,6.38,F2L Slot 4,U2 R' U R U2 R' U R,U2[9827] R'[10234] U[10273] R[10421] U2[10723] R'[10998] U[11040] R[11126],false,true,2097,1205,892,11126,8,8,10,8.97,OLL,U2' L F R' F R F' R' F R F2 L',U2'[12224] L[12635] F[12783] R'[13097] F[13135] R[13255] F'[13331] R'[13466] F[13529] R[13625] F2[13941] L'[14055],false,true,2929,1509,1420,14055,12,12,14,8.45,PLL,U' R' U L' U2 R U' R' U2 R L U,U'[14973] R'[15266] U[15325] L'[15462] U2[15746] R[15826] U'[15913] R'[16053] U2[16140] R[16213] L[16319] U[16474],false,true,2419,1211,1208,16474,12,12,14,9.93,,,,,,,,,,,,,,,,,,,,,,,,,,,,21,BR->FR 91,"[FL,BL]->FR 39",32,54,Ja,,
a46e8846-dfdc-4a18-a740-1ceafb58ec31,2023-09-10 18:08:32 UTC,false,15490,CFOP,Gan Smart Cube,Gan i Carry,Gan 356i,Jacob Pfeifer,false,false,39452,15490,,D[0] F[280] F[350] R'[694] D[865] F'[1618] D'[2161] D'[2415] U'[2633] F[3084] U[3270] F'[3482] U[3561] L'[3946] U'[4210] L[4460] U[5304] U[5409] R'[5936] U'[6120] R[6240] U'[6472] B[6750] U[6885] B'[7178] U'[8048] U'[8446] R[8515] U[8666] R'[8875] U'[9030] B'[9407] U'[9517] B[9686] U[10075] R[10559] U[10724] R'[10860] U[10927] R[11008] U[11095] R'[11214] U'[11877] L[12146] F[12262] F[12341] R'[12441] F'[12556] R[12642] F'[12814] L'[13169] U[13699] U[13814] R[14044] U[14120] R'[14171] U'[14270] R'[14472] F[14519] R[14597] R[14643] U'[14694] R'[14759] U'[14851] R[14973] U[15042] R'[15102] F'[15279] U[15444] U[15490],cube,,Playground,custom_rules,U F L' B R2 U D R' L' B R B2 D2 R2 D' R2 L2 F2 R2 B2 D F2,random_state,custom_rules,,,,8,UF,0,0,15490,62,62,70,4.0,6162,9328,"",0,Cross,D F2 R' D F' D2',D[0] F2[350] R'[694] D[865] F'[1618] D2'[2415],false,true,2415,0,2415,2415,6,6,8,2.48,F2L Slot 1,U' F U F' U L' U' L,U'[2633] F[3084] U[3270] F'[3482] U[3561] L'[3946] U'[4210] L[4460],false,true,2045,669,1376,4460,8,8,8,5.81,F2L Slot 2,U2 R' U' R U' B U B',U2[5409] R'[5936] U'[6120] R[6240] U'[6472] B[6750] U[6885] B'[7178],false,true,2718,1476,1242,7178,8,8,9,6.44,F2L Slot 3,U2' R U R' U' B' U' B,U2'[8446] R[8515] U[8666] R'[8875] U'[9030] B'[9407] U'[9517] B[9686],false,true,2508,1337,1171,9686,8,8,9,6.83,F2L Slot 4,U R U R' U R U R',U[10075] R[10559] U[10724] R'[10860] U[10927] R[11008] U[11095] R'[11214],false,true,1528,873,655,11214,8,8,8,12.21,OLL,U' L F2 R' F' R F' L',U'[11877] L[12146] F2[12341] R'[12441] F'[12556] R[12642] F'[12814] L'[13169],false,true,1955,932,1023,13169,8,8,9,7.82,PLL,U2 R U R' U' R' F R2 U' R' U' R U R' F' U2,U2[13814] R[14044] U[14120] R'[14171] U'[14270] R'[14472] F[14519] R2[14643] U'[14694] R'[14759] U'[14851] R[14973] U[15042] R'[15102] F'[15279] U2[15490],false,true,2321,875,1446,15490,16,16,19,11.07,,,,,,,,,,,,,,,,,,,,,,,,,,,,54,BL->FR 47,"[FL,BR]->FR 60",8,6,T,,
b82d97fa-cf91-41e5-bb07-54b12731a633,2023-09-10 18:09:22 UTC,false,16683,CFOP,Gan Smart Cube,Gan i Carry,Gan 356i,Jacob Pfeifer,false,false,5497,16683,,D[0] B'[355] B'[440] U[570] B[712] B[799] L[1271] D'[1734] L[1777] D[1897] L[2166] F'[2634] L[2738] F[2938] L'[3921] L'[4843] D'[5308] L[5361] D[5472] U'[5863] L[5962] U[6131] L[6518] L[6673] D'[7524] L'[7695] D[7812] L'[8202] F[8662] L[8920] F'[9120] L[9947] D[10445] L'[10554] D'[10671] L[10731] D[10917] L[11016] L[11061] D'[11141] L[11466] D[11568] L'[11647] D'[11727] L'[12252] D[12410] L[12481] D'[12565] L'[12654] D'[12780] B[12836] D[12940] B'[13146] L[13836] L[14594] D[14881] F'[14985] D[15059] B[15202] B[15398] D'[15978] F[16015] D[16132] B[16299] B[16503] D'[16627] D'[16683],cube,,Playground,custom_rules,L' D2 F U2 B2 R D2 L2 B U2 R2 U B2 U' L2 U2 F2 R2 B2 U' F2 L2,random_state,custom_rules,,,,8,LU,0,0,16683,60,60,67,3.6,8441,8242,"",0,Cross,z L B2' R B2,z[0] L[0] B2'[440] R[570] B2[799],false,true,799,0,799,799,4,4,6,5.01,F2L Slot 1,U L' U L U F' U F,U[1271] L'[1734] U[1777] L[1897] U[2166] F'[2634] U[2738] F[2938],false,true,2139,935,1204,2938,8,8,8,6.64,F2L Slot 2,U' U' L' U L R' U R,U'[3921] U'[4843] L'[5308] U[5361] L[5472] R'[5863] U[5962] R[6131],false,true,3193,2370,823,6131,8,8,8,9.72,F2L Slot 3,U2 L' U' L U' F U F',U2[6673] L'[7524] U'[7695] L[7812] U'[8202] F[8662] U[8920] F'[9120],false,true,2989,1393,1596,9120,8,8,9,5.01,F2L Slot 4,U L U' L' U L U2 L' U L U' L',U[9947] L[10445] U'[10554] L'[10671] U[10731] L[10917] U2[11061] L'[11141] U[11466] L[11568] U'[11647] L'[11727],false,true,2607,1325,1282,11727,12,12,13,9.36,OLL,U' L U L' U' L' B L B',U'[12252] L[12410] U[12481] L'[12565] U'[12654] L'[12780] B[12836] L[12940] B'[13146],false,true,1419,683,736,13146,9,9,9,12.23,PLL,U U L F' L B2 L' F L B2 L2',U[13836] U[14594] L[14881] F'[14985] L[15059] B2[15398] L'[15978] F[16015] L[16132] B2[16503] L2'[16683],false,true,3537,1735,1802,16683,11,11,14,6.1,,,,,,,,,,,,,,,,,,,,,,,,,,,,143,FL->FR 92,"[BL,BR]->FR 41",39,33,Ab,,
cd558d9a-601b-4cfd-a83b-9c9a679ce6cb,2023-09-10 18:12:35 UTC,false,16851,CFOP,Gan Smart Cube,Gan i Carry,Gan 356i,Jacob Pfeifer,false,false,143419,16851,,U[0] R[508] B[703] R[1279] R[1380] U[2563] B[2896] U[3486] D'[4008] F[4138] D[4259] F'[4484] D[4556] R'[4909] D'[5052] R[5187] D'[5953] D'[6237] R'[6387] B[6442] R[6583] R[6803] R'[6916] B'[7041] R[7140] D'[7237] R'[7367] D[8071] F'[8444] D[8537] F[8729] D'[9339] B[9464] B'[9586] D[9667] B[9794] D'[9902] B'[9979] D'[10104] D[10612] L[10819] B'[10957] L'[11061] B[11098] D'[11904] D[14054] D[14118] R[14385] D[14453] D[14503] R'[14573] D'[14629] R[14719] D'[14794] R'[14877] R'[15660] D[15722] L'[15861] D[16076] D[16125] R[16203] D'[16275] R'[16401] D[16452] D[16494] R[16558] L[16635] D[16851],cube,,Playground,custom_rules,L' U2 F2 B D2 L U F' L U2 L' F2 U L2 D2 R2 D' L2 D' F2 R2 U2,random_state,custom_rules,,,,8,DB,0,0,16851,61,61,68,3.62,7734,9117,"",0,Cross,z2 D L B L2 D B D,z2[0] D[0] L[508] B[703] L2[1380] D[2563] B[2896] D[3486],false,true,3486,0,3486,3486,7,7,8,2.01,F2L Slot 1,U' F U F' U L' U' L,U'[4008] F[4138] U[4259] F'[4484] U[4556] L'[4909] U'[5052] L[5187],false,true,1701,652,1049,5187,8,8,8,7.63,F2L Slot 2,U2' L' B L2 L' B' L U' L',U2'[6237] L'[6387] B[6442] L2[6803] L'[6916] B'[7041] L[7140] U'[7237] L'[7367],false,true,2180,1200,980,7367,9,9,11,9.18,F2L Slot 3,U F' U F,U[8071] F'[8444] U[8537] F[8729],false,true,1362,1077,285,8729,4,4,4,14.04,F2L Slot 4,U' B B' U B U' B' U' U R B' R' B,U'[9339] B[9464] B'[9586] U[9667] B[9794] U'[9902] B'[9979] U'[10104] U[10612] R[10819] B'[10957] R'[11061] B[11098],false,true,2369,735,1634,11098,13,13,13,7.96,OLL,U' U2 L U2 L' U' L U' L',U'[11904] U2[14118] L[14385] U2[14503] L'[14573] U'[14629] L[14719] U'[14794] L'[14877],false,true,3779,3287,492,14877,9,9,11,18.29,PLL,L' U R' U2 L U' L' U2 L R U,L'[15660] U[15722] R'[15861] U2[16125] L[16203] U'[16275] L'[16401] U2[16494] L[16558] R[16635] U[16851],false,true,1974,783,1191,16851,11,11,13,9.24,,,,,,,,,,,,,,,,,,,,,,,,,,,,54,BR->FR 46,"[FL,BL]->FR 5",28,26,Ja,,
ec54a38a-5f4b-4f89-bda8-87cd9f596a48,2023-09-10 20:00:16 UTC,false,19136,CFOP,Gan Smart Cube,Gan i Carry,Gan 356i,Jacob Pfeifer,false,false,6926,19136,,B[0] U[507] F'[880] R'[1216] R'[1462] D'[1878] D'[2005] R'[3386] R'[3627] U'[3894] R[4006] U[4152] U[4331] R'[4496] U'[4675] R[5566] R'[7035] F[7495] R[7651] R[7734] F'[7839] R[8209] F[8397] R'[8642] F'[8803] D'[9736] R[9832] D[9964] D[10107] R'[10269] D'[10439] R'[11262] R[11784] B[11953] R'[12013] B'[12116] R'[12206] B[12283] R'[12412] B'[12500] R[12537] B[12633] R'[12693] B'[12752] R[13639] R[13797] D[14531] B[14686] R[14812] B'[14884] R'[14948] D'[15111] R[15235] D[15469] B[15608] R[15719] B'[15779] R'[15849] D'[15984] R'[16957] B[17181] B[17261] L[17485] U'[17611] R[17836] U'[17936] R'[18015] U[18108] L'[18300] B[18346] B[18421] D'[18865] R[18922] D[19034] R[19136],cube,,Playground,custom_rules,U' D' R L2 F2 U B' U' D F U D2 F2 R2 U2 D F2 D R2 D2 B2,random_state,custom_rules,,,,8,RU,0,0,19136,66,66,75,3.45,10212,8924,"",0,Cross,z' B L F' U2' R2',z'[0] B[0] L[507] F'[880] U2'[1462] R2'[2005],false,true,2005,0,2005,2005,5,5,7,2.49,F2L Slot 1,U2' L' U L2 U' L',U2'[3627] L'[3894] U[4006] L2[4331] U'[4496] L'[4675],false,true,2670,1889,781,4675,6,6,8,7.68,F2L Slot 2,U U' F U2 F' U F U' F',U[5566] U'[7035] F[7495] U2[7734] F'[7839] U[8209] F[8397] U'[8642] F'[8803],false,true,4128,2820,1308,8803,9,9,10,6.88,F2L Slot 3,R' U R2 U' R',R'[9736] U[9832] R2[10107] U'[10269] R'[10439],false,true,1636,933,703,10439,5,5,6,7.11,F2L Slot 4,U' U B U' B' U' B U' B' U B U' B',U'[11262] U[11784] B[11953] U'[12013] B'[12116] U'[12206] B[12283] U'[12412] B'[12500] U[12537] B[12633] U'[12693] B'[12752],false,true,2313,1514,799,12752,13,13,13,16.27,OLL,U2 R B U B' U' R' U R B U B' U' R',U2[13797] R[14531] B[14686] U[14812] B'[14884] U'[14948] R'[15111] U[15235] R[15469] B[15608] U[15719] B'[15779] U'[15849] R'[15984],false,true,3232,1779,1453,15984,14,14,15,9.64,PLL,U' B2 D L' U L' U' L D' B2 R' U R U,U'[16957] B2[17261] D[17485] L'[17611] U[17836] L'[17936] U'[18015] L[18108] D'[18300] B2[18421] R'[18865] U[18922] R[19034] U[19136],false,true,3152,1277,1875,19136,14,14,16,7.47,,,,,,,,,,,,,,,,,,,,,,,,,,,,79,FL->FR 13,"[FL,BL]->FR 55",1,12,Ga,,
d697528e-1d8d-4214-896a-d74a4b1ccb86,2023-09-10 19:58:27 UTC,false,16561,CFOP,Gan Smart Cube,Gan i Carry,Gan 356i,Jacob Pfeifer,false,false,21866,16561,,R[0] F'[191] D[578] D[657] L[745] L[823] B'[1374] D'[1512] R[1579] D[1692] D[2201] B[2265] D'[2349] B'[2401] D[2477] B[2574] D'[2681] B'[2743] B'[2956] L[3343] B[3467] L'[3706] B[4191] B[4317] B[4921] U'[5086] B'[5181] U[5302] U[5408] B[5544] U'[5685] B[6896] R[7003] B'[7108] R'[7580] B'[7814] U'[8172] B[8245] U[8448] D[8914] D'[9174] B'[9328] D'[9460] R[9497] D[9582] R'[9776] D[9877] B'[9960] D'[10044] R[11337] D[11486] B[11622] D'[11695] B'[11765] R'[11911] B[12040] R[12350] D[12571] B[12703] D'[12787] B'[12853] R'[13079] B'[14064] U[14442] B[14547] B[14609] U'[14728] B[14881] B[14920] U[15008] R'[15088] U'[15203] B'[15309] U[15399] B[15500] U[15558] R[15968] U'[16050] U'[16387] B[16517] B[16561],cube,,Playground,custom_rules,U B2 R2 L' U2 B D' F D R U R2 B2 R2 U D2 B2 U F2 R2 U2 D,random_state,custom_rules,,,,8,BU,0,0,16561,70,70,81,4.23,6329,10232,"",0,Cross,x' R D' B2 L2 U' B' R B,x'[0] R[0] D'[191] B2[657] L2[823] U'[1374] B'[1512] R[1579] B[1692],false,true,1692,0,1692,1692,8,8,10,4.73,F2L Slot 1,B U B' U' B U B' U2' L U L',B[2201] U[2265] B'[2349] U'[2401] B[2477] U[2574] B'[2681] U2'[2956] L[3343] U[3467] L'[3706],false,true,2014,509,1505,3706,11,11,12,7.31,F2L Slot 2,U3 F' U' F2 U F',U3[4921] F'[5086] U'[5181] F2[5408] U[5544] F'[5685],false,true,1979,1380,599,5685,6,6,9,10.02,F2L Slot 3,U R U' R' U' F' U F,U[6896] R[7003] U'[7108] R'[7580] U'[7814] F'[8172] U[8245] F[8448],false,true,2763,1318,1445,8448,8,8,8,5.54,F2L Slot 4,B B' U' B' R B R' B U' B',B[8914] B'[9174] U'[9328] B'[9460] R[9497] B[9582] R'[9776] B[9877] U'[9960] B'[10044],false,true,1596,466,1130,10044,10,10,10,8.85,OLL,R B U B' U' R' U R B U B' U' R',R[11337] B[11486] U[11622] B'[11695] U'[11765] R'[11911] U[12040] R[12350] B[12571] U[12703] B'[12787] U'[12853] R'[13079],false,true,3035,1293,1742,13079,13,13,13,7.46,PLL,U' F U2 F' U2 F R' F' U' F U F R F2' U2,U'[14064] F[14442] U2[14609] F'[14728] U2[14920] F[15008] R'[15088] F'[15203] U'[15309] F[15399] U[15500] F[15558] R[15968] F2'[16387] U2[16561],false,true,3482,1363,2119,16561,15,15,19,7.08,,,,,,,,,,,,,,,,,,,,,,,,,,,,142,FL->FR 68,"[FL,BL]->FR 28",34,12,Ra,,
4cdf5004-4c88-462e-a172-b324398c52ed,2023-09-10 19:56:56 UTC,false,31192,CFOP,Gan Smart Cube,Gan i Carry,Gan 356i,Jacob Pfeifer,false,false,7460,31192,,U'[0] L'[283] L'[408] R'[792] D[1290] F'[1681] F'[1975] D'[3790] D[5376] B[5693] D[5890] B'[6001] B'[6121] D'[6351] B[6470] D[7126] B[7824] D[7973] D[8084] B'[8283] D'[8414] R'[8877] D'[9245] R[9440] D'[10107] F'[10738] D'[10886] F[10958] L'[11654] D'[11835] L[11990] L[12669] D[12922] D[13006] L'[13259] D[13326] F'[13714] D'[13853] F[13985] D'[14567] F'[14723] D'[14865] R[15005] D[15216] F[15427] D'[15541] F'[15733] R'[16150] F[16190] F[17742] F[17836] U'[18069] R[18249] D'[18889] R[19027] D[19122] R'[19213] U[19405] F[19573] F[19625] L[20423] D'[20513] L'[20596] D[21455] D[21581] D'[21864] L[22476] D[22625] L'[22754] D'[22911] B[23217] D'[23348] B'[23448] D[24017] L[24396] D[24493] L'[24538] L[25216] L[25295] U[25966] L'[26141] D[26245] D[26338] L[26380] U'[26712] L'[27040] D[27080] D[27129] L'[27218] D'[28395] L'[28909] D[28965] L'[29087] D'[29505] B'[29793] L'[29931] B[29984] B[30057] D'[30114] B'[30210] D[30693] B'[30850] L[30902] B[31008] L[31192],cube,,Playground,custom_rules,B R' D L F2 B2 U2 R B' D' B2 L2 F2 R2 U F2 D2 L2 F2 D' R2 L2,random_state,custom_rules,,,,8,DB,0,0,31192,92,92,105,2.95,9766,21426,"",0,Cross,z2 D' R2' L' U F2',z2[0] D'[0] R2'[408] L'[792] U[1290] F2'[1975],false,true,1975,0,1975,1975,5,5,7,2.53,F2L Slot 1,U' U B U B2' U' B,U'[3790] U[5376] B[5693] U[5890] B2'[6121] U'[6351] B[6470],false,true,4495,3718,777,6470,7,7,8,9.01,F2L Slot 2,U B U2 B' U' L' U' L,U[7126] B[7824] U2[8084] B'[8283] U'[8414] L'[8877] U'[9245] L[9440],false,true,2970,1354,1616,9440,8,8,9,4.95,F2L Slot 3,U' F' U' F R' U' R2 U2 R' U F' U' F U' F' U' L U F U' F' L' F F2 D' L U' L U L' D F2 R U' R' U2 U' R U R' U' B U' B',U'[10107] F'[10738] U'[10886] F[10958] R'[11654] U'[11835] R2[12669] U2[13006] R'[13259] U[13326] F'[13714] U'[13853] F[13985] U'[14567] F'[14723] U'[14865] L[15005] U[15216] F[15427] U'[15541] F'[15733] L'[16150] F[16190] F2[17836] D'[18069] L[18249] U'[18889] L[19027] U[19122] L'[19213] D[19405] F2[19625] R[20423] U'[20513] R'[20596] U2[21581] U'[21864] R[22476] U[22625] R'[22754] U'[22911] B[23217] U'[23348] B'[23448],false,true,14008,1298,12710,23448,44,44,49,3.46,F2L Slot 4,U R U R',U[24017] R[24396] U[24493] R'[24538],false,true,1090,948,142,24538,4,4,4,28.17,OLL,R2 D R' U2 R D' R' U2 R',R2[25295] D[25966] R'[26141] U2[26338] R[26380] D'[26712] R'[27040] U2[27129] R'[27218],false,true,2680,757,1923,27218,9,9,12,4.68,PLL,U' R' U R' U' B' R' B2 U' B' U B' R B R,U'[28395] R'[28909] U[28965] R'[29087] U'[29505] B'[29793] R'[29931] B2[30057] U'[30114] B'[30210] U[30693] B'[30850] R[30902] B[31008] R[31192],false,true,3974,1691,2283,31192,15,15,16,6.57,,,,,,,,,,,,,,,,,,,,,,,,,,,,141,FL->FR 24,"[BL,BR]->FR 38",14,23,V,,
45a85225-bcee-4dad-bd6b-c59eedd12329,2023-09-10 20:01:15 UTC,false,18181,CFOP,Gan Smart Cube,Gan i Carry,Gan 356i,Jacob Pfeifer,false,false,25753,18181,,U[0] D[125] L'[697] R'[1233] F'[1548] L'[1697] U[1752] L[1872] B'[2148] B'[2399] L'[3116] F[3179] L[3323] F[3602] F[3763] R[4145] F[4273] R'[4476] F[5484] L'[5794] F'[5959] L[6074] L[6248] F[6442] L'[6753] F'[7125] F[7380] F[7546] R'[7881] F'[8193] R[8250] F'[8563] U[8915] F[9062] U'[9344] F[9678] F[10468] L'[10787] F'[10884] L[11002] F[11122] F[11206] L'[11745] F[11797] L[11917] F[12861] F'[13270] U'[13510] R'[13764] F'[13946] R[14031] F[14136] U[14496] F[14719] U[15018] L[15149] F[15280] L'[15369] F'[15438] U'[15583] F[16418] L[16975] F'[17095] L[17210] F[17394] L[17566] F[17667] L[17841] F'[17912] L'[18010] F'[18061] L[18148] L[18181],cube,,Playground,custom_rules,R' F2 R U F' D2 L' F' U2 R F2 B2 D' B2 U R2 B2 U' F2 D',random_state,custom_rules,,,,8,FU,0,0,18181,67,67,73,3.69,7591,10590,"",0,Cross,x B F L' R' U' L' B L D2',x[0] B[0] F[125] L'[697] R'[1233] U'[1548] L'[1697] B[1752] L[1872] D2'[2399],false,true,2399,0,2399,2399,9,9,10,3.75,F2L Slot 1,L' U L U2 R U R',L'[3116] U[3179] L[3323] U2[3763] R[4145] U[4273] R'[4476],false,true,2077,717,1360,4476,7,7,8,5.15,F2L Slot 2,U L' U' L2 U L',U[5484] L'[5794] U'[5959] L2[6248] U[6442] L'[6753],false,true,2277,1318,959,6753,6,6,7,6.26,F2L Slot 3,U' U2 R' U' R U' B U B',U'[7125] U2[7546] R'[7881] U'[8193] R[8250] U'[8563] B[8915] U[9062] B'[9344],false,true,2591,1128,1463,9344,9,9,10,6.15,F2L Slot 4,U U L' U' L U2 L' U L,U[9678] U[10468] L'[10787] U'[10884] L[11002] U2[11206] L'[11745] U[11797] L[11917],false,true,2573,1443,1130,11917,9,9,10,7.96,OLL,U U' B' R' U' R U B U B L U L' U' B',U[12861] U'[13270] B'[13510] R'[13764] U'[13946] R[14031] U[14136] B[14496] U[14719] B[15018] L[15149] U[15280] L'[15369] U'[15438] B'[15583],false,true,3666,1593,2073,15583,15,15,15,7.24,PLL,U L U' L U L U L U' L' U' L2,U[16418] L[16975] U'[17095] L[17210] U[17394] L[17566] U[17667] L[17841] U'[17912] L'[18010] U'[18061] L2[18181],false,true,2598,1392,1206,18181,12,12,13,9.95,,,,,,,,,,,,,,,,,,,,,,,,,,,,8,BL->FR 68,"[FL,BR]->FR 41",11,11,Ua,,
6eb24410-1f91-432b-9e60-9b6be7551657,2023-09-10 20:01:57 UTC,false,16996,CFOP,Gan Smart Cube,Gan i Carry,Gan 356i,Jacob Pfeifer,false,false,14112,16996,,D'[0] R[395] R'[900] U[1047] R[1205] B'[1852] R'[2797] R'[2889] F[2920] R[3021] R[3086] U'[3792] L'[3991] U[4050] L[4161] U'[4340] L[4537] U[4689] L'[5035] U'[5198] R[5479] U[5620] U[5724] R'[5876] U[6017] F'[6345] U'[6753] F[6803] U'[7454] U'[7740] R'[8198] U[8253] U[8345] R[8426] U'[8595] L'[8740] U'[9006] L[9123] B[10684] U'[10847] B'[10948] U'[11096] B[11178] U[11279] B'[11426] U[11503] U[11556] B[11627] U'[11695] B'[11768] B[12689] U[12773] B'[12874] U[12921] B[13101] U'[13304] L[13596] U'[13729] L'[13803] B'[13873] L'[15346] U[15384] L'[15480] U'[15722] F'[15960] L'[16045] F[16091] F[16158] U'[16212] F'[16332] U[16362] F'[16546] L[16611] F[16720] L[16881] U[16996],cube,,Playground,custom_rules,U R2 B' D2 F2 R U R D2 L U2 F2 B2 R2 F2 U' F2 U2 R2 U',random_state,custom_rules,,,,8,UF,0,0,16996,69,69,76,4.06,6699,10297,"",0,Cross,D' R R' U R B' R2' F R2,D'[0] R[395] R'[900] U[1047] R[1205] B'[1852] R2'[2889] F[2920] R2[3086],false,true,3086,0,3086,3086,9,9,11,2.92,F2L Slot 1,U' L' U L U' L U L',U'[3792] L'[3991] U[4050] L[4161] U'[4340] L[4537] U[4689] L'[5035],false,true,1949,905,1044,5035,8,8,8,7.66,F2L Slot 2,U' R U2 R' U F' U' F,U'[5198] R[5479] U2[5724] R'[5876] U[6017] F'[6345] U'[6753] F[6803],false,true,1768,444,1324,6803,8,8,9,6.04,F2L Slot 3,U2' R' U2 R U' L' U' L,U2'[7740] R'[8198] U2[8345] R[8426] U'[8595] L'[8740] U'[9006] L[9123],false,true,2320,1395,925,9123,8,8,10,8.65,F2L Slot 4,B U' B' U' B U B' U2 B U' B',B[10684] U'[10847] B'[10948] U'[11096] B[11178] U[11279] B'[11426] U2[11556] B[11627] U'[11695] B'[11768],false,true,2645,1561,1084,11768,11,11,12,10.15,OLL,B U B' U B U' L U' L' B',B[12689] U[12773] B'[12874] U[12921] B[13101] U'[13304] L[13596] U'[13729] L'[13803] B'[13873],false,true,2105,921,1184,13873,10,10,10,8.45,PLL,L' U L' U' F' L' F2 U' F' U F' L F L U,L'[15346] U[15384] L'[15480] U'[15722] F'[15960] L'[16045] F2[16158] U'[16212] F'[16332] U[16362] F'[16546] L[16611] F[16720] L[16881] U[16996],false,true,3123,1473,1650,16996,15,15,16,9.09,,,,,,,,,,,,,,,,,,,,,,,,,,,,3,BL->FR 24,"[FL,BR]->FR 4",38,52,V,,
86a2ee83-5cc5-47d1-8a6c-d4c1a225216c,2023-09-10 20:03:19 UTC,false,17247,CFOP,Gan Smart Cube,Gan i Carry,Gan 356i,Jacob Pfeifer,false,false,6551,17247,,B'[0] R[142] D[412] D[543] F[1207] U'[1527] F[1818] B'[3049] R[5134] B[5287] R'[5416] B'[5567] R[5671] B[5816] R'[6193] L'[6941] B[7008] L[7163] D'[7614] B[7698] D[7924] B[8190] U[8567] B'[8697] U'[8814] B'[8921] U[8998] B'[9166] U'[9571] B'[9721] D[10024] B'[10210] D'[10368] B[10910] B[10998] U[11165] B'[11272] U'[11413] B[11467] B[11552] L'[11847] B'[11955] L[12038] L[12997] B[13104] L'[13171] B[13369] L'[13471] D[13608] L[13701] D'[13971] L[14114] B[14358] B[14443] L'[14524] B[15253] L[15811] L[15894] B[16119] L[16279] B[16394] L'[16450] B'[16549] L'[16766] B'[16891] L'[17004] B[17056] L'[17153] B[17247],cube,,Playground,custom_rules,R B' D' F' R' L F U2 L U' R2 B2 U R2 U2 F2 L2 U2 R2 U' B2,random_state,custom_rules,,,,8,BU,0,0,17247,64,64,69,3.71,7833,9414,"",0,Cross,x' U' R B2 D F' D,x'[0] U'[0] R[142] B2[543] D[1207] F'[1527] D[1818],false,true,1818,0,1818,1818,6,6,7,3.3,F2L Slot 1,U' R U R' U' R U R',U'[3049] R[5134] U[5287] R'[5416] U'[5567] R[5671] U[5816] R'[6193],false,true,4375,3316,1059,6193,8,8,8,7.55,F2L Slot 2,L' U L B' U B,L'[6941] U[7008] L[7163] B'[7614] U[7698] B[7924],false,true,1731,748,983,7924,6,6,6,6.1,F2L Slot 3,U F U' F' U' F U' F' U' B U' B',U[8190] F[8567] U'[8697] F'[8814] U'[8921] F[8998] U'[9166] F'[9571] U'[9721] B[10024] U'[10210] B'[10368],false,true,2444,643,1801,10368,12,12,12,6.66,F2L Slot 4,U2 F U' F' U2 L' U' L,U2[10998] F[11165] U'[11272] F'[11413] U2[11552] L'[11847] U'[11955] L[12038],false,true,1670,797,873,12038,8,8,10,9.16,OLL,L U L' U L' B L B' L U2 L',L[12997] U[13104] L'[13171] U[13369] L'[13471] B[13608] L[13701] B'[13971] L[14114] U2[14443] L'[14524],false,true,2486,959,1527,14524,11,11,12,7.2,PLL,U L2 U L U L' U' L' U' L' U L' U,U[15253] L2[15894] U[16119] L[16279] U[16394] L'[16450] U'[16549] L'[16766] U'[16891] L'[17004] U[17056] L'[17153] U[17247],false,true,2723,1370,1353,17247,13,13,14,9.61,,,,,,,,,,,,,,,,,,,,,,,,,,,,27,BL->FR 36,"[FL,BR]->FR 1",23,10,Ub,,
32c1787b-caf4-42cd-b2e0-627419a49e65,2023-09-10 19:57:34 UTC,false,16779,CFOP,Gan Smart Cube,Gan i Carry,Gan 356i,Jacob Pfeifer,false,false,6405,16779,,D[0] R'[265] F'[565] L'[914] D[1028] D[1100] B'[1484] L'[2981] L'[3461] B[3606] L[3787] B'[3968] L[4179] F[4576] L[4790] F'[5103] D[5978] L'[6195] D'[6357] L'[6646] L'[6929] U'[7105] L[7185] L[7292] U[7387] L'[7549] L'[7825] F'[8110] L'[8460] F[8691] L'[9066] B[9176] L'[9313] B'[9454] L[9520] U'[9808] L'[9884] U[9959] L[10726] D'[11248] D[11407] D[11495] F[11865] U'[12183] F[12223] U[12340] F'[12466] U'[12577] F[12634] U[12720] F[12972] F[13055] D'[13142] L[14804] U[15145] B'[15265] U[15365] F[15518] F[15732] U'[15914] B[15969] U[16117] F[16269] F[16481] U'[16677] U'[16753] L[16779],cube,,Playground,custom_rules,U F R D F B' U L F D' L2 D' L2 B2 R2 L2 D2 F2 D F2 D,random_state,custom_rules,,,,8,LU,0,0,16779,57,57,67,3.4,7522,9257,"",0,Cross,z L D' F' U' L2 B',z[0] L[0] D'[265] F'[565] U'[914] L2[1100] B'[1484],false,true,1484,0,1484,1484,6,6,7,4.04,F2L Slot 1,U2' B U B' U F U F',U2'[3461] B[3606] U[3787] B'[3968] U[4179] F[4576] U[4790] F'[5103],false,true,3619,2122,1497,5103,8,8,9,5.34,F2L Slot 2,L U' L',L[5978] U'[6195] L'[6357],false,true,1254,875,379,6357,3,3,3,7.92,F2L Slot 3,U2' R' U2 R U2' F' U' F,U2'[6929] R'[7105] U2[7292] R[7387] U2'[7825] F'[8110] U'[8460] F[8691],false,true,2334,748,1586,8691,8,8,11,5.04,F2L Slot 4,U' B U' B' U R' U' R,U'[9066] B[9176] U'[9313] B'[9454] U[9520] R'[9808] U'[9884] R[9959],false,true,1268,485,783,9959,8,8,8,10.22,OLL,U L' L2 F R' F R F' R' F R F2 L',U[10726] L'[11248] L2[11495] F[11865] R'[12183] F[12223] R[12340] F'[12466] R'[12577] F[12634] R[12720] F2[13055] L'[13142],false,true,3183,1289,1894,13142,13,13,15,6.86,PLL,U R B' R F2 R' B R F2 R2' U,U[14804] R[15145] B'[15265] R[15365] F2[15732] R'[15914] B[15969] R[16117] F2[16481] R2'[16753] U[16779],false,true,3637,2003,1634,16779,11,11,14,6.73,,,,,,,,,,,,,,,,,,,,,,,,,,,,39,BR->FR 21,"[FL,BL]->FR 4",18,54,Ab,,
f340e375-ec97-41e7-afe7-c4e42d87087e,2023-09-10 19:59:27 UTC,false,15207,CFOP,Gan Smart Cube,Gan i Carry,Gan 356i,Jacob Pfeifer,false,false,29119,15207,,F'[0] L[122] B[321] L[522] D'[1151] D'[1431] U'[1815] F[2059] U[2203] F'[2421] F'[2537] U'[2677] F[2795] U[3025] U[3113] B'[3833] U[4031] B[4192] U'[4492] L[5178] U'[5324] L'[5735] U[6159] U[6360] L'[6602] U'[6719] L[7008] U'[7217] L'[7383] U[7471] L[7588] U[8385] U[8595] R'[8897] U[8953] R[9094] U[9285] U[9585] B[9844] U[9942] B'[10040] U[10715] U'[10873] U'[11148] B'[11341] U'[11447] R[11642] U[11831] B[12050] U'[12166] B'[12337] R'[12665] B[12738] U'[13442] B[13571] U[13685] B'[13731] U'[13892] B'[14024] R[14059] B[14146] B[14184] U'[14225] B'[14302] U'[14389] B[14458] U[14558] B'[14599] R'[14902] U[14954] U[15207],cube,,Playground,custom_rules,L' U F2 D R' U2 D' B' D' R D' F2 U2 R2 D B2 R2 L2 D' L2 F2 D2,random_state,custom_rules,,,,8,UF,0,0,15207,62,62,71,4.08,5976,9231,"",0,Cross,F' L B L D2',F'[0] L[122] B[321] L[522] D2'[1431],false,true,1431,0,1431,1431,5,5,6,3.49,F2L Slot 1,U' F U F2' U' F,U'[1815] F[2059] U[2203] F2'[2537] U'[2677] F[2795],false,true,1364,628,736,2795,6,6,7,8.15,F2L Slot 2,U2 B' U B U' L U' L',U2[3113] B'[3833] U[4031] B[4192] U'[4492] L[5178] U'[5324] L'[5735],false,true,2940,1038,1902,5735,8,8,9,4.21,F2L Slot 3,U2 L' U' L U' L' U L,U2[6360] L'[6602] U'[6719] L[7008] U'[7217] L'[7383] U[7471] L[7588],false,true,1853,867,986,7588,8,8,9,8.11,F2L Slot 4,U2 R' U R U2 B U B',U2[8595] R'[8897] U[8953] R[9094] U2[9585] B[9844] U[9942] B'[10040],false,true,2452,1309,1143,10040,8,8,10,7.0,OLL,U U2' B' U' R U B U' B' R' B,U[10715] U2'[11148] B'[11341] U'[11447] R[11642] U[11831] B[12050] U'[12166] B'[12337] R'[12665] B[12738],false,true,2698,1301,1397,12738,11,11,12,7.87,PLL,U' B U B' U' B' R B2 U' B' U' B U B' R' U2,U'[13442] B[13571] U[13685] B'[13731] U'[13892] B'[14024] R[14059] B2[14184] U'[14225] B'[14302] U'[14389] B[14458] U[14558] B'[14599] R'[14902] U2[15207],false,true,2469,833,1636,15207,16,16,18,9.78,,,,,,,,,,,,,,,,,,,,,,,,,,,,141,BL->FR 46,"[FL,BR]->FR 16",3,31,T,,
d7818960-a1fa-4755-bc5a-61e888fc5636,2023-09-10 20:02:41 UTC,false,19956,CFOP,Gan Smart Cube,Gan i Carry,Gan 356i,Jacob Pfeifer,false,false,8545,19956,,U[0] F[270] F[345] R'[643] U'[957] U[1134] U'[1460] B[1688] B[1791] U'[3949] U'[4192] F[4316] U'[4522] F'[4661] U'[4766] U[4876] U'[5206] R'[5467] U'[5712] R[5827] U[6766] R[7117] U'[7274] R'[7454] U'[7655] F[8193] U'[8406] F'[8623] U'[9716] R[10140] U'[10307] R'[10427] U[10531] R[10777] U[10939] R'[11128] U[12082] L[12375] U[12550] L'[12740] U[12896] U[13024] B'[13322] U[13428] B[13579] U'[14353] B[14678] L'[14806] B'[14960] U'[15099] B[15160] L[15297] B'[15508] L'[15682] U[15820] L[16209] U[16791] F'[17521] U[17574] F'[17657] U'[18103] R'[18507] F'[18724] R[18779] R[18867] U'[18980] R'[19080] U[19132] R'[19252] F[19344] R[19457] F[19639] U[19917] U[19956],cube,,Playground,custom_rules,U2 R' F' D' L' B' R2 B U2 L B2 R2 U' R2 L2 U2 B2 D' R2 D B2 R2,random_state,custom_rules,,,,8,UF,0,0,19956,68,68,74,3.41,8990,10966,"",0,Cross,U F2 R' U' U U' B2,U[0] F2[345] R'[643] U'[957] U[1134] U'[1460] B2[1791],false,true,1791,0,1791,1791,7,7,9,3.91,F2L Slot 1,U2' F U' F' U' U U' R' U' R,U2'[4192] F[4316] U'[4522] F'[4661] U'[4766] U[4876] U'[5206] R'[5467] U'[5712] R[5827],false,true,4036,2525,1511,5827,10,10,11,6.62,F2L Slot 2,U R U' R' U' F U' F',U[6766] R[7117] U'[7274] R'[7454] U'[7655] F[8193] U'[8406] F'[8623],false,true,2796,1290,1506,8623,8,8,8,5.31,F2L Slot 3,U' R U' R' U R U R',U'[9716] R[10140] U'[10307] R'[10427] U[10531] R[10777] U[10939] R'[11128],false,true,2505,1517,988,11128,8,8,8,8.1,F2L Slot 4,U L U L' U2 B' U B,U[12082] L[12375] U[12550] L'[12740] U2[13024] B'[13322] U[13428] B[13579],false,true,2451,1247,1204,13579,8,8,9,6.64,OLL,U' B L' B' U' B L B' L' U L,U'[14353] B[14678] L'[14806] B'[14960] U'[15099] B[15160] L[15297] B'[15508] L'[15682] U[15820] L[16209],false,true,2630,1099,1531,16209,11,11,11,7.18,PLL,U F' U F' U' R' F' R2 U' R' U R' F R F U2,U[16791] F'[17521] U[17574] F'[17657] U'[18103] R'[18507] F'[18724] R2[18867] U'[18980] R'[19080] U[19132] R'[19252] F[19344] R[19457] F[19639] U2[19956],false,true,3747,1312,2435,19956,16,16,18,6.57,,,,,,,,,,,,,,,,,,,,,,,,,,,,18,BL->FR 72,"[FL,BR]->FR 20",30,13,V,,
b9908c50-a33c-4d57-a245-706edb1f165e,2023-09-10 20:05:05 UTC,false,16584,CFOP,Gan Smart Cube,Gan i Carry,Gan 356i,Jacob Pfeifer,false,false,6301,16584,,B'[0] U'[149] U'[249] R[721] D'[1169] B[1369] R'[1578] R'[1702] B[2122] L[2438] B[2567] B[2647] L'[2755] B'[2904] U'[3312] B'[3684] U[3735] B'[4152] B'[4396] D[4530] B[4642] D'[4820] U[5156] B'[5307] U'[5490] B'[6028] B'[6899] B'[7223] R'[7472] B[7548] R[7763] B[9202] D'[9626] B[9665] D[9766] B[9981] B[10050] D'[10289] B[10319] D[10416] B[11344] B[11489] U'[11890] B[11949] B[12038] U[12143] B[12304] B[12381] U[12458] R'[12595] U'[12727] R[12767] B[13666] D'[13925] B'[14030] D[14115] L[14535] L[14598] F[14819] U'[14916] B[15236] U[15430] B'[15528] U[16016] F'[16312] L[16395] L[16481] B'[16584],cube,,Playground,custom_rules,U2 F R' L B U R L2 D' B' R2 U L2 U' R2 U2 R2 B2 U' D B2 R2,random_state,custom_rules,,,,8,BU,0,0,16584,57,57,68,3.44,8008,8576,"",0,Cross,x' U' F2' R B' U R2',x'[0] U'[0] F2'[249] R[721] B'[1169] U[1369] R2'[1702],false,true,1702,0,1702,1702,6,6,8,3.53,F2L Slot 1,U L U2 L' U' F' U' F,U[2122] L[2438] U2[2647] L'[2755] U'[2904] F'[3312] U'[3684] F[3735],false,true,2033,736,1297,3735,8,8,9,6.17,F2L Slot 2,U2' B U B' F U' F',U2'[4396] B[4530] U[4642] B'[4820] F[5156] U'[5307] F'[5490],false,true,1755,795,960,5490,7,7,8,7.29,F2L Slot 3,U' U2' R' U R,U'[6028] U2'[7223] R'[7472] U[7548] R[7763],false,true,2273,1982,291,7763,5,5,6,17.18,F2L Slot 4,U B' U B U2 B' U B,U[9202] B'[9626] U[9665] B[9766] U2[10050] B'[10289] U[10319] B[10416],false,true,2653,1863,790,10416,8,8,9,10.13,OLL,U2 F' U2 F U2 F R' F' R,U2[11489] F'[11890] U2[12038] F[12143] U2[12381] F[12458] R'[12595] F'[12727] R[12767],false,true,2351,1474,877,12767,9,9,12,10.26,PLL,U B' U' B L2 D F' U F U' F D' L2 U',U[13666] B'[13925] U'[14030] B[14115] L2[14598] D[14819] F'[14916] U[15236] F[15430] U'[15528] F[16016] D'[16312] L2[16481] U'[16584],false,true,3817,1158,2659,16584,14,14,16,5.27,,,,,,,,,,,,,,,,,,,,,,,,,,,,24,BR->FR 15,"[FL,BL]->FR 5",32,7,Gb,,
6c85ae59-d74a-448b-bbaa-a9c8c5284231,2023-09-10 20:04:18 UTC,false,21215,CFOP,Gan Smart Cube,Gan i Carry,Gan 356i,Jacob Pfeifer,false,false,22728,21215,,D'[0] F'[515] R[715] F'[929] L[1192] L[1282] D[1625] D[2017] L'[3036] D'[3388] L[3481] D[3634] L[3856] F[4776] L'[5003] F'[5232] L'[6258] L'[6747] D[7069] L[7218] D'[7403] L'[7584] F'[7924] L'[8256] F[8543] L'[9222] L'[9787] B[9939] L'[10092] B'[10252] L[10361] B[10609] L[10779] B'[10971] L[11313] L[11428] B'[11870] B[12422] B'[13759] L[13810] B[13901] L'[14049] D[14440] L[14522] D'[14600] L'[15501] U'[16341] F[16427] U[16636] U[16695] B'[16766] U'[16831] U'[16901] F'[16964] U[17026] U[17084] B[17192] U'[17344] D[18818] L[18908] D'[18992] B[19363] B[19433] R'[19765] U[19856] L'[19997] U'[20162] L[20185] U'[20382] R[20588] B[20767] B[20814] L'[21215],cube,,Playground,custom_rules,U' F' B' L' B2 L2 B U2 L' B L2 U R2 F2 U' F2 B2 D' R2 U2 D',random_state,custom_rules,,,,8,LU,0,0,21215,63,63,73,2.97,8718,12497,"",0,Cross,z L' F' D F' U2 L2,z[0] L'[0] F'[515] D[715] F'[929] U2[1282] L2[2017],false,true,2017,0,2017,2017,6,6,8,2.97,F2L Slot 1,U' L' U L U F U' F',U'[3036] L'[3388] U[3481] L[3634] U[3856] F[4776] U'[5003] F'[5232],false,true,3215,1371,1844,5232,8,8,8,4.34,F2L Slot 2,U2' L U L' U' F' U' F,U2'[6747] L[7069] U[7218] L'[7403] U'[7584] F'[7924] U'[8256] F[8543],false,true,3311,1837,1474,8543,8,8,9,5.43,F2L Slot 3,U2' B U' B' U B U B',U2'[9787] B[9939] U'[10092] B'[10252] U[10361] B[10609] U[10779] B'[10971],false,true,2428,1396,1032,10971,8,8,9,7.75,F2L Slot 4,U2 B' B B' U B U' L U L',U2[11428] B'[11870] B[12422] B'[13759] U[13810] B[13901] U'[14049] L[14440] U[14522] L'[14600],false,true,3629,899,2730,14600,10,10,11,3.66,OLL,U' R' F R2 B' R2' F' R2 B R',U'[15501] R'[16341] F[16427] R2[16695] B'[16766] R2'[16901] F'[16964] R2[17084] B[17192] R'[17344],false,true,2744,1741,1003,17344,10,10,13,9.97,PLL,L U L' B2 D' R U' R' U R' D B2 U',L[18818] U[18908] L'[18992] B2[19433] D'[19765] R[19856] U'[19997] R'[20162] U[20185] R'[20382] D[20588] B2[20814] U'[21215],false,true,3871,1474,2397,21215,13,13,15,5.42,,,,,,,,,,,,,,,,,,,,,,,,,,,,25,FL->FR 96,"[FL,BL]->FR 20",8,50,Gd,,
a78e110b-5d38-4b3d-8e2f-2bf0a80d8f5f,2023-09-10 20:05:38 UTC,false,15163,CFOP,Gan Smart Cube,Gan i Carry,Gan 356i,Jacob Pfeifer,false,false,3685,15163,,L[0] R'[23] D[240] B'[1034] L[1128] L[1210] U'[1640] U'[1891] D[3515] F'[3987] D'[4147] F[4220] D[4315] F'[4472] D'[4585] F[4666] D[4786] F'[4936] D'[5048] F[5138] B[5568] D'[5727] B'[5877] R'[6265] D'[6389] R[6554] D[7617] D[7791] D[8074] B[8401] D[8570] B'[8918] D'[9108] R[9289] D'[9409] R'[9487] D[9959] D[10062] R[10295] D[10372] R'[10437] D'[10537] R'[10661] B[10728] R[10827] B'[10977] R'[12018] D'[12168] R[12501] F[12936] F[13015] U[13523] L'[13687] D[13792] L[14008] D'[14119] L[14217] U'[14464] F[14562] F[14626] D'[14764] D'[15163],cube,,Playground,custom_rules,U L' U2 B' L2 U' F' B2 R' B U F2 R2 F2 L2 U' L2 U' R2 D' F2 D,random_state,custom_rules,,,,8,DB,0,0,15163,53,54,62,3.5,6593,8547,"",0,Cross,x M' U F' L2 D2',x[11] M'[23] U[240] F'[1034] L2[1210] D2'[1891],false,true,1868,0,1868,1891,5,6,8,2.68,F2L Slot 1,U B' U' B U B' U' B U B' U' B,U[3515] B'[3987] U'[4147] B[4220] U[4315] B'[4472] U'[4585] B[4666] U[4786] B'[4936] U'[5048] B[5138],false,true,3247,2096,1151,5138,12,12,12,10.43,F2L Slot 2,F U' F' R' U' R,F[5568] U'[5727] F'[5877] R'[6265] U'[6389] R[6554],false,true,1416,430,986,6554,6,6,6,6.09,F2L Slot 3,U3 F U F',U3[8074] F[8401] U[8570] F'[8918],false,true,2364,1847,517,8918,4,4,6,7.74,F2L Slot 4,U' R U' R',U'[9108] R[9289] U'[9409] R'[9487],false,true,569,371,198,9487,4,4,4,20.2,OLL,U2 R U R' U' R' F R F',U2[10062] R[10295] U[10372] R'[10437] U'[10537] R'[10661] F[10728] R[10827] F'[10977],false,true,1490,808,682,10977,9,9,10,13.2,PLL,R' U' R B2 D L' U L U' L D' B2 U2',R'[12018] U'[12168] R[12501] B2[13015] D[13523] L'[13687] U[13792] L[14008] U'[14119] L[14217] D'[14464] B2[14626] U2'[15163],false,true,4186,1041,3145,15163,13,13,16,4.13,,,,,,,,,,,,,,,,,,,,,,,,,,,,49,BR->FR 23,"[FL,BL]->FR 14",21,33,Gb,,
74002f4d-af37-4f97-a481-d9aa9dc01867,2023-09-10 20:07:45 UTC,false,19838,CFOP,Gan Smart Cube,Gan i Carry,Gan 356i,Jacob Pfeifer,false,false,5680,19838,,F[0] U[168] L'[645] B[775] B[871] D'[1393] L'[2173] L'[2971] D'[3514] L'[3663] D[3739] L[3964] L[4091] U[4444] L[4600] U'[4900] L[5571] B'[5919] L'[6086] B[6254] L'[6554] D[6719] L[6824] D'[6963] D'[8005] L[8157] D[8256] U'[8589] L[8727] U[8898] L[9649] D'[9969] L[10290] L[10393] D[10465] L'[10604] D'[10733] L[10787] D[10862] L'[11339] L'[11576] D[11698] D[11773] R[11872] D'[12141] L[12222] L[12323] D[12377] R'[12634] D'[13144] L[13172] D'[13328] D[13403] L[13509] D'[13591] L[14063] L[14181] D'[14535] L[14592] L[14671] D'[14938] L'[15267] F'[15389] D'[15557] F[15652] F[15701] L'[16012] F'[16215] L[16248] F'[16388] D[16473] F[16583] D[16911] L[17020] L'[17269] D'[18149] L'[19522] D[19694] L[19838],cube,,Playground,custom_rules,U L D B' L2 U' F' L' D L' D F2 U' F2 B2 U' L2 U2 F2 U' L2 B2,random_state,custom_rules,,,,8,LU,0,0,19838,70,70,79,3.53,7108,12730,"",0,Cross,z F R U' B2 L',z[0] F[0] R[168] U'[645] B2[871] L'[1393],false,true,1393,0,1393,1393,5,5,6,3.59,F2L Slot 1,U' U' L' U' L U2 R U R',U'[2173] U'[2971] L'[3514] U'[3663] L[3739] U2[4091] R[4444] U[4600] R'[4900],false,true,3507,2121,1386,4900,9,9,10,6.49,F2L Slot 2,U B' U' B U' L U L',U[5571] B'[5919] U'[6086] B[6254] U'[6554] L[6719] U[6824] L'[6963],false,true,2063,1019,1044,6963,8,8,8,7.66,F2L Slot 3,L' U L R' U R,L'[8005] U[8157] L[8256] R'[8589] U[8727] R[8898],false,true,1935,1042,893,8898,6,6,6,6.72,F2L Slot 4,U L' U2 L U' L' U L,U[9649] L'[9969] U2[10393] L[10465] U'[10604] L'[10733] U[10787] L[10862],false,true,1964,1071,893,10862,8,8,9,8.96,OLL,U2' L2 D L' U2 L D' L' U L' L U L',U2'[11576] L2[11773] D[11872] L'[12141] U2[12323] L[12377] D'[12634] L'[13144] U[13172] L'[13328] L[13403] U[13509] L'[13591],false,true,2729,911,1818,13591,13,13,16,7.15,PLL,U2 L' U2 L' U' F' L' F2 U' F' U F' L F L U U' L' U' L U,U2[14181] L'[14535] U2[14671] L'[14938] U'[15267] F'[15389] L'[15557] F2[15701] U'[16012] F'[16215] U[16248] F'[16388] L[16473] F[16583] L[16911] U[17020] U'[17269] L'[18149] U'[19522] L[19694] U[19838],false,true,6247,944,5303,19838,21,21,24,3.96,,,,,,,,,,,,,,,,,,,,,,,,,,,,140,BL->FR 47,"[FL,BR]->FR 56",10,23,F,,
893f4fd9-b79e-4654-87d7-aa45d9124093,2023-09-10 20:06:17 UTC,false,14585,CFOP,Gan Smart Cube,Gan i Carry,Gan 356i,Jacob Pfeifer,false,false,9446,14585,,R[0] B'[290] R[563] F[748] R[938] U[1470] B[2111] L'[2271] B'[2438] U'[3088] U'[4035] F[4083] U'[4335] F'[4473] U[4545] U[4621] B'[4894] U'[5154] B[5255] U'[6082] U'[6482] F[6644] U'[6815] F'[7023] U'[7321] R'[7657] U'[7809] R[7927] U'[8136] R[8290] U'[8453] R'[8593] U'[8752] F[8934] U'[9171] F'[9365] U[9780] F'[10252] U[10310] F[10432] B[11052] U[11157] B'[11225] U'[11339] B'[11476] R[11526] B[11625] R'[11813] U'[12608] U'[12825] R[12963] B[13085] U'[13136] B'[13233] U'[13320] B[13373] U[13452] B'[13522] R'[13592] B[13665] U[13791] B'[13853] U'[13920] B'[14081] R[14147] B[14281] R'[14428] U[14585],cube,,Playground,custom_rules,U2 B' U L F' D' R D B' R U B2 R2 D' R2 F2 B2 D2 F2 D' L2 D2,random_state,custom_rules,,,,8,UF,0,0,14585,65,65,68,4.46,6054,8531,"",0,Cross,R B' R F R U B L' B',R[0] B'[290] R[563] F[748] R[938] U[1470] B[2111] L'[2271] B'[2438],false,true,2438,0,2438,2438,9,9,9,3.69,F2L Slot 1,U' U' F U' F' U2 B' U' B,U'[3088] U'[4035] F[4083] U'[4335] F'[4473] U2[4621] B'[4894] U'[5154] B[5255],false,true,2817,1645,1172,5255,9,9,10,7.68,F2L Slot 2,U2' F U' F' U' R' U' R,U2'[6482] F[6644] U'[6815] F'[7023] U'[7321] R'[7657] U'[7809] R[7927],false,true,2672,1389,1283,7927,8,8,9,6.24,F2L Slot 3,U' R U' R' U' F U' F',U'[8136] R[8290] U'[8453] R'[8593] U'[8752] F[8934] U'[9171] F'[9365],false,true,1438,363,1075,9365,8,8,8,7.44,F2L Slot 4,U F' U F,U[9780] F'[10252] U[10310] F[10432],false,true,1067,887,180,10432,4,4,4,22.22,OLL,B U B' U' B' R B R',B[11052] U[11157] B'[11225] U'[11339] B'[11476] R[11526] B[11625] R'[11813],false,true,1381,620,761,11813,8,8,8,10.51,PLL,U2' R B U' B' U' B U B' R' B U B' U' B' R B R' U,U2'[12825] R[12963] B[13085] U'[13136] B'[13233] U'[13320] B[13373] U[13452] B'[13522] R'[13592] B[13665] U[13791] B'[13853] U'[13920] B'[14081] R[14147] B[14281] R'[14428] U[14585],false,true,2772,1150,1622,14585,19,19,20,11.71,,,,,,,,,,,,,,,,,,,,,,,,,,,,18,BR->FR 18,"[FL,BL]->FR 60",5,33,Y,,
f4fef6df-0b2c-4f09-aa92-935efaca260f,2023-09-10 20:07:04 UTC,false,16228,CFOP,Gan Smart Cube,Gan i Carry,Gan 356i,Jacob Pfeifer,false,false,11970,16228,,R[0] B'[219] U[311] B[502] R'[937] R'[1225] U[1531] U[1645] R'[2029] R'[2265] U'[2976] L[3073] U[3195] L'[3995] D'[4303] L[4369] D[4477] L[4690] U[4997] L[5130] U'[5381] L'[6822] F[7149] L[7304] F'[7685] L[8156] L[8407] L'[9033] B'[9120] L[9167] B[9280] L[9409] B'[9559] L[9631] B[9725] L'[9818] B'[9918] L[9953] B[10044] L[11154] U[11553] L[11710] B[11838] L'[11885] B'[11949] U'[12097] L'[12265] D[12406] F[12524] L[12645] F'[12707] L'[12777] D'[12899] L'[13430] F[13674] F[13746] F'[14016] L'[14620] F[14704] L[14917] F[15069] L[15203] F[15337] L'[15432] F'[15553] L'[15655] F[15782] F[15832] L[15901] L[16228],cube,,Playground,custom_rules,F' L2 B L' D' F U R' F B2 L U2 B2 D L2 U L2 F2 U2 R2 L2 D',random_state,custom_rules,,,,8,LU,0,0,16228,63,63,70,3.88,7378,8850,"",0,Cross,z D B' R B D2' R2 D2',z[0] D[0] B'[219] R[311] B[502] D2'[1225] R2[1645] D2'[2265],false,true,2265,0,2265,2265,7,7,10,3.09,F2L Slot 1,R' U R,R'[2976] U[3073] R[3195],false,true,930,711,219,3195,3,3,3,13.7,F2L Slot 2,U' L' U L U R U R',U'[3995] L'[4303] U[4369] L[4477] U[4690] R[4997] U[5130] R'[5381],false,true,2186,1108,1078,5381,8,8,8,7.42,F2L Slot 3,U' F U F',U'[6822] F[7149] U[7304] F'[7685],false,true,2304,1768,536,7685,4,4,4,7.46,F2L Slot 4,U2 U' B' U B U B' U B U' B' U B,U2[8407] U'[9033] B'[9120] U[9167] B[9280] U[9409] B'[9559] U[9631] B[9725] U'[9818] B'[9918] U[9953] B[10044],false,true,2359,1435,924,10044,13,13,14,14.07,OLL,U R U B U' B' R' U' L F U F' U' L',U[11154] R[11553] U[11710] B[11838] U'[11885] B'[11949] R'[12097] U'[12265] L[12406] F[12524] U[12645] F'[12707] U'[12777] L'[12899],false,true,2855,1509,1346,12899,14,14,14,10.4,PLL,U' F2 F' U' F U F U F U' F' U' F2 U2,U'[13430] F2[13746] F'[14016] U'[14620] F[14704] U[14917] F[15069] U[15203] F[15337] U'[15432] F'[15553] U'[15655] F2[15832] U2[16228],false,true,3329,847,2482,16228,14,14,17,5.64,,,,,,,,,,,,,,,,,,,,,,,,,,,,5,BR->FR 3,"[BL,BR]->FR 14",22,3,Ua,,
145ea0a4-b9d5-4e8f-a917-cdd5c8256859,2023-09-10 20:53:08 UTC,false,17005,CFOP,Gan Smart Cube,Gan i Carry,Gan 356i,Jacob Pfeifer,false,false,31148,17005,,F[0] L'[181] D'[452] D'[688] F'[972] L'[1143] B'[2055] U'[2311] B[2391] U[2556] F[2796] U'[2964] F'[3220] U[3392] F'[3736] U[3825] F[3955] U'[4086] U'[4605] R[4740] U[4865] R'[5126] U'[5552] R'[6069] U'[6227] R[6287] U[6425] R'[6570] U'[6687] R[6756] B'[7417] U'[7585] B[7690] U[8199] U[8347] B[8639] U[8738] B'[8824] U[9053] U[9127] B[9190] U'[9267] B'[9369] U'[10423] B[10793] U[10933] B'[11042] U[11495] B'[11615] R[11742] B[11808] R'[12019] U[12439] U[12530] B'[12666] R[12742] B[12833] R'[13008] B[14634] B[14713] D'[14931] R[15041] U'[15133] R[15288] U[15574] R'[15665] D[15864] B[16099] B[16152] L[16613] U'[16758] L'[16921] U[16955] U[17005],cube,,Playground,custom_rules,D F D B' R2 U' R F' L' F2 L2 F2 D2 L2 F2 D F2 U B2 R2 F2 L2,random_state,custom_rules,,,,8,UF,0,0,17005,66,66,74,3.88,6449,10556,"",0,Cross,F L' D2' F' L',F[0] L'[181] D2'[688] F'[972] L'[1143],false,true,1143,0,1143,1143,5,5,6,4.37,F2L Slot 1,B' U' B U F U' F',B'[2055] U'[2311] B[2391] U[2556] F[2796] U'[2964] F'[3220],false,true,2077,912,1165,3220,7,7,7,6.01,F2L Slot 2,U F' U F U2' R U R',U[3392] F'[3736] U[3825] F[3955] U2'[4605] R[4740] U[4865] R'[5126],false,true,1906,516,1390,5126,8,8,9,5.76,F2L Slot 3,U' R' U' R U R' U' R B' U' B,U'[5552] R'[6069] U'[6227] R[6287] U[6425] R'[6570] U'[6687] R[6756] B'[7417] U'[7585] B[7690],false,true,2564,943,1621,7690,11,11,11,6.79,F2L Slot 4,U2 B U B' U2 B U' B',U2[8347] B[8639] U[8738] B'[8824] U2[9127] B[9190] U'[9267] B'[9369],false,true,1679,949,730,9369,8,8,10,10.96,OLL,U' B U B' U B' R B R' U2 B' R B R',U'[10423] B[10793] U[10933] B'[11042] U[11495] B'[11615] R[11742] B[11808] R'[12019] U2[12530] B'[12666] R[12742] B[12833] R'[13008],false,true,3639,1424,2215,13008,14,14,15,6.32,PLL,B2 D' R U' R U R' D B2 L U' L' U2,B2[14713] D'[14931] R[15041] U'[15133] R[15288] U[15574] R'[15665] D[15864] B2[16152] L[16613] U'[16758] L'[16921] U2[17005],false,true,3997,1705,2292,17005,13,13,16,5.67,,,,,,,,,,,,,,,,,,,,,,,,,,,,44,FL->FR 3,"[BL,BR]->FR 58",15,17,Gc,,
921d5de9-7966-44b7-928b-728afa6a4d8f,2023-09-10 20:52:02 UTC,false,29270,CFOP,Gan Smart Cube,Gan i Carry,Gan 356i,Jacob Pfeifer,false,false,13358,29270,,B[0] U'[459] L[675] D[1189] L'[2126] B'[2739] L'[3036] B'[3748] R[4193] R[4261] B[4363] R[4653] R[4729] F[5043] R[5176] F'[5395] R'[5872] B[6062] R'[6207] B'[6371] U[6817] R[7012] U'[7284] R'[8070] D[8220] R[8496] R[8574] D'[8670] R[8906] F'[9590] R'[10042] F[10161] R'[10905] R[11578] D'[11706] R'[11764] D[11844] R[11945] D'[12009] R'[12078] D[12140] R[12974] R[13850] B[14508] R[14704] U[14834] R'[14900] U'[14963] B'[15123] R'[15658] R'[16878] B[19112] R[20174] B[20574] R'[20722] B'[20864] R'[21698] R'[21931] U[22059] R'[22241] U'[22360] R[22401] R[22453] U[22511] R'[22606] U'[22657] R[23504] R[23589] B[23902] U[24040] R[24150] U'[24198] R'[24251] B'[24382] R[24540] B[24770] U[24895] R[25003] U'[25053] R'[25116] B'[25235] R[26036] R[26152] U[26428] R[26514] U'[26607] B[27504] B[27575] L'[27910] D[28019] R'[28218] D'[28446] R[28489] D'[28570] L[28762] B[28901] B[28940] R[29245] R[29270],cube,,Playground,custom_rules,D2 L F U' R D' F' D' L U F2 U F2 U2 F2 R2 D L2 U2 F2 B2 L2,random_state,custom_rules,,,,8,RU,0,0,29270,89,89,99,3.04,3959,25311,"",2,Cross,z' B L' D R D' B' D' B' U2 B U2 F U F' U' B U' B' L U L' U' R U2 R' U F' U' F U' U R' U' R U R' U' R U U B,z'[0] B[0] L'[459] D[675] R[1189] D'[2126] B'[2739] D'[3036] B'[3748] U2[4261] B[4363] U2[4729] F[5043] U[5176] F'[5395] U'[5872] B[6062] U'[6207] B'[6371] L[6817] U[7012] L'[7284] U'[8070] R[8220] U2[8574] R'[8670] U[8906] F'[9590] U'[10042] F[10161] U'[10905] U[11578] R'[11706] U'[11764] R[11844] U[11945] R'[12009] U'[12078] R[12140] U[12974] U[13850] B[14508],false,true,14508,0,14508,14508,41,41,44,2.83,F2L Slot 1,,"",true,false,0,0,0,14508,0,0,0,0,F2L Slot 2,,"",true,false,0,0,0,14508,0,0,0,0,F2L Slot 3,U L U' L' B' U' U' B U B U' B',U[14704] L[14834] U'[14900] L'[14963] B'[15123] U'[15658] U'[16878] B[19112] U[20174] B[20574] U'[20722] B'[20864],false,true,6356,326,6030,20864,12,12,12,1.99,F2L Slot 4,U2' L U' L' U2 L U' L',U2'[21931] L[22059] U'[22241] L'[22360] U2[22453] L[22511] U'[22606] L'[22657],false,true,1793,1195,598,22657,8,8,10,13.38,OLL,U2 B L U L' U' B' U B L U L' U' B',U2[23589] B[23902] L[24040] U[24150] L'[24198] U'[24251] B'[24382] U[24540] B[24770] L[24895] U[25003] L'[25053] U'[25116] B'[25235],false,true,2578,1245,1333,25235,14,14,15,10.5,PLL,U2 L U L' B2 D' R U' R' U R' D B2 U2,U2[26152] L[26428] U[26514] L'[26607] B2[27575] D'[27910] R[28019] U'[28218] R'[28446] U[28489] R'[28570] D[28762] B2[28940] U2[29270],false,true,4035,1193,2842,29270,14,14,18,4.93,,,,,,,,,,,,,,,,,,,,,,,,,,,,Solved,FL->FR Solved,"[FL,BL]->FR 21",33,12,Gd,,
c7f80e7b-992b-4d92-a62a-fd7741989ebf,2023-09-10 20:54:57 UTC,false,17289,CFOP,Gan Smart Cube,Gan i Carry,Gan 356i,Jacob Pfeifer,false,false,18450,17289,,D[0] R'[97] D'[238] B'[705] U[1004] B'[1191] D[1375] B'[1599] F'[2605] U[2805] F[2926] U'[3130] F[3211] R'[3602] F'[3720] R[3886] F[5152] F[5242] L[5576] F[5690] L'[5873] F'[6013] D'[6599] F'[6793] D[6910] D[7177] F'[7318] D'[7492] F[7562] F[7664] U'[8009] F[8083] U[8313] F[8638] L'[9605] F[9669] F[9746] L[9861] F[10057] L'[10151] F'[10232] L[10324] L[11110] L[11187] B[11282] L'[11510] F[11622] F[11693] L[11738] B'[12075] L'[12407] F[12461] F[12514] L'[12608] F'[14227] F'[14548] L'[15019] U[15105] L'[15357] D[15460] D[15664] L[15841] U'[16451] L'[16659] D[16791] D[16971] L[17125] L[17208] F[17289],cube,,Playground,custom_rules,F D2 B R U L' F U' F U2 R2 F2 B2 R2 D' B2 U R2 D' L2 U2,random_state,custom_rules,,,,8,FU,0,0,17289,58,58,69,3.35,7729,9560,"",0,Cross,x F R' F' D' B D' F D',x[0] F[0] R'[97] F'[238] D'[705] B[1004] D'[1191] F[1375] D'[1599],false,true,1599,0,1599,1599,8,8,8,5.0,F2L Slot 1,U' B U B' U R' U' R,U'[2605] B[2805] U[2926] B'[3130] U[3211] R'[3602] U'[3720] R[3886],false,true,2287,1206,1081,3886,8,8,8,7.4,F2L Slot 2,U2 L U L' U' F' U' F,U2[5242] L[5576] U[5690] L'[5873] U'[6013] F'[6599] U'[6793] F[6910],false,true,3024,1690,1334,6910,8,8,9,6.0,F2L Slot 3,F U' F' U2 B' U B,F[7177] U'[7318] F'[7492] U2[7664] B'[8009] U[8083] B[8313],false,true,1403,267,1136,8313,7,7,8,6.16,F2L Slot 4,U L' U2 L U L' U' L,U[8638] L'[9605] U2[9746] L[9861] U[10057] L'[10151] U'[10232] L[10324],false,true,2011,1292,719,10324,8,8,9,11.13,OLL,L2 D L' U2 L D' L' U2 L',L2[11187] D[11282] L'[11510] U2[11693] L[11738] D'[12075] L'[12407] U2[12514] L'[12608],false,true,2284,863,1421,12608,9,9,12,6.33,PLL,U2' L' B L' F2 L B' L' F2 L2 U,U2'[14548] L'[15019] B[15105] L'[15357] F2[15664] L[15841] B'[16451] L'[16659] F2[16971] L2[17208] U[17289],false,true,4681,2411,2270,17289,11,11,15,4.85,,,,,,,,,,,,,,,,,,,,,,,,,,,,54,BR->FR 72,"[FL,BL]->FR 55",4,23,Aa,,
2e4cdbd3-2bbc-4b09-a329-50c3eb6cc9b8,2023-09-10 20:55:41 UTC,false,17129,CFOP,Gan Smart Cube,Gan i Carry,Gan 356i,Jacob Pfeifer,false,false,6344,17129,,U'[0] R'[189] D'[427] B[715] B[796] R'[1565] R'[1672] B'[2629] R[2839] B'[2979] R'[3128] B[3223] D[3742] B'[3853] D'[4053] B[4244] B[4349] U[4586] B'[4744] U'[4925] B'[6348] R[6892] B'[7026] R'[7344] B[9057] L[9255] B[9373] L'[9447] B'[9650] B'[9986] D'[10101] B[10153] D[10234] B'[11032] B'[11305] L'[11610] D'[11897] B'[12188] D[12244] B[12361] D'[12488] B'[12613] D[12649] B[12758] L[12958] B'[14202] B'[14452] U'[14657] B[14686] U'[14766] U[14901] U'[15256] B'[15388] R'[15661] U'[15771] R[15815] R[15867] B'[15942] R'[16065] B[16106] R'[16232] U[16324] R[16430] U[16746] B[17041] B[17129],cube,,Playground,custom_rules,R D' F2 B D' R2 B2 U F R' F2 L2 D2 L2 D' F2 D F2 R2 U' F2 L2,random_state,custom_rules,,,,8,BU,0,0,17129,58,58,66,3.39,8653,8476,"",0,Cross,x' F' R' B' U2 R2',x'[0] F'[0] R'[189] B'[427] U2[796] R2'[1672],false,true,1672,0,1672,1672,5,5,7,2.99,F2L Slot 1,U' R U' R' U B U' B',U'[2629] R[2839] U'[2979] R'[3128] U[3223] B[3742] U'[3853] B'[4053],false,true,2381,1167,1214,4053,8,8,8,6.59,F2L Slot 2,U2 F U' F',U2[4349] F[4586] U'[4744] F'[4925],false,true,872,533,339,4925,4,4,5,11.8,F2L Slot 3,U' R U' R',U'[6348] R[6892] U'[7026] R'[7344],false,true,2419,1967,452,7344,4,4,4,8.85,F2L Slot 4,U L U L' U2' B' U B,U[9057] L[9255] U[9373] L'[9447] U2'[9986] B'[10101] U[10153] B[10234],false,true,2890,1911,979,10234,8,8,9,8.17,OLL,U2' L' B' U' B U B' U' B U L,U2'[11305] L'[11610] B'[11897] U'[12188] B[12244] U[12361] B'[12488] U'[12613] B[12649] U[12758] L[12958],false,true,2724,1376,1348,12958,11,11,12,8.16,PLL,U2' F' U F' F F' U' R' F' R2 U' R' U R' F R F U2,U2'[14452] F'[14657] U[14686] F'[14766] F[14901] F'[15256] U'[15388] R'[15661] F'[15771] R2[15867] U'[15942] R'[16065] U[16106] R'[16232] F[16324] R[16430] F[16746] U2[17129],false,true,4171,1699,2472,17129,18,18,21,7.28,,,,,,,,,,,,,,,,,,,,,,,,,,,,144,BL->FR 21,"[FL,BR]->FR 21",30,47,V,,
753d98e8-eeea-4b83-920e-4f954ab9a5ee,2023-09-10 20:54:07 UTC,false,18662,CFOP,Gan Smart Cube,Gan i Carry,Gan 356i,Jacob Pfeifer,false,false,24286,18662,,L'[0] L'[249] B[391] L'[611] F'[923] U[992] F[1143] R'[3135] R'[3441] D[3866] R'[3986] D'[4138] U[4515] R'[4690] U'[4891] F'[6557] R[6648] F[6754] R[7099] R[7226] F'[7636] R[7748] F[8041] R[8999] R[9079] B[9512] R[9641] B'[9775] R[9916] D'[10490] R'[10633] D[10771] F[11486] R'[11595] F'[11746] R[11781] F[11970] R[12081] R[12133] F'[12204] R[12597] F[12700] R'[12787] F'[12889] R'[13645] R'[13878] B[14039] U[14134] U[14253] F'[14348] U'[14475] F[14556] U'[14675] B'[14826] R[15714] R'[16971] F[17138] F[17213] R[17432] F[17634] R[17751] F'[17811] R'[17925] F'[18141] R'[18222] F'[18344] R[18378] F'[18498] R'[18662],cube,,Playground,custom_rules,L F2 D2 R' D F R' U2 R2 B' U2 R2 F2 U B2 D2 F2 R2 U L2 B2 D',random_state,custom_rules,,,,8,RU,0,0,18662,61,61,69,3.27,10112,8301,"",0,Cross,z' D2' B D' F' L F,z'[124] D2'[249] B[391] D'[611] F'[923] L[992] F[1143],false,true,894,0,894,1143,6,6,7,6.71,F2L Slot 1,U2' R U' R' L U' L',U2'[3441] R[3866] U'[3986] R'[4138] L[4515] U'[4690] L'[4891],false,true,3748,2723,1025,4891,7,7,8,6.83,F2L Slot 2,F' U F U2 F' U F,F'[6557] U[6648] F[6754] U2[7226] F'[7636] U[7748] F[8041],false,true,3150,1666,1484,8041,7,7,8,4.72,F2L Slot 3,U2 B U B' U R' U' R,U2[9079] B[9512] U[9641] B'[9775] U[9916] R'[10490] U'[10633] R[10771],false,true,2730,1471,1259,10771,8,8,9,6.35,F2L Slot 4,F U' F' U F U2 F' U F U' F',F[11486] U'[11595] F'[11746] U[11781] F[11970] U2[12133] F'[12204] U[12597] F[12700] U'[12787] F'[12889],false,true,2118,715,1403,12889,11,11,12,7.84,OLL,U2' B L2 F' L' F L' B',U2'[13878] B[14039] L2[14253] F'[14348] L'[14475] F[14556] L'[14675] B'[14826],false,true,1937,1150,787,14826,8,8,10,10.17,PLL,U U' F2 U F U F' U' F' U' F' U F' U',U[15714] U'[16971] F2[17213] U[17432] F[17634] U[17751] F'[17811] U'[17925] F'[18141] U'[18222] F'[18344] U[18378] F'[18498] U'[18662],false,true,3836,2387,1449,18662,14,14,15,9.66,,,,,,,,,,,,,,,,,,,,,,,,,,,,111,BL->FR 44,"[FL,BR]->FR 42",39,6,Ub,,
a602bf37-989d-40d5-a1bf-3a7ae76ce410,2023-09-10 20:56:29 UTC,false,18974,CFOP,Gan Smart Cube,Gan i Carry,Gan 356i,Jacob Pfeifer,false,false,10088,18974,,B[0] B[108] R'[352] R'[554] D'[1024] B[1546] L'[1821] B'[1996] B'[2768] B[3007] B'[3132] U'[3323] B[3387] U'[3692] F[3889] U[4002] F'[4161] U[4235] B[4685] U[4884] B'[5193] B'[5999] U[6403] B[6579] U[6892] U[7038] F[7638] U[7793] F'[7916] L[8452] U'[8550] L'[8682] U'[8789] L[8875] U'[9023] L'[9183] U[9277] L[9396] U'[9506] L'[9856] U[10127] U[10222] R[10650] U[10775] R'[10868] U'[11020] R[11069] U[11175] R'[11275] U'[11407] R[11443] U[11516] R'[11633] U'[12443] U'[12711] L[12813] U[12917] L'[13007] U[13070] L[13271] U'[13373] L'[13453] U'[13598] L'[13747] B[13785] L[14188] B'[14366] U'[15349] L[15566] L[15655] L'[16396] L'[16575] L[16926] L[16994] D[17267] F'[17403] U[17599] F'[17706] U'[17773] F[17865] D'[18061] L[18134] L[18227] B'[18692] U[18736] B[18862] U'[18974],cube,,Playground,custom_rules,L B' U F2 U' B' U L' B' L' F2 U' B2 D' R2 U L2 F2 U2 L2 D',random_state,custom_rules,,,,8,UF,0,0,18974,78,78,87,4.11,5377,13489,"",0,Cross,B2 R2' D' B L' B',B2[108] R2'[554] D'[1024] B[1546] L'[1821] B'[1996],false,true,1888,0,1888,1996,6,6,8,3.18,F2L Slot 1,B' B B' U' B U' F U F' U B U B',B'[2768] B[3007] B'[3132] U'[3323] B[3387] U'[3692] F[3889] U[4002] F'[4161] U[4235] B[4685] U[4884] B'[5193],false,true,3197,772,2425,5193,13,13,13,5.36,F2L Slot 2,B' U B U2 F U F',B'[5999] U[6403] B[6579] U2[7038] F[7638] U[7793] F'[7916],false,true,2723,806,1917,7916,7,7,8,3.65,F2L Slot 3,L U' L' U' L U' L' U L U' L',L[8452] U'[8550] L'[8682] U'[8789] L[8875] U'[9023] L'[9183] U[9277] L[9396] U'[9506] L'[9856],false,true,1940,536,1404,9856,11,11,11,7.83,F2L Slot 4,U2 R U R' U' R U R' U' R U R',U2[10222] R[10650] U[10775] R'[10868] U'[11020] R[11069] U[11175] R'[11275] U'[11407] R[11443] U[11516] R'[11633],false,true,1777,794,983,11633,12,12,13,12.21,OLL,U2' L U L' U L U' L' U' L' B L B',U2'[12711] L[12813] U[12917] L'[13007] U[13070] L[13271] U'[13373] L'[13453] U'[13598] L'[13747] B[13785] L[14188] B'[14366],false,true,2733,1180,1553,14366,13,13,14,8.37,PLL,U' L2 L2' L2 D F' U F' U' F D' L2 B' U B U',U'[15349] L2[15655] L2'[16575] L2[16994] D[17267] F'[17403] U[17599] F'[17706] U'[17773] F[17865] D'[18061] L2[18227] B'[18692] U[18736] B[18862] U'[18974],false,true,4608,1289,3319,18974,16,16,20,4.82,,,,,,,,,,,,,,,,,,,,,,,,,,,,99,BL->FR 8,"[FL,BR]->FR 1",31,38,Ga,,
a7e6ba24-733e-494e-976f-2b50aed32c84,2023-09-10 20:57:31 UTC,false,17533,CFOP,Gan Smart Cube,Gan i Carry,Gan 356i,Jacob Pfeifer,false,false,27708,17533,,B'[0] L'[137] D[211] L[318] R'[634] F[959] D'[1378] B'[2333] L[2655] B[2761] L'[2841] B'[2911] L[2976] B[3078] L'[3242] B[3299] R[3661] B[3790] R'[4012] B[4819] B'[5130] B'[5406] R'[5863] B[5956] R[6104] B'[6416] D[6922] B'[7137] D'[7341] B[8182] B[8564] D[8728] L'[8846] D'[9020] L[9078] D'[9463] B[9547] D[9671] U[10124] B'[10297] U'[10429] B'[10602] U[10684] B'[10844] U'[10960] B[11012] L'[11322] B'[11407] L[11469] B[12605] D[13048] L[13226] B[13330] L'[13393] B'[13466] L[13537] B[13632] L'[13698] B'[13789] D'[13924] B[14767] L'[15154] B[15209] B[15290] L'[15556] B'[15691] U'[15957] L'[16059] U[16101] U[16154] B'[16206] U'[16322] B[16351] U'[16430] L[16557] U[16645] L[16796] L'[17275] B'[17426] L[17533],cube,,Playground,custom_rules,D' F' D2 B' R L' B' D2 L F2 L2 F2 R2 U L2 B2 U2 B2 U F2 L2 U',random_state,custom_rules,,,,8,BU,0,0,17533,76,76,80,4.33,7777,9756,"",0,Cross,x' U' L' B L R' D B',x'[0] U'[0] L'[137] B[211] L[318] R'[634] D[959] B'[1378],false,true,1378,0,1378,1378,7,7,7,5.08,F2L Slot 1,U' L U L' U' L U L' U R U R',U'[2333] L[2655] U[2761] L'[2841] U'[2911] L[2976] U[3078] L'[3242] U[3299] R[3661] U[3790] R'[4012],false,true,2634,1277,1357,4012,12,12,12,8.84,F2L Slot 2,U U2' R' U R U' B U' B',U[4819] U2'[5406] R'[5863] U[5956] R[6104] U'[6416] B[6922] U'[7137] B'[7341],false,true,3329,1851,1478,7341,9,9,10,6.09,F2L Slot 3,U2 B L' B' L B' U B,U2[8564] B[8728] L'[8846] B'[9020] L[9078] B'[9463] U[9547] B[9671],false,true,2330,1387,943,9671,8,8,9,8.48,F2L Slot 4,F U' F' U' F U' F' U L' U' L,F[10124] U'[10297] F'[10429] U'[10602] F[10684] U'[10844] F'[10960] U[11012] L'[11322] U'[11407] L[11469],false,true,1798,453,1345,11469,11,11,11,8.18,OLL,U B L U L' U' L U L' U' B',U[12605] B[13048] L[13226] U[13330] L'[13393] U'[13466] L[13537] U[13632] L'[13698] U'[13789] B'[13924],false,true,2455,1579,876,13924,11,11,11,12.56,PLL,U L' U2 L' U' F' L' F2 U' F' U F' L F L L' U' L,U[14767] L'[15154] U2[15290] L'[15556] U'[15691] F'[15957] L'[16059] F2[16154] U'[16206] F'[16322] U[16351] F'[16430] L[16557] F[16645] L[16796] L'[17275] U'[17426] L[17533],false,true,3609,1230,2379,17533,18,18,20,7.57,,,,,,,,,,,,,,,,,,,,,,,,,,,,109,FL->FR 46,"[FL,BL]->FR 40",41,48,F,,
c1cd7d82-d244-4e20-970d-7b339cbb6e0f,2023-09-10 20:58:10 UTC,false,13018,CFOP,Gan Smart Cube,Gan i Carry,Gan 356i,Jacob Pfeifer,false,false,7852,13018,,R'[0] U[49] R[187] F'[525] R'[719] B'[1153] D[1371] D[1484] B'[2256] D'[2483] B[2551] D[2651] R[3138] B[3291] R'[3567] L'[4412] B[4484] L[4607] B'[4813] L'[4991] B'[5153] L[5266] L[5454] B'[5597] L'[5753] B'[5864] R'[6039] B'[6227] R[6367] L[6633] B'[6790] L'[6891] B'[6994] L[7101] B[7192] L'[7360] B[7453] B[7525] L[7568] B'[7661] L'[7743] B'[8420] B'[8652] R[8794] D[8924] D[8995] L'[9075] D'[9266] L[9438] D'[9627] R'[9966] B[11085] R[11349] B[11478] B[11543] R'[11674] B[11807] B[11862] R[11927] D'[12028] R'[12155] B'[12267] R[12326] B[12416] R[12572] D[12848] R'[12925] R'[13018],cube,,Playground,custom_rules,U2 D' R L D B R U' R F' D L2 B2 D L2 D' R2 U F2 D' L2 F2,random_state,custom_rules,,,,8,BU,0,0,13018,60,60,68,4.61,4732,8286,"",0,Cross,x' R' F R D' R' U' B2,x'[0] R'[0] F[49] R[187] D'[525] R'[719] U'[1153] B2[1484],false,true,1484,0,1484,1484,7,7,8,4.72,F2L Slot 1,U' B' U B R U R',U'[2256] B'[2483] U[2551] B[2651] R[3138] U[3291] R'[3567],false,true,2083,999,1084,3567,7,7,7,6.46,F2L Slot 2,L' U L U' L' U' L,L'[4412] U[4484] L[4607] U'[4813] L'[4991] U'[5153] L[5266],false,true,1699,845,854,5266,7,7,7,8.2,F2L Slot 3,L U' L' U' R' U' R,L[5454] U'[5597] L'[5753] U'[5864] R'[6039] U'[6227] R[6367],false,true,1101,188,913,6367,7,7,7,7.67,F2L Slot 4,L U' L' U' L U L' U2 L U' L',L[6633] U'[6790] L'[6891] U'[6994] L[7101] U[7192] L'[7360] U2[7525] L[7568] U'[7661] L'[7743],false,true,1376,266,1110,7743,11,11,12,9.91,OLL,U2' R B2 L' B' L B' R',U2'[8652] R[8794] B2[8995] L'[9075] B'[9266] L[9438] B'[9627] R'[9966],false,true,2223,1051,1172,9966,8,8,10,6.83,PLL,U R U2 R' U2 R B' R' U' R U R B R2',U[11085] R[11349] U2[11543] R'[11674] U2[11862] R[11927] B'[12028] R'[12155] U'[12267] R[12326] U[12416] R[12572] B[12848] R2'[13018],false,true,3052,1383,1669,13018,14,14,17,8.39,,,,,,,,,,,,,,,,,,,,,,,,,,,,3,BR->FR 6,"[FL,BL]->FR 23",38,6,Ra,,
a82b3a33-d402-4e83-b809-7ef721683b55,2023-09-10 20:58:57 UTC,false,13831,CFOP,Gan Smart Cube,Gan i Carry,Gan 356i,Jacob Pfeifer,false,false,5878,13831,,U'[0] U'[261] L'[435] D[657] R[880] F'[1204] L[1798] D[1918] L'[2026] D[2218] R'[2545] D[2611] R[2740] D'[2910] B'[3340] D[3427] B[3660] D'[3888] D'[4200] F'[4407] D[4531] F[4668] D[5151] D'[5395] B[5609] D[5753] B'[6022] R'[6689] D[6808] R[6902] D'[7006] R'[7107] D'[7189] R[7263] D'[8066] B[8278] R[8416] D[8539] R'[8592] D'[8661] F[9271] B'[9271] D[9564] L[9704] D'[9776] L'[9864] F'[10062] D[10946] R'[11210] D'[11297] R[11389] F[11836] F[11945] U[12264] L'[12406] D[12472] L[12645] D'[12758] L[12850] U'[13545] F[13680] F[13769] D[13831],cube,,Playground,custom_rules,R F' U2 R2 F L' F B' R D2 F2 L2 F2 D L2 U2 B2 U B2 D2 B2 R2,random_state,custom_rules,,,,8,DB,0,0,13831,58,59,63,4.19,5112,8458,"",0,Cross,z2 D2' R' U L F',z2[130] D2'[261] R'[435] U[657] L[880] F'[1204],false,true,943,0,943,1204,5,5,6,5.3,F2L Slot 1,R U R' U L' U L U' B' U B,R[1798] U[1918] R'[2026] U[2218] L'[2545] U[2611] L[2740] U'[2910] B'[3340] U[3427] B[3660],false,true,2456,594,1862,3660,11,11,11,5.91,F2L Slot 2,U2' F' U F,U2'[4200] F'[4407] U[4531] F[4668],false,true,1008,747,261,4668,4,4,5,15.33,F2L Slot 3,U U' B U B',U[5151] U'[5395] B[5609] U[5753] B'[6022],false,true,1354,941,413,6022,5,5,5,12.11,F2L Slot 4,L' U L U' L' U' L,L'[6689] U[6808] L[6902] U'[7006] L'[7107] U'[7189] L[7263],false,true,1241,667,574,7263,7,7,7,12.2,OLL,U' B L U L' U' S' L U L' U' F' z,U'[8066] B[8278] L[8416] U[8539] L'[8592] U'[8661] S'[9271] L[9564] U[9704] L'[9776] U'[9864] F'[10062] z[10504],false,true,2799,1015,1784,10062,12,13,13,6.73,PLL,U L' U' L F2 D R' U R U' R D' F2 U,U[10946] L'[11210] U'[11297] L[11389] F2[11945] D[12264] R'[12406] U[12472] R[12645] U'[12758] R[12850] D'[13545] F2[13769] U[13831],false,true,3769,1148,2621,13831,14,14,16,5.34,,,,,,,,,,,,,,,,,,,,,,,,,,,,102,BL->FR 5,"[FL,BR]->FR 14",6,2,Gb,,
e1282342-8634-421a-84d0-6f10d7326c48,2023-09-10 20:59:44 UTC,false,17192,CFOP,Gan Smart Cube,Gan i Carry,Gan 356i,Jacob Pfeifer,false,false,13975,17192,,D[0] L[155] B[439] B[528] L[959] L[1050] F'[1391] F'[1486] B'[2249] L'[2349] B[2440] L[2555] B'[2732] L'[2826] B[2937] L[3192] L[3313] U'[3647] L'[3781] U[3951] L[4719] F'[5501] L[5628] L[5710] F[5812] L[6070] F'[6305] L'[6462] F[6616] B'[8103] L[8156] B[8286] L[8403] B'[8533] L[8643] B[8761] L'[8888] B'[9013] L[9070] B[9199] L[11151] D'[11735] L[11847] L[11902] D[11975] L[12185] D'[12241] L'[12318] D[12389] L'[13235] L'[13440] D[13538] L[13644] D'[13719] L[13935] D'[14044] B[14175] D[14263] B'[14611] D[14726] L[14994] L[15072] D'[15129] L[15619] D[15854] L[15953] D'[16046] B'[16150] D[16197] L[16359] D'[16608] L'[16762] D'[16926] B[16992] D[17055] D[17094] L'[17142] D'[17192],cube,,Playground,custom_rules,U' D B2 D2 L D' F B U' D2 B' R2 D' B2 D2 F2 D' R2 U' R2 D',random_state,custom_rules,,,,8,LU,0,0,17192,69,69,78,4.01,8210,8982,"",0,Cross,z L U B2 U2 F2',z[0] L[0] U[155] B2[528] U2[1050] F2'[1486],false,true,1486,0,1486,1486,5,5,8,3.36,F2L Slot 1,B' U' B U B' U' B U2 R' U' R,B'[2249] U'[2349] B[2440] U[2555] B'[2732] U'[2826] B[2937] U2[3313] R'[3647] U'[3781] R[3951],false,true,2465,763,1702,3951,11,11,12,6.46,F2L Slot 2,U F' U2 F U F' U' F,U[4719] F'[5501] U2[5710] F[5812] U[6070] F'[6305] U'[6462] F[6616],false,true,2665,1550,1115,6616,8,8,9,7.17,F2L Slot 3,B' U B U B' U B U' B' U B,B'[8103] U[8156] B[8286] U[8403] B'[8533] U[8643] B[8761] U'[8888] B'[9013] U[9070] B[9199],false,true,2583,1487,1096,9199,11,11,11,10.04,F2L Slot 4,U L' U2 L U L' U' L,U[11151] L'[11735] U2[11902] L[11975] U[12185] L'[12241] U'[12318] L[12389],false,true,3190,2536,654,12389,8,8,9,12.23,OLL,U2' L U L' U L' B L B' L U2 L',U2'[13440] L[13538] U[13644] L'[13719] U[13935] L'[14044] B[14175] L[14263] B'[14611] L[14726] U2[15072] L'[15129],false,true,2740,1149,1591,15129,12,12,14,7.54,PLL,U L U L' B' L U L' U' L' B L2 U' L',U[15619] L[15854] U[15953] L'[16046] B'[16150] L[16197] U[16359] L'[16608] U'[16762] L'[16926] B[16992] L2[17094] U'[17142] L'[17192],false,true,2063,725,1338,17192,14,14,15,10.46,,,,,,,,,,,,,,,,,,,,,,,,,,,,82,BR->FR 4,"[FL,BL]->FR 22",4,10,Jb,,
4bd7ed56-25c0-487b-9fc8-0868bbe44c38,2023-09-10 21:00:31 UTC,false,17769,CFOP,Gan Smart Cube,Gan i Carry,Gan 356i,Jacob Pfeifer,false,false,9019,17769,,R'[0] D[72] B'[292] U[765] F'[1258] R'[1661] U'[1971] U'[2079] L'[2544] L'[2792] R'[3027] U'[3196] R[3257] U[3374] R'[3622] U[3804] R[3989] U'[4285] R[4479] R[4554] F[4983] F'[5314] D'[5877] R[6013] D[6282] D'[6358] R'[6563] R'[6881] D[7020] R[7149] D'[7327] R'[7462] D[7557] R'[7983] U'[8131] R'[8350] U[8514] D'[9434] R'[9629] D[9727] D[9833] R[9975] D'[10210] R[11608] B'[11850] D[11985] B[12073] D'[12557] B[12643] R'[12766] B'[12864] R[13333] B[13553] R[13645] B'[13708] R'[13825] F[14026] B'[14059] D[14210] B[14310] D'[14451] F'[14597] R'[16041] R'[16272] B'[16423] R[16485] F'[16652] R[16882] R[16958] B[17010] R'[17105] B'[17222] R[17287] R[17342] B[17388] F[17544] R[17710] R[17769],cube,,Playground,custom_rules,L U F2 B U2 R L2 U D2 B U R2 B2 L2 U L2 F2 U2 L2 D' R2 D,random_state,custom_rules,,,,8,RU,0,0,17769,68,69,78,3.83,6177,11592,"",0,Cross,z' U' R B' L F' U' L2' D2',z'[0] U'[0] R[72] B'[292] L[765] F'[1258] U'[1661] L2'[2079] D2'[2792],false,true,2792,0,2792,2792,8,8,10,2.87,F2L Slot 1,U' L' U L U' L U L',U'[3027] L'[3196] U[3257] L[3374] U'[3622] L[3804] U[3989] L'[4285],false,true,1493,404,1089,4285,8,8,8,7.35,F2L Slot 2,U2 F F' R' U R R' U2' R U R' U' R U' L' U' L,U2[4554] F[4983] F'[5314] R'[5877] U[6013] R[6282] R'[6358] U2'[6881] R[7020] U[7149] R'[7327] U'[7462] R[7557] U'[7983] L'[8131] U'[8350] L[8514],false,true,4229,698,3531,8514,17,17,19,4.81,F2L Slot 3,R' U' R2 U R',R'[9434] U'[9629] R2[9833] U[9975] R'[10210],false,true,1696,920,776,10210,5,5,6,6.44,F2L Slot 4,U B' R B R' B U' B',U[11608] B'[11850] R[11985] B[12073] R'[12557] B[12643] U'[12766] B'[12864],false,true,2654,1640,1014,12864,8,8,8,7.89,OLL,U B U B' U' S' U B U' F' z,U[13333] B[13553] U[13645] B'[13708] U'[13825] S'[14059] U[14210] B[14310] U'[14451] F'[14597] z[15319],false,true,1733,689,1044,14597,10,11,11,9.58,PLL,U2' B' U F' U2 B U' B' U2 B F U2,U2'[16272] B'[16423] U[16485] F'[16652] U2[16958] B[17010] U'[17105] B'[17222] U2[17342] B[17388] F[17544] U2[17769],false,true,3172,1826,1346,17769,12,12,16,8.92,,,,,,,,,,,,,,,,,,,,,,,,,,,,3,FL->FR 91,"[FL,BL]->FR 56",34,57,Ja,,
b1156a01-8f4c-43bf-9389-016446ef2abc,2023-09-10 21:01:18 UTC,false,21778,CFOP,Gan Smart Cube,Gan i Carry,Gan 356i,Jacob Pfeifer,false,false,10548,21778,,U[0] B[430] R[834] R[923] U[1514] U[1599] L[1799] D[2056] R'[2948] U'[3176] R[3239] R[3335] U[3431] R[3781] U'[4002] R'[4196] U[4360] R'[4573] U[4743] R[5003] R[5093] U'[5376] R[5452] B'[5839] R'[5950] B[6148] R'[6879] D[7285] R[7441] D'[7615] R[7726] B[8148] R'[8327] B'[8742] R[9998] R'[10981] R'[11240] F'[11451] R'[11668] F[11768] R[11952] R[12049] F'[12227] R[12310] F[12427] B[13628] B'[13869] B[14187] R[14286] B'[14459] B[14736] R'[14940] B'[15040] B[15298] R[15423] B'[15538] R'[15660] F[16018] B'[16034] D[16356] B[16429] D'[16527] F'[16665] R[17152] B[17351] R[17455] B'[17516] R'[17617] F[17891] B'[17919] D[18011] B[18130] D'[18227] F'[18361] R[19290] B[19648] B[19724] L[19971] U'[20113] R[20331] U'[20414] R'[20489] U[20578] L'[20701] B[20788] B[20870] D'[21472] R[21533] D[21660] R[21778],cube,,Playground,custom_rules,R L2 F2 R U2 D F U' L B R' U B2 U' F2 D' R2 B2 R2 U' B2,random_state,custom_rules,,,,8,RU,0,0,21778,80,82,90,3.67,7913,13865,"",0,Cross,z' L B U2 L2 D R,z'[0] L[0] B[430] U2[923] L2[1599] D[1799] R[2056],false,true,2056,0,2056,2056,6,6,8,2.92,F2L Slot 1,U' L' U2 L U L' U' L,U'[2948] L'[3176] U2[3335] L[3431] U[3781] L'[4002] U'[4196] L[4360],false,true,2304,1120,1184,4360,8,8,9,6.76,F2L Slot 2,U' L U2 L' U B' U' B,U'[4573] L[4743] U2[5093] L'[5376] U[5452] B'[5839] U'[5950] B[6148],false,true,1788,383,1405,6148,8,8,9,5.69,F2L Slot 3,U' R U R' U B U' B',U'[6879] R[7285] U[7441] R'[7615] U[7726] B[8148] U'[8327] B'[8742],false,true,2594,1137,1457,8742,8,8,8,5.49,F2L Slot 4,U U2' F' U' F U2 F' U F,U[9998] U2'[11240] F'[11451] U'[11668] F[11768] U2[12049] F'[12227] U[12310] F[12427],false,true,3685,2709,976,12427,9,9,11,9.22,OLL,B B' B U B' B U' B' B U B' U' S' U B U' F' L B L B' L' S' L B L' F' z2,B[13628] B'[13869] B[14187] U[14286] B'[14459] B[14736] U'[14940] B'[15040] B[15298] U[15423] B'[15538] U'[15660] S'[16034] U[16356] B[16429] U'[16527] F'[16665] L[17152] B[17351] L[17455] B'[17516] L'[17617] S'[17919] L[18011] B[18130] L'[18227] F'[18361] z2[18825],false,true,5934,1201,4733,18361,27,29,29,5.7,PLL,U B2 D L' U L' U' L D' B2 R' U R U,U[19290] B2[19724] D[19971] L'[20113] U[20331] L'[20414] U'[20489] L[20578] D'[20701] B2[20870] R'[21472] U[21533] R[21660] U[21778],false,true,3417,1363,2054,21778,14,14,16,6.82,,,,,,,,,,,,,,,,,,,,,,,,,,,,4,BR->FR 24,"[BL,BR]->FR 15",11,28,Ga,,
f7798145-0dab-4f8b-8afc-1f67a09962db,2023-09-10 21:03:27 UTC,false,18545,CFOP,Gan Smart Cube,Gan i Carry,Gan 356i,Jacob Pfeifer,false,false,10919,18545,,L'[0] B'[129] U[206] B[372] B[442] R[769] F[977] R[1434] L'[2468] B[2636] L'[2792] B'[2977] L[3100] U'[3472] L'[3756] U[3928] L'[4677] D'[4930] L[5050] L[5158] D[5300] L[5508] L[5599] B'[5998] L'[6302] B[6407] L[7316] L'[8904] U[9293] L'[9477] U'[9621] L[9788] L[9902] U[10084] L'[10235] U'[10389] F[12521] L[12614] F'[12681] L'[13228] L'[13428] B[14300] F'[14625] D[14719] B'[14952] F[15115] L[15205] L[15296] B[15426] F'[15482] D[15613] B'[15727] F[15838] L'[16789] F'[17031] L[17081] L[17148] F[17265] L'[17402] L'[17603] F'[17750] D[17796] F[17894] L[18022] F'[18078] L'[18153] F'[18351] D'[18436] F[18498] F[18545],cube,,Playground,custom_rules,U' D2 F R B R L' F U F U' R2 L2 U F2 U B2 U F2 D R2 L2,random_state,custom_rules,,,,8,LU,0,0,18545,58,61,70,3.13,10034,8511,"",0,Cross,z U' B' R B2 D F D,z[0] U'[0] B'[129] R[206] B2[442] D[769] F[977] D[1434],false,true,1434,0,1434,1434,7,7,8,4.88,F2L Slot 1,U' B U' B' U R' U' R,U'[2468] B[2636] U'[2792] B'[2977] U[3100] R'[3472] U'[3756] R[3928],false,true,2494,1202,1292,3928,8,8,8,6.19,F2L Slot 2,U' L' U2 L U2 B' U' B,U'[4677] L'[4930] U2[5158] L[5300] U2[5599] B'[5998] U'[6302] B[6407],false,true,2479,1002,1477,6407,8,8,10,5.42,F2L Slot 3,U U' R U' R' U2 R U' R',U[7316] U'[8904] R[9293] U'[9477] R'[9621] U2[9902] R[10084] U'[10235] R'[10389],false,true,3982,2886,1096,10389,9,9,10,8.21,F2L Slot 4,F U F',F[12521] U[12614] F'[12681],false,true,2292,2132,160,12681,3,3,3,18.75,OLL,U2' B F' L S' L2 S L S' z,U2'[13428] B[14300] F'[14625] L[14719] S'[15115] L2[15296] S[15482] L[15613] S'[15838] z[16313],false,true,3157,1619,1538,15838,9,12,14,5.85,PLL,U' F' U2 F U2' F' L F U F' U' F' L' F2,U'[16789] F'[17031] U2[17148] F[17265] U2'[17603] F'[17750] L[17796] F[17894] U[18022] F'[18078] U'[18153] F'[18351] L'[18436] F2[18545],false,true,2707,1193,1514,18545,14,14,17,9.25,,,,,,,,,,,,,,,,,,,,,,,,,,,,18,FL->FR 4,"[BL,BR]->FR 39",14,28,Rb,,
32c89a66-2132-4c25-b62f-1e9e9fef6656,2023-09-10 21:02:01 UTC,false,16261,CFOP,Gan Smart Cube,Gan i Carry,Gan 356i,Jacob Pfeifer,false,false,4272,16261,,B[0] D'[173] L[364] L[457] D[828] F'[1134] F'[1255] U'[1576] U'[1912] B[2980] B'[3264] B[3719] D[3865] B'[4000] D[4220] D[4329] F'[4710] D'[4956] F[5053] D'[5752] R[6376] D'[6580] R'[6795] D[7069] L'[7297] D[7398] L[7577] D[7860] D[7968] L'[8351] D[8452] L[8634] D'[9136] R'[9415] D'[9567] R[9616] D[9729] R'[9859] D'[9931] R[10016] R[11662] F[11767] L'[11910] F'[12217] R[12493] L'[12501] R[12617] L'[12630] B[12903] L[13029] B'[13155] L'[13364] B'[13508] R[13678] L'[13802] D'[14597] L[14873] D'[15003] L[15141] D[15375] L[15539] D[15657] L[15791] D'[15887] L'[15997] D'[16042] L[16157] L[16198] D'[16261],cube,,Playground,custom_rules,U2 B' R' D' F' R2 F' U2 D2 L D2 R2 U R2 F2 U2 F2 U' B2 D' F2,random_state,custom_rules,,,,8,DB,0,0,16261,59,61,69,3.63,6391,9870,"",0,Cross,z2 B U' R2 U F2' D2',z2[0] B[0] U'[173] R2[457] U[828] F2'[1255] D2'[1912],false,true,1912,0,1912,1912,6,6,9,3.14,F2L Slot 1,B B' B U B' U2 F' U' F,B[2980] B'[3264] B[3719] U[3865] B'[4000] U2[4329] F'[4710] U'[4956] F[5053],false,true,3141,1068,2073,5053,9,9,10,4.34,F2L Slot 2,U' L U' L',U'[5752] L[6376] U'[6580] L'[6795],false,true,1742,1323,419,6795,4,4,4,9.55,F2L Slot 3,U R' U R U2 R' U R,U[7069] R'[7297] U[7398] R[7577] U2[7968] R'[8351] U[8452] R[8634],false,true,1839,502,1337,8634,8,8,9,5.98,F2L Slot 4,U' L' U' L U L' U' L,U'[9136] L'[9415] U'[9567] L[9616] U[9729] L'[9859] U'[9931] L[10016],false,true,1382,781,601,10016,8,8,8,13.31,OLL,L F R' F' M2' F R F' R' F' M' x,L[11662] F[11767] R'[11910] F'[12217] M2'[12630] F[12903] R[13029] F'[13155] R'[13364] F'[13508] M'[13802] x[14199],false,true,3786,1646,2140,13802,11,13,15,5.14,PLL,U' R U' R U R U R U' R' U' R2 U',U'[14597] R[14873] U'[15003] R[15141] U[15375] R[15539] U[15657] R[15791] U'[15887] R'[15997] U'[16042] R2[16198] U'[16261],false,true,2459,1071,1388,16261,13,13,14,9.37,,,,,,,,,,,,,,,,,,,,,,,,,,,,81,BL->FR 21,"[FL,BR]->FR 38",29,20,Ua,,
936dc8ff-967a-4314-9d8b-f6ab1469d0af,2023-09-10 21:02:42 UTC,false,16557,CFOP,Gan Smart Cube,Gan i Carry,Gan 356i,Jacob Pfeifer,false,false,5779,16557,,U'[0] U'[136] L[451] F'[904] R'[1052] D[1122] R[1244] B'[1569] B[2010] B[2356] R'[3814] F'[3953] R[4128] F'[4417] R'[4654] F[4793] R[4924] F[5567] F[5884] U'[6247] F'[6560] U[6892] F'[8027] D[8242] F'[8358] D'[8485] F'[8580] D[8651] F'[8807] D'[8937] F[9031] D[9187] F'[9331] D'[9461] F'[10637] R[10836] F[10941] R'[11115] F[11251] F[11341] R[11421] F'[11501] R'[11586] F[12195] F[12295] R'[12666] F'[12746] R'[12849] D[12885] R[12981] D'[13256] F[13468] R[13585] R[15192] U'[15299] R'[15377] D[15444] R[15580] U[15684] R'[15753] D'[15889] R[15950] U[16044] R'[16106] D[16154] R[16268] U'[16348] R'[16401] D'[16557],cube,,Playground,custom_rules,R B L' F L D R' U' D' F L2 U' R2 D R2 D' L2 B2 U' B2 U' B2,random_state,custom_rules,,,,8,FU,0,0,16557,64,64,69,3.87,8193,8228,"",0,Cross,x B2' L U' R' F R D' D2,x[68] B2'[136] L[451] U'[904] R'[1052] F[1122] R[1244] D'[1569] D2[2356],false,true,2220,0,2220,2356,8,8,10,3.6,F2L Slot 1,R' U' R U' R' U R,R'[3814] U'[3953] R[4128] U'[4417] R'[4654] U[4793] R[4924],false,true,2568,1458,1110,4924,7,7,7,6.31,F2L Slot 2,U2 B' U' B,U2[5884] B'[6247] U'[6560] B[6892],false,true,1968,1323,645,6892,4,4,5,6.2,F2L Slot 3,U' F U' F' U' F U' F' U F U' F',U'[8027] F[8242] U'[8358] F'[8485] U'[8580] F[8651] U'[8807] F'[8937] U[9031] F[9187] U'[9331] F'[9461],false,true,2569,1350,1219,9461,12,12,12,9.84,F2L Slot 4,U' R U R' U2 R U' R',U'[10637] R[10836] U[10941] R'[11115] U2[11341] R[11421] U'[11501] R'[11586],false,true,2125,1375,750,11586,8,8,9,10.67,OLL,U2 R' U' R' F R F' U R,U2[12295] R'[12666] U'[12746] R'[12849] F[12885] R[12981] F'[13256] U[13468] R[13585],false,true,1999,1080,919,13585,9,9,10,9.79,PLL,R B' R' F R B R' F' R B R' F R B' R' F',R[15192] B'[15299] R'[15377] F[15444] R[15580] B[15684] R'[15753] F'[15889] R[15950] B[16044] R'[16106] F[16154] R[16268] B'[16348] R'[16401] F'[16557],false,true,2972,1607,1365,16557,16,16,16,11.72,,,,,,,,,,,,,,,,,,,,,,,,,,,,16,FL->FR 12,"[FL,BL]->FR 1",15,46,E,,
4bb6795a-5114-449f-ab07-492ba5320d77,2023-09-10 21:04:21 UTC,false,15484,CFOP,Gan Smart Cube,Gan i Carry,Gan 356i,Jacob Pfeifer,false,false,18336,15484,,R'[0] F[588] F[680] B[1004] D'[1237] B[1366] R'[1948] R'[2243] L'[3770] B'[3968] L[4046] B[4220] L'[5113] D'[5637] L[5723] L[5828] D[5977] L'[6187] D'[6421] L[6529] D[6757] L'[7691] B[8122] L'[8305] B'[8452] L'[8653] U[8837] L'[9167] U'[9389] B[9712] L[10045] L[10126] B'[10329] L[10417] U'[10756] L'[10868] U[10981] L'[11571] U[11719] L[11827] L[11876] U'[11928] L'[11995] U[12074] L'[12182] U'[12259] L[12839] L[12949] U[13485] L'[13607] U[13671] L[13882] U[14047] L[14192] U[14717] L'[14824] U'[14951] L'[15098] U[15173] U[15239] L'[15400] L'[15484],cube,,Playground,custom_rules,U' D L2 F' D L' D R B R' U' R2 B2 L2 U2 L2 U L2 F2 D2 B2 U',random_state,custom_rules,,,,8,LU,0,0,15484,54,54,62,3.49,6794,8690,"",0,Cross,z D' F2 B L' B D2',z[0] D'[0] F2[680] B[1004] L'[1237] B[1366] D2'[2243],false,true,2243,0,2243,2243,6,6,8,2.67,F2L Slot 1,U' B' U B,U'[3770] B'[3968] U[4046] B[4220],false,true,1977,1725,252,4220,4,4,4,15.87,F2L Slot 2,U' L' U2 L U' L' U L,U'[5113] L'[5637] U2[5828] L[5977] U'[6187] L'[6421] U[6529] L[6757],false,true,2537,1417,1120,6757,8,8,9,7.14,F2L Slot 3,U' B U' B' U' R U' R',U'[7691] B[8122] U'[8305] B'[8452] U'[8653] R[8837] U'[9167] R'[9389],false,true,2632,1365,1267,9389,8,8,8,6.31,F2L Slot 4,B U2 B' U R' U' R,B[9712] U2[10126] B'[10329] U[10417] R'[10756] U'[10868] R[10981],false,true,1592,323,1269,10981,7,7,8,5.52,OLL,U' R U2 R' U' R U' R',U'[11571] R[11719] U2[11876] R'[11928] U'[11995] R[12074] U'[12182] R'[12259],false,true,1278,738,540,12259,8,8,9,14.81,PLL,U2 R U' R U R U R U' R' U' R2 U2',U2[12949] R[13485] U'[13607] R[13671] U[13882] R[14047] U[14192] R[14717] U'[14824] R'[14951] U'[15098] R2[15239] U2'[15484],false,true,3225,1226,1999,15484,13,13,16,6.5,,,,,,,,,,,,,,,,,,,,,,,,,,,,5,FL->FR 10,"[FL,BL]->FR 60",24,26,Ua,,
baf18939-44a9-4f05-8f84-c5810e72fdcb,2023-09-10 21:05:34 UTC,false,22332,CFOP,Gan Smart Cube,Gan i Carry,Gan 356i,Jacob Pfeifer,false,false,15549,22332,,B[0] F[20] L[590] B'[950] U[1532] U[1623] F'[1876] U'[2446] U'[2562] R'[3690] F[5517] R[5694] F'[5916] R[6088] F[6275] R'[6532] F'[6822] R[7378] R[7509] B[7834] R[7937] B'[8003] R'[8089] B[8175] R[8262] B'[8366] R'[8480] R'[8722] U[9152] R[9295] U'[9554] R[10568] D[10686] R'[10766] D'[10862] R'[10974] D[11066] R'[11191] D'[11348] B[11747] R'[11962] B'[12149] R'[12946] R'[13616] D[13845] R[13951] R[14014] D'[14105] R[14311] F'[14594] R'[14694] F[14780] R[15959] R[16282] R[16588] U'[16946] B'[17196] R'[17388] B[17446] R[17563] U[17826] R[18053] U[18381] F[18513] R[18637] F'[18682] R'[18796] U'[18929] R'[19861] R'[20112] F'[20350] R[20420] R[20474] F[20554] R'[20713] R'[20850] F'[20993] U[21021] F[21132] R[21263] F'[21324] R'[21435] F'[21622] U'[21990] F[22042] F[22125] R'[22230] R'[22332],cube,,Playground,custom_rules,U' R' U2 L U2 L F' R' L' B U D2 R2 B2 D B2 U R2 L2 U F2 L2,random_state,custom_rules,,,,8,RU,0,0,22332,75,75,88,3.36,10382,11950,"",0,Cross,z' B F D B' L2 F' L2',z'[0] B[0] F[20] D[590] B'[950] L2[1623] F'[1876] L2'[2562],false,true,2562,0,2562,2562,7,7,9,2.73,F2L Slot 1,U' F U F' U F U' F',U'[3690] F[5517] U[5694] F'[5916] U[6088] F[6275] U'[6532] F'[6822],false,true,4260,2955,1305,6822,8,8,8,6.13,F2L Slot 2,U2 B U B' U' B U B' U2' L U L',U2[7509] B[7834] U[7937] B'[8003] U'[8089] B[8175] U[8262] B'[8366] U2'[8722] L[9152] U[9295] L'[9554],false,true,2732,1012,1720,9554,12,12,14,6.98,F2L Slot 3,U R U' R' U' R U' R' B U' B',U[10568] R[10686] U'[10766] R'[10862] U'[10974] R[11066] U'[11191] R'[11348] B[11747] U'[11962] B'[12149],false,true,2595,1132,1463,12149,11,11,11,7.52,F2L Slot 4,U2' R U2 R' U F' U' F,U2'[13616] R[13845] U2[14014] R'[14105] U[14311] F'[14594] U'[14694] F[14780],false,true,2631,1696,935,14780,8,8,10,8.56,OLL,U3 L' B' U' B U L U L F U F' U' L',U3[16588] L'[16946] B'[17196] U'[17388] B[17446] U[17563] L[17826] U[18053] L[18381] F[18513] U[18637] F'[18682] U'[18796] L'[18929],false,true,4149,2166,1983,18929,14,14,16,7.06,PLL,U2' F' U2 F U2' F' L F U F' U' F' L' F2 U2',U2'[20112] F'[20350] U2[20474] F[20554] U2'[20850] F'[20993] L[21021] F[21132] U[21263] F'[21324] U'[21435] F'[21622] L'[21990] F2[22125] U2'[22332],false,true,3403,1421,1982,22332,15,15,20,7.57,,,,,,,,,,,,,,,,,,,,,,,,,,,,7,BR->FR 94,"[BL,BR]->FR 1",24,11,Rb,,
a8744c2a-6773-45e1-90f0-b337fd8444c2,2023-09-10 21:06:21 UTC,false,15113,CFOP,Gan Smart Cube,Gan i Carry,Gan 356i,Jacob Pfeifer,false,false,20749,15113,,B[0] D'[427] L[818] D[1092] U[1643] U'[1828] U'[2089] B'[2240] U[2322] B[2464] U'[3079] U'[3285] F[3392] U[3513] U[3605] F'[3719] U'[3849] R'[4367] U'[4527] R[4690] U'[5697] U'[5915] R[6118] U'[6269] R'[6684] U'[6818] F[7031] U'[7261] F'[7467] U[7946] U[8029] F'[8524] U[8614] U[8669] F[8752] U[8993] U[9158] F'[9536] U[9598] F[9679] U'[10636] U'[10932] F'[11376] U'[11452] F[11534] U'[11661] F'[11882] U[11927] U[11991] F[12045] L[12372] F[12518] U[12646] F'[12690] U'[12773] L'[12899] F[13776] U[13861] F'[13918] U'[14008] F'[14180] L[14228] F[14286] F[14329] U'[14375] F'[14454] U'[14535] F[14621] U[14712] F'[14766] L'[14833] U[15071] U[15113],cube,,Playground,custom_rules,R2 D' F U' D2 R' U2 F' D F' D' F2 R2 F2 D2 B2 U F2 L2 U2 F2,random_state,custom_rules,,,,8,UF,0,0,15113,62,62,73,4.1,7135,7978,"",0,Cross,B D' L D,B[0] D'[427] L[818] D[1092],false,true,1092,0,1092,1092,4,4,4,3.66,F2L Slot 1,U U2' B' U B,U[1643] U2'[2089] B'[2240] U[2322] B[2464],false,true,1372,1148,224,2464,5,5,6,22.32,F2L Slot 2,U2' F U2 F' U' R' U' R,U2'[3285] F[3392] U2[3605] F'[3719] U'[3849] R'[4367] U'[4527] R[4690],false,true,2226,928,1298,4690,8,8,10,6.16,F2L Slot 3,U2' R U' R' U' F U' F',U2'[5915] R[6118] U'[6269] R'[6684] U'[6818] F[7031] U'[7261] F'[7467],false,true,2777,1428,1349,7467,8,8,9,5.93,F2L Slot 4,U2 F' U2 F U2 F' U F,U2[8029] F'[8524] U2[8669] F[8752] U2[9158] F'[9536] U[9598] F[9679],false,true,2212,1057,1155,9679,8,8,11,6.93,OLL,U2' F' U' F U' F' U2 F L F U F' U' L',U2'[10932] F'[11376] U'[11452] F[11534] U'[11661] F'[11882] U2[11991] F[12045] L[12372] F[12518] U[12646] F'[12690] U'[12773] L'[12899],false,true,3220,1697,1523,12899,14,14,16,9.19,PLL,F U F' U' F' L F2 U' F' U' F U F' L' U2,F[13776] U[13861] F'[13918] U'[14008] F'[14180] L[14228] F2[14329] U'[14375] F'[14454] U'[14535] F[14621] U[14712] F'[14766] L'[14833] U2[15113],false,true,2214,877,1337,15113,15,15,17,11.22,,,,,,,,,,,,,,,,,,,,,,,,,,,,5,BR->FR 24,"[FL,BL]->FR 60",17,42,T,,
bbbc35a9-077a-486d-ab0e-320a14e424ff,2023-09-10 21:07:27 UTC,false,16773,CFOP,Gan Smart Cube,Gan i Carry,Gan 356i,Jacob Pfeifer,false,false,15287,16773,,R[0] U'[140] L[466] L[593] D[849] D[1131] F'[1996] D[2320] F'[2493] D[2859] F'[3156] D[3202] F[3320] D[3442] F'[3597] D[3680] F[3791] R'[4389] D[4471] R[4657] D[5730] D[5822] L[6071] D'[6183] L'[6321] D'[6499] L[6606] D'[6799] L'[6956] D[7042] L[7156] D'[7282] L'[7482] D'[8053] L'[8251] D'[8420] L[8526] D'[8709] B[9104] D[9260] B'[9465] D'[10387] D'[10702] B'[10806] D[10867] B[10952] D[11402] R[11482] D'[11561] R'[11671] R'[12677] D'[12770] R[12848] D'[12966] R'[13088] D[13130] D[13190] R[13258] B[13554] R[13694] D[13822] R'[13890] D'[13961] B'[14091] R'[15179] D[15249] D[15326] R[15400] D'[15546] D'[15703] R'[15864] B[15903] R[15990] D[16114] R'[16173] D'[16273] R'[16485] B'[16589] R[16676] R[16719] D[16773],cube,,Playground,custom_rules,R F2 L U R' B' L F' L2 F' U2 F2 U L2 D' F2 R2 D' F2 U2 B2,random_state,custom_rules,,,,8,DB,0,0,16773,73,73,81,4.35,6281,10492,"",0,Cross,z2 L D' R2 U2 F' U F',z2[0] L[0] D'[140] R2[593] U2[1131] F'[1996] U[2320] F'[2493],false,true,2493,0,2493,2493,7,7,9,2.81,F2L Slot 1,U F' U F U F' U F L' U L,U[2859] F'[3156] U[3202] F[3320] U[3442] F'[3597] U[3680] F[3791] L'[4389] U[4471] L[4657],false,true,2164,663,1501,4657,11,11,11,7.33,F2L Slot 2,U2 R U' R' U' R U' R' U R U' R',U2[5822] R[6071] U'[6183] R'[6321] U'[6499] R[6606] U'[6799] R'[6956] U[7042] R[7156] U'[7282] R'[7482],false,true,2825,1414,1411,7482,12,12,13,8.5,F2L Slot 3,U' R' U' R U' B U B',U'[8053] R'[8251] U'[8420] R[8526] U'[8709] B[9104] U[9260] B'[9465],false,true,1983,769,1214,9465,8,8,8,6.59,F2L Slot 4,U2' B' U B U L U' L',U2'[10702] B'[10806] U[10867] B[10952] U[11402] L[11482] U'[11561] L'[11671],false,true,2206,1341,865,11671,8,8,9,9.25,OLL,L' U' L U' L' U2 L B L U L' U' B',L'[12677] U'[12770] L[12848] U'[12966] L'[13088] U2[13190] L[13258] B[13554] L[13694] U[13822] L'[13890] U'[13961] B'[14091],false,true,2420,1006,1414,14091,13,13,14,9.19,PLL,L' U2 L U2' L' B L U L' U' L' B' L2 U,L'[15179] U2[15326] L[15400] U2'[15703] L'[15864] B[15903] L[15990] U[16114] L'[16173] U'[16273] L'[16485] B'[16589] L2[16719] U[16773],false,true,2682,1088,1594,16773,14,14,17,8.78,,,,,,,,,,,,,,,,,,,,,,,,,,,,22,FL->FR 1,"[FL,BL]->FR 41",25,42,Rb,,
40626b18-f745-470f-a092-fc128cefa456,2023-09-10 21:08:19 UTC,false,17986,CFOP,Gan Smart Cube,Gan i Carry,Gan 356i,Jacob Pfeifer,false,false,16996,17986,,F[0] R[172] D[435] R[848] R[1132] L'[1520] B[1909] L'[2205] B'[2414] L[2797] F[3071] L[3206] L[3293] F'[3535] L[3616] D'[3963] L'[4090] D[4245] L[4818] L'[5001] L'[5249] U[5521] L'[5636] U'[5760] D[5977] L'[6172] D'[6347] L'[7578] L'[8106] F'[8952] L[9137] F[9296] L[9460] L[9545] F'[9800] L[9845] F[9929] L[10730] L[10851] L'[11187] D'[11753] B'[11986] B[12236] B'[12292] L'[12417] B[12485] L[12583] B'[12712] L'[12998] B[13074] L[13162] D[13499] L'[15006] F'[15230] D[15579] F'[15751] U[16195] U[16533] F[16891] D'[17174] F'[17297] U[17455] U[17669] F[17854] F[17913] L[17986],cube,,Playground,custom_rules,F L2 B2 D' B U L F B' L F2 B2 R2 B2 U' R2 L2 F2 L2 U2 D F2,random_state,custom_rules,,,,8,LU,0,0,17986,56,57,66,3.11,8870,9116,"",0,Cross,z F D L D2,z[0] F[0] D[172] L[435] D2[1132],false,true,1132,0,1132,1132,4,4,5,3.53,F2L Slot 1,U' B U' B',U'[1520] B[1909] U'[2205] B'[2414],false,true,1282,777,505,2414,4,4,4,7.92,F2L Slot 2,U F U2 F' U L' U' L,U[2797] F[3071] U2[3293] F'[3535] U[3616] L'[3963] U'[4090] L[4245],false,true,1831,657,1174,4245,8,8,9,6.81,F2L Slot 3,U U2' R U' M' B' L' x',U[4818] U2'[5249] R[5521] U'[5636] M'[5977] B'[6172] L'[6347] x'[6962],false,true,2102,1276,826,6347,7,8,9,8.47,F2L Slot 4,U2' F' U F U2 F' U F,U2'[8106] F'[8952] U[9137] F[9296] U2[9545] F'[9800] U[9845] F[9929],false,true,3582,2605,977,9929,8,8,10,8.19,OLL,U2 U' L' B' B B' U' B U B' U' B U L,U2[10851] U'[11187] L'[11753] B'[11986] B[12236] B'[12292] U'[12417] B[12485] U[12583] B'[12712] U'[12998] B[13074] U[13162] L[13499],false,true,3570,1824,1746,13499,14,14,15,8.02,PLL,U' F' L F' R2 F L' F' R2 F2 U,U'[15006] F'[15230] L[15579] F'[15751] R2[16533] F[16891] L'[17174] F'[17297] R2[17669] F2[17913] U[17986],false,true,4487,1731,2756,17986,11,11,14,3.99,,,,,,,,,,,,,,,,,,,,,,,,,,,,21,BL->FR 24,"[FL,BR]->FR 57",32,47,Aa,,
95254e7d-a932-4894-9328-ba6c05627640,2023-09-10 21:09:05 UTC,false,18165,CFOP,Gan Smart Cube,Gan i Carry,Gan 356i,Jacob Pfeifer,false,false,10214,18165,,B'[0] R'[212] D[438] F[821] U[1433] R[1992] R[2091] B'[2873] D[2958] B[3090] B[3197] D[3357] D[3447] B'[3671] D'[4049] L[4552] D'[4691] L'[4833] D[5037] R'[5603] D'[5741] R[5890] D'[6127] F[6494] D[6612] F'[6794] D'[7038] B[7232] D[7344] D[7432] B'[7530] D[7658] L'[8109] D'[8432] L[8508] D'[8942] R[9130] D[9228] D[9283] R'[9354] D[9550] B'[9872] D'[10003] B[10073] D'[11033] B[11203] D[11286] B'[11354] D[11394] B[11565] D[11670] D[11713] B'[11792] D[13126] D[13202] B[13408] D[13502] B'[13567] D[13600] B[13772] D[13869] D[13930] B'[13971] D'[15481] B'[15642] L[15739] B'[15942] R[16113] R[16402] B[16986] L'[17098] B'[17208] R[17366] R[17619] B[17753] B[17829] D[18165],cube,,Playground,custom_rules,F R U' D2 F' R B U' D' B' U L2 U' F2 U B2 U B2 U2 L2 D2,random_state,custom_rules,,,,8,DB,0,0,18165,66,66,77,3.63,5413,12752,"",0,Cross,z2 B' L' U F D L2,z2[0] B'[0] L'[212] U[438] F[821] D[1433] L2[2091],false,true,2091,0,2091,2091,6,6,7,2.87,F2L Slot 1,B' U B2 U2 B' U' R U' R',B'[2873] U[2958] B2[3197] U2[3447] B'[3671] U'[4049] R[4552] U'[4691] R'[4833],false,true,2742,782,1960,4833,9,9,11,4.59,F2L Slot 2,U L' U' L U' F U F',U[5037] L'[5603] U'[5741] L[5890] U'[6127] F[6494] U[6612] F'[6794],false,true,1961,770,1191,6794,8,8,8,6.72,F2L Slot 3,U' B U2 B' U R' U' R,U'[7038] B[7232] U2[7432] B'[7530] U[7658] R'[8109] U'[8432] R[8508],false,true,1714,438,1276,8508,8,8,9,6.27,F2L Slot 4,U' L U2 L' U B' U' B,U'[8942] L[9130] U2[9283] L'[9354] U[9550] B'[9872] U'[10003] B[10073],false,true,1565,622,943,10073,8,8,9,8.48,OLL,U' B U B' U B U2 B' U2 B U B' U B U2 B',U'[11033] B[11203] U[11286] B'[11354] U[11394] B[11565] U2[11713] B'[11792] U2[13202] B[13408] U[13502] B'[13567] U[13600] B[13772] U2[13930] B'[13971],false,true,3898,1130,2768,13971,16,16,19,5.78,PLL,U' B' R B' L2 B R' B' L2 B2 U,U'[15481] B'[15642] R[15739] B'[15942] L2[16402] B[16986] R'[17098] B'[17208] L2[17619] B2[17829] U[18165],false,true,4194,1671,2523,18165,11,11,14,4.36,,,,,,,,,,,,,,,,,,,,,,,,,,,,130,BR->FR 47,"[FL,BL]->FR 24",24,26,Aa,,
fb7e13dc-6c4a-4e09-b365-00171f4be977,2023-09-10 21:09:42 UTC,false,16474,CFOP,Gan Smart Cube,Gan i Carry,Gan 356i,Jacob Pfeifer,false,false,7498,16474,,B[0] R[207] F[800] D[1474] L[1947] D'[2153] D'[2417] U'[3533] U'[3952] B[4093] U[4243] B'[4359] B'[4445] U'[4643] B[4995] B[6044] U[6184] B'[6320] U[6525] U[6603] F'[7051] U'[7320] F[7433] U[8006] R'[8400] U[8474] R[8571] L'[8994] U[9089] L[9290] B[10767] U'[10874] B'[10948] U[11160] R'[11582] U[11668] U[11767] R[11841] U[12104] U[12178] U[13057] R[13213] B'[13334] R'[13469] B[13511] U'[14311] R[14408] R[14491] D[14704] R'[14880] U[15108] U[15216] R[15345] D'[15575] R'[16174] U[16295] U[16369] R'[16474],cube,,Playground,custom_rules,U' R U' F' U2 D' L D' R D' F U2 R2 F2 U' R2 U' B2 U' B2 U,random_state,custom_rules,,,,8,UF,0,0,16474,49,49,58,2.97,6149,10325,"",1,Cross,B R F D L D2',B[0] R[207] F[800] D[1474] L[1947] D2'[2417],false,true,2417,0,2417,2417,6,6,7,2.48,F2L Slot 1,U2' B U B2' U' B,U2'[3952] B[4093] U[4243] B2'[4445] U'[4643] B[4995],false,true,2578,1676,902,4995,6,6,8,6.65,F2L Slot 2,B U B' U2 F' U' F,B[6044] U[6184] B'[6320] U2[6603] F'[7051] U'[7320] F[7433],false,true,2438,1049,1389,7433,7,7,8,5.04,F2L Slot 3,U R' U R L' U L,U[8006] R'[8400] U[8474] R[8571] L'[8994] U[9089] L[9290],false,true,1857,967,890,9290,7,7,7,7.87,F2L Slot 4,B U' B' U R' U2 R U2 U R B' R' B,B[10767] U'[10874] B'[10948] U[11160] R'[11582] U2[11767] R[11841] U2[12178] U[13057] R[13213] B'[13334] R'[13469] B[13511],false,true,4221,1477,2744,13511,13,13,15,4.74,OLL,U' R2 D R' U2 R D' R' U2 R',U'[14311] R2[14491] D[14704] R'[14880] U2[15216] R[15345] D'[15575] R'[16174] U2[16369] R'[16474],false,true,2963,980,1983,16474,10,10,13,5.04,PLL,,"",true,false,0,0,0,16474,0,0,0,0,,,,,,,,,,,,,,,,,,,,,,,,,,,,141,BL->FR 69,"[FL,BR]->FR 56",40,23,Solved,,
0c12cdb8-fe0c-4e79-8e72-399227622c7a,2023-09-10 21:11:26 UTC,false,18294,CFOP,Gan Smart Cube,Gan i Carry,Gan 356i,Jacob Pfeifer,false,false,23682,18294,,F'[0] L[539] U[891] D[1352] R'[1641] R'[1753] L'[3539] L'[3650] F[3700] L[3816] L[3908] D'[5033] L'[5403] D[5635] L[5757] R'[6188] D[6315] R[6458] L[6798] D[6906] D[7298] L'[7595] D[7698] F'[8065] D'[8198] F[8370] B[8822] D[9027] B'[9206] D[9386] B[9626] D'[9812] B'[9978] D[10116] D[10253] R[10882] D[10969] R'[11043] D'[11095] R[11167] D[11246] R'[11315] D'[11373] R[11428] D[11504] R'[11576] D'[12364] D'[12645] R'[13541] B[13605] R[13711] D[13846] R'[13920] B'[14651] R[14696] R[14775] R'[15001] B[15218] D'[15437] B'[15662] D[16337] D[16413] R[16637] D[16721] R'[16775] D'[16866] R'[17014] B[17055] R[17117] R[17166] D'[17210] R'[17278] D'[17367] R[17455] D[17523] R'[17596] D[17651] D'[17927] B'[18133] D[18294],cube,,Playground,custom_rules,U2 B R U L B' L2 U2 R' D' R F2 U2 L2 F2 L2 U' B2 U' F2 D2 L2,random_state,custom_rules,,,,8,DB,0,0,18294,71,71,80,3.88,6131,12163,"",0,Cross,z2 F' R D U L2' R2' F R2,z2[0] F'[0] R[539] D[891] U[1352] L2'[1753] R2'[3650] F[3700] R2[3908],false,true,3908,0,3908,3908,8,8,11,2.05,F2L Slot 1,U' R' U R L' U L,U'[5033] R'[5403] U[5635] R[5757] L'[6188] U[6315] L[6458],false,true,2550,1495,1055,6458,7,7,7,6.64,F2L Slot 2,R U2 R' U F' U' F,R[6798] U2[7298] R'[7595] U[7698] F'[8065] U'[8198] F[8370],false,true,1912,340,1572,8370,7,7,8,4.45,F2L Slot 3,B U B' U B U' B',B[8822] U[9027] B'[9206] U[9386] B[9626] U'[9812] B'[9978],false,true,1608,452,1156,9978,7,7,7,6.06,F2L Slot 4,U2 L U L' U' L U L' U' L U L',U2[10253] L[10882] U[10969] L'[11043] U'[11095] L[11167] U[11246] L'[11315] U'[11373] L[11428] U[11504] L'[11576],false,true,1598,904,694,11576,12,12,13,17.29,OLL,U2' L' B L U L' B' L2 L' B U' B',U2'[12645] L'[13541] B[13605] L[13711] U[13846] L'[13920] B'[14651] L2[14775] L'[15001] B[15218] U'[15437] B'[15662],false,true,4086,1965,2121,15662,12,12,14,5.66,PLL,U2 L U L' U' L' B L2 U' L' U' L U L' U U' B' U,U2[16413] L[16637] U[16721] L'[16775] U'[16866] L'[17014] B[17055] L2[17166] U'[17210] L'[17278] U'[17367] L[17455] U[17523] L'[17596] U[17651] U'[17927] B'[18133] U[18294],false,true,2632,975,1657,18294,18,18,20,10.86,,,,,,,,,,,,,,,,,,,,,,,,,,,,110,FL->FR 24,"[FL,BL]->FR 7",31,14,T,,
4d511b91-9f7d-41f2-8247-e757dd2bfad4,2023-09-10 21:10:32 UTC,false,22060,CFOP,Gan Smart Cube,Gan i Carry,Gan 356i,Jacob Pfeifer,false,false,10741,22060,,D'[0] B[79] B[292] L[1334] D[1743] D'[2158] D[2831] B[3229] F'[3237] D'[3762] F'[5487] U[5567] F[5697] B'[6034] U'[6263] B[6332] U'[6632] B[6991] U'[7188] B'[7338] L'[7845] U[7927] L[8039] U'[8286] B'[8613] U[8705] B[8857] U[10338] F[11149] U[11535] F'[11715] U[11783] L'[12793] U'[13167] L[13273] U'[13888] R[14121] U[14238] R'[14333] U'[14524] U'[14915] F'[14969] U[15014] F[15108] U'[15722] F'[15897] U'[16312] F[16413] U'[16677] F'[16794] U[16844] F[16925] U[17082] F[17177] R'[17271] F'[17383] R[17412] U[19068] U[19437] B'[19633] U'[19809] B[19906] L[20306] L[20387] D[20811] F'[20929] U[21095] F[21306] U'[21410] F[21517] D'[21773] L[21890] L[21969] U[22060],cube,,Playground,custom_rules,U2 F2 R F R2 L B2 D F' U' B' D' B2 L2 B2 L2 D2 L2 D' B2 D',random_state,custom_rules,,,,8,UF,0,0,22060,68,69,74,3.08,8382,13678,"",0,Cross,z' R' B2 D R R' R S D',z'[0] R'[0] B2[292] D[1334] R[1743] R'[2158] R[2831] S[3237] D'[3762],false,true,3762,0,3762,3762,8,9,10,2.13,F2L Slot 1,F' U F B' U' B U' B U' B',F'[5487] U[5567] F[5697] B'[6034] U'[6263] B[6332] U'[6632] B[6991] U'[7188] B'[7338],false,true,3576,1725,1851,7338,10,10,10,5.4,F2L Slot 2,L' U L U' B' U B,L'[7845] U[7927] L[8039] U'[8286] B'[8613] U[8705] B[8857],false,true,1519,507,1012,8857,7,7,7,6.92,F2L Slot 3,U F U F' U L' U' L,U[10338] F[11149] U[11535] F'[11715] U[11783] L'[12793] U'[13167] L[13273],false,true,4416,2292,2124,13273,8,8,8,3.77,F2L Slot 4,U' R U R' U2' F' U F,U'[13888] R[14121] U[14238] R'[14333] U2'[14915] F'[14969] U[15014] F[15108],false,true,1835,848,987,15108,8,8,9,8.11,OLL,U' F' U' F U' F' U F U F R' F' R,U'[15722] F'[15897] U'[16312] F[16413] U'[16677] F'[16794] U[16844] F[16925] U[17082] F[17177] R'[17271] F'[17383] R[17412],false,true,2304,789,1515,17412,13,13,13,8.58,PLL,U2 B' U' B L2 D F' U F U' F D' L2 U,U2[19437] B'[19633] U'[19809] B[19906] L2[20387] D[20811] F'[20929] U[21095] F[21306] U'[21410] F[21517] D'[21773] L2[21969] U[22060],false,true,4648,2221,2427,22060,14,14,17,5.77,,,,,,,,,,,,,,,,,,,,,,,,,,,,152,FL->FR 71,"[FL,BL]->FR 42",30,36,Gb,,
25fd36b2-3893-4ce9-b9ee-0e99cc144358,2023-09-10 21:12:16 UTC,false,16576,CFOP,Gan Smart Cube,Gan i Carry,Gan 356i,Jacob Pfeifer,false,false,19428,16576,,U[0] U[70] L[321] D[614] D[695] B[1121] B[1205] L[1562] U'[1954] F[2034] U[2429] L'[3404] L'[3811] D'[3918] L[3965] D[4090] L[4273] F[4728] L'[4941] F'[5152] L[6019] L'[6189] B[6366] L[6539] B'[6694] L[6915] D[7408] L'[7540] D'[7670] U[7893] L'[8013] U'[8160] L[8248] B[8727] L'[8868] B'[9345] L[9680] L[9767] L'[10113] U'[10232] F[10280] U[10360] F'[10560] U[10680] L'[10766] U'[10869] L'[11494] U'[11631] L'[11735] F[11877] L[12062] U[12243] L'[12349] U'[12521] F'[12670] U[12758] L'[13947] U'[14252] L'[14345] U[14420] B[14826] B[14905] R[15111] D'[15236] L[15336] D[15660] L'[15771] D[15887] R'[16240] B[16371] B[16511] L'[16576],cube,,Playground,custom_rules,B2 L F L' F2 U' B2 R B L' B U2 B2 U L2 F2 B2 U' D2 R2 B2 U2,random_state,custom_rules,,,,8,LU,0,0,16576,64,65,72,3.86,6069,10437,"",0,Cross,z R2 U L2 B2 U R' F R,z[35] R2[70] U[321] L2[695] B2[1205] U[1562] R'[1954] F[2034] R[2429],false,true,2359,0,2359,2429,8,8,11,3.39,F2L Slot 1,U2' L' U L U F U' F',U2'[3811] L'[3918] U[3965] L[4090] U[4273] F[4728] U'[4941] F'[5152],false,true,2723,1489,1234,5152,8,8,9,6.48,F2L Slot 2,U U' B U B' U L U' L',U[6019] U'[6189] B[6366] U[6539] B'[6694] U[6915] L[7408] U'[7540] L'[7670],false,true,2518,1214,1304,7670,9,9,9,6.9,F2L Slot 3,R U' R' U B U' B',R[7893] U'[8013] R'[8160] U[8248] B[8727] U'[8868] B'[9345],false,true,1675,223,1452,9345,7,7,7,4.82,F2L Slot 4,U2 U' R' F R F' R U' R',U2[9767] U'[10113] R'[10232] F[10280] R[10360] F'[10560] R[10680] U'[10766] R'[10869],false,true,1524,887,637,10869,9,9,10,14.13,OLL,U' R' U' F U R U' R' F' R,U'[11494] R'[11631] U'[11735] F[11877] U[12062] R[12243] U'[12349] R'[12521] F'[12670] R[12758],false,true,1889,762,1127,12758,10,10,10,8.87,PLL,U' R' U' R B2 D L' U L U' L D' B2 U',U'[13947] R'[14252] U'[14345] R[14420] B2[14905] D[15111] L'[15236] U[15336] L[15660] U'[15771] L[15887] D'[16240] B2[16511] U'[16576],false,true,3818,1494,2324,16576,14,14,16,6.02,,,,,,,,,,,,,,,,,,,,,,,,,,,,25,BR->FR 15,"[BL,BR]->FR 60",34,31,Gb,,
0949ca85-0284-4a3b-b5a6-d12c654fa9c5,2023-09-10 21:13:46 UTC,false,22009,CFOP,Gan Smart Cube,Gan i Carry,Gan 356i,Jacob Pfeifer,false,false,6149,22009,,R[0] F[241] U'[769] U'[1048] R[1541] F[1777] F[1911] D[3731] L'[3987] D[4181] L[4720] D[4840] B'[5391] D[5841] B[6167] D[7133] D[7229] F[7762] D[7910] F'[8110] F'[8224] D'[8551] F[8700] D'[9715] D[11282] B[11520] D[11626] D[11689] B'[11774] D[12011] B[12232] D'[12381] B'[12629] D[13750] D[13876] R'[14371] D[14451] D[14554] R[14677] D'[14896] D[15167] R[15380] F'[15572] R'[15700] F[15904] D'[16736] L[16833] D[16917] L'[16996] D[17019] D'[17206] D[17395] D[17558] D'[17654] L[17719] D[17946] D[17997] L'[18077] D[19066] R[19532] L'[19554] R[19611] L'[19621] U'[19725] L'[19835] R[19835] R[19898] L'[19906] D'[20001] R[20142] L'[20151] F'[20284] F'[20379] R[20480] L'[20493] R[20553] L'[20562] B'[20664] R[20817] L'[20825] L[21543] R'[21616] B'[21820] R[21995] L'[22009],cube,,Playground,custom_rules,R2 L F L' D L2 B R' F D' F2 R2 D B2 U F2 U2 F2 R2 F2 B2 U',random_state,custom_rules,,,,8,DB,0,0,22009,62,69,85,2.82,10706,11303,"",0,Cross,z2 L F D2' L F2,z2[0] L[0] F[241] D2'[1048] L[1541] F2[1911],false,true,1911,0,1911,1911,5,5,7,2.62,F2L Slot 1,U R' U R U B' U B,U[3731] R'[3987] U[4181] R[4720] U[4840] B'[5391] U[5841] B[6167],false,true,4256,2076,2180,6167,8,8,8,3.67,F2L Slot 2,U2 F U F2' U' F,U2[7229] F[7762] U[7910] F2'[8224] U'[8551] F[8700],false,true,2533,1595,938,8700,6,6,8,6.4,F2L Slot 3,U' U B U2 B' U B U' B',U'[9715] U[11282] B[11520] U2[11689] B'[11774] U[12011] B[12232] U'[12381] B'[12629],false,true,3929,2820,1109,12629,9,9,10,8.12,F2L Slot 4,U2 L' U2 L U' U L F' L' F,U2[13876] L'[14371] U2[14554] L[14677] U'[14896] U[15167] L[15380] F'[15572] L'[15700] F[15904],false,true,3275,1742,1533,15904,10,10,12,6.52,OLL,U' R U R' U U' U2 U' R U2 R',U'[16736] R[16833] U[16917] R'[16996] U[17019] U'[17206] U2[17558] U'[17654] R[17719] U2[17997] R'[18077],false,true,2173,929,1244,18077,11,11,13,8.84,PLL,U M2' U' M2' U' M' U2' M2' U' M' M U' M',U[19066] M2'[19621] U'[19725] M2'[19906] U'[20001] M'[20151] U2'[20379] M2'[20562] U'[20664] M'[20825] M[21616] U'[21820] M'[22009],false,true,3932,1544,2388,22009,13,20,27,5.44,,,,,,,,,,,,,,,,,,,,,,,,,,,,143,BL->FR 93,"[FL,BR]->FR 13",10,27,Z,,
3a1a7cf0-50d1-4e4d-b81b-1e626356401b,2023-09-10 21:14:22 UTC,false,17980,CFOP,Gan Smart Cube,Gan i Carry,Gan 356i,Jacob Pfeifer,false,false,3578,17980,,R'[0] U[324] B'[468] U'[644] U'[838] L'[2660] D'[2960] L'[3242] D[3296] L[3519] B[3887] L[3997] B'[4194] D'[6658] L'[6869] D[7183] L[7552] L[7666] B'[8120] L[8213] B[8357] L'[8559] B'[8725] L'[8927] B[9033] U[11498] L[11596] L[11667] U'[11730] L[12006] U[12189] L'[12257] U'[12341] L[13098] U[13336] L[13441] L[13518] U'[13605] U'[13860] F[13907] U[14006] F'[14186] U[14485] L[14567] L[14633] U'[14686] L'[15658] L'[15893] U'[16087] L[16136] L[16203] U[16271] L'[16410] L'[16541] U'[16754] F[16926] U[16995] L[17205] U'[17319] L'[17403] U'[17637] F'[17730] U[17835] U[17895] L[17980],cube,,Playground,custom_rules,R F L B2 D2 L B U F L F B2 U R2 D' R2 F2 B2 U D2 R2 D',random_state,custom_rules,,,,8,LU,0,0,17980,55,55,65,3.06,10384,7596,"",0,Cross,z D' R B' R2',z[0] D'[0] R[324] B'[468] R2'[838],false,true,838,0,838,838,4,4,5,4.77,F2L Slot 1,U' L' U' L U B U B',U'[2660] L'[2960] U'[3242] L[3296] U[3519] B[3887] U[3997] B'[4194],false,true,3356,2122,1234,4194,8,8,8,6.48,F2L Slot 2,L' U' L,L'[6658] U'[6869] L[7183],false,true,2989,2464,525,7183,3,3,3,5.71,F2L Slot 3,U2 B' U B U' B' U' B,U2[7666] B'[8120] U[8213] B[8357] U'[8559] B'[8725] U'[8927] B[9033],false,true,1850,937,913,9033,8,8,9,8.76,F2L Slot 4,R U2 R' U R U' R',R[11498] U2[11667] R'[11730] U[12006] R[12189] U'[12257] R'[12341],false,true,3308,2465,843,12341,7,7,8,8.3,OLL,U R U2 R2' F R F' R U2 R',U[13098] R[13336] U2[13518] R2'[13860] F[13907] R[14006] F'[14186] R[14485] U2[14633] R'[14686],false,true,2345,995,1350,14686,10,10,13,7.41,PLL,U2' R' U2 R U2' R' F R U R' U' R' F' R2 U,U2'[15893] R'[16087] U2[16203] R[16271] U2'[16541] R'[16754] F[16926] R[16995] U[17205] R'[17319] U'[17403] R'[17637] F'[17730] R2[17895] U[17980],false,true,3294,1401,1893,17980,15,15,19,7.92,,,,,,,,,,,,,,,,,,,,,,,,,,,,113,BL->FR 12,"[FL,BR]->FR 6",13,35,Rb,,
e677f0d4-086f-4e24-8ff5-7348ed443be6,2023-09-11 23:31:14 UTC,false,22114,CFOP,Gan Smart Cube,Gan i Carry,Gan 356i,Jacob Pfeifer,false,false,24595,22114,,L'[0] F[295] L'[585] B[861] L'[1195] F[1633] L[1882] F'[3021] R'[3152] F[3224] R[3371] F'[3581] R'[3726] F[3862] R'[4100] B'[4328] R'[4717] B[4793] R[5340] F[5658] R'[5849] F'[6139] R[6224] R[6318] U'[6818] R'[7182] U[7279] R'[7819] B[8217] R'[8404] B'[8880] B[9377] R[9667] R[9729] B'[10019] R[10097] D'[10435] R'[10554] D[10660] R'[12516] D[12718] R[13245] D'[13338] R'[13406] D[13475] R[13579] D'[13628] D[14828] R[14921] R[14996] D'[15084] R'[15247] R'[15820] D'[15973] F[16038] D[16115] F'[16332] R'[17404] R'[18569] D'[18759] R'[18880] D[18961] B[19417] B[19512] L[19730] U'[20208] R[20350] U[20543] R'[20682] U[20853] L'[21139] B[21261] B[21335] R[22114],cube,,Playground,custom_rules,F' R D' B' D2 L' B R2 U' D' B R2 D' L2 B2 R2 L2 D F2 U' D2 R2,random_state,custom_rules,,,,8,RU,0,0,22114,68,68,74,3.07,8627,13487,"",0,Cross,z' D' F D' B D' F D,z'[0] D'[0] F[295] D'[585] B[861] D'[1195] F[1633] D[1882],false,true,1882,0,1882,1882,7,7,7,3.72,F2L Slot 1,F' U' F U F' U' F U' B' U' B,F'[3021] U'[3152] F[3224] U[3371] F'[3581] U'[3726] F[3862] U'[4100] B'[4328] U'[4717] B[4793],false,true,2911,1139,1772,4793,11,11,11,6.21,F2L Slot 2,U F U' F' U2 L' U' L,U[5340] F[5658] U'[5849] F'[6139] U2[6318] L'[6818] U'[7182] L[7279],false,true,2486,865,1621,7279,8,8,9,4.94,F2L Slot 3,U' B U' B' B U2 B' U R' U' R,U'[7819] B[8217] U'[8404] B'[8880] B[9377] U2[9729] B'[10019] U[10097] R'[10435] U'[10554] R[10660],false,true,3381,938,2443,10660,11,11,12,4.5,F2L Slot 4,U' R U R' U' R U R',U'[12516] R[12718] U[13245] R'[13338] U'[13406] R[13475] U[13579] R'[13628],false,true,2968,2058,910,13628,8,8,8,8.79,OLL,R U2 R' U2' R' F R F',R[14828] U2[14996] R'[15084] U2'[15820] R'[15973] F[16038] R[16115] F'[16332],false,true,2704,1200,1504,16332,8,8,10,5.32,PLL,U' U' R' U' R B2 D L' U L U' L D' B2 U,U'[17404] U'[18569] R'[18759] U'[18880] R[18961] B2[19512] D[19730] L'[20208] U[20350] L[20543] U'[20682] L[20853] D'[21139] B2[21335] U[22114],false,true,5782,2427,3355,22114,15,15,17,4.47,,,,,,,,,,,,,,,,,,,,,,,,,,,,109,FL->FR 23,"[BL,BR]->FR 42",27,8,Gb,,
784e7172-2d6e-4df8-bdcc-c89ad2e56a37,2023-09-11 23:32:03 UTC,false,19089,CFOP,Gan Smart Cube,Gan i Carry,Gan 356i,Jacob Pfeifer,false,false,6680,19089,,B[0] D'[116] R[315] D[503] F'[880] D[1125] D[1209] B[3143] B'[3999] D[4161] B'[4313] D'[4456] B'[4567] L'[5012] B'[5269] L[5424] B[6105] B[6208] R'[6675] B[7238] R[7425] B'[7596] D[8178] B'[8436] D'[8595] U'[9145] B[9220] U[9347] B[9563] D'[9736] B'[9973] D[10100] B'[10495] B'[10819] R[10951] B'[11120] R'[11245] B[11296] R[11397] B[11464] R'[11579] D[12695] B[13139] L[13240] B'[13301] L'[13375] D'[13560] B'[13780] U[13945] R[14100] B[14514] R'[14624] B'[14684] D'[14938] D[15308] U'[15330] B'[16676] B'[16950] R'[17225] U[17318] R'[17459] D[17677] D[17901] R[18076] U'[18197] R'[18325] D[18498] D[18680] R[18949] R[19089],cube,,Playground,custom_rules,U F R L U D B2 L2 D' R' D F2 U' R2 F2 B2 U2 B2 D R2 U' F2,random_state,custom_rules,,,,8,BU,0,0,19089,62,63,70,3.25,8615,10474,"",0,Cross,x' U B' R B D' B2,x'[0] U[0] B'[116] R[315] B[503] D'[880] B2[1209],false,true,1209,0,1209,1209,6,6,7,4.96,F2L Slot 1,U U' B U' B' U' L' U' L,U[3143] U'[3999] B[4161] U'[4313] B'[4456] U'[4567] L'[5012] U'[5269] L[5424],false,true,4215,2952,1263,5424,9,9,9,7.13,F2L Slot 2,U2 R' U R U' B U' B',U2[6208] R'[6675] U[7238] R[7425] U'[7596] B[8178] U'[8436] B'[8595],false,true,3171,1251,1920,8595,8,8,9,4.17,F2L Slot 3,F' U F U B' U' B,F'[9145] U[9220] F[9347] U[9563] B'[9736] U'[9973] B[10100],false,true,1505,550,955,10100,7,7,7,7.33,F2L Slot 4,U2' R U' R' U R U R',U2'[10819] R[10951] U'[11120] R'[11245] U[11296] R[11397] U[11464] R'[11579],false,true,1479,851,628,11579,8,8,9,12.74,OLL,B U L U' L' B' U' F R U R' U' B' S z',B[12695] U[13139] L[13240] U'[13301] L'[13375] B'[13560] U'[13780] F[13945] R[14100] U[14514] R'[14624] U'[14684] B'[14938] S[15330] z'[16003],false,true,3751,1116,2635,15330,14,15,15,5.31,PLL,U2' R' F R' B2 R F' R' B2 R2,U2'[16950] R'[17225] F[17318] R'[17459] B2[17901] R[18076] F'[18197] R'[18325] B2[18680] R2[19089],false,true,3759,1895,1864,19089,10,10,14,5.36,,,,,,,,,,,,,,,,,,,,,,,,,,,,18,BL->FR 46,"[FL,BR]->FR 6",20,3,Aa,,
99811210-f54a-4517-8ef6-f9f88a87369c,2023-09-11 23:32:53 UTC,false,20053,CFOP,Gan Smart Cube,Gan i Carry,Gan 356i,Jacob Pfeifer,false,false,9932,20053,,B[0] U'[413] F[874] B'[1724] U[2147] D[3372] D[3601] F'[4249] D'[4351] F[4443] D[4559] F'[4758] D'[4933] F[5018] L'[5623] D'[5884] L[6235] D[7341] F[7981] D[8447] F'[8638] D[8796] D[8899] B'[9163] D'[9394] B[9505] D'[10226] D'[10580] D'[10807] F'[10937] D[10986] F[11115] D[11496] F'[11707] D[11769] F[11901] D'[12119] F'[12328] D[12420] F[12593] D'[13018] F[13188] D'[13302] F'[13420] D[13495] R'[13817] D'[13889] R[13990] D[14776] F[15382] D[15625] L[15751] D'[15836] L'[15904] D[16027] L[16167] D'[16222] L'[16358] F'[16582] R[17936] D'[18162] R[18222] D[18459] R[18684] D[18813] R[19005] D'[19096] R'[19217] D'[19312] R[19428] R[19475] D[19526] D[20053],cube,,Playground,custom_rules,U2 F2 U D2 R2 F U L' B U B2 D' R2 U2 B2 U' R2 F2 L2 B2 D,random_state,custom_rules,,,,8,DB,0,0,20053,67,67,73,3.34,8621,11432,"",0,Cross,z2 B D' F B' D,z2[0] B[0] D'[413] F[874] B'[1724] D[2147],false,true,2147,0,2147,2147,5,5,5,2.33,F2L Slot 1,U2 F' U' F U F' U' F R' U' R,U2[3601] F'[4249] U'[4351] F[4443] U[4559] F'[4758] U'[4933] F[5018] R'[5623] U'[5884] R[6235],false,true,4088,2102,1986,6235,11,11,12,5.54,F2L Slot 2,U F U F' U2 B' U' B,U[7341] F[7981] U[8447] F'[8638] U2[8899] B'[9163] U'[9394] B[9505],false,true,3270,1746,1524,9505,8,8,9,5.25,F2L Slot 3,U3' F' U F U F' U F U' F' U F,U3'[10807] F'[10937] U[10986] F[11115] U[11496] F'[11707] U[11769] F[11901] U'[12119] F'[12328] U[12420] F[12593],false,true,3088,1432,1656,12593,12,12,14,7.25,F2L Slot 4,U' F U' F' U L' U' L,U'[13018] F[13188] U'[13302] F'[13420] U[13495] L'[13817] U'[13889] L[13990],false,true,1397,595,802,13990,8,8,8,9.98,OLL,U F U R U' R' U R U' R' F',U[14776] F[15382] U[15625] R[15751] U'[15836] R'[15904] U[16027] R[16167] U'[16222] R'[16358] F'[16582],false,true,2592,1392,1200,16582,11,11,11,9.17,PLL,L U' L U L U L U' L' U' L2 U2,L[17936] U'[18162] L[18222] U[18459] L[18684] U[18813] L[19005] U'[19096] L'[19217] U'[19312] L2[19475] U2[20053],false,true,3471,1354,2117,20053,12,12,14,5.67,,,,,,,,,,,,,,,,,,,,,,,,,,,,142,FL->FR 69,"[BL,BR]->FR 22",18,51,Ua,,
bb42c44e-c9a1-4078-9eb8-84a5569bce34,2023-09-11 23:33:38 UTC,false,16097,CFOP,Gan Smart Cube,Gan i Carry,Gan 356i,Jacob Pfeifer,false,false,8169,16097,,L'[0] D[64] L[167] F'[435] F'[710] R[1028] D'[1240] R'[1465] B[2928] L'[3235] B'[3357] L[3466] B[3609] B[3714] L'[4139] B[4222] L[4365] B'[4703] R[5326] B'[5621] R'[5777] B[5996] D[6737] B'[6929] D'[7170] U'[7610] B[7686] U[7853] L[8354] B[8532] L'[8762] B[9230] U'[9839] B[9901] B[9993] U[10086] B'[10247] U'[10338] B[10428] U[10888] U[12720] U[12794] B[13123] U[13493] B[13655] U'[14305] B'[14394] U'[14887] B'[14993] U'[15196] B[15245] U'[15626] B[16009] B[16097],cube,,Playground,custom_rules,U' R2 F' D2 R L' U' B2 R B U2 R2 U F2 D R2 D F2 D B2 R2 U',random_state,custom_rules,,,,8,BU,0,0,16097,49,49,54,3.04,6154,9943,"",1,Cross,x' L' B L D2' R B' R',x'[0] L'[0] B[64] L[167] D2'[710] R[1028] B'[1240] R'[1465],false,true,1465,0,1465,1465,7,7,8,4.78,F2L Slot 1,U L' U' L U2 L' U L,U[2928] L'[3235] U'[3357] L[3466] U2[3714] L'[4139] U[4222] L[4365],false,true,2900,1770,1130,4365,8,8,9,7.08,F2L Slot 2,U' R U' R' U B U' B',U'[4703] R[5326] U'[5621] R'[5777] U[5996] B[6737] U'[6929] B'[7170],false,true,2805,961,1844,7170,8,8,8,4.34,F2L Slot 3,F' U F L U L',F'[7610] U[7686] F[7853] L[8354] U[8532] L'[8762],false,true,1592,440,1152,8762,6,6,6,5.21,F2L Slot 4,U F' U2 F U' F' U F,U[9230] F'[9839] U2[9993] F[10086] U'[10247] F'[10338] U[10428] F[10888],false,true,2126,1077,1049,10888,8,8,9,7.63,OLL,,"",true,false,0,0,0,10888,0,0,0,0,PLL,F2 U F U F' U' F' U' F' U F' U2,F2[12794] U[13123] F[13493] U[13655] F'[14305] U'[14394] F'[14887] U'[14993] F'[15196] U[15245] F'[15626] U2[16097],false,true,5209,1906,3303,16097,12,12,14,3.63,,,,,,,,,,,,,,,,,,,,,,,,,,,,11,BL->FR 96,"[FL,BR]->FR 3",10,Solved,Ub,,
19284634-6692-4414-a770-f26a6694cec7,2023-09-11 23:36:13 UTC,false,17574,CFOP,Gan Smart Cube,Gan i Carry,Gan 356i,Jacob Pfeifer,false,false,10609,17574,,D'[0] L[237] F'[1625] L'[2010] R'[2804] R'[3064] F[3201] R[3361] F'[3569] R[3663] R[3788] F[4049] R'[4414] F'[4884] B'[5561] R[5712] R[5848] B[6042] R[6298] R[6430] B'[6863] R[6977] B[7219] B[7701] R'[8045] B'[8312] R[10073] D[10428] R[10531] R[10624] D'[10713] R[11032] R[11110] D[11189] R'[11268] D'[11357] R[12114] D[12362] R[12469] D'[12555] R[12814] D[12947] R'[13035] D'[13160] R'[13458] D'[13604] F[13659] D[13772] F'[13967] R'[15039] R'[15291] U[15683] R[15833] R[15923] U'[16040] R[16218] R[16280] U[16372] F'[16471] U'[16590] R'[16713] U[16779] R[16901] U[16962] F[17262] U'[17340] U'[17436] R'[17574],cube,,Playground,custom_rules,F' L' F R F' B' L U F D2 F2 R2 U2 D' L2 U' R2 F2 D F2 L2 F2,random_state,custom_rules,,,,8,RU,0,0,17574,57,57,68,3.24,7187,10387,"",0,Cross,z' R' D F' D',z'[0] R'[0] D[237] F'[1625] D'[2010],false,true,2010,0,2010,2010,4,4,4,1.99,F2L Slot 1,U2' F U F' U2 F U' F',U2'[3064] F[3201] U[3361] F'[3569] U2[3788] F[4049] U'[4414] F'[4884],false,true,2874,1191,1683,4884,8,8,10,4.75,F2L Slot 2,B' U2 B U2 B' U B,B'[5561] U2[5848] B[6042] U2[6430] B'[6863] U[6977] B[7219],false,true,2335,677,1658,7219,7,7,9,4.22,F2L Slot 3,B U' B',B[7701] U'[8045] B'[8312],false,true,1093,482,611,8312,3,3,3,4.91,F2L Slot 4,U R U2 R' U2 R U' R',U[10073] R[10428] U2[10624] R'[10713] U2[11110] R[11189] U'[11268] R'[11357],false,true,3045,2116,929,11357,8,8,10,8.61,OLL,U R U R' U R U' R' U' R' F R F',U[12114] R[12362] U[12469] R'[12555] U[12814] R[12947] U'[13035] R'[13160] U'[13458] R'[13604] F[13659] R[13772] F'[13967],false,true,2610,1005,1605,13967,13,13,13,8.1,PLL,U2' L U2 L' U2 L F' L' U' L U L F L2' U',U2'[15291] L[15683] U2[15923] L'[16040] U2[16280] L[16372] F'[16471] L'[16590] U'[16713] L[16779] U[16901] L[16962] F[17262] L2'[17436] U'[17574],false,true,3607,1716,1891,17574,15,15,19,7.93,,,,,,,,,,,,,,,,,,,,,,,,,,,,15,BR->FR 17,"[BL,BR]->FR 21",9,38,Ra,,
14d56134-44a2-4ee8-8353-21eb36f20db0,2023-09-11 23:34:37 UTC,false,17190,CFOP,Gan Smart Cube,Gan i Carry,Gan 356i,Jacob Pfeifer,false,false,22308,17190,,R[0] B'[311] R'[526] D'[827] B'[1301] D'[1727] D'[2014] B[2471] U[2601] B'[2689] U'[2793] B[3230] U[3378] B'[3500] U[3612] F[4008] U[4131] F'[4378] U[5178] B[5363] U'[5513] B'[5660] U[5777] U[5896] R'[6272] U'[6406] R[6520] R[6636] U'[6815] R'[6995] L[8059] U[8273] L'[8624] U[8826] U[8955] U[9264] L[9581] U'[9735] L'[9929] U[9992] U[10088] B'[10457] U'[10842] B[10911] F[12114] U[12227] U[12292] F'[12374] U'[12444] F[12544] U[12628] F'[12703] U'[12766] F[12842] U'[12952] F'[13016] U'[14510] F'[14676] L[14759] F'[14957] R[15143] R[15360] F[15545] L'[15644] F'[15771] R[15884] R[16389] F[16594] F[16674] U[16795] U[17190],cube,,Playground,custom_rules,D' L B U' D2 R D' B2 L U2 R2 F2 B2 U D2 R2 D' F2 U2 L2 B2 L2,random_state,custom_rules,,,,8,UF,0,0,17190,60,60,71,3.49,5485,11705,"",0,Cross,R B' R' D' B' D2',R[0] B'[311] R'[526] D'[827] B'[1301] D2'[2014],false,true,2014,0,2014,2014,6,6,7,2.98,F2L Slot 1,B U B' U' B U B' U F U F',B[2471] U[2601] B'[2689] U'[2793] B[3230] U[3378] B'[3500] U[3612] F[4008] U[4131] F'[4378],false,true,2364,457,1907,4378,11,11,11,5.77,F2L Slot 2,U B U' B' U2 R' U' R,U[5178] B[5363] U'[5513] B'[5660] U2[5896] R'[6272] U'[6406] R[6520],false,true,2142,985,1157,6520,8,8,9,6.91,F2L Slot 3,R U' R',R[6636] U'[6815] R'[6995],false,true,475,116,359,6995,3,3,3,8.36,F2L Slot 4,L U L' U3 L U' L' U2 B' U' B,L[8059] U[8273] L'[8624] U3[9264] L[9581] U'[9735] L'[9929] U2[10088] B'[10457] U'[10842] B[10911],false,true,3916,1064,2852,10911,11,11,14,3.86,OLL,F U2 F' U' F U F' U' F U' F',F[12114] U2[12292] F'[12374] U'[12444] F[12544] U[12628] F'[12703] U'[12766] F[12842] U'[12952] F'[13016],false,true,2105,1203,902,13016,11,11,12,12.2,PLL,U' F' L F' R2 F L' F' R2 F2 U2,U'[14510] F'[14676] L[14759] F'[14957] R2[15360] F[15545] L'[15644] F'[15771] R2[16389] F2[16674] U2[17190],false,true,4174,1660,2514,17190,11,11,15,4.38,,,,,,,,,,,,,,,,,,,,,,,,,,,,109,BL->FR 23,"[FL,BR]->FR 21",42,21,Aa,,
c494806f-6e39-4fcb-b158-5b6fbc353cc9,2023-09-11 23:35:26 UTC,false,21777,CFOP,Gan Smart Cube,Gan i Carry,Gan 356i,Jacob Pfeifer,false,false,12540,21777,,B[0] R'[118] B'[229] L[785] F[1287] L'[1760] D[3938] B'[4655] L[4731] B[4959] D'[5353] B'[5669] D[5780] B[6025] F'[10148] D[10333] F[10472] D'[10626] D'[10930] B[11064] D[11178] B'[11555] F'[11971] D[12073] F[12339] D[13089] D[13196] R'[13695] D[13741] R[13895] D[14102] D[14225] R'[14512] D[14581] R[14752] D'[15726] D'[15957] L[16085] D'[16201] L'[16336] D[16387] F'[16687] D'[16765] F[16864] B'[17955] D[18013] D[18088] B[18216] D[18387] D[18478] B[18583] R'[18711] B'[18865] R[18924] D[19574] D[19711] F[20012] D[20112] F'[20170] D'[20316] F'[20459] R[20522] F[20578] F[20645] D'[20690] F'[20859] D'[20899] F[21354] D[21482] F'[21533] R'[21618] D[21777],cube,,Playground,custom_rules,F' R' U2 L' U F B D' B' U' L2 B2 U' B2 L2 U' B2 U L2 U2 B2 L2,random_state,custom_rules,,,,8,DB,0,0,21777,64,64,72,2.94,8761,13016,"",0,Cross,z2 B L' B' R F R' U B' R B,z2[0] B[0] L'[118] B'[229] R[785] F[1287] R'[1760] U[3938] B'[4655] R[4731] B[4959],false,true,4959,0,4959,4959,10,10,10,2.02,F2L Slot 1,U' B' U B,U'[5353] B'[5669] U[5780] B[6025],false,true,1066,710,356,6025,4,4,4,11.24,F2L Slot 2,F' U F U2' B U B',F'[10148] U[10333] F[10472] U2'[10930] B[11064] U[11178] B'[11555],false,true,5530,4123,1407,11555,7,7,8,4.98,F2L Slot 3,F' U F U2 L' U L U2 L' U L,F'[11971] U[12073] F[12339] U2[13196] L'[13695] U[13741] L[13895] U2[14225] L'[14512] U[14581] L[14752],false,true,3197,416,2781,14752,11,11,13,3.96,F2L Slot 4,U2' R U' R' U F' U' F,U2'[15957] R[16085] U'[16201] R'[16336] U[16387] F'[16687] U'[16765] F[16864],false,true,2112,1333,779,16864,8,8,9,10.27,OLL,B' U2 B U2 B L' B' L,B'[17955] U2[18088] B[18216] U2[18478] B[18583] L'[18711] B'[18865] L[18924],false,true,2060,1091,969,18924,8,8,10,8.26,PLL,U2 F U F' U' F' L F2 U' F' U' F U F' L' U,U2[19711] F[20012] U[20112] F'[20170] U'[20316] F'[20459] L[20522] F2[20645] U'[20690] F'[20859] U'[20899] F[21354] U[21482] F'[21533] L'[21618] U[21777],false,true,2853,1088,1765,21777,16,16,18,9.07,,,,,,,,,,,,,,,,,,,,,,,,,,,,5,BR->FR 8,"[FL,BL]->FR 51",18,7,T,,
ab08f5b8-ce95-4b72-a445-dd79c093f571,2023-09-11 23:37:51 UTC,false,17982,CFOP,Gan Smart Cube,Gan i Carry,Gan 356i,Jacob Pfeifer,false,false,10887,17982,,U'[0] L'[149] B[248] D'[1061] F[1343] F'[1530] U'[1921] F[2070] D'[2461] U[3405] B[3862] U'[4102] B'[4518] U'[5943] R[6355] U'[6516] R'[6661] L[7051] U'[7312] L'[7550] U'[7979] R[8143] U'[8362] R'[8540] U[8668] F'[9004] U'[9156] F[9294] U[10095] U[10261] U[10672] L'[11408] U[11449] U[11516] L[11579] U[11867] U[12001] L'[12338] U[12380] L[12458] L[13253] U[13349] L'[13423] U'[13526] L'[13675] B[13723] L[13785] L[13878] U[14047] L'[14124] U'[14205] B'[14346] U[15119] U[15708] L[16040] F'[16159] L[16258] B[16406] B[16703] L'[16940] F[17033] L[17176] B[17319] B[17569] L'[17764] L'[17868] U[17909] U[17982],cube,,Playground,custom_rules,R' F B2 D' B U' R2 B D2 L U L2 U B2 L2 U' R2 F2 U2 R2 B2 D2,random_state,custom_rules,,,,8,UF,0,0,17982,58,58,68,3.23,8434,9548,"",0,Cross,U' L' B D' F F' U' F D',U'[0] L'[149] B[248] D'[1061] F[1343] F'[1530] U'[1921] F[2070] D'[2461],false,true,2461,0,2461,2461,9,9,9,3.66,F2L Slot 1,U B U' B',U[3405] B[3862] U'[4102] B'[4518],false,true,2057,1401,656,4518,4,4,4,6.1,F2L Slot 2,U' R U' R' L U' L',U'[5943] R[6355] U'[6516] R'[6661] L[7051] U'[7312] L'[7550],false,true,3032,1837,1195,7550,7,7,7,5.86,F2L Slot 3,U' R U' R' U F' U' F,U'[7979] R[8143] U'[8362] R'[8540] U[8668] F'[9004] U'[9156] F[9294],false,true,1744,593,1151,9294,8,8,8,6.95,F2L Slot 4,U3 L' U2 L U2 L' U L,U3[10672] L'[11408] U2[11516] L[11579] U2[12001] L'[12338] U[12380] L[12458],false,true,3164,2114,1050,12458,8,8,12,7.62,OLL,L U L' U' L' B L2 U L' U' B',L[13253] U[13349] L'[13423] U'[13526] L'[13675] B[13723] L2[13878] U[14047] L'[14124] U'[14205] B'[14346],false,true,1888,795,1093,14346,11,11,12,10.06,PLL,U2 L F' L B2 L' F L B2 L2' U2,U2[15708] L[16040] F'[16159] L[16258] B2[16703] L'[16940] F[17033] L[17176] B2[17569] L2'[17868] U2[17982],false,true,3636,1694,1942,17982,11,11,16,5.66,,,,,,,,,,,,,,,,,,,,,,,,,,,,21,FL->FR 93,"[BL,BR]->FR 18",17,9,Ab,,
0365529e-d5e7-4ef0-a99e-87d015826ad5,2023-09-11 23:38:44 UTC,false,23073,CFOP,Gan Smart Cube,Gan i Carry,Gan 356i,Jacob Pfeifer,false,false,14244,23073,,L[0] F'[145] D[264] F[1659] B'[2030] B'[2176] R[3246] B'[3643] R'[4579] L[5522] L[5642] F'[6226] L'[6448] F[6549] L[6698] L[6805] B[7156] L[7302] B'[7503] L[8878] F'[9203] L[9291] F[9497] F[9599] L[9846] F'[10195] L'[10834] F'[11350] L[11424] L[11516] F[11599] L[11844] B'[12672] L'[12923] B[13030] L[14533] U[14668] L'[14751] U'[14848] L'[15951] D[16514] F[16651] U'[17009] F[17208] U[17426] F[17548] F[17652] D'[17787] D'[18301] B'[18537] U[18652] B'[18852] U'[18998] B[19046] B[19123] U[19211] D[19976] U'[20014] L'[21286] U[21426] L[21524] U'[21592] F'[21698] U[21747] L[21904] U'[21964] L'[22109] U'[22248] F[22303] U[22366] U[22421] L'[22474] U'[22558] L'[23073],cube,,Playground,custom_rules,U' R D L2 F U2 D2 F' L' F U' B2 R2 D F2 B2 R2 D F2 B2 U2 L2,random_state,custom_rules,,,,8,LU,0,0,23073,64,65,74,2.77,9218,13855,"",0,Cross,z U F' L F B2' D B' D',z[0] U[0] F'[145] L[264] F[1659] B2'[2176] D[3246] B'[3643] D'[4579],false,true,4579,0,4579,4579,8,8,9,1.75,F2L Slot 1,U2 F' U' F U2 B U B',U2[5642] F'[6226] U'[6448] F[6549] U2[6805] B[7156] U[7302] B'[7503],false,true,2924,1647,1277,7503,8,8,10,6.26,F2L Slot 2,U F' U F2 U F',U[8878] F'[9203] U[9291] F2[9599] U[9846] F'[10195],false,true,2692,1700,992,10195,6,6,7,6.05,F2L Slot 3,U' F' U2 F U B' U' B,U'[10834] F'[11350] U2[11516] F[11599] U[11844] B'[12672] U'[12923] B[13030],false,true,2835,1155,1680,13030,8,8,9,4.76,F2L Slot 4,U R U' R',U[14533] R[14668] U'[14751] R'[14848],false,true,1818,1638,180,14848,4,4,4,22.22,OLL,U' L F R' F R F2 L2' B' R B' R' B2 R M' x',U'[15951] L[16514] F[16651] R'[17009] F[17208] R[17426] F2[17652] L2'[18301] B'[18537] R[18652] B'[18852] R'[18998] B2[19123] R[19211] M'[20014] x'[20650],false,true,5166,1666,3500,20014,15,16,19,4.29,PLL,U' R U R' F' R U R' U' R' F R2 U' R' U',U'[21286] R[21426] U[21524] R'[21592] F'[21698] R[21747] U[21904] R'[21964] U'[22109] R'[22248] F[22303] R2[22421] U'[22474] R'[22558] U'[23073],false,true,3059,1412,1647,23073,15,15,16,9.11,,,,,,,,,,,,,,,,,,,,,,,,,,,,140,BL->FR 8,"[FL,BR]->FR 57",21,18,Jb,,
5a9e8edc-46f1-460f-9e82-bb4f40466c14,2023-09-11 23:37:05 UTC,false,21269,CFOP,Gan Smart Cube,Gan i Carry,Gan 356i,Jacob Pfeifer,false,false,15404,21269,,L'[0] F[220] D[575] F'[961] R'[1973] B'[2177] R[2253] D'[2876] B'[3067] D[3279] B[3920] B'[4224] B[4972] B[5121] R[5522] B[5837] B[5931] R'[6298] B[6402] B'[6677] B[7578] R[8035] B'[8183] R'[8325] B[9266] B[9869] U[10068] B[10258] U'[10516] B[10599] B[10706] U[10817] B'[11000] U'[11236] B[12363] B[12651] R[13457] B[13606] R[13796] B[13925] R[14085] B'[14210] R'[14508] B'[14645] R'[14805] R'[15767] B'[15878] R[15976] B'[16115] R'[16242] B[16307] B[16372] R[16486] U[16845] R[17000] B[17144] R'[17209] B'[17275] U'[17424] B'[18382] R'[18701] B'[18809] R[18898] D[19397] D[19534] F[19888] L'[20053] B[20168] L[20456] B'[20575] L[20649] F'[20990] D[21078] D[21172] B'[21269],cube,,Playground,custom_rules,R2 F' B L2 F' U D B R D' R2 U' F2 R2 F2 R2 U2 B2 D2,random_state,custom_rules,,,,8,BU,0,0,21269,67,67,75,3.15,9458,11811,"",0,Cross,x' L' D B D',x'[0] L'[0] D[220] B[575] D'[961],false,true,961,0,961,961,4,4,4,4.16,F2L Slot 1,R' U' R B' U' B,R'[1973] U'[2177] R[2253] B'[2876] U'[3067] B[3279],false,true,2318,1012,1306,3279,6,6,6,4.59,F2L Slot 2,U U' U2 R U2 R' U U' U R U' R',U[3920] U'[4224] U2[5121] R[5522] U2[5931] R'[6298] U[6402] U'[6677] U[7578] R[8035] U'[8183] R'[8325],false,true,5046,2243,2803,8325,12,12,14,4.28,F2L Slot 3,U2 F U F' U2 F U' F',U2[9869] F[10068] U[10258] F'[10516] U2[10706] F[10817] U'[11000] F'[11236],false,true,2911,1743,1168,11236,8,8,10,6.85,F2L Slot 4,U2 R U R U R U' R' U' R',U2[12651] R[13457] U[13606] R[13796] U[13925] R[14085] U'[14210] R'[14508] U'[14645] R'[14805],false,true,3569,2221,1348,14805,10,10,11,7.42,OLL,R' U' R U' R' U2 R F R U R' U' F',R'[15767] U'[15878] R[15976] U'[16115] R'[16242] U2[16372] R[16486] F[16845] R[17000] U[17144] R'[17209] U'[17275] F'[17424],false,true,2619,962,1657,17424,13,13,14,7.85,PLL,U' R' U' R B2 D L' U L U' L D' B2 U',U'[18382] R'[18701] U'[18809] R[18898] B2[19534] D[19888] L'[20053] U[20168] L[20456] U'[20575] L[20649] D'[20990] B2[21172] U'[21269],false,true,3845,1277,2568,21269,14,14,16,5.45,,,,,,,,,,,,,,,,,,,,,,,,,,,,47,BL->FR 13,"[FL,BR]->FR 15",28,42,Gb,,
2a9f7341-ce3d-4554-936b-0db0e4599806,2023-09-11 23:39:34 UTC,false,13732,CFOP,Gan Smart Cube,Gan i Carry,Gan 356i,Jacob Pfeifer,false,false,21522,13732,,F[0] U'[165] L'[452] L'[735] B[1015] R'[1195] B'[1351] B'[1531] R[1819] B[2079] R[2641] R[2884] R[3144] U'[3598] R'[3942] U[4221] R'[5383] R'[5616] D[5738] R[5835] D'[5941] R'[6055] D[6152] R[6309] D'[6834] R[7006] R[7111] R'[8377] B[8788] R[8944] B'[9029] F'[9865] U[9962] U[10056] B[10315] U[10436] B'[10517] U[10575] F[10847] B[11886] R[11974] B'[12034] R'[12180] B'[12298] D[12369] B[12419] B[12482] R'[12554] B'[12626] R'[12708] B[12835] R[12913] B'[12981] D'[13049] R'[13732],cube,,Playground,custom_rules,U B2 D2 B L D' R D' F R D B2 L2 F2 D R2 D F2 D2 F2 B2 L2,random_state,custom_rules,,,,8,RU,0,0,13732,47,47,55,3.42,7145,6587,"",0,Cross,z' F L' D2',z'[0] F[0] L'[165] D2'[735],false,true,735,0,735,735,3,3,4,4.08,F2L Slot 1,B U' B2' U B,B[1015] U'[1195] B2'[1531] U[1819] B[2079],false,true,1344,280,1064,2079,5,5,6,4.7,F2L Slot 2,U3 L' U' L,U3[3144] L'[3598] U'[3942] L[4221],false,true,2142,1519,623,4221,4,4,6,6.42,F2L Slot 3,U2' R U R' U' R U R',U2'[5616] R[5738] U[5835] R'[5941] U'[6055] R[6152] U[6309] R'[6834],false,true,2613,1517,1096,6834,8,8,9,7.3,F2L Slot 4,U2 U' B U B',U2[7111] U'[8377] B[8788] U[8944] B'[9029],false,true,2195,1954,241,9029,5,5,6,20.75,OLL,F' L2 B L B' L F,F'[9865] L2[10056] B[10315] L[10436] B'[10517] L[10575] F[10847],false,true,1818,836,982,10847,7,7,8,7.13,PLL,B U B' U' B' R B2 U' B' U' B U B' R' U',B[11886] U[11974] B'[12034] U'[12180] B'[12298] R[12369] B2[12482] U'[12554] B'[12626] U'[12708] B[12835] U[12913] B'[12981] R'[13049] U'[13732],false,true,2885,1039,1846,13732,15,15,16,8.13,,,,,,,,,,,,,,,,,,,,,,,,,,,,139,FL->FR 12,"[FL,BL]->FR 27",14,5,T,,
e5a6b23f-631a-4b0d-874c-eb88cb2fa605,2023-09-11 23:42:38 UTC,false,21638,CFOP,Gan Smart Cube,Gan i Carry,Gan 356i,Jacob Pfeifer,false,false,34011,21638,,U'[0] R'[234] B'[502] D[583] F[930] L'[2010] L'[2538] F[3141] R'[4321] R'[4665] R'[4881] F[5049] R[5263] F'[5639] R'[6340] R'[6618] B'[6785] R[6868] B[7011] R[7298] B'[7479] R[7567] B[7704] R'[7894] B'[8084] R[8169] B[8349] R[8874] R[8975] F'[9310] R[9383] F[9551] R[9728] R[9853] D'[10233] R'[10498] D[10620] R[11227] R[11424] D'[11803] R[11857] R[11927] D[12013] D[12141] R[12208] D'[12414] D'[12575] R[12781] D[12924] R'[14010] R'[14248] R[14553] R[14649] F'[14984] U'[15247] R'[15725] U[15787] R[15916] U'[16068] R'[16232] U[16267] R[16371] F[16740] R'[18142] R'[19566] D[19759] R[19857] D'[19952] F[20391] F[20463] L'[20673] U[20761] R'[20881] U'[20998] R[21034] U'[21130] L[21341] F[21503] F[21567] R[21638],cube,,Playground,custom_rules,D' R' L' B2 L U B U L F2 D' L2 D R2 D' L2 D' L2 U B2 D' F2,random_state,custom_rules,,,,8,RU,0,0,21638,66,66,80,3.05,10277,11361,"",0,Cross,z' L' U' B' R F D2' F,z'[0] L'[0] U'[234] B'[502] R[583] F[930] D2'[2538] F[3141],false,true,3141,0,3141,3141,7,7,8,2.23,F2L Slot 1,U3' F U F',U3'[4881] F[5049] U[5263] F'[5639],false,true,2498,1908,590,5639,4,4,6,6.78,F2L Slot 2,U2' B' U B U B' U B U' B' U B,U2'[6618] B'[6785] U[6868] B[7011] U[7298] B'[7479] U[7567] B[7704] U'[7894] B'[8084] U[8169] B[8349],false,true,2710,1146,1564,8349,12,12,13,7.67,F2L Slot 3,U2 F' U F U2 R' U' R,U2[8975] F'[9310] U[9383] F[9551] U2[9853] R'[10233] U'[10498] R[10620],false,true,2271,961,1310,10620,8,8,10,6.11,F2L Slot 4,U2 R' U2 R2 U R2' U R,U2[11424] R'[11803] U2[11927] R2[12141] U[12208] R2'[12575] U[12781] R[12924],false,true,2304,1183,1121,12924,8,8,12,7.14,OLL,U2' U2 F' L' U' L U L' U' L U F,U2'[14248] U2[14649] F'[14984] L'[15247] U'[15725] L[15787] U[15916] L'[16068] U'[16232] L[16267] U[16371] F[16740],false,true,3816,2060,1756,16740,12,12,14,6.83,PLL,U' U' R U R' F2 D' L U' L' U L' D F2 U,U'[18142] U'[19566] R[19759] U[19857] R'[19952] F2[20463] D'[20673] L[20761] U'[20881] L'[20998] U[21034] L'[21130] D[21341] F2[21567] U[21638],false,true,4898,3019,1879,21638,15,15,17,7.98,,,,,,,,,,,,,,,,,,,,,,,,,,,,14,BR->FR 22,"[BL,BR]->FR 6",2,47,Gd,,
898e1170-4988-4c62-8b3f-9344990d74d9,2023-09-11 23:43:21 UTC,false,20019,CFOP,Gan Smart Cube,Gan i Carry,Gan 356i,Jacob Pfeifer,false,false,8375,20019,,R'[0] U[57] R'[250] U[519] L'[834] L'[999] D[1675] R[2097] D'[2403] D[2664] R'[3101] U[3349] U'[3579] U'[3860] R[4058] D'[4536] U[5340] U[5456] L'[5932] U[6019] L[6441] R[6769] U[7316] R'[7579] U'[7832] B'[8218] U'[8377] B[8498] U'[9667] U'[10014] F'[10190] U[10291] U[10389] F[10503] U'[10691] R[11042] U[11209] R'[11534] U[11965] B[12511] U[12613] U[12676] B'[12761] U'[12838] B[12895] U[12991] B'[13062] U[13570] B[13828] B[13903] D[14019] B'[14264] U[14406] U[14508] B[14557] D'[14869] B'[15036] U[15130] U[15183] B'[15278] U'[16221] U'[17117] B'[17327] U[17379] B'[17461] U'[17736] L'[18441] B'[18599] L[18637] L[18705] U'[18853] L'[19257] U[19326] L'[19449] B[19571] L[19700] B[19891] U[20019],cube,,Playground,custom_rules,U D' R U2 R B2 U2 B' U L U2 R2 F2 U B2 U' B2 R2 U' L2 D2 F2,random_state,custom_rules,,,,8,UF,0,0,20019,68,68,78,3.4,6148,13871,"",0,Cross,R' U R' U L2' D R D',R'[0] U[57] R'[250] U[519] L2'[999] D[1675] R[2097] D'[2403],false,true,2403,0,2403,2403,8,8,9,3.33,F2L Slot 1,D R' U U2' R D' U2 L' U L,D[2664] R'[3101] U[3349] U2'[3860] R[4058] D'[4536] U2[5456] L'[5932] U[6019] L[6441],false,true,4038,261,3777,6441,10,10,12,2.65,F2L Slot 2,R U R' U' B' U' B,R[6769] U[7316] R'[7579] U'[7832] B'[8218] U'[8377] B[8498],false,true,2057,328,1729,8498,7,7,7,4.05,F2L Slot 3,U2' F' U2 F U' R U R',U2'[10014] F'[10190] U2[10389] F[10503] U'[10691] R[11042] U[11209] R'[11534],false,true,3036,1692,1344,11534,8,8,10,5.95,F2L Slot 4,U B U2 B' U' B U B',U[11965] B[12511] U2[12676] B'[12761] U'[12838] B[12895] U[12991] B'[13062],false,true,1528,977,551,13062,8,8,9,14.52,OLL,U B2 D B' U2 B D' B' U2 B',U[13570] B2[13903] D[14019] B'[14264] U2[14508] B[14557] D'[14869] B'[15036] U2[15183] B'[15278],false,true,2216,841,1375,15278,10,10,13,7.27,PLL,U' U' B' U B' U' L' B' L2 U' L' U L' B L B U,U'[16221] U'[17117] B'[17327] U[17379] B'[17461] U'[17736] L'[18441] B'[18599] L2[18705] U'[18853] L'[19257] U[19326] L'[19449] B[19571] L[19700] B[19891] U[20019],false,true,4741,2049,2692,20019,17,17,18,6.32,,,,,,,,,,,,,,,,,,,,,,,,,,,,121,BR->FR 72,"[FL,BL]->FR 2",19,23,V,,
c22c4964-2e9e-4048-a9bd-69568199bb0a,2023-09-11 23:40:18 UTC,false,16373,CFOP,Gan Smart Cube,Gan i Carry,Gan 356i,Jacob Pfeifer,false,false,8213,16373,,U[0] U[96] L[478] B[640] R[1529] R[1649] B[3557] U'[3905] B'[4033] U[4302] U[4397] B'[4760] U[4871] B[5029] F'[6839] U[6960] U[7057] F[7183] U[7417] R'[8290] U[8362] R[8475] R[8621] U'[8825] R'[8982] U[9080] F'[9546] U[9626] F[9867] L'[10654] U[10796] U[10859] L[10919] U'[11043] L'[11169] U[11237] L[11317] U'[11934] U'[12204] L[12333] U[12431] L'[12511] U[12735] L[12838] U'[12925] L'[13026] U'[13130] L'[13272] B[13302] L[13397] B'[13670] U'[14313] L'[14564] U[14612] U[14662] L'[14958] U'[15206] F'[15422] L'[15512] F[15577] F[15640] U'[15725] F'[15826] U[15855] F'[15950] L[16085] F[16188] U'[16271] L[16373],cube,,Playground,custom_rules,U2 R' B' U' B2 U' R L' D' B R2 U L2 B2 U' R2 D' F2 B2 U' B2 U,random_state,custom_rules,,,,8,UF,0,0,16373,60,60,69,3.66,6561,9716,"",0,Cross,U2 L B R2,U2[96] L[478] B[640] R2[1649],false,true,1553,0,1553,1649,4,4,6,2.58,F2L Slot 1,B U' B' U2 B' U B,B[3557] U'[3905] B'[4033] U2[4397] B'[4760] U[4871] B[5029],false,true,3380,1908,1472,5029,7,7,8,4.76,F2L Slot 2,F' U2 F U R' U R,F'[6839] U2[7057] F[7183] U[7417] R'[8290] U[8362] R[8475],false,true,3446,1810,1636,8475,7,7,8,4.28,F2L Slot 3,R U' R' U F' U F,R[8621] U'[8825] R'[8982] U[9080] F'[9546] U[9626] F[9867],false,true,1392,146,1246,9867,7,7,7,5.62,F2L Slot 4,L' U2 L U' L' U L,L'[10654] U2[10859] L[10919] U'[11043] L'[11169] U[11237] L[11317],false,true,1450,787,663,11317,7,7,8,10.56,OLL,U2' L U L' U L U' L' U' L' B L B',U2'[12204] L[12333] U[12431] L'[12511] U[12735] L[12838] U'[12925] L'[13026] U'[13130] L'[13272] B[13302] L[13397] B'[13670],false,true,2353,1016,1337,13670,13,13,14,9.72,PLL,U' L' U2 L' U' F' L' F2 U' F' U F' L F U' L,U'[14313] L'[14564] U2[14662] L'[14958] U'[15206] F'[15422] L'[15512] F2[15640] U'[15725] F'[15826] U[15855] F'[15950] L[16085] F[16188] U'[16271] L[16373],false,true,2703,894,1809,16373,16,16,18,8.84,,,,,,,,,,,,,,,,,,,,,,,,,,,,46,BR->FR 17,"[BL,BR]->FR 40",10,38,F,,
cfeac9aa-ba76-41b6-a513-2c256a6f84b2,2023-09-11 23:41:21 UTC,false,12634,CFOP,Gan Smart Cube,Gan i Carry,Gan 356i,Jacob Pfeifer,false,false,27338,12634,,B[0] U'[197] B'[417] F'[771] F'[861] U'[1178] U'[1469] F'[1805] D[1929] F[2113] R[3256] D[3522] R'[3693] D'[3784] D'[4006] L'[4140] D[4207] L[4333] D[4474] L'[4610] D[4722] L[4844] D'[4957] L'[5093] D[5199] L[5358] D'[6100] R'[6730] D[6794] R[6878] D[7754] D'[8181] F[8386] L[8517] D[8641] L'[8691] D'[8774] L[8849] D[8939] L'[9023] D'[9091] F'[9253] D'[10097] D'[10311] L[10439] L[10513] U[10701] B'[10840] D[11076] B'[11169] D'[11237] B[11365] U'[11514] L[11574] L[11856] F'[12384] D[12437] F[12557] D'[12634],cube,,Playground,custom_rules,U F R2 D2 L D L' B2 R U F2 U2 B2 U' L2 U' F2 D F2 D' L2,random_state,custom_rules,,,,8,DB,0,0,12634,53,53,59,4.2,6066,6568,"",0,Cross,z2 B D' B' F2' D2',z2[0] B[0] D'[197] B'[417] F2'[861] D2'[1469],false,true,1469,0,1469,1469,5,5,7,3.4,F2L Slot 1,F' U F,F'[1805] U[1929] F[2113],false,true,644,336,308,2113,3,3,3,9.74,F2L Slot 2,L U L',L[3256] U[3522] L'[3693],false,true,1580,1143,437,3693,3,3,3,6.86,F2L Slot 3,U2' R' U R U R' U R U' R' U R,U2'[4006] R'[4140] U[4207] R[4333] U[4474] R'[4610] U[4722] R[4844] U'[4957] R'[5093] U[5199] R[5358],false,true,1665,447,1218,5358,12,12,13,9.85,F2L Slot 4,U' L' U L,U'[6100] L'[6730] U[6794] L[6878],false,true,1520,1372,148,6878,4,4,4,27.03,OLL,U U' F R U R' U' R U R' U' F',U[7754] U'[8181] F[8386] R[8517] U[8641] R'[8691] U'[8774] R[8849] U[8939] R'[9023] U'[9091] F'[9253],false,true,2375,1508,867,9253,12,12,12,13.84,PLL,U2' R2 D B' U B' U' B D' R2 F' U F U',U2'[10311] R2[10513] D[10701] B'[10840] U[11076] B'[11169] U'[11237] B[11365] D'[11514] R2[11856] F'[12384] U[12437] F[12557] U'[12634],false,true,3381,1260,2121,12634,14,14,17,6.6,,,,,,,,,,,,,,,,,,,,,,,,,,,,5,BL->FR 14,"[FL,BR]->FR 22",5,48,Ga,,
da77d206-8316-4383-b4cc-d71845f24201,2023-09-11 23:44:30 UTC,false,16010,CFOP,Gan Smart Cube,Gan i Carry,Gan 356i,Jacob Pfeifer,false,false,34593,16010,,L[0] F'[236] R'[512] D'[1303] U'[1567] L[1815] L[1900] U'[2821] F'[3133] U[3206] U[3287] F[3392] U[3673] U[3771] B[4076] U[4214] B'[4485] U'[5128] L'[5605] U[5722] U[5831] L[5969] U'[6172] L'[6363] L[6974] L'[7062] U[7325] L[7581] U[8571] U[8668] L[8932] U[9089] L'[9306] U'[9839] U'[10081] R'[10188] F[10233] R[10331] F'[10516] R[10676] U'[10795] R'[10904] U'[11497] R[11703] U[11797] R'[11873] U'[11998] R'[12387] F[12434] R[12528] R[12602] U[12765] R'[12851] U'[12925] F'[13094] R[14070] U[14177] R'[14240] U'[14375] R'[14577] F[14626] R[14691] R[14749] U'[14803] R'[14889] U'[14983] R[15058] U[15145] R'[15222] F'[15365] U[15666] U'[15761] U'[16010],cube,,Playground,custom_rules,R' F' B2 U R U2 B2 R L2 U' B U2 L2 F2 U D2 R2 U R2 D' L2 U',random_state,custom_rules,,,,8,UF,0,0,16010,64,64,73,4.0,6361,9649,"",0,Cross,L F' R' D' U' L2,L[0] F'[236] R'[512] D'[1303] U'[1567] L2[1900],false,true,1900,0,1900,1900,6,6,7,3.16,F2L Slot 1,U' F' U2 F U2 B U B',U'[2821] F'[3133] U2[3287] F[3392] U2[3771] B[4076] U[4214] B'[4485],false,true,2585,1233,1352,4485,8,8,10,5.92,F2L Slot 2,U' L' U2 L U' L' L L' U L,U'[5128] L'[5605] U2[5831] L[5969] U'[6172] L'[6363] L[6974] L'[7062] U[7325] L[7581],false,true,3096,1120,1976,7581,10,10,11,5.06,F2L Slot 3,U2 L U L',U2[8668] L[8932] U[9089] L'[9306],false,true,1725,1351,374,9306,4,4,5,10.7,F2L Slot 4,U2' R' F R F' R U' R',U2'[10081] R'[10188] F[10233] R[10331] F'[10516] R[10676] U'[10795] R'[10904],false,true,1598,882,716,10904,8,8,9,11.17,OLL,U' R U R' U' R' F R2 U R' U' F',U'[11497] R[11703] U[11797] R'[11873] U'[11998] R'[12387] F[12434] R2[12602] U[12765] R'[12851] U'[12925] F'[13094],false,true,2190,799,1391,13094,12,12,13,8.63,PLL,R U R' U' R' F R2 U' R' U' R U R' F' U U2',R[14070] U[14177] R'[14240] U'[14375] R'[14577] F[14626] R2[14749] U'[14803] R'[14889] U'[14983] R[15058] U[15145] R'[15222] F'[15365] U[15666] U2'[16010],false,true,2916,976,1940,16010,16,16,18,8.25,,,,,,,,,,,,,,,,,,,,,,,,,,,,2,BL->FR 10,"[FL,BR]->FR 14",34,9,T,,
a6da0ad3-4caa-4e96-9c09-4f3b0cc34028,2023-09-11 23:45:24 UTC,false,19056,CFOP,Gan Smart Cube,Gan i Carry,Gan 356i,Jacob Pfeifer,false,false,19216,19056,,F[0] F[75] L[301] D'[625] F[733] D[874] U'[1176] D[3664] R[3787] D'[3934] R[4434] R[4517] U[4932] R[5128] U'[5762] R'[6090] D'[6565] R[6705] D[6931] R'[7481] R'[7726] D[7830] R'[8010] D'[8177] R[8266] R[8367] U'[8641] R'[8987] U[9084] R'[10399] F'[10847] R'[10962] F[11083] R'[11289] D[11771] R[11970] D'[12306] U[13389] R[13548] U'[13728] R[14052] U[14239] R'[14335] U'[14432] R[14996] U[15233] R[15404] F'[15721] R'[15949] U'[16118] R[16189] U[16286] F[16439] U'[16574] R[17227] U[17432] R[17534] U'[17595] R'[17696] U'[17912] B[17950] U[18016] U[18068] R'[18119] U'[18198] R'[18299] U[18377] R[18469] U'[18524] B'[18947] R'[19056],cube,,Playground,custom_rules,R L' U' B' U2 L F L' D B' R U B2 R2 U' D' R2 F2 D B2 D',random_state,custom_rules,,,,8,RU,0,0,19056,66,66,71,3.46,7892,11089,"",0,Cross,z' F2 D R' F R L',z'[37] F2[75] D[301] R'[625] F[733] R[874] L'[1176],false,true,1101,0,1101,1176,6,6,7,5.45,F2L Slot 1,R U R' U2 L U L' U' R' U R,R[3664] U[3787] R'[3934] U2[4517] L[4932] U[5128] L'[5762] U'[6090] R'[6565] U[6705] R[6931],false,true,5755,2488,3267,6931,11,11,12,3.37,F2L Slot 2,U2' R U' R' U2 L' U' L,U2'[7726] R[7830] U'[8010] R'[8177] U2[8367] L'[8641] U'[8987] L[9084],false,true,2153,899,1254,9084,8,8,10,6.38,F2L Slot 3,U' F' U' F U' R U R',U'[10399] F'[10847] U'[10962] F[11083] U'[11289] R[11771] U[11970] R'[12306],false,true,3222,1763,1459,12306,8,8,8,5.48,F2L Slot 4,L U L' U L U' L',L[13389] U[13548] L'[13728] U[14052] L[14239] U'[14335] L'[14432],false,true,2126,1083,1043,14432,7,7,7,6.71,OLL,U L U F' U' L' U L F L',U[14996] L[15233] U[15404] F'[15721] U'[15949] L'[16118] U[16189] L[16286] F[16439] L'[16574],false,true,2142,801,1341,16574,10,10,10,7.46,PLL,U L U L' U' L' B L2 U' L' U' L U L' B' U',U[17227] L[17432] U[17534] L'[17595] U'[17696] L'[17912] B[17950] L2[18068] U'[18119] L'[18198] U'[18299] L[18377] U[18469] L'[18524] B'[18947] U'[19056],false,true,2482,858,1624,19056,16,16,17,9.85,,,,,,,,,,,,,,,,,,,,,,,,,,,,153,BL->FR 18,"[FL,BR]->FR 41",7,32,T,,
22352006-82af-43b0-906f-d32392a20a48,2023-09-11 23:46:17 UTC,false,23402,CFOP,Gan Smart Cube,Gan i Carry,Gan 356i,Jacob Pfeifer,false,false,7243,23402,,L[0] L[70] F[580] U'[794] U'[897] B'[1530] L[1752] B[2058] F'[2963] F'[3274] D[3646] F'[3840] D'[4020] F[4127] F[4242] D[4413] F'[4595] D'[4764] F[8191] F[8287] U'[8602] F'[8756] U[8829] F[9098] U'[9291] F'[9436] U[9466] U[10778] F[10950] U'[11096] F'[11259] U[11341] F[11464] U'[11622] F'[11740] U[11800] F[11909] U'[12088] F'[12902] R[13100] F[13374] F[13442] R'[13693] F[13801] D'[14151] F'[14308] D[14398] F[15271] L[18269] D[18418] F[18531] D'[18595] F'[18670] L'[19068] D[19849] F[19927] F[19993] D'[20092] F'[20160] D[20266] F'[20376] D'[20458] D[21981] R'[22070] D'[22166] L[22232] D[22357] R[22461] D'[22544] L'[22676] D[22748] R[22846] D'[22913] L[22966] D[23111] R'[23204] D'[23254] L'[23402],cube,,Playground,custom_rules,U2 D2 R' U2 L' B' U2 F U' L D L2 D2 L2 F2 D R2 U' R2 U' L2 B2,random_state,custom_rules,,,,8,FU,0,0,23402,71,71,78,3.03,13144,10188,"",0,Cross,x L2 U B2' D' L D,x[35] L2[70] U[580] B2'[897] D'[1530] L[1752] D[2058],false,true,1988,0,1988,2058,6,6,8,3.02,F2L Slot 1,U2' F U' F' U2 F U' F',U2'[3274] F[3646] U'[3840] F'[4020] U2[4242] F[4413] U'[4595] F'[4764],false,true,2706,1588,1118,4764,8,8,10,7.16,F2L Slot 2,U2 B' U' B U B' U' B,U2[8287] B'[8602] U'[8756] B[8829] U[9098] B'[9291] U'[9436] B[9466],false,true,4702,3838,864,9466,8,8,9,9.26,F2L Slot 3,B U B' U' B U B' U' B U B',B[10778] U[10950] B'[11096] U'[11259] B[11341] U[11464] B'[11622] U'[11740] B[11800] U[11909] B'[12088],false,true,2622,1312,1310,12088,11,11,11,8.4,F2L Slot 4,U' R U2 R' U F' U' F,U'[12902] R[13100] U2[13442] R'[13693] U[13801] F'[14151] U'[14308] F[14398],false,true,2310,1012,1298,14398,8,8,9,6.16,OLL,U L F U F' U' L' F U2 F' U' F U' F',U[15271] L[18269] F[18418] U[18531] F'[18595] U'[18670] L'[19068] F[19849] U2[19993] F'[20092] U'[20160] F[20266] U'[20376] F'[20458],false,true,6060,3871,2189,20458,14,14,15,6.4,PLL,F R' F' L F R F' L' F R F' L F R' F' L',F[21981] R'[22070] F'[22166] L[22232] F[22357] R[22461] F'[22544] L'[22676] F[22748] R[22846] F'[22913] L[22966] F[23111] R'[23204] F'[23254] L'[23402],false,true,2944,1523,1421,23402,16,16,16,11.26,,,,,,,,,,,,,,,,,,,,,,,,,,,,51,BR->FR 29,"[BL,BR]->FR 37",24,16,E,,
cf8f50d2-2422-4281-a621-7fbd19d0ec24,2023-09-11 23:49:05 UTC,false,16295,CFOP,Gan Smart Cube,Gan i Carry,Gan 356i,Jacob Pfeifer,false,false,5182,16295,,R[0] L'[141] B[496] U'[980] U'[1240] L[1791] L'[2089] B'[2539] F'[3313] D[3744] F[4005] B'[4448] D[4539] B[4827] D'[5178] B[5396] D[5709] D[5810] B'[5959] D'[6081] B[6207] D[6339] B'[6835] F[8028] D[8168] F'[8384] D[8569] D[8863] F[9044] D'[9262] F'[9611] D[10358] F'[10638] D[10715] F[10859] D[11060] D[11146] F'[11281] D[11383] F[11489] L[12312] B[12448] D'[12523] B'[12624] D'[12727] B[12789] D[12865] B'[12933] L'[12990] D[14029] B[14305] B[14371] U'[14658] L[14737] D'[14842] L[15007] D[15112] L'[15208] U[15430] B[15593] B[15657] R[16095] D'[16189] R'[16295],cube,,Playground,custom_rules,U L U' D' R' D' F' B2 L' D' R2 F' U' L2 U2 R2 L2 U' B2 U' R2 D,random_state,custom_rules,,,,8,DB,0,0,16295,57,58,64,3.5,5767,10387,"",0,Cross,x' M F D2' L L' F',x'[70] M[141] F[496] D2'[1240] L[1791] L'[2089] F'[2539],false,true,2398,0,2398,2539,6,7,8,2.5,F2L Slot 1,B' U B F' U F,B'[3313] U[3744] B[4005] F'[4448] U[4539] F[4827],false,true,2288,774,1514,4827,6,6,6,3.96,F2L Slot 2,U' F U2 F' U' F U F',U'[5178] F[5396] U2[5810] F'[5959] U'[6081] F[6207] U[6339] F'[6835],false,true,2008,569,1439,6835,8,8,9,5.56,F2L Slot 3,B U B' U2 B U' B',B[8028] U[8168] B'[8384] U2[8863] B[9044] U'[9262] B'[9611],false,true,2776,1193,1583,9611,7,7,8,4.42,F2L Slot 4,U B' U B U2 B' U B,U[10358] B'[10638] U[10715] B[10859] U2[11146] B'[11281] U[11383] B[11489],false,true,1878,1027,851,11489,8,8,9,9.4,OLL,L F U' F' U' F U F' L',L[12312] F[12448] U'[12523] F'[12624] U'[12727] F[12789] U[12865] F'[12933] L'[12990],false,true,1501,823,678,12990,9,9,9,13.27,PLL,U F2 D' L U' L U L' D F2 R U' R',U[14029] F2[14371] D'[14658] L[14737] U'[14842] L[15007] U[15112] L'[15208] D[15430] F2[15657] R[16095] U'[16189] R'[16295],false,true,3305,1381,1924,16295,13,13,15,6.76,,,,,,,,,,,,,,,,,,,,,,,,,,,,110,BR->FR 19,"[FL,BL]->FR 15",32,37,Gc,,
ed53e0a7-3a3b-476c-bb24-23f2c81bfa40,2023-09-11 23:50:55 UTC,false,15732,CFOP,Gan Smart Cube,Gan i Carry,Gan 356i,Jacob Pfeifer,false,false,8763,15732,,R'[0] U'[109] R'[245] B'[550] B'[821] U[1122] F[1500] F[1612] U'[2886] R[3376] U[3511] R'[3574] U'[3670] R[3749] U[3830] R'[3936] U'[4049] U'[4299] B[4721] U[4855] B'[5119] B'[5658] U[6027] U[6128] B[6279] U[6556] L'[7056] U[7155] L[7518] U[8368] B'[8903] U[8965] B[9105] R[9606] U[9779] R'[10035] U[10396] L[10847] U[10946] U[11028] L'[11137] U[11181] L[11405] U[11494] L'[11571] U[12039] U[12201] R'[12568] F[12633] F[12702] L[12948] F[13053] L'[13111] F[13168] R[13571] U[14264] L[14485] U[14570] L'[14629] U'[14744] L'[14910] B[14954] L[15020] L[15063] U'[15109] L'[15191] U'[15282] L[15363] U[15440] L'[15516] B'[15600] U[15732],cube,,Playground,custom_rules,U2 R U' F2 D' L U2 R' F D B2 U' B2 U2 F2 L2 D L2 U' F2,random_state,custom_rules,,,,8,UF,0,0,15732,63,63,72,4.0,6411,9321,"",0,Cross,R' U' R' B2' U F2,R'[0] U'[109] R'[245] B2'[821] U[1122] F2[1612],false,true,1612,0,1612,1612,6,6,8,3.72,F2L Slot 1,U' R U R' U' R U R' U2' B U B',U'[2886] R[3376] U[3511] R'[3574] U'[3670] R[3749] U[3830] R'[3936] U2'[4299] B[4721] U[4855] B'[5119],false,true,3507,1764,1743,5119,12,12,13,6.88,F2L Slot 2,B' U2 B U L' U L,B'[5658] U2[6128] B[6279] U[6556] L'[7056] U[7155] L[7518],false,true,2399,539,1860,7518,7,7,8,3.76,F2L Slot 3,U B' U B R U R',U[8368] B'[8903] U[8965] B[9105] R[9606] U[9779] R'[10035],false,true,2517,1385,1132,10035,7,7,7,6.18,F2L Slot 4,U L U2 L' U L U L',U[10396] L[10847] U2[11028] L'[11137] U[11181] L[11405] U[11494] L'[11571],false,true,1536,812,724,11571,8,8,9,11.05,OLL,U2 R' F2 L F L' F R,U2[12201] R'[12568] F2[12702] L[12948] F[13053] L'[13111] F[13168] R[13571],false,true,2000,997,1003,13571,8,8,10,7.98,PLL,U L U L' U' L' B L2 U' L' U' L U L' B' U,U[14264] L[14485] U[14570] L'[14629] U'[14744] L'[14910] B[14954] L2[15063] U'[15109] L'[15191] U'[15282] L[15363] U[15440] L'[15516] B'[15600] U[15732],false,true,2161,914,1247,15732,16,16,17,12.83,,,,,,,,,,,,,,,,,,,,,,,,,,,,142,BL->FR 17,"[FL,BR]->FR 3",32,5,T,,
e8c04a5f-8920-4db4-9f9b-90f081c91ca6,2023-09-11 23:50:11 UTC,false,18800,CFOP,Gan Smart Cube,Gan i Carry,Gan 356i,Jacob Pfeifer,false,false,15455,18800,,D'[0] D'[220] F'[799] F[1672] U'[2006] F'[2240] U[2498] F'[2854] F'[3139] L[4545] B'[4739] L'[4953] B'[5208] D[5655] B'[5959] D'[6124] B'[6413] U'[6662] B[6726] U[6838] L[7285] B[7481] L'[7834] B'[9218] B'[9476] R[9647] B[9784] R'[9906] B'[10034] B'[10314] U'[10792] B[10895] U[11245] B[11651] U[11873] B[12261] U'[12616] B[12694] U[12906] B'[13040] U'[13142] B[13742] U[14461] R'[14656] U'[14831] U'[14923] L[14988] U[15437] U[15498] R[15654] U'[15783] U'[15846] L'[15961] U[16052] B'[17302] D[17471] B[17553] D'[17652] R'[17735] D[17798] B[17938] D'[18004] B'[18372] D'[18520] R[18602] D[18639] D[18678] B'[18737] D'[18800],cube,,Playground,custom_rules,U2 R U2 F U' R D2 R F' L' U' F2 U2 L2 B2 R2 B2 U' D' B2 U' L2,random_state,custom_rules,,,,8,BU,0,0,18800,61,61,69,3.24,7123,11457,"",0,Cross,x' B2' D' D F' D' F D2',x'[110] B2'[220] D'[799] D[1672] F'[2006] D'[2240] F[2498] D2'[3139],false,true,2919,0,2919,3139,7,7,9,2.4,F2L Slot 1,L U' L' U' B U' B',L[4545] U'[4739] L'[4953] U'[5208] B[5655] U'[5959] B'[6124],false,true,2985,1406,1579,6124,7,7,7,4.43,F2L Slot 2,U' F' U F L U L',U'[6413] F'[6662] U[6726] F[6838] L[7285] U[7481] L'[7834],false,true,1710,538,1172,7834,7,7,7,5.97,F2L Slot 3,U2' R U R' U2' F' U F,U2'[9476] R[9647] U[9784] R'[9906] U2'[10314] F'[10792] U[10895] F[11245],false,true,3411,1813,1598,11245,8,8,10,5.01,F2L Slot 4,U F U F' U F U' F',U[11651] F[11873] U[12261] F'[12616] U[12694] F[12906] U'[13040] F'[13142],false,true,1897,628,1269,13142,8,8,8,6.3,OLL,U F R' F2' L F2 R F2' L' F,U[13742] F[14461] R'[14656] F2'[14923] L[14988] F2[15498] R[15654] F2'[15846] L'[15961] F[16052],false,true,2910,1319,1591,16052,10,10,13,6.29,PLL,U' B U B' R' B U B' U' B' R B2 U' B',U'[17302] B[17471] U[17553] B'[17652] R'[17735] B[17798] U[17938] B'[18004] U'[18372] B'[18520] R[18602] B2[18678] U'[18737] B'[18800],false,true,2748,1419,1329,18800,14,14,15,10.53,,,,,,,,,,,,,,,,,,,,,,,,,,,,84,FL->FR 3,"[BL,BR]->FR 30",7,49,Jb,,
fe097978-6e8f-4505-80ab-7d948e654821,2023-09-11 23:52:23 UTC,false,14935,CFOP,Gan Smart Cube,Gan i Carry,Gan 356i,Jacob Pfeifer,false,false,46151,14935,,D[0] L[474] L[592] B'[1021] B'[1110] D'[1676] F'[1943] D'[2193] U'[2843] U'[3110] B'[3330] U[3440] B[3640] U[3972] L'[4464] U[4593] L[4800] U[5184] R'[5486] U[5579] R[5745] U'[5926] F'[6451] U[6563] F[6758] B[7139] U'[7317] B'[7482] L[7926] U[8079] L'[8284] U'[8451] R'[8849] U'[9090] R[9150] U[9395] R'[9695] U'[9822] R[9865] U[9991] R'[10129] U'[10245] R[10292] L'[11217] B[11269] L[11355] U[11524] L'[11610] U'[11674] B'[11928] U[12138] L[12340] U[12967] U[13044] L[13308] L[13379] U[13567] L[13826] U[13919] L'[13987] U'[14084] L'[14306] U'[14389] L'[14502] U[14538] L'[14641] U'[14811] U'[14935],cube,,Playground,custom_rules,F U' D B L' U2 F2 B' R' F L' D' L2 D2 R2 D F2 D B2 U R2 D',random_state,custom_rules,,,,8,UF,0,0,14935,62,62,68,4.15,4733,10202,"",0,Cross,D L2 B2' D' F' D',D[0] L2[592] B2'[1110] D'[1676] F'[1943] D'[2193],false,true,2193,0,2193,2193,6,6,8,2.74,F2L Slot 1,U2' B' U B U L' U L,U2'[3110] B'[3330] U[3440] B[3640] U[3972] L'[4464] U[4593] L[4800],false,true,2607,1137,1470,4800,8,8,9,5.44,F2L Slot 2,U R' U R U' F' U F,U[5184] R'[5486] U[5579] R[5745] U'[5926] F'[6451] U[6563] F[6758],false,true,1958,686,1272,6758,8,8,8,6.29,F2L Slot 3,B U' B' L U L',B[7139] U'[7317] B'[7482] L[7926] U[8079] L'[8284],false,true,1526,381,1145,8284,6,6,6,5.24,F2L Slot 4,U' R' U' R U R' U' R U R' U' R,U'[8451] R'[8849] U'[9090] R[9150] U[9395] R'[9695] U'[9822] R[9865] U[9991] R'[10129] U'[10245] R[10292],false,true,2008,565,1443,10292,12,12,12,8.32,OLL,L' B L U L' U' B' U L,L'[11217] B[11269] L[11355] U[11524] L'[11610] U'[11674] B'[11928] U[12138] L[12340],false,true,2048,925,1123,12340,9,9,9,8.01,PLL,U2 L2 U L U L' U' L' U' L' U L' U2',U2[13044] L2[13379] U[13567] L[13826] U[13919] L'[13987] U'[14084] L'[14306] U'[14389] L'[14502] U[14538] L'[14641] U2'[14935],false,true,2595,1039,1556,14935,13,13,16,8.35,,,,,,,,,,,,,,,,,,,,,,,,,,,,143,FL->FR 71,"[BL,BR]->FR 20",31,40,Ub,,
cd4a203e-18a0-41e5-b2ee-cf95023514f7,2023-09-11 23:53:12 UTC,false,15709,CFOP,Gan Smart Cube,Gan i Carry,Gan 356i,Jacob Pfeifer,false,false,16124,15709,,R[0] B'[148] D'[522] L'[697] D'[1003] U[1444] L[1900] U[2148] L'[2313] U[2658] L[2973] U'[3189] L'[3373] U[5315] U'[5577] F[5729] U[5820] F'[5909] U[6088] B[6442] U[6560] B'[6798] F'[7230] U[7323] U[7420] F[7491] F[7635] U[7803] F'[7994] U[8298] U[8457] U'[8809] U'[9228] R[9320] U[9453] R'[9605] U[9682] F'[9965] U'[10085] F[10154] U[10614] U[10701] L[10967] F[11089] U[11206] F'[11248] U'[11321] L'[11463] U[12931] U[13046] F'[13412] U'[13507] F[13583] R[14043] R[14116] D[14324] B'[14429] U[14489] B[14735] U'[14830] B[14875] D'[15169] R[15250] R[15326] U'[15416] U'[15709],cube,,Playground,custom_rules,U D' R' L' D' B U F B D2 L' U B2 U L2 U D2 R2 U' R2 B2,random_state,custom_rules,,,,8,UF,0,0,15709,57,57,66,3.63,7773,7936,"",0,Cross,R B' D' L' D',R[0] B'[148] D'[522] L'[697] D'[1003],false,true,1003,0,1003,1003,5,5,5,4.99,F2L Slot 1,U L U L' U L U' L',U[1444] L[1900] U[2148] L'[2313] U[2658] L[2973] U'[3189] L'[3373],false,true,2370,897,1473,3373,8,8,8,5.43,F2L Slot 2,U U' F U F' U B U B',U[5315] U'[5577] F[5729] U[5820] F'[5909] U[6088] B[6442] U[6560] B'[6798],false,true,3425,2356,1069,6798,9,9,9,8.42,F2L Slot 3,F' U2 F2 U F',F'[7230] U2[7420] F2[7635] U[7803] F'[7994],false,true,1196,432,764,7994,5,5,7,6.54,F2L Slot 4,U2 U2' R U R' U F' U' F,U2[8457] U2'[9228] R[9320] U[9453] R'[9605] U[9682] F'[9965] U'[10085] F[10154],false,true,2160,1326,834,10154,9,9,11,10.79,OLL,U2 L F U F' U' L',U2[10701] L[10967] F[11089] U[11206] F'[11248] U'[11321] L'[11463],false,true,1309,813,496,11463,7,7,8,14.11,PLL,U2 F' U' F R2 D B' U B U' B D' R2 U2',U2[13046] F'[13412] U'[13507] F[13583] R2[14116] D[14324] B'[14429] U[14489] B[14735] U'[14830] B[14875] D'[15169] R2[15326] U2'[15709],false,true,4246,1949,2297,15709,14,14,18,6.09,,,,,,,,,,,,,,,,,,,,,,,,,,,,7,BR->FR 33,"[FL,BL]->FR 2",36,45,Gb,,
88540977-9f7a-4124-95d9-9413108941b6,2023-09-11 23:54:05 UTC,false,14623,CFOP,Gan Smart Cube,Gan i Carry,Gan 356i,Jacob Pfeifer,false,false,20590,14623,,B'[0] L'[182] R'[549] F'[1419] R[1530] D'[2235] F[2432] D'[2664] F'[2819] D'[2949] R[3203] D'[3474] R'[3823] D[4414] R'[4962] D'[5592] R[5745] D'[5943] R'[6112] D[6241] R[6387] D[6837] L[7052] D[7146] L'[7211] D'[7276] L[7345] D[7435] L'[7512] D'[7597] L[7662] D[7751] L'[7860] D'[8475] B[8698] D'[8839] B'[8936] B[9925] D[10026] D[10094] B'[10167] D'[10292] D'[10454] B'[10695] L[10853] B[10963] L'[11301] B'[12348] D[12419] D[12500] B'[12611] D'[12889] R'[13464] B'[13585] R[13646] R[13698] D'[13791] R'[13892] D[13937] R'[14079] B[14189] R[14280] D'[14382] B[14623],cube,,Playground,custom_rules,R2 F B R B2 D' F R2 B L D' L2 U' R2 U' B2 U L2 D R2 L2 F2,random_state,custom_rules,,,,8,DB,0,0,14623,60,60,64,4.1,5580,9043,"",0,Cross,z2 B' R' L' F' L,z2[0] B'[0] R'[182] L'[549] F'[1419] L[1530],false,true,1530,0,1530,1530,5,5,5,3.27,F2L Slot 1,U' F U' F' U' L U' L',U'[2235] F[2432] U'[2664] F'[2819] U'[2949] L[3203] U'[3474] L'[3823],false,true,2293,902,1391,3823,8,8,8,5.75,F2L Slot 2,U L' U' L U' L' U L,U[4414] L'[4962] U'[5592] L[5745] U'[5943] L'[6112] U[6241] L[6387],false,true,2564,1139,1425,6387,8,8,8,5.61,F2L Slot 3,U R U R' U' R U R' U' R U R',U[6837] R[7052] U[7146] R'[7211] U'[7276] R[7345] U[7435] R'[7512] U'[7597] R[7662] U[7751] R'[7860],false,true,1473,665,808,7860,12,12,12,14.85,F2L Slot 4,U' B U' B',U'[8475] B[8698] U'[8839] B'[8936],false,true,1076,838,238,8936,4,4,4,16.81,OLL,B U2 B' U2' B' R B R',B[9925] U2[10094] B'[10167] U2'[10454] B'[10695] R[10853] B[10963] R'[11301],false,true,2365,989,1376,11301,8,8,10,5.81,PLL,B' U2 B' U' L' B' L2 U' L' U L' B L U' B,B'[12348] U2[12500] B'[12611] U'[12889] L'[13464] B'[13585] L2[13698] U'[13791] L'[13892] U[13937] L'[14079] B[14189] L[14280] U'[14382] B[14623],false,true,3322,1047,2275,14623,15,15,17,6.59,,,,,,,,,,,,,,,,,,,,,,,,,,,,84,FL->FR 16,"[FL,BL]->FR 37",21,8,F,,
90fa82ba-ba04-4ebf-b609-c894e573f0b6,2023-09-11 23:54:56 UTC,false,17257,CFOP,Gan Smart Cube,Gan i Carry,Gan 356i,Jacob Pfeifer,false,false,13902,17257,,L'[0] F'[194] L'[618] F[742] F[2373] D[2528] D[2631] L[3220] R'[4108] D'[4715] R[4808] R[4898] D[4992] R[5249] B'[5715] R[5835] B[6004] F[6400] R'[6636] F'[6872] F'[7026] R'[7292] F[7423] F[7791] R'[7964] F'[8126] R'[8331] D'[8871] R[8949] D[9091] U'[9382] R'[9757] U[9889] R'[10038] F[10492] R[10596] F'[10668] R[11332] B'[11681] F[11823] D[11933] F[12124] D[12237] F'[12305] D'[12498] F'[12724] B[12733] F'[12926] U[13003] F[13141] U'[13367] F'[14892] R[14997] R[15047] F[15128] R'[15275] R'[15385] F'[15575] U[15875] F[16019] R[16168] F'[16231] R'[16322] F'[16528] U'[16626] F[16696] F[16747] R'[16836] R'[17257],cube,,Playground,custom_rules,D2 R D B2 L2 F R B' L U' B2 U' L2 B2 R2 L2 U' F2 B2 D' F2 U,random_state,custom_rules,,,,8,RU,0,0,17257,58,61,69,3.36,5230,12027,"",0,Cross,z' D' F' D' F F R2 D,z'[0] D'[0] F'[194] D'[618] F[742] F[2373] R2[2631] D[3220],false,true,3220,0,3220,3220,7,7,8,2.17,F2L Slot 1,U' R' U2 R U B' U B,U'[4108] R'[4715] U2[4898] R[4992] U[5249] B'[5715] U[5835] B[6004],false,true,2784,1495,1289,6004,8,8,9,6.21,F2L Slot 2,F U' F2' U' F,F[6400] U'[6636] F2'[7026] U'[7292] F[7423],false,true,1419,396,1023,7423,5,5,6,4.89,F2L Slot 3,F U' F' U' R' U R,F[7791] U'[7964] F'[8126] U'[8331] R'[8871] U[8949] R[9091],false,true,1668,368,1300,9091,7,7,7,5.38,F2L Slot 4,L' U' L U' F U F',L'[9382] U'[9757] L[9889] U'[10038] F[10492] U[10596] F'[10668],false,true,1577,291,1286,10668,7,7,7,5.44,OLL,U S' U F U F' U' S F' L F L',U[11332] S'[11823] U[11933] F[12124] U[12237] F'[12305] U'[12498] S[12733] F'[12926] L[13003] F[13141] L'[13367],false,true,2699,1155,1544,13367,12,14,14,7.77,PLL,F' U2 F U2' F' L F U F' U' F' L' F2 U2',F'[14892] U2[15047] F[15128] U2'[15385] F'[15575] L[15875] F[16019] U[16168] F'[16231] U'[16322] F'[16528] L'[16626] F2[16747] U2'[17257],false,true,3890,1525,2365,17257,14,14,18,5.92,,,,,,,,,,,,,,,,,,,,,,,,,,,,17,BL->FR 18,"[FL,BR]->FR 58",35,19,Rb,,
915c6a96-2d5b-49dc-ace0-b903e2d30761,2023-09-11 23:56:30 UTC,false,23917,CFOP,Gan Smart Cube,Gan i Carry,Gan 356i,Jacob Pfeifer,false,false,53210,23917,,R'[0] F[52] R[178] D[468] L'[749] L'[843] D[1218] R'[1461] R'[2643] U[2712] U[2823] R[3183] D[3731] D'[4333] D'[4701] U[5288] U[5402] L[5789] U[5989] L'[6298] U'[7891] R[8079] U'[8297] R'[8556] U[8646] F'[9030] U'[9230] F[9365] U'[10971] L'[11659] U[11809] U[11898] L[12030] U'[12231] L'[12425] U[12558] L[12706] U[14179] U[14693] R'[15048] U[15121] R[15234] U[15438] L[15594] U[15734] L'[15921] U[16012] B[16408] U'[16521] B'[16625] U[17192] F'[17562] L[17634] F[17920] F[18001] R'[18072] F'[18164] F'[18226] L'[18297] F[18364] F[18425] R[18584] F'[18714] U[20505] B[20858] L'[20993] B[21075] R[21257] R[21899] B'[22564] L[22619] B[22758] R[22933] R[23266] B'[23441] B'[23559] U[23592] U[23917],cube,,Playground,custom_rules,U2 R U2 D2 F R2 L2 D B L' B2 U F2 U D' R2 U' L2 D F2 R2 B2,random_state,custom_rules,,,,8,UF,0,0,23917,65,65,78,2.72,9292,14625,"",0,Cross,R' F R D L2' D R' R' U2 R D D2',R'[0] F[52] R[178] D[468] L2'[843] D[1218] R'[1461] R'[2643] U2[2823] R[3183] D[3731] D2'[4701],false,true,4701,0,4701,4701,12,12,15,2.55,F2L Slot 1,U2 L U L' U' R U' R' U F' U' F,U2[5402] L[5789] U[5989] L'[6298] U'[7891] R[8079] U'[8297] R'[8556] U[8646] F'[9030] U'[9230] F[9365],false,true,4664,1088,3576,9365,12,12,13,3.36,F2L Slot 2,U' L' U2 L U' L' U L,U'[10971] L'[11659] U2[11898] L[12030] U'[12231] L'[12425] U[12558] L[12706],false,true,3341,2294,1047,12706,8,8,9,7.64,F2L Slot 3,U2 R' U R U L U L',U2[14693] R'[15048] U[15121] R[15234] U[15438] L[15594] U[15734] L'[15921],false,true,3215,2342,873,15921,8,8,9,9.16,F2L Slot 4,U B U' B',U[16012] B[16408] U'[16521] B'[16625],false,true,704,487,217,16625,4,4,4,18.43,OLL,U F' L F2 R' F2' L' F2 R F',U[17192] F'[17562] L[17634] F2[18001] R'[18072] F2'[18226] L'[18297] F2[18425] R[18584] F'[18714],false,true,2089,937,1152,18714,10,10,13,8.68,PLL,U B L' B R2 B' L B R2 B2' U2,U[20505] B[20858] L'[20993] B[21075] R2[21899] B'[22564] L[22619] B[22758] R2[23266] B2'[23559] U2[23917],false,true,5203,2144,3059,23917,11,11,15,3.6,,,,,,,,,,,,,,,,,,,,,,,,,,,,114,BR->FR 10,"[BL,BR]->FR 3",21,50,Ab,,
b905b982-76e7-4260-980b-f34a523a13e1,2023-09-11 23:57:08 UTC,false,16247,CFOP,Gan Smart Cube,Gan i Carry,Gan 356i,Jacob Pfeifer,false,false,8010,16247,,F'[0] B[205] B[386] U'[797] L[1324] B[1474] L'[1726] R'[2474] R[2706] F[2851] R'[3310] F'[3562] R'[3738] F[3818] R'[3994] F'[4147] R'[4298] B[4623] R'[4801] B'[4966] R'[5320] R'[5592] D[6015] R[6182] D'[6425] R'[6965] U'[7695] R'[7826] U[7949] R'[8241] F[8580] R[8731] F'[9063] R'[9913] R'[10348] B'[10558] R'[10755] B[10818] R[10954] B'[11098] R'[11202] B[11246] R[11966] D[12261] R[12424] B[12546] R'[12609] B'[12677] D'[13094] U[13246] F[13375] R[13522] F'[13574] R'[13649] U'[13800] R'[14607] R'[14856] F'[15009] R[15058] B'[15172] R[15407] R[15474] F[15551] R'[15636] F'[15770] R[15822] R[15881] F[15966] B[16103] R[16247],cube,,Playground,custom_rules,F L2 D' R2 U2 B2 R U R2 L2 F U' F2 U' F2 L2 D2 B2 R2 F2 R2 D',random_state,custom_rules,,,,8,RU,0,0,16247,63,65,70,3.88,7163,8879,"",0,Cross,z2 S B L' D B D',z2[102] S[205] B[386] L'[797] D[1324] B[1474] D'[1726],false,true,1521,0,1521,1726,6,7,7,3.94,F2L Slot 1,U' U F U' F' U' F U' F' U' B U' B',U'[2474] U[2706] F[2851] U'[3310] F'[3562] U'[3738] F[3818] U'[3994] F'[4147] U'[4298] B[4623] U'[4801] B'[4966],false,true,3240,1125,2115,4966,13,13,13,6.15,F2L Slot 2,U2' R U R',U2'[5592] R[6015] U[6182] R'[6425],false,true,1459,1049,410,6425,4,4,5,9.76,F2L Slot 3,U' L' U' L U' F U F',U'[6965] L'[7695] U'[7826] L[7949] U'[8241] F[8580] U[8731] F'[9063],false,true,2638,1270,1368,9063,8,8,8,5.85,F2L Slot 4,U2' B' U' B U B' U' B,U2'[10348] B'[10558] U'[10755] B[10818] U[10954] B'[11098] U'[11202] B[11246],false,true,2183,1495,688,11246,8,8,9,11.63,OLL,U R U B U' B' M' U B U' B' L' x',U[11966] R[12261] U[12424] B[12546] U'[12609] B'[12677] M'[13246] U[13375] B[13522] U'[13574] B'[13649] L'[13800] x'[14203],false,true,2554,1015,1539,13800,12,13,13,7.8,PLL,U2' F' U B' U2 F U' F' U2 F B U,U2'[14856] F'[15009] U[15058] B'[15172] U2[15474] F[15551] U'[15636] F'[15770] U2[15881] F[15966] B[16103] U[16247],false,true,2447,1209,1238,16247,12,12,15,9.69,,,,,,,,,,,,,,,,,,,,,,,,,,,,1,BR->FR 14,"[BL,BR]->FR 41",29,22,Ja,,
0c47243c-9783-4d04-a878-9eaf43cffb2d,2023-09-11 23:57:57 UTC,false,15372,CFOP,Gan Smart Cube,Gan i Carry,Gan 356i,Jacob Pfeifer,false,false,12763,15372,,F'[0] F'[93] R[441] B'[659] R'[833] L[1104] L[1208] F[1662] L'[1826] F'[1946] F'[2088] L[2274] F[2474] L'[3054] L[3454] U'[3907] L[3960] U[4086] D'[4441] L[4599] D[4898] L[5447] L[5601] U'[6672] L[6738] L[6822] U[6919] L[7135] B'[7734] L[7823] B[8022] L'[8386] L'[8637] B[8752] L[9290] L[9361] B'[9648] L[9705] U'[10034] L'[10205] U[10292] L[11184] L[11333] D'[11649] U[11777] B[11869] U[12054] B[12153] U'[12222] B'[12344] U'[12484] D[12492] U'[12674] F[12719] U[12917] F'[13074] L'[13645] L'[13876] U[13971] L[14057] U'[14133] F'[14228] U[14273] L[14636] U'[14696] L'[14823] U'[15002] F[15047] U[15122] U[15163] L'[15202] U'[15287] L'[15372],cube,,Playground,custom_rules,U2 F2 R2 D2 F D2 L' U2 B' L2 D' B2 U B2 D' F2 D' R2 D' L2 D F2,random_state,custom_rules,,,,8,LU,0,0,15372,61,63,73,3.97,7148,8131,"",0,Cross,z F2' D B' D',z[46] F2'[93] D[441] B'[659] D'[833],false,true,740,0,740,833,4,4,5,5.41,F2L Slot 1,U2 F U' F2' U F,U2[1208] F[1662] U'[1826] F2'[2088] U[2274] F[2474],false,true,1641,829,812,2474,6,6,8,7.39,F2L Slot 2,U' U R' U R L' U L,U'[3054] U[3454] R'[3907] U[3960] R[4086] L'[4441] U[4599] L[4898],false,true,2424,1433,991,4898,8,8,8,8.07,F2L Slot 3,U2 R' U2 R U B' U B,U2[5601] R'[6672] U2[6822] R[6919] U[7135] B'[7734] U[7823] B[8022],false,true,3124,1774,1350,8022,8,8,10,5.93,F2L Slot 4,U2' B U2 B' U R' U' R,U2'[8637] B[8752] U2[9361] B'[9648] U[9705] R'[10034] U'[10205] R[10292],false,true,2270,730,1540,10292,8,8,10,5.19,OLL,U2 M U R U R' U' M' R' F R F',U2[11333] M[11777] U[11869] R[12054] U[12153] R'[12222] U'[12344] M'[12492] R'[12674] F[12719] R[12917] F'[13074],false,true,2782,1485,1297,13074,12,14,15,9.25,PLL,U2' R U R' F' R U R' U' R' F R2 U' R' U',U2'[13876] R[13971] U[14057] R'[14133] F'[14228] R[14273] U[14636] R'[14696] U'[14823] R'[15002] F[15047] R2[15163] U'[15202] R'[15287] U'[15372],false,true,2298,897,1401,15372,15,15,17,10.71,,,,,,,,,,,,,,,,,,,,,,,,,,,,139,BR->FR 68,"[BL,BR]->FR 17",24,19,Jb,,
f3986e7d-74be-4ae6-a3f5-f91e8d0b445c,2023-09-11 23:58:49 UTC,false,17120,CFOP,Gan Smart Cube,Gan i Carry,Gan 356i,Jacob Pfeifer,false,false,19244,17120,,U'[0] F[142] F[242] D[750] L[1223] B'[1405] D'[2249] D'[2598] D'[2816] R'[3036] D[3189] R[3385] D[4411] R[4798] D[4970] R'[5305] D[5369] D[5472] L'[5740] D'[6062] L[6208] D'[7515] D'[8040] R[8480] D[8589] D[8678] R'[8778] D[9075] R[9210] D'[9362] R'[9702] L[10111] D'[10211] L'[10369] D[10467] L[10620] D[10785] L'[10922] D[11481] L'[12961] F'[13093] L[13242] R'[13263] D'[13452] R[13560] D[13650] L'[13855] F[13938] L[14044] R'[14999] R[15089] D[15235] B[15538] R[15637] D'[15702] R'[15818] D'[15892] R[15955] D[16039] R'[16115] B'[16202] R[16265] D[16387] R'[16436] D'[16530] R'[16729] B[16776] R[16896] B'[17048] D[17120],cube,,Playground,custom_rules,F2 R' B D2 R' F2 L D' B' D' F2 U' L2 D F2 U R2 F2 R2 U2 B2 R2,random_state,custom_rules,,,,8,DB,0,0,17120,63,64,70,3.68,8719,8401,"",0,Cross,z2 D' F2 U R B',z2[0] D'[0] F2[242] U[750] R[1223] B'[1405],false,true,1405,0,1405,1405,5,5,6,3.56,F2L Slot 1,U3' L' U L,U3'[2816] L'[3036] U[3189] L[3385],false,true,1980,1631,349,3385,4,4,6,11.46,F2L Slot 2,U L U L' U2 R' U' R,U[4411] L[4798] U[4970] L'[5305] U2[5472] R'[5740] U'[6062] R[6208],false,true,2823,1413,1410,6208,8,8,9,5.67,F2L Slot 3,U2' L U2 L' U L U' L',U2'[8040] L[8480] U2[8678] L'[8778] U[9075] L[9210] U'[9362] L'[9702],false,true,3494,2272,1222,9702,8,8,10,6.55,F2L Slot 4,R U' R' U R U R',R[10111] U'[10211] R'[10369] U[10467] R[10620] U[10785] R'[10922],false,true,1220,409,811,10922,7,7,7,8.63,OLL,U R' F' M F' L F R' D R x,U[11481] R'[12961] F'[13093] M[13263] F'[13452] L[13560] F[13650] R'[13855] D[13938] R[14044] x[14521],false,true,3122,2039,1083,14044,10,11,11,9.23,PLL,L' L U B L U' L' U' L U L' B' L U L' U' L' B L B' U,L'[14999] L[15089] U[15235] B[15538] L[15637] U'[15702] L'[15818] U'[15892] L[15955] U[16039] L'[16115] B'[16202] L[16265] U[16387] L'[16436] U'[16530] L'[16729] B[16776] L[16896] B'[17048] U[17120],false,true,3076,955,2121,17120,21,21,21,9.9,,,,,,,,,,,,,,,,,,,,,,,,,,,,5,BL->FR 69,"[FL,BR]->FR 13",20,15,Y,,
5390fa2e-406e-4f1a-b613-9fdd17b5c538,2023-09-11 23:59:35 UTC,false,20747,CFOP,Gan Smart Cube,Gan i Carry,Gan 356i,Jacob Pfeifer,false,false,12836,20747,,R[0] R[73] B[701] D[844] B[1025] U[1310] L'[1656] B[1840] L[2115] F[2605] R[2720] F'[2903] R'[3026] U[3453] R[3564] U'[3831] R[3921] R[4013] D'[4296] R'[4666] D[4800] R'[5236] U'[5534] R[5896] U[6076] R'[6320] B'[6707] R[6789] B[7029] R'[7533] R'[8814] R'[9495] D[9611] R[9847] D'[10039] R[10144] D[10352] R'[10558] D'[10926] R[11939] R[12442] F[12576] R'[12686] F'[12838] R[12895] R[13022] U'[13944] R'[14026] U[14146] D'[15149] R[15248] R[15370] D[15480] R[15674] R[15770] D[16424] B'[16617] D'[16724] B[16794] U[17936] U[18002] L[18273] F'[18382] R[18609] F'[18698] R'[18771] F[18865] F[19093] F'[19157] L'[19296] U[19432] U[19521] B'[20071] R[20095] B[20494] R[20681] R[20747],cube,,Playground,custom_rules,R F R2 L2 U L2 U2 R' D F U R2 L2 U B2 U' F2 U R2 F2 D' R2,random_state,custom_rules,,,,8,RU,0,0,20747,66,66,77,3.18,7667,13007,"",0,Cross,z' U2 B R B L D' B D,z'[36] U2[73] B[701] R[844] B[1025] L[1310] D'[1656] B[1840] D[2115],false,true,2042,0,2042,2115,8,8,9,3.92,F2L Slot 1,F U F' U' L U L' U2 R' U' R,F[2605] U[2720] F'[2903] U'[3026] L[3453] U[3564] L'[3831] U2[4013] R'[4296] U'[4666] R[4800],false,true,2685,490,2195,4800,11,11,12,5.01,F2L Slot 2,U' L' U L U' B' U B,U'[5236] L'[5534] U[5896] L[6076] U'[6320] B'[6707] U[6789] B[7029],false,true,2229,734,1495,7029,8,8,8,5.35,F2L Slot 3,U' U2' R U R' U R U' R',U'[7533] U2'[9495] R[9611] U[9847] R'[10039] U[10144] R[10352] U'[10558] R'[10926],false,true,3897,2582,1315,10926,9,9,10,6.84,F2L Slot 4,U2 F U' F' U2 L' U' L,U2[12442] F[12576] U'[12686] F'[12838] U2[13022] L'[13944] U'[14026] L[14146],false,true,3220,1650,1570,14146,8,8,10,5.1,OLL,R' U2 R U2 R B' R' B,R'[15149] U2[15370] R[15480] U2[15770] R[16424] B'[16617] R'[16724] B[16794],false,true,2648,1003,1645,16794,8,8,10,4.86,PLL,L2 D F' U F' U' F2 F' D' L2 B' U B U2,L2[18002] D[18273] F'[18382] U[18609] F'[18698] U'[18771] F2[19093] F'[19157] D'[19296] L2[19521] B'[20071] U[20095] B[20494] U2[20747],false,true,3953,1208,2745,20747,14,14,18,5.1,,,,,,,,,,,,,,,,,,,,,,,,,,,,97,FL->FR 71,"[BL,BR]->FR 7",23,7,Ga,,
b49f88b9-3523-44ab-a452-a0409e726da3,2023-09-12 00:00:13 UTC,false,17681,CFOP,Gan Smart Cube,Gan i Carry,Gan 356i,Jacob Pfeifer,false,false,7015,17681,,F'[0] B'[202] D[598] D[699] L[1122] R[1498] R[1752] L'[2447] D'[2633] L[2742] D[3013] R[3240] D'[3607] R'[4072] D[5138] D[5366] D[5846] F'[6073] D[6364] D[6489] F[6834] D'[7041] F'[7196] D[7331] F[7505] F[9276] D[9438] F'[9648] B[10157] D[10243] D[10396] B'[10519] D[10581] B[10898] D[11054] B'[11214] D'[12022] F[12313] D[12433] D[12520] F'[12665] D'[12848] F[12905] D[13041] F'[13157] D'[13610] B[13811] D[13891] B'[13967] D'[14061] B'[14239] L[14315] B[14408] L'[14586] D[15187] D[15288] B[15576] B[15645] D[15856] B[16055] D[16175] B'[16234] D'[16326] B'[16794] D'[16912] B'[17025] D[17078] B'[17572] D[17681],cube,,Playground,custom_rules,R B R' F D L' B' L2 D B2 L' D2 B2 D R2 D' R2 L2 U' L2 B2 D,random_state,custom_rules,,,,8,DB,0,0,17681,60,60,69,3.39,7279,10402,"",0,Cross,z2 F' B' U2 R L2,z2[0] F'[0] B'[202] U2[699] R[1122] L2[1752],false,true,1752,0,1752,1752,5,5,7,2.85,F2L Slot 1,R' U' R U L U' L',R'[2447] U'[2633] R[2742] U[3013] L[3240] U'[3607] L'[4072],false,true,2320,695,1625,4072,7,7,7,4.31,F2L Slot 2,U3 F' U2 F U' F' U F,U3[5846] F'[6073] U2[6489] F[6834] U'[7041] F'[7196] U[7331] F[7505],false,true,3433,2001,1432,7505,8,8,11,5.59,F2L Slot 3,F U F' B U2 B' U B U B',F[9276] U[9438] F'[9648] B[10157] U2[10396] B'[10519] U[10581] B[10898] U[11054] B'[11214],false,true,3709,1771,1938,11214,10,10,11,5.16,F2L Slot 4,U' F U2 F' U' F U F',U'[12022] F[12313] U2[12520] F'[12665] U'[12848] F[12905] U[13041] F'[13157],false,true,1943,1099,844,13157,8,8,9,9.48,OLL,U' B U B' U' B' R B R',U'[13610] B[13811] U[13891] B'[13967] U'[14061] B'[14239] R[14315] B[14408] R'[14586],false,true,1429,654,775,14586,9,9,9,11.61,PLL,U2 B2 U B U B' U' B' U' B' U B' U,U2[15288] B2[15645] U[15856] B[16055] U[16175] B'[16234] U'[16326] B'[16794] U'[16912] B'[17025] U[17078] B'[17572] U[17681],false,true,3095,1059,2036,17681,13,13,15,6.39,,,,,,,,,,,,,,,,,,,,,,,,,,,,44,BL->FR 10,"[FL,BR]->FR 51",19,33,Ub,,
3f7e116d-8a16-4b3f-bc65-4ffda57e25bf,2023-09-12 00:00:57 UTC,false,18105,CFOP,Gan Smart Cube,Gan i Carry,Gan 356i,Jacob Pfeifer,false,false,11959,18105,,R'[0] D'[161] R'[289] L[943] L[1044] U'[1333] L'[1719] L'[1874] B'[2334] R'[2662] B[2736] R[2864] B[3003] R'[3194] B[3272] R[3423] B'[3640] R'[3773] B[3876] R[4088] B'[4666] B[5086] B[5192] R[5669] B[5855] R'[6042] B'[6337] D'[6811] B'[7100] D[7156] B[7662] B[7895] U'[8938] B[9142] U[9289] U[9652] B[9858] U'[10090] B'[10494] B[11773] R[12027] B[12172] R'[12271] B[12590] B'[12927] R'[13026] U[13070] R[13187] U'[13356] B[13967] R[14178] R[14248] F[14325] R'[14495] B[14603] B[14677] R[14733] F'[14925] R'[15080] B[15134] B[15194] R'[15277] B[15811] B[15941] R[16200] B[16285] R'[16344] B'[16458] R'[16629] U[16677] R[16759] R[16826] B'[17058] R'[17245] B'[17393] R[17464] B[17709] R'[17828] U'[17972] B[18105],cube,,Playground,custom_rules,D L' F2 U2 B' R L U' L B2 D' L2 U' L2 U2 L2 U F2 U F2 U',random_state,custom_rules,,,,8,BU,0,0,18105,70,70,80,3.87,7903,10202,"",0,Cross,x' R' B' R' L2 F' L2',x'[0] R'[0] B'[161] R'[289] L2[1044] F'[1333] L2'[1874],false,true,1874,0,1874,1874,6,6,8,3.2,F2L Slot 1,U' R' U R U R' U R U' R' U R,U'[2334] R'[2662] U[2736] R[2864] U[3003] R'[3194] U[3272] R[3423] U'[3640] R'[3773] U[3876] R[4088],false,true,2214,788,1426,4088,12,12,12,8.42,F2L Slot 2,U' U2 R U R' U' B' U' B,U'[4666] U2[5192] R[5669] U[5855] R'[6042] U'[6337] B'[6811] U'[7100] B[7156],false,true,3068,1581,1487,7156,9,9,10,6.05,F2L Slot 3,U2 F' U F2 U F',U2[7895] F'[8938] U[9142] F2[9652] U[9858] F'[10090],false,true,2934,1782,1152,10090,6,6,8,5.21,F2L Slot 4,U' U R U R' U U' R' F R F',U'[10494] U[11773] R[12027] U[12172] R'[12271] U[12590] U'[12927] R'[13026] F[13070] R[13187] F'[13356],false,true,3266,1937,1329,13356,11,11,11,8.28,OLL,U R2 D R' U2 R D' R' U2 R',U[13967] R2[14248] D[14325] R'[14495] U2[14677] R[14733] D'[14925] R'[15080] U2[15194] R'[15277],false,true,1921,892,1029,15277,10,10,13,9.72,PLL,U2 R U R' U' R' F R2 U' R' U' R U R' F' U,U2[15941] R[16200] U[16285] R'[16344] U'[16458] R'[16629] F[16677] R2[16826] U'[17058] R'[17245] U'[17393] R[17464] U[17709] R'[17828] F'[17972] U[18105],false,true,2828,923,1905,18105,16,16,18,8.4,,,,,,,,,,,,,,,,,,,,,,,,,,,,22,FL->FR 96,"[FL,BL]->FR 8",7,23,T,,
d2dfd0a3-bab5-45bd-81a4-6010487b6bea,2023-09-12 22:04:18 UTC,false,18041,CFOP,Gan Smart Cube,Gan i Carry,Gan 356i,Jacob Pfeifer,false,false,396455,18041,,F[0] B'[17] L[205] L[301] B'[506] L'[784] U'[1394] B'[1548] U'[1888] D[2657] D[2786] D[3711] D[3823] F'[4213] D'[4356] F[4561] D'[4824] L[5292] D[5426] L'[5565] R[5842] D'[6291] R'[6436] D'[6561] R[6599] D'[7024] R'[7252] D[7326] D[7395] B[7932] D'[8063] B'[8243] D[8843] D[9073] D[10278] B'[10872] D'[11005] B[11039] D[11136] B'[11301] D'[11388] B[11468] R'[12201] D'[12334] R[12412] D[12927] R[13119] D[13331] R'[13593] D[13683] D[13761] R[13840] D'[13917] R'[14049] F[15065] D[15246] L[15394] D'[15447] L'[15576] F'[15790] D[16283] D'[16462] R'[16667] D[16706] L'[16872] D[17071] D[17128] R[17242] D'[17317] R'[17681] D[17740] D[17829] R[17878] L[18041],cube,,Playground,custom_rules,F' L B2 D2 R F' L D B L2 F2 D' B2 U F2 D2 L2 D' F2 U' R2 D',random_state,custom_rules,,,,8,DB,0,0,18041,64,66,74,3.55,7831,10193,"",0,Cross,z' S' R2 B' R' D' B' D',z'[8] S'[17] R2[301] B'[506] R'[784] D'[1394] B'[1548] D'[1888],false,true,1871,0,1871,1888,7,8,9,3.74,F2L Slot 1,U2 U2 F' U' F U' R U R',U2[2786] U2[3823] F'[4213] U'[4356] F[4561] U'[4824] R[5292] U[5426] R'[5565],false,true,3677,2325,1352,5565,9,9,11,6.66,F2L Slot 2,L U' L' U' L U' L' U2 B U' B',L[5842] U'[6291] L'[6436] U'[6561] L[6599] U'[7024] L'[7252] U2[7395] B[7932] U'[8063] B'[8243],false,true,2678,277,2401,8243,11,11,12,4.58,F2L Slot 3,U2 U B' U' B U B' U' B L' U' L,U2[9073] U[10278] B'[10872] U'[11005] B[11039] U[11136] B'[11301] U'[11388] B[11468] L'[12201] U'[12334] L[12412],false,true,4169,2629,1540,12412,12,12,13,7.79,F2L Slot 4,U L U L' U2 L U' L',U[12927] L[13119] U[13331] L'[13593] U2[13761] L[13840] U'[13917] L'[14049],false,true,1637,707,930,14049,8,8,9,8.6,OLL,F U R U' R' F',F[15065] U[15246] R[15394] U'[15447] R'[15576] F'[15790],false,true,1741,1016,725,15790,6,6,6,8.28,PLL,U U' L' U R' U2 L U' L' U2 L R,U[16283] U'[16462] L'[16667] U[16706] R'[16872] U2[17128] L[17242] U'[17317] L'[17681] U2[17829] L[17878] R[18041],false,true,2251,877,1374,18041,12,12,14,8.73,,,,,,,,,,,,,,,,,,,,,,,,,,,,53,FL->FR 1,"[BL,BR]->FR 58",15,44,Ja,,
ef0c21bf-ef3e-4ccc-8395-3068271c6abd,2023-09-12 22:06:26 UTC,false,20809,CFOP,Gan Smart Cube,Gan i Carry,Gan 356i,Jacob Pfeifer,false,false,41889,20809,,R[0] U[83] B'[877] D[1073] L[1873] U'[2097] L'[2321] U[3814] R'[3964] U'[4072] R[4311] F[4817] R'[5053] F'[5196] R'[6010] B[6151] R[6256] R[6323] B'[6573] R[6667] R[6763] U[7186] R[7309] U'[7482] B[8983] R'[9089] B'[9213] R[9312] B[9405] R'[9502] B'[9609] D[10296] R'[10397] D'[10507] R[10555] F'[11195] R[11485] F[11637] F'[11852] R[11912] F[12013] R'[12214] R'[12459] F'[12892] R[12972] F[13065] R[13933] R[14778] R[14906] F[15160] R[15275] F'[15381] R[15430] F[15669] R[15781] R[15865] F'[15960] U[16111] F[16527] R[16632] F'[16710] R'[16788] U'[16924] R[18164] F'[18574] R[18600] R[18680] F'[19013] R'[19119] D'[19423] F'[19518] D[19565] D[19623] R'[19710] D'[19837] R[19867] D'[20029] F[20101] D[20199] R'[20304] F[20436] R[20755] R[20809],cube,,Playground,custom_rules,D2 L F B R D2 F U B R' L2 U' F2 D' R2 B2 U' B2 D B2 D' F2,random_state,custom_rules,,,,8,RU,0,0,20809,75,75,83,3.6,8381,12428,"",0,Cross,z' U L B' R D L' D',z'[0] U[0] L[83] B'[877] R[1073] D[1873] L'[2097] D'[2321],false,true,2321,0,2321,2321,7,7,7,3.02,F2L Slot 1,L U' L' U F U' F',L[3814] U'[3964] L'[4072] U[4311] F[4817] U'[5053] F'[5196],false,true,2875,1493,1382,5196,7,7,7,5.07,F2L Slot 2,U' B U2 B' U2 L U L',U'[6010] B[6151] U2[6323] B'[6573] U2[6763] L[7186] U[7309] L'[7482],false,true,2286,955,1331,7482,8,8,10,6.01,F2L Slot 3,B U' B' U B U' B',B[8983] U'[9089] B'[9213] U[9312] B[9405] U'[9502] B'[9609],false,true,2127,1501,626,9609,7,7,7,11.18,F2L Slot 4,R U' R' U F' U F F' U F U2' F' U F,R[10296] U'[10397] R'[10507] U[10555] F'[11195] U[11485] F[11637] F'[11852] U[11912] F[12013] U2'[12459] F'[12892] U[12972] F[13065],false,true,3456,687,2769,13065,14,14,15,5.06,OLL,U U2 F U F' U F U2 F' L F U F' U' L',U[13933] U2[14906] F[15160] U[15275] F'[15381] U[15430] F[15669] U2[15865] F'[15960] L[16111] F[16527] U[16632] F'[16710] U'[16788] L'[16924],false,true,3859,2095,1764,16924,15,15,17,8.5,PLL,U F' U2 F' U' R' F' R2 U' R' U R' F R U' F U2,U[18164] F'[18574] U2[18680] F'[19013] U'[19119] R'[19423] F'[19518] R2[19623] U'[19710] R'[19837] U[19867] R'[20029] F[20101] R[20199] U'[20304] F[20436] U2[20809],false,true,3885,1650,2235,20809,17,17,20,7.61,,,,,,,,,,,,,,,,,,,,,,,,,,,,144,BR->FR 19,"[BL,BR]->FR 26",40,41,F,,
420b7747-1738-4622-bb78-eb4951505ec0,2023-09-12 22:08:52 UTC,false,16753,CFOP,Gan Smart Cube,Gan i Carry,Gan 356i,Jacob Pfeifer,false,false,102635,16753,,U[0] B'[139] R[252] B[363] D[637] F'[979] F'[1067] D[1456] U[2553] U'[2784] B'[2937] U'[3122] B[3226] U[4157] U[4600] U[4903] F[5318] U[5584] F'[5826] F'[5998] U'[6306] F[6421] B[7029] U[7261] B'[7342] U'[7414] B[7526] U[7608] B'[7699] U'[7769] B[7853] U[7948] B'[8045] U[9002] F[9352] U'[9502] F'[9658] U[9785] U[10125] L'[10260] U'[10489] L[10517] U[11195] U[11278] F[11598] R[11729] U'[11811] R'[11923] U'[12032] R[12099] U[12184] R'[12269] F'[12332] L'[14231] U[14401] R'[14535] U[14802] U[14957] L[15277] U'[15389] R[15448] L'[15785] U[15970] R'[16086] U[16188] U[16279] L[16582] U'[16708] R[16753],cube,,Playground,custom_rules,R' F' L2 U' F U R2 L U R D L2 D L2 F2 D L2 U B2 U' L2,random_state,custom_rules,,,,8,UF,0,0,16753,61,61,69,3.64,8468,8285,"",0,Cross,U B' R B D F2' D,U[0] B'[139] R[252] B[363] D[637] F2'[1067] D[1456],false,true,1456,0,1456,1456,7,7,8,4.81,F2L Slot 1,U U' B' U' B,U[2553] U'[2784] B'[2937] U'[3122] B[3226],false,true,1770,1481,289,3226,5,5,5,17.3,F2L Slot 2,U3 F U F2' U' F,U3[4903] F[5318] U[5584] F2'[5998] U'[6306] F[6421],false,true,3195,2092,1103,6421,6,6,9,5.44,F2L Slot 3,B U B' U' B U B' U' B U B',B[7029] U[7261] B'[7342] U'[7414] B[7526] U[7608] B'[7699] U'[7769] B[7853] U[7948] B'[8045],false,true,1624,608,1016,8045,11,11,11,10.83,F2L Slot 4,U F U' F' U2 L' U' L,U[9002] F[9352] U'[9502] F'[9658] U2[10125] L'[10260] U'[10489] L[10517],false,true,2472,1307,1165,10517,8,8,9,6.87,OLL,U2 F R U' R' U' R U R' F',U2[11278] F[11598] R[11729] U'[11811] R'[11923] U'[12032] R[12099] U[12184] R'[12269] F'[12332],false,true,1815,1081,734,12332,10,10,11,13.62,PLL,L' U R' U2 L U' R L' U R' U2 L U' R,L'[14231] U[14401] R'[14535] U2[14957] L[15277] U'[15389] R[15448] L'[15785] U[15970] R'[16086] U2[16279] L[16582] U'[16708] R[16753],false,true,4421,1899,2522,16753,14,14,16,5.55,,,,,,,,,,,,,,,,,,,,,,,,,,,,12,BL->FR 93,"[FL,BR]->FR 37",23,37,Nb,,
808f8f98-0f33-48fd-8deb-44d80653c01f,2023-09-13 20:52:14 UTC,false,16496,CFOP,Gan Smart Cube,Gan i Carry,Gan 356i,Jacob Pfeifer,false,false,5490,16496,,R'[0] R'[267] F'[679] L[1272] U[1454] B'[1719] U'[2815] L[2913] U[3131] L[3410] D[3730] L[3919] D'[4227] L[6712] L[6880] U'[7326] L[7391] L[7489] U[7658] D'[8072] L[8196] D[8409] L'[9275] U'[9447] L[9529] U[9676] L[11551] L[11763] L'[11964] D[12119] L[12213] D'[12326] D'[12737] L'[13189] D'[13325] B[13368] D[13453] L[13648] D[13739] L'[13832] B'[14123] D[15321] L[15403] D'[15481] B'[15557] D[15633] L[15765] D'[15813] L'[15951] D'[16117] B[16169] D[16231] D[16280] L'[16327] D'[16446] L[16496],cube,,Playground,custom_rules,U' B U' L' F R2 U B' L B' U2 R2 L2 D F2 D R2 U' L2 D2 R2,random_state,custom_rules,,,,8,LU,0,0,16496,50,50,56,3.03,8874,7355,"",1,Cross,z D2' F' U R B',z[133] D2'[267] F'[679] U[1272] R[1454] B'[1719],false,true,1452,0,1452,1719,5,5,6,3.44,F2L Slot 1,,"",true,false,0,0,0,1719,0,0,0,0,F2L Slot 2,R' U R U L U L',R'[2815] U[2913] R[3131] U[3410] L[3730] U[3919] L'[4227],false,true,2508,1096,1412,4227,7,7,7,4.96,F2L Slot 3,U2 R' U2 R L' U L,U2[6880] R'[7326] U2[7489] R[7658] L'[8072] U[8196] L[8409],false,true,4182,3099,1083,8409,7,7,9,6.46,F2L Slot 4,U' R' U R,U'[9275] R'[9447] U[9529] R[9676],false,true,1267,1038,229,9676,4,4,4,17.47,OLL,U2 U' L U L2' U' L' B L U L U' B',U2[11763] U'[11964] L[12119] U[12213] L2'[12737] U'[13189] L'[13325] B[13368] L[13453] U[13648] L[13739] U'[13832] B'[14123],false,true,4447,2443,2004,14123,13,13,15,6.49,PLL,L U L' B' L U L' U' L' B L2 U' L' U,L[15321] U[15403] L'[15481] B'[15557] L[15633] U[15765] L'[15813] U'[15951] L'[16117] B[16169] L2[16280] U'[16327] L'[16446] U[16496],false,true,2373,1198,1175,16496,14,14,15,11.91,,,,,,,,,,,,,,,,,,,,,,,,,,,,Solved,BL->FR 3,"[FL,BR]->FR 17",5,34,Jb,,
fda3725e-5751-40cd-a1d9-5fa7a0ec24cd,2023-09-13 20:53:45 UTC,false,22164,CFOP,Gan Smart Cube,Gan i Carry,Gan 356i,Jacob Pfeifer,false,false,12442,22164,,B[0] R[228] U[693] B[1055] B'[1389] L'[1849] L'[1980] F[3255] L'[3556] F'[3958] R[6409] B[6755] B[6877] R'[7036] B'[7356] U[7705] B'[7924] U'[8232] B'[10770] B'[11056] L[11525] B[11650] L'[11741] B[12011] L[12159] B'[12299] L'[12453] R[12741] B[12903] B[12989] R'[13149] B[13284] U'[13608] B'[13854] U[14043] B'[14740] D[15710] B[15973] D'[16149] B'[16279] B'[16656] R'[16791] B[16827] R[16916] B'[17798] U[18098] B[18405] R[18522] B'[18585] R'[18667] B[18752] R[18845] B'[18935] R'[19063] U'[19257] B'[20053] B'[20284] L'[20451] B[20513] R'[20670] B[20884] B[20963] L[21017] B'[21155] L'[21333] B[21388] B[21449] L[21545] R[21561] B'[22164],cube,,Playground,custom_rules,F2 L F2 U' R F D' L U2 F' R2 U F2 L2 D2 L2 U2 D B2 U F2,random_state,custom_rules,,,,8,BU,0,0,22164,61,62,70,2.75,10075,12089,"",0,Cross,x' U R F U U' L2' D L' D',x'[0] U[0] R[228] F[693] U[1055] U'[1389] L2'[1980] D[3255] L'[3556] D'[3958],false,true,3958,0,3958,3958,9,9,10,2.27,F2L Slot 1,R U2 R' U' F U' F',R[6409] U2[6877] R'[7036] U'[7356] F[7705] U'[7924] F'[8232],false,true,4274,2451,1823,8232,7,7,8,3.84,F2L Slot 2,U2' L U L' U L U' L',U2'[11056] L[11525] U[11650] L'[11741] U[12011] L[12159] U'[12299] L'[12453],false,true,4221,3293,928,12453,8,8,9,8.62,F2L Slot 3,R U2 R' U F' U' F,R[12741] U2[12989] R'[13149] U[13284] F'[13608] U'[13854] F[14043],false,true,1590,288,1302,14043,7,7,8,5.38,F2L Slot 4,U' B U B' U2' R' U R,U'[14740] B[15710] U[15973] B'[16149] U2'[16656] R'[16791] U[16827] R[16916],false,true,2873,1667,1206,16916,8,8,9,6.63,OLL,U' F U R U' R' U R U' R' F',U'[17798] F[18098] U[18405] R[18522] U'[18585] R'[18667] U[18752] R[18845] U'[18935] R'[19063] F'[19257],false,true,2341,1182,1159,19257,11,11,11,9.49,PLL,U2' L' U R' U2 L U' L' U2 L R U',U2'[20284] L'[20451] U[20513] R'[20670] U2[20963] L[21017] U'[21155] L'[21333] U2[21449] L[21545] R[21561] U'[22164],false,true,2907,1194,1713,22164,12,12,15,7.01,,,,,,,,,,,,,,,,,,,,,,,,,,,,9,BR->FR 7,"[FL,BL]->FR 24",30,51,Ja,,
fd1fb9f8-7114-4e35-a8da-fb1cfd1661e3,2023-09-13 20:55:45 UTC,false,17412,CFOP,Gan Smart Cube,Gan i Carry,Gan 356i,Jacob Pfeifer,false,false,44888,17412,,B'[0] U[133] D'[404] F[946] R'[1658] U[2146] U[2263] L'[3324] U'[3779] L'[3907] U[4022] B'[4600] L'[4805] B[4897] L[5225] F'[5719] L'[5871] F[5908] L[6075] F'[6225] L'[6410] F[6453] U'[7006] L'[7248] U[7418] L'[8053] D'[8259] L[8359] L[8451] D[8628] L'[8840] F[9213] L[9327] F'[9566] L[10363] U[10858] L[10946] U'[10984] L'[11064] U[11144] L[11205] U'[11272] L'[11339] U[11393] L[11454] U'[11549] L[12415] L[12505] D[12923] F'[13038] D'[13145] D[13388] D'[13499] L'[13686] D[13765] F[13913] D'[14074] F'[14380] L[14468] F[14766] L[15436] L[15540] U[15774] L[15861] U'[15909] L'[16000] U'[16225] F[16264] U[16322] U[16368] L'[16415] U'[16505] L'[17034] U[17215] L[17298] U'[17359] F'[17412],cube,,Playground,custom_rules,F U2 R2 D F' U' L' B L' B2 R' F2 L2 U2 F2 D' B2 D B2 D' B2,random_state,custom_rules,,,,8,LU,0,0,17412,71,72,77,4.08,6853,10559,"",0,Cross,x D' S R D' B2,x[0] D'[0] S[404] R[946] D'[1658] B2[2263],false,true,2263,0,2263,2263,5,6,7,2.21,F2L Slot 1,U' B' U' B L' U' L,U'[3324] B'[3779] U'[3907] B[4022] L'[4600] U'[4805] L[4897],false,true,2634,1516,1118,4897,7,7,7,6.26,F2L Slot 2,U R' U' R U R' U' R B' U' B,U[5225] R'[5719] U'[5871] R[5908] U[6075] R'[6225] U'[6410] R[6453] B'[7006] U'[7248] B[7418],false,true,2521,822,1699,7418,11,11,11,6.47,F2L Slot 3,U' F' U2 F U' R U R',U'[8053] F'[8259] U2[8451] F[8628] U'[8840] R[9213] U[9327] R'[9566],false,true,2148,841,1307,9566,8,8,9,6.12,F2L Slot 4,U B U B' U' B U B' U' B U B',U[10363] B[10858] U[10946] B'[10984] U'[11064] B[11144] U[11205] B'[11272] U'[11339] B[11393] U[11454] B'[11549],false,true,1983,1292,691,11549,12,12,12,17.37,OLL,U2 F R' F' F F' U' F R F' R' U R,U2[12505] F[12923] R'[13038] F'[13145] F[13388] F'[13499] U'[13686] F[13765] R[13913] F'[14074] R'[14380] U[14468] R[14766],false,true,3217,1374,1843,14766,13,13,14,7.05,PLL,U2 B U B' U' B' R B2 U' B' U' B U B' R',U2[15540] B[15774] U[15861] B'[15909] U'[16000] B'[16225] R[16264] B2[16368] U'[16415] B'[16505] U'[17034] B[17215] U[17298] B'[17359] R'[17412],false,true,2646,1008,1638,17412,15,15,17,9.16,,,,,,,,,,,,,,,,,,,,,,,,,,,,47,BR->FR 94,"[FL,BL]->FR 2",31,13,T,,
a0cb90b8-1666-4bbf-afc9-af72640eff1f,2023-09-13 20:54:30 UTC,false,15658,CFOP,Gan Smart Cube,Gan i Carry,Gan 356i,Jacob Pfeifer,false,false,13799,15658,,L'[0] R[182] B'[352] R'[509] F[884] D'[1202] L[1412] D'[1757] U[3052] U[3540] B[3910] U[4043] B'[4212] B'[4327] U'[4614] B[4814] R[5719] U'[5893] R'[6089] U[6198] F[6721] U'[6918] F'[7161] U'[8076] B[8262] U[8367] B'[8482] U[8709] B[8828] U'[8931] B'[9001] U'[9859] U'[10124] F'[10226] B[10375] L'[10482] F'[10640] L'[10852] F[10957] L[11318] F[11473] U'[11621] F'[11793] U[11846] F[12265] B'[12280] U[13215] B[13551] B[13616] D[13858] L'[13965] U[14235] L'[14314] U'[14411] L[14497] D'[14666] B[14754] B[14828] R'[15350] U[15429] R[15557] U'[15658],cube,,Playground,custom_rules,F L U2 F' D2 F' L' B2 D' R U' D L2 U' F2 R2 F2 D R2 U' F2 R2,random_state,custom_rules,,,,8,UF,0,0,15658,54,57,62,3.45,7501,7975,"",0,Cross,x M B' R' F D' L D',x[91] M[182] B'[352] R'[509] F[884] D'[1202] L[1412] D'[1757],false,true,1575,0,1575,1757,7,8,8,4.44,F2L Slot 1,U2 B U B2' U' B,U2[3540] B[3910] U[4043] B2'[4327] U'[4614] B[4814],false,true,3057,2153,904,4814,6,6,8,6.64,F2L Slot 2,R U' R',R[5719] U'[5893] R'[6089],false,true,1275,905,370,6089,3,3,3,8.11,F2L Slot 3,U F U' F',U[6198] F[6721] U'[6918] F'[7161],false,true,1072,632,440,7161,4,4,4,9.09,F2L Slot 4,U' B U B' U B U' B',U'[8076] B[8262] U[8367] B'[8482] U[8709] B[8828] U'[8931] B'[9001],false,true,1840,1101,739,9001,8,8,8,10.83,OLL,U2' S U' F' U' F U F R' F' R S',U2'[10124] S[10375] U'[10482] F'[10640] U'[10852] F[10957] U[11318] F[11473] R'[11621] F'[11793] R[11846] S'[12280],false,true,3279,1374,1905,12280,12,14,15,6.3,PLL,U B2 D L' U L' U' L D' B2 R' U R U',U[13215] B2[13616] D[13858] L'[13965] U[14235] L'[14314] U'[14411] L[14497] D'[14666] B2[14828] R'[15350] U[15429] R[15557] U'[15658],false,true,3378,1336,2042,15658,14,14,16,6.86,,,,,,,,,,,,,,,,,,,,,,,,,,,,141,BL->FR 21,"[FL,BR]->FR 21",7,30,Ga,,
7a2781f0-9e2e-4bab-b051-a24ff6ef4676,2023-09-13 20:56:40 UTC,false,20564,CFOP,Gan Smart Cube,Gan i Carry,Gan 356i,Jacob Pfeifer,false,false,21776,20564,,D'[0] B[234] L[489] R'[1070] D[1150] R[1273] U'[1688] U'[2058] B'[2642] B'[2993] F[4211] F'[4523] L'[4672] F'[4949] L[5075] F[6344] F[7230] R'[7546] F[7709] R[7982] F'[8284] U[8569] F[8975] U'[9224] F'[10303] D'[10484] F'[10668] D[10774] F'[11057] U'[11257] F'[11395] U[11646] F'[12196] F[12468] R[12977] F'[13076] R'[13204] F'[13331] R[13423] F'[13529] R'[13636] F[13678] R[13758] F'[13819] R'[13919] F[14553] L'[14985] R[15117] U[15242] R[15452] U[15568] R'[15623] U'[15752] L[15933] R'[15948] R'[16367] D[16416] R[16538] D'[16785] F[17553] R'[18313] D[18420] R'[18615] U[18803] U[19248] R[19653] D'[19740] R'[19882] U[19977] U[20344] R[20505] R[20564],cube,,Playground,custom_rules,R U D2 B' L' F2 B' L2 B R' F2 U B2 U D L2 D' L2 F2 D' B2,random_state,custom_rules,,,,8,FU,0,0,20564,65,67,72,3.16,9467,11097,"",0,Cross,x F' D L R' F R B2' D2',x[0] F'[0] D[234] L[489] R'[1070] F[1150] R[1273] B2'[2058] D2'[2993],false,true,2993,0,2993,2993,8,8,10,2.67,F2L Slot 1,U U' L' U' L,U[4211] U'[4523] L'[4672] U'[4949] L[5075],false,true,2082,1679,403,5075,5,5,5,12.41,F2L Slot 2,U U R' U R U' B U B',U[6344] U[7230] R'[7546] U[7709] R[7982] U'[8284] B[8569] U[8975] B'[9224],false,true,4149,2471,1678,9224,9,9,9,5.36,F2L Slot 3,U' F' U' F U' B' U' B,U'[10303] F'[10484] U'[10668] F[10774] U'[11057] B'[11257] U'[11395] B[11646],false,true,2422,1260,1162,11646,8,8,8,6.88,F2L Slot 4,U' U R U' R' U' R U' R' U R U' R',U'[12196] U[12468] R[12977] U'[13076] R'[13204] U'[13331] R[13423] U'[13529] R'[13636] U[13678] R[13758] U'[13819] R'[13919],false,true,2273,1331,942,13919,13,13,13,13.8,OLL,U M U R U R' U' M' R' F R F',U[14553] M[15117] U[15242] R[15452] U[15568] R'[15623] U'[15752] M'[15948] R'[16367] F[16416] R[16538] F'[16785],false,true,2866,1198,1668,16785,12,14,14,7.19,PLL,U R' F R' B2 R F' R' B2 R2,U[17553] R'[18313] F[18420] R'[18615] B2[19248] R[19653] F'[19740] R'[19882] B2[20344] R2[20564],false,true,3779,1528,2251,20564,10,10,13,4.44,,,,,,,,,,,,,,,,,,,,,,,,,,,,12,BL->FR 8,"[FL,BR]->FR 35",1,19,Aa,,
416d9db8-6a4b-4743-a9c6-240678270617,2023-09-15 00:28:11 UTC,false,22119,CFOP,Gan Smart Cube,Gan i Carry,Gan 356i,Jacob Pfeifer,false,false,8897,22119,,R[0] F'[195] D[581] D[699] F[1286] F[1419] U[1807] U[1891] F[2444] L[2703] F'[2896] L'[3045] F'[3253] R[3448] F[3639] R'[4000] F[4666] F[5398] L'[5889] F[5933] F[6009] L[6088] F[6317] R'[6491] F'[6680] R[6781] F[7615] L'[8926] F'[9076] L[9216] F[9325] L'[9519] F'[9652] L[9726] F[9982] F[10165] U'[10687] F'[11066] U[11151] F[11673] D[11925] F[12049] D'[12209] F[12921] L[16458] D[16650] F[16770] D'[16833] F'[16906] L'[17056] D[17877] F[17959] F[18021] D'[18102] F'[18158] D[18256] F'[18351] D'[18419] F'[19345] D[19524] F[19600] D'[19672] L[20097] L[20176] B'[20361] U[20458] F'[20555] U'[20665] F[20704] U'[20760] F[20981] B[21798] F'[21841] L[22056] L[22119],cube,,Playground,custom_rules,U2 R B' R2 U2 B' D B R F' U2 B2 R2 L2 U D R2 U L2 B2 U L2,random_state,custom_rules,,,,8,FU,0,0,22119,65,66,75,2.94,10974,11145,"",0,Cross,x R U' F2 U2 B2,x[0] R[0] U'[195] F2[699] U2[1419] B2[1891],false,true,1891,0,1891,1891,5,5,8,2.64,F2L Slot 1,U L U' L' U' R U R',U[2444] L[2703] U'[2896] L'[3045] U'[3253] R[3448] U[3639] R'[4000],false,true,2109,812,1297,4000,8,8,8,6.17,F2L Slot 2,U2 L' U2 L U R' U' R,U2[5398] L'[5889] U2[6009] L[6088] U[6317] R'[6491] U'[6680] R[6781],false,true,2781,1889,892,6781,8,8,10,8.97,F2L Slot 3,U L' U' L U L' U' L U2 B' U' B,U[7615] L'[8926] U'[9076] L[9216] U[9325] L'[9519] U'[9652] L[9726] U2[10165] B'[10687] U'[11066] B[11151],false,true,4370,2145,2225,11151,12,12,13,5.39,F2L Slot 4,U F U F',U[11673] F[11925] U[12049] F'[12209],false,true,1058,774,284,12209,4,4,4,14.08,OLL,U L F U F' U' L' F U2 F' U' F U' F',U[12921] L[16458] F[16650] U[16770] F'[16833] U'[16906] L'[17056] F[17877] U2[18021] F'[18102] U'[18158] F[18256] U'[18351] F'[18419],false,true,6210,4249,1961,18419,14,14,15,7.14,PLL,U' F U F' L2 D' B U' B' U B' U E' B2,U'[19345] F[19524] U[19600] F'[19672] L2[20176] D'[20361] B[20458] U'[20555] B'[20665] U[20704] B'[20760] U[20981] E'[21841] B2[22119],false,true,3700,1105,2595,22119,14,15,17,5.39,,,,,,,,,,,,,,,,,,,,,,,,,,,,20,FL->FR 93,"[FL,BL]->FR 58",14,16,Gd,,
d58f5cf0-b292-414d-81d2-c1915b44a6d2,2023-09-15 00:31:13 UTC,false,18247,CFOP,Gan Smart Cube,Gan i Carry,Gan 356i,Jacob Pfeifer,false,false,43121,18247,,F[0] R'[156] F[368] L'[692] L'[820] D[1263] D[1375] F'[2831] L'[3028] F'[3196] L[3277] D'[3840] F'[4062] D[4275] U'[5521] F[5634] U[5859] F'[6089] L[6556] F[6793] L'[7144] F[8271] D[8889] F'[9147] D'[9439] F[9872] F[10481] R'[11018] F[11092] R[11244] F'[11458] F'[11791] U[11870] F[12096] U'[12252] F[12915] D[13536] R'[13677] D'[13809] D'[13880] L[14104] D[14296] D[14381] R[14583] D'[14707] D'[14794] L'[14920] D[15001] F'[16173] U[16289] F[16369] U'[16442] R[16832] R[16907] B'[17132] D[17216] F'[17287] D'[17403] F[17428] D'[17490] B[17724] R[17890] R[17964] F'[18071] F'[18247],cube,,Playground,custom_rules,B' L2 B U L' F' U' D2 R U' R2 F2 L2 D2 R2 B2 D F2 U' D' F2,random_state,custom_rules,,,,8,FU,0,0,18247,55,55,65,3.01,8795,9452,"",0,Cross,x U R' U L2' F2,x[0] U[0] R'[156] U[368] L2'[820] F2[1375],false,true,1375,0,1375,1375,5,5,7,3.64,F2L Slot 1,U' L' U' L F' U' F,U'[2831] L'[3028] U'[3196] L[3277] F'[3840] U'[4062] F[4275],false,true,2900,1653,1247,4275,7,7,7,5.61,F2L Slot 2,B' U B U' L U L',B'[5521] U[5634] B[5859] U'[6089] L[6556] U[6793] L'[7144],false,true,2869,1246,1623,7144,7,7,7,4.31,F2L Slot 3,U F U' F',U[8271] F[8889] U'[9147] F'[9439],false,true,2295,1745,550,9439,4,4,4,7.27,F2L Slot 4,U2 R' U R U2' B U B',U2[10481] R'[11018] U[11092] R[11244] U2'[11791] B[11870] U[12096] B'[12252],false,true,2813,1579,1234,12252,8,8,10,6.48,OLL,U F R' F2' L F2 R F2' L' F,U[12915] F[13536] R'[13677] F2'[13880] L[14104] F2[14381] R[14583] F2'[14794] L'[14920] F[15001],false,true,2749,1284,1465,15001,10,10,13,6.83,PLL,U' B U B' R2 D' F U' F' U F' D R2 U2',U'[16173] B[16289] U[16369] B'[16442] R2[16907] D'[17132] F[17216] U'[17287] F'[17403] U[17428] F'[17490] D[17724] R2[17964] U2'[18247],false,true,3246,1288,1958,18247,14,14,17,7.15,,,,,,,,,,,,,,,,,,,,,,,,,,,,47,BL->FR 8,"[FL,BR]->FR 21",3,49,Gd,,
24d88c4b-d604-4e92-bc90-382f3554cfb0,2023-09-15 00:31:57 UTC,false,21464,CFOP,Gan Smart Cube,Gan i Carry,Gan 356i,Jacob Pfeifer,false,false,5977,21464,,D'[0] L'[174] D[307] B'[1156] R[1257] B'[1460] U'[3903] R'[4704] U[4826] R[5020] U'[5260] F'[5903] U[5995] F[6185] U'[6389] B'[6617] U'[6846] B[6913] U[7052] B'[7220] U'[7337] B[7384] U[7578] U[7910] R'[8148] U'[8437] R[8615] L'[9881] U[9942] L[10063] U[10272] L[10375] U'[10475] L'[10582] U'[10762] B'[11206] U[11332] B[11572] U'[12363] U'[12601] L'[13039] U[13172] U[13247] L[13312] U[13522] L'[13584] U'[13680] L[13742] U[15454] L[15741] F'[15840] L'[15999] U'[16197] L[16278] U[16422] F[16761] U'[16979] L'[17087] R[19359] U'[19475] L[19548] U[19709] U[19763] R'[19947] U[20074] L'[20234] R[20265] U'[20568] L[20659] U[20811] U[20865] R'[20984] U[21148] L'[21252] U[21464],cube,,Playground,custom_rules,D2 F' B' R' L' D' R' U' D2 F L2 B2 U' R2 F2 U' F2 D R2 B2,random_state,custom_rules,,,,8,UF,0,0,21464,69,70,75,3.21,10680,10784,"",0,Cross,D' L' D B' R B',D'[0] L'[174] D[307] B'[1156] R[1257] B'[1460],false,true,1460,0,1460,1460,6,6,6,4.11,F2L Slot 1,U' R' U R U' F' U F,U'[3903] R'[4704] U[4826] R[5020] U'[5260] F'[5903] U[5995] F[6185],false,true,4725,3244,1481,6185,8,8,8,5.4,F2L Slot 2,U' B' U' B U B' U' B U2 R' U' R,U'[6389] B'[6617] U'[6846] B[6913] U[7052] B'[7220] U'[7337] B[7384] U2[7910] R'[8148] U'[8437] R[8615],false,true,2430,432,1998,8615,12,12,13,6.01,F2L Slot 3,L' U L U L U' L' U' B' U B,L'[9881] U[9942] L[10063] U[10272] L[10375] U'[10475] L'[10582] U'[10762] B'[11206] U[11332] B[11572],false,true,2957,1266,1691,11572,11,11,11,6.51,F2L Slot 4,U2' L' U2 L U L' U' L,U2'[12601] L'[13039] U2[13247] L[13312] U[13522] L'[13584] U'[13680] L[13742],false,true,2170,1467,703,13742,8,8,10,11.38,OLL,U L F' L' U' L U F U' L',U[15454] L[15741] F'[15840] L'[15999] U'[16197] L[16278] U[16422] F[16761] U'[16979] L'[17087],false,true,3345,1999,1346,17087,10,10,10,7.43,PLL,R U' L U2 R' U M F' L F2 R' F L' F,R[19359] U'[19475] L[19548] U2[19763] R'[19947] U[20074] M[20265] F'[20568] L[20659] F2[20865] R'[20984] F[21148] L'[21252] F[21464],false,true,4377,2272,2105,21464,14,15,17,6.65,,,,,,,,,,,,,,,,,,,,,,,,,,,,83,FL->FR 70,"[FL,BL]->FR 64",4,39,Na,,
e098b1b8-464f-4ff9-88fd-984ed270ae6d,2023-09-15 00:32:55 UTC,false,16983,CFOP,Gan Smart Cube,Gan i Carry,Gan 356i,Jacob Pfeifer,false,false,25991,16983,,F'[0] U[602] R'[1021] F[1192] U[1564] D'[2751] F[2864] D[3041] F'[3248] D'[3465] F[3969] D[4141] F'[4345] D'[5444] B[5881] D[6022] B'[6190] D'[6381] B[6471] D[6619] B'[6840] L[7334] D[7530] L'[7833] D'[8372] B[8743] D'[9151] B'[9387] D'[9540] L'[9888] D[9956] L[10073] D[10976] D'[11267] B[11477] R[11628] D[11746] R'[11799] D'[11872] R[11935] D[12011] R'[12142] D'[12187] B'[13024] D[14294] D[14417] R[14771] R[14834] U'[15105] B[15194] D'[15285] B[15443] D[15559] B'[15656] U[15859] R[16222] R[16278] F[16691] D'[16777] F'[16878] D'[16983],cube,,Playground,custom_rules,U' F B' R' B2 U F R' B' L' F D B2 U' L2 F2 B2 U' L2 U' L2 U,random_state,custom_rules,,,,8,DB,0,0,16983,58,58,61,3.42,6960,10023,"",1,Cross,z2 F' D L' F D,z2[0] F'[0] D[602] L'[1021] F[1192] D[1564],false,true,1564,0,1564,1564,5,5,5,3.2,F2L Slot 1,,"",true,false,0,0,0,1564,0,0,0,0,F2L Slot 2,U' F U F' U' F U F',U'[2751] F[2864] U[3041] F'[3248] U'[3465] F[3969] U[4141] F'[4345],false,true,2781,1300,1481,4345,8,8,8,5.4,F2L Slot 3,U' B U B' U' B U B' R U R',U'[5444] B[5881] U[6022] B'[6190] U'[6381] B[6471] U[6619] B'[6840] R[7334] U[7530] R'[7833],false,true,3488,1536,1952,7833,11,11,11,5.64,F2L Slot 4,U' B U' B' U' R' U R,U'[8372] B[8743] U'[9151] B'[9387] U'[9540] R'[9888] U[9956] R[10073],false,true,2240,910,1330,10073,8,8,8,6.02,OLL,U U' B L U L' U' L U L' U' B',U[10976] U'[11267] B[11477] L[11628] U[11746] L'[11799] U'[11872] L[11935] U[12011] L'[12142] U'[12187] B'[13024],false,true,2951,1404,1547,13024,12,12,12,7.76,PLL,U2 L2 D' B U' B U B' D L2 F U' F' U',U2[14417] L2[14834] D'[15105] B[15194] U'[15285] B[15443] U[15559] B'[15656] D[15859] L2[16278] F[16691] U'[16777] F'[16878] U'[16983],false,true,3959,1810,2149,16983,14,14,17,6.51,,,,,,,,,,,,,,,,,,,,,,,,,,,,Solved,FL->FR 27,"[FL,BL]->FR 58",28,48,Gc,,
fba0244c-e590-4f87-96e3-d91a051d8563,2023-09-15 00:33:38 UTC,false,17172,CFOP,Gan Smart Cube,Gan i Carry,Gan 356i,Jacob Pfeifer,false,false,13079,17172,,L[0] F'[209] R'[427] R'[634] U'[1074] L[1444] L[1596] U'[1993] D'[2331] L[2497] D'[2735] L'[2976] D[3067] L'[3240] D'[3423] L[3626] D[5511] L[6031] D[6126] L'[6215] D'[6299] L[6371] D[6471] L'[6656] D[6724] R[7055] D[7239] R'[7505] R'[8221] D'[8427] R[8523] D[8721] F'[9241] D[9323] F[9493] D[9813] D[10302] R'[10582] D'[10695] R[10772] D'[11539] D'[11801] R'[12218] D'[12309] R[12380] D'[12524] R'[12660] D[12720] D[12796] R[12893] B[13470] R[13604] D[13741] R'[13818] D'[13899] B'[14149] R'[15365] D[15431] D[15492] R[15578] D'[15704] D'[15927] R'[16172] B[16244] R[16372] D[16507] R'[16567] D'[16656] R'[16906] B'[17013] R[17071] R[17121] D'[17172],cube,,Playground,custom_rules,R2 U' B' R' F2 U R2 L B' L U' B2 D R2 D' R2 U2 R2 F2 D' B2 R2,random_state,custom_rules,,,,8,DB,0,0,17172,64,64,73,3.73,7376,9796,"",0,Cross,z2 R F' L2' D' R2 D',z2[0] R[0] F'[209] L2'[634] D'[1074] R2[1596] D'[1993],false,true,1993,0,1993,1993,6,6,8,3.01,F2L Slot 1,U' R U' R' U R' U' R,U'[2331] R[2497] U'[2735] R'[2976] U[3067] R'[3240] U'[3423] R[3626],false,true,1633,504,1129,3626,8,8,8,7.09,F2L Slot 2,U R U R' U' R U R' U L U L',U[5511] R[6031] U[6126] R'[6215] U'[6299] R[6371] U[6471] R'[6656] U[6724] L[7055] U[7239] L'[7505],false,true,3879,2405,1474,7505,12,12,12,8.14,F2L Slot 3,L' U' L U F' U F,L'[8221] U'[8427] L[8523] U[8721] F'[9241] U[9323] F[9493],false,true,1988,716,1272,9493,7,7,7,5.5,F2L Slot 4,U2 L' U' L,U2[10302] L'[10582] U'[10695] L[10772],false,true,1279,1089,190,10772,4,4,5,21.05,OLL,U2' L' U' L U' L' U2 L B L U L' U' B',U2'[11801] L'[12218] U'[12309] L[12380] U'[12524] L'[12660] U2[12796] L[12893] B[13470] L[13604] U[13741] L'[13818] U'[13899] B'[14149],false,true,3377,1446,1931,14149,14,14,16,7.25,PLL,L' U2 L U2' L' B L U L' U' L' B' L2 U',L'[15365] U2[15492] L[15578] U2'[15927] L'[16172] B[16244] L[16372] U[16507] L'[16567] U'[16656] L'[16906] B'[17013] L2[17121] U'[17172],false,true,3023,1216,1807,17172,14,14,17,7.75,,,,,,,,,,,,,,,,,,,,,,,,,,,,23,FL->FR 91,"[BL,BR]->FR 11",12,42,Rb,,
87b90211-751c-4d0e-b97b-1528999fa8c3,2023-09-15 00:34:47 UTC,false,18570,CFOP,Gan Smart Cube,Gan i Carry,Gan 356i,Jacob Pfeifer,false,false,25177,18570,,R'[0] R'[273] D[634] F'[862] D[1055] B[1314] D[1702] U'[2565] U'[2815] B[3169] U'[3318] B'[3551] B'[3788] U[4044] B[4324] U[4921] U[5417] F'[5776] U[5848] U[5952] F[6031] U'[6203] F'[6420] U'[6624] F[6830] U[8296] U'[8786] B[9652] U'[9807] B'[9928] U[10045] L'[10667] U[10749] L[11058] U'[11644] R'[11804] U'[12049] R[12147] U[12346] U[12436] R'[12570] U[12660] R[12759] U'[13504] R'[14264] F'[14416] R[14556] L'[14609] U'[14873] L[15025] U[15124] R'[15334] F[15395] R[15487] U'[16449] U'[16685] B[16842] L[16965] U'[17029] L'[17137] U'[17229] L[17280] U[17372] L'[17429] B'[17506] L[17562] U[17701] L'[17745] U'[17847] L'[18002] B[18046] L[18130] B'[18299] U'[18481] U'[18570],cube,,Playground,custom_rules,R' D2 F' L2 D R' D2 F' L' B' U' L2 U L2 U' L2 B2 U F2 R2 L2 F2,random_state,custom_rules,,,,8,UF,0,0,18570,66,67,75,3.55,9347,8950,"",0,Cross,R2' D F' D B D,R2'[273] D[634] F'[862] D[1055] B[1314] D[1702],false,true,1429,0,1429,1702,6,6,7,4.2,F2L Slot 1,U2' B U' B2' U B,U2'[2815] B[3169] U'[3318] B2'[3788] U[4044] B[4324],false,true,2622,1467,1155,4324,6,6,8,5.19,F2L Slot 2,U2 F' U2 F U' F' U' F,U2[5417] F'[5776] U2[5952] F[6031] U'[6203] F'[6420] U'[6624] F[6830],false,true,2506,1452,1054,6830,8,8,10,7.59,F2L Slot 3,U U' B U' B' U L' U L,U[8296] U'[8786] B[9652] U'[9807] B'[9928] U[10045] L'[10667] U[10749] L[11058],false,true,4228,2822,1406,11058,9,9,9,6.4,F2L Slot 4,U' R' U' R U2 R' U R,U'[11644] R'[11804] U'[12049] R[12147] U2[12436] R'[12570] U[12660] R[12759],false,true,1701,746,955,12759,8,8,9,8.38,OLL,U' R' F' M F' L F R' D R x,U'[13504] R'[14264] F'[14416] M[14609] F'[14873] L[15025] F[15124] R'[15334] D[15395] R[15487] x[15968],false,true,2728,1505,1223,15487,10,11,11,8.18,PLL,U2' B L U' L' U' L U L' B' L U L' U' L' B L B' U2',U2'[16685] B[16842] L[16965] U'[17029] L'[17137] U'[17229] L[17280] U[17372] L'[17429] B'[17506] L[17562] U[17701] L'[17745] U'[17847] L'[18002] B[18046] L[18130] B'[18299] U2'[18570],false,true,3083,1355,1728,18570,19,19,21,11.0,,,,,,,,,,,,,,,,,,,,,,,,,,,,139,BL->FR 45,"[FL,BR]->FR 34",11,15,Y,,
95762682-db0b-4a46-b6c7-49041235516a,2023-09-15 00:35:59 UTC,false,22056,CFOP,Gan Smart Cube,Gan i Carry,Gan 356i,Jacob Pfeifer,false,false,29845,22056,,D[0] B'[181] D[343] R'[966] F[1208] U'[1765] F[2113] R'[2262] F'[2395] U[3347] F'[3801] U[3946] F[4166] U[4356] L[4842] U'[5066] L'[5249] U[5522] F[5982] U[6128] F'[6336] U[6418] L'[6827] U'[7046] L[7221] U[7526] U[7729] R'[8041] U[8122] R[8266] U'[8506] R'[8734] U'[9009] R[9069] U'[10145] R[10418] U[10543] R'[10722] U[10866] U[10993] R[11141] U'[11253] R'[11364] U'[11959] L'[13111] B[13163] L[13309] U[13458] L'[13569] B'[13744] L[13867] B[14316] B'[15133] B[15930] U'[16331] B'[16502] U[17132] U[17711] B'[17945] R[18173] B[18245] L'[18334] B'[18461] R'[18589] B[18631] L[18741] U'[19752] L'[20466] B[20572] L'[20748] F[20874] F[21115] L[21289] B'[21403] L'[21530] F[21647] F[21827] L[21990] L[22056],cube,,Playground,custom_rules,D B2 R B2 L2 U' F' L2 B' L U' R2 U2 F2 R2 U' R2 U R2 U' R2 D',random_state,custom_rules,,,,8,UF,0,0,22056,73,73,79,3.31,7780,14276,"",0,Cross,D B' D R' F U' F R' F',D[0] B'[181] D[343] R'[966] F[1208] U'[1765] F[2113] R'[2262] F'[2395],false,true,2395,0,2395,2395,9,9,9,3.76,F2L Slot 1,U F' U F U L U' L',U[3347] F'[3801] U[3946] F[4166] U[4356] L[4842] U'[5066] L'[5249],false,true,2854,1406,1448,5249,8,8,8,5.52,F2L Slot 2,U F U F' U L' U' L,U[5522] F[5982] U[6128] F'[6336] U[6418] L'[6827] U'[7046] L[7221],false,true,1972,733,1239,7221,8,8,8,6.46,F2L Slot 3,U2 R' U R U' R' U' R,U2[7729] R'[8041] U[8122] R[8266] U'[8506] R'[8734] U'[9009] R[9069],false,true,1848,820,1028,9069,8,8,9,7.78,F2L Slot 4,U' R U R' U2 R U' R',U'[10145] R[10418] U[10543] R'[10722] U2[10993] R[11141] U'[11253] R'[11364],false,true,2295,1349,946,11364,8,8,9,8.46,OLL,U' L' B L U L' B' L B B' B U' B' U2 B' R B L' B' R' B L,U'[11959] L'[13111] B[13163] L[13309] U[13458] L'[13569] B'[13744] L[13867] B[14316] B'[15133] B[15930] U'[16331] B'[16502] U2[17711] B'[17945] R[18173] B[18245] L'[18334] B'[18461] R'[18589] B[18631] L[18741],false,true,7377,1747,5630,18741,22,22,23,3.91,PLL,U' L' B L' F2 L B' L' F2 L2,U'[19752] L'[20466] B[20572] L'[20748] F2[21115] L[21289] B'[21403] L'[21530] F2[21827] L2[22056],false,true,3315,1725,1590,22056,10,10,13,6.29,,,,,,,,,,,,,,,,,,,,,,,,,,,,112,FL->FR 48,"[BL,BR]->FR 6",15,16,Aa,,
43e32435-3b48-4d9b-8eff-30116da1da81,2023-09-15 00:37:49 UTC,false,19449,CFOP,Gan Smart Cube,Gan i Carry,Gan 356i,Jacob Pfeifer,false,false,11947,19449,,R'[0] R'[95] D'[250] B[422] B[514] D'[857] L'[1040] L'[1177] D[1807] D'[2075] D'[2344] B'[2564] D'[2825] B[3324] D[3645] D'[4116] B[4308] D[4454] B'[4641] D[5312] D[6988] F'[7365] D[7435] D[7520] F[7594] R'[8058] D'[8190] R[8297] D[9625] D[9718] F'[10228] D'[10516] F[10602] D[11517] B'[11843] D[12156] D[12250] B[12666] D'[12828] B'[12949] D[12985] B[13091] D'[13875] D'[14115] F[14700] L'[14851] F'[15017] F'[15109] R[15166] F[15379] F[15506] L[15677] F'[15813] F'[15876] R'[16001] F[16063] B[17525] D'[17686] B[17774] D[18458] B[18632] D[18775] B[18935] D'[19023] B'[19145] D'[19264] B[19356] B[19388] D[19449],cube,,Playground,custom_rules,R' F' B2 U R U2 B2 R L2 U' B U2 L2 F2 U D2 R2 U R2 D' L2 U',random_state,custom_rules,,,,8,DB,0,0,19449,57,57,69,2.93,10354,9000,"",0,Cross,z2 L2' U' B2 U' R2',z2[47] L2'[95] U'[250] B2[514] U'[857] R2'[1177],false,true,1082,0,1082,1177,5,5,8,4.62,F2L Slot 1,U U2' B' U' B U U' B U B',U[1807] U2'[2344] B'[2564] U'[2825] B[3324] U[3645] U'[4116] B[4308] U[4454] B'[4641],false,true,3464,1387,2077,4641,10,10,11,4.81,F2L Slot 2,U U F' U2 F L' U' L,U[5312] U[6988] F'[7365] U2[7520] F[7594] L'[8058] U'[8190] L[8297],false,true,3656,2724,932,8297,8,8,9,8.58,F2L Slot 3,U2 F' U' F,U2[9718] F'[10228] U'[10516] F[10602],false,true,2305,1931,374,10602,4,4,5,10.7,F2L Slot 4,U B' U2 B U' B' U B,U[11517] B'[11843] U2[12250] B[12666] U'[12828] B'[12949] U[12985] B[13091],false,true,2489,1241,1248,13091,8,8,9,6.41,OLL,U2' F R' F2' L F2 R F2' L' F,U2'[14115] F[14700] R'[14851] F2'[15109] L[15166] F2[15506] R[15677] F2'[15876] L'[16001] F[16063],false,true,2972,1609,1363,16063,10,10,14,7.34,PLL,B U' B U B U B U' B' U' B2 U,B[17525] U'[17686] B[17774] U[18458] B[18632] U[18775] B[18935] U'[19023] B'[19145] U'[19264] B2[19388] U[19449],false,true,3386,1462,1924,19449,12,12,13,6.24,,,,,,,,,,,,,,,,,,,,,,,,,,,,80,BL->FR 72,"[FL,BR]->FR 12",10,49,Ua,,
ea288a47-d198-4442-8209-fa97e9336623,2023-09-15 00:39:40 UTC,false,14355,CFOP,Gan Smart Cube,Gan i Carry,Gan 356i,Jacob Pfeifer,false,false,15787,14355,,B[0] D'[216] D'[467] L'[1085] L'[1272] U[1583] R'[1819] U'[1981] R'[2284] U[2402] U[2504] R[2611] U'[2767] B[3215] U[3335] B'[3595] U[4335] F'[4686] U[5062] F[5195] L[5642] U[5945] L'[6205] U[6348] F'[6855] U[6950] F[7095] U'[7324] L'[7848] U[7966] L[8175] U[8692] U'[9167] F'[9402] U[9471] F[9585] U[9728] F'[9853] U[9943] F[10041] U'[10145] F'[10242] U[10274] F[10356] L[11107] U[11305] F[11467] U'[11518] F'[11630] L'[11779] U'[12679] U'[12915] B'[13031] U[13099] F'[13215] U[13439] U[13502] B[13577] U'[13659] B'[13795] U[13838] U[13879] B[13966] F[14040] U[14281] U[14355],cube,,Playground,custom_rules,B R F2 D B U2 R' B D' B2 D L2 B2 U B2 L2 D B2 D' F2 U,random_state,custom_rules,,,,8,UF,0,0,14355,59,59,66,4.11,5436,8919,"",0,Cross,B D2' L2' U R',B[0] D2'[467] L2'[1272] U[1583] R'[1819],false,true,1819,0,1819,1819,5,5,7,2.75,F2L Slot 1,U' R' U2 R U' B U B',U'[1981] R'[2284] U2[2504] R[2611] U'[2767] B[3215] U[3335] B'[3595],false,true,1776,465,1311,3595,8,8,9,6.1,F2L Slot 2,U F' U F L U L',U[4335] F'[4686] U[5062] F[5195] L[5642] U[5945] L'[6205],false,true,2610,1091,1519,6205,7,7,7,4.61,F2L Slot 3,U F' U F U' L' U L,U[6348] F'[6855] U[6950] F[7095] U'[7324] L'[7848] U[7966] L[8175],false,true,1970,650,1320,8175,8,8,8,6.06,F2L Slot 4,U U' F' U F U F' U F U' F' U F,U[8692] U'[9167] F'[9402] U[9471] F[9585] U[9728] F'[9853] U[9943] F[10041] U'[10145] F'[10242] U[10274] F[10356],false,true,2181,1227,954,10356,13,13,13,13.63,OLL,L U F U' F' L',L[11107] U[11305] F[11467] U'[11518] F'[11630] L'[11779],false,true,1423,751,672,11779,6,6,6,8.93,PLL,U2' B' U F' U2 B U' B' U2 B F U2,U2'[12915] B'[13031] U[13099] F'[13215] U2[13502] B[13577] U'[13659] B'[13795] U2[13879] B[13966] F[14040] U2[14355],false,true,2576,1252,1324,14355,12,12,16,9.06,,,,,,,,,,,,,,,,,,,,,,,,,,,,2,FL->FR 3,"[FL,BL]->FR 59",22,44,Ja,,
a94c969e-c50e-4bff-afd0-4f93fc2dbc54,2023-09-15 00:38:51 UTC,false,21881,CFOP,Gan Smart Cube,Gan i Carry,Gan 356i,Jacob Pfeifer,false,false,16959,21881,,L'[0] L'[264] B'[423] D'[992] F'[1715] U[1788] F[1934] B[3084] R'[3250] B'[3420] R[3499] R[3674] D'[4073] R'[4275] D[4569] R'[4900] R'[6523] R'[6795] U'[6979] R[7142] U[7290] R'[8868] R'[9394] B'[9542] R[9639] B[9779] R'[10850] D[10931] R'[11169] D'[11412] R'[12178] B'[12478] R[12551] B[12667] R[13099] U[13213] R'[13313] U'[13423] R'[14597] U[14883] F'[14986] U'[15128] R'[15318] U[15392] R[15558] F[15868] R'[16287] U'[16434] R'[17503] R[17779] R'[19286] U[19552] F'[19662] U'[19803] B[19855] U[20018] F[20107] U'[20178] B'[20268] U[20372] F[20478] U'[20560] B[20604] U[20751] F'[20852] U'[20973] R[21122] R'[21494] B'[21711] R[21881],cube,,Playground,custom_rules,F' U' F2 L' B R L F2 L2 F' L2 F2 D' F2 L2 F2 L2 D' B2 U2 D' B2,random_state,custom_rules,,,,8,RU,0,0,21881,66,66,70,3.02,11456,10161,"",0,Cross,z' D2' B' R' F' L F,z'[132] D2'[264] B'[423] R'[992] F'[1715] L[1788] F[1934],false,true,1670,0,1670,1934,6,6,7,3.59,F2L Slot 1,B U' B' U2 R' U' R,B[3084] U'[3250] B'[3420] U2[3674] R'[4073] U'[4275] R[4569],false,true,2635,1150,1485,4569,7,7,8,4.71,F2L Slot 2,U' U2' L' U L,U'[4900] U2'[6795] L'[6979] U[7142] L[7290],false,true,2721,2410,311,7290,5,5,6,16.08,F2L Slot 3,U2' B' U B U' R U' R',U2'[9394] B'[9542] U[9639] B[9779] U'[10850] R[10931] U'[11169] R'[11412],false,true,4122,2252,1870,11412,8,8,9,4.28,F2L Slot 4,U' B' U B U L U' L',U'[12178] B'[12478] U[12551] B[12667] U[13099] L[13213] U'[13313] L'[13423],false,true,2011,1066,945,13423,8,8,8,8.47,OLL,U' L F' L' U' L U F U' L',U'[14597] L[14883] F'[14986] L'[15128] U'[15318] L[15392] U[15558] F[15868] U'[16287] L'[16434],false,true,3011,1460,1551,16434,10,10,10,6.45,PLL,U' U U' L F' L' B L F L' B' L F L' B L F' L' U U' B' U,U'[17503] U[17779] U'[19286] L[19552] F'[19662] L'[19803] B[19855] L[20018] F[20107] L'[20178] B'[20268] L[20372] F[20478] L'[20560] B[20604] L[20751] F'[20852] L'[20973] U[21122] U'[21494] B'[21711] U[21881],false,true,5447,3118,2329,21881,22,22,22,9.45,,,,,,,,,,,,,,,,,,,,,,,,,,,,23,BL->FR 5,"[FL,BR]->FR 31",25,39,E,,
23c43eb0-6dc3-47af-915c-31dc702eff0c,2023-09-15 00:40:54 UTC,false,28021,CFOP,Gan Smart Cube,Gan i Carry,Gan 356i,Jacob Pfeifer,false,false,20222,28021,,F[0] R[294] B'[627] L[1844] F'[2311] L'[3284] D'[4913] F[5319] F'[6242] D[6631] B[7728] B[7832] U[8045] R[8341] R[8430] B[9243] U'[9600] L[9690] L[9758] U[9914] B[10349] B[10422] U[11861] R'[12101] U[12182] R[12315] U'[12523] F'[13084] U[13223] F[13384] U[14201] U'[14489] U'[14776] F[15269] U[15397] F'[15464] U'[15556] F[15609] U[15796] F'[15987] U[16077] B[16438] U[16571] B'[17079] B'[18972] U'[19161] B[19254] F[19651] U[19736] F'[19795] U'[19876] F[19944] U[20020] F'[20116] U'[20177] F[20240] U[20341] F'[20431] B'[21246] U[21326] B[21454] U[21654] U[21890] L[22160] U[22306] L'[22376] U'[23112] L[23271] U[23389] L'[23503] U[23547] L[23726] U'[23923] F[24202] U'[24309] F'[24429] L'[24794] U'[25878] F[26087] F[26154] D[26370] R'[26487] U[26691] R'[26805] U'[26882] R[26950] D'[27122] F[27181] F[27274] L'[27737] U[27796] L[27898] U[28021],cube,,Playground,custom_rules,R' F D' B U F L' F' D L F' D R2 F2 R2 U2 L2 D2 B2 R2 D L2,random_state,custom_rules,,,,8,UF,0,0,28021,85,85,93,3.03,8527,19494,"",0,Cross,F R B' L F' L' D' F F' D B2 U R2 B U' L2 U B2,F[0] R[294] B'[627] L[1844] F'[2311] L'[3284] D'[4913] F[5319] F'[6242] D[6631] B2[7832] U[8045] R2[8430] B[9243] U'[9600] L2[9758] U[9914] B2[10422],false,true,10422,0,10422,10422,18,18,22,1.73,F2L Slot 1,U R' U R U' F' U F,U[11861] R'[12101] U[12182] R[12315] U'[12523] F'[13084] U[13223] F[13384],false,true,2962,1679,1283,13384,8,8,8,6.24,F2L Slot 2,U U2' F U F' U' F U F' U B U B',U[14201] U2'[14776] F[15269] U[15397] F'[15464] U'[15556] F[15609] U[15796] F'[15987] U[16077] B[16438] U[16571] B'[17079],false,true,3695,1885,1810,17079,13,13,14,7.18,F2L Slot 3,B' U' B F U F' U' F U F' U' F U F',B'[18972] U'[19161] B[19254] F[19651] U[19736] F'[19795] U'[19876] F[19944] U[20020] F'[20116] U'[20177] F[20240] U[20341] F'[20431],false,true,3352,1893,1459,20431,14,14,14,9.6,F2L Slot 4,B' U B U2 L U L',B'[21246] U[21326] B[21454] U2[21890] L[22160] U[22306] L'[22376],false,true,1945,815,1130,22376,7,7,8,6.19,OLL,U' L U L' U L U' F U' F' L',U'[23112] L[23271] U[23389] L'[23503] U[23547] L[23726] U'[23923] F[24202] U'[24309] F'[24429] L'[24794],false,true,2418,895,1523,24794,11,11,11,7.22,PLL,U' F2 D R' U R' U' R D' F2 L' U L U,U'[25878] F2[26154] D[26370] R'[26487] U[26691] R'[26805] U'[26882] R[26950] D'[27122] F2[27274] L'[27737] U[27796] L[27898] U[28021],false,true,3227,1360,1867,28021,14,14,16,7.5,,,,,,,,,,,,,,,,,,,,,,,,,,,,83,FL->FR 91,"[BL,BR]->FR 51",3,52,Ga,,
e63620ad-a615-4f27-8b62-7f8867ea9642,2023-09-15 00:42:45 UTC,false,19547,CFOP,Gan Smart Cube,Gan i Carry,Gan 356i,Jacob Pfeifer,false,false,22648,19547,,B'[0] U'[179] U'[269] B'[450] D'[730] D'[946] B'[1584] U[1827] B'[2000] U'[2172] B[2277] B[2801] L'[3048] B'[3305] L[3652] L[4469] B[4619] B[4742] L'[4821] B'[5007] U'[5440] B'[5742] U[5956] B'[6336] D[6544] B'[6719] D'[6889] B[7040] L[7468] B'[7703] L'[7872] R'[8081] B[8164] R[8422] B[8731] B[9116] D[9343] B[9457] D'[9550] B'[10224] B'[10456] D[10565] B[10656] D'[10753] D'[10827] B'[10994] D'[11180] R[11221] D[11291] B[11469] D[11551] B'[11643] R'[12142] U[15214] B'[15419] D[15632] B[15831] B[15886] U'[16035] B[16206] D'[16311] U[16361] B'[16504] D[16629] B[16797] B[16844] U'[16946] B[17116] D'[17186] U[18192] D'[18201] U[18256] D'[18272] F'[18385] U[18505] D'[18505] U[18581] D'[18581] B'[18674] B'[18793] U[18917] D'[18917] U[18977] D'[18985] F'[19148] U[19231] D'[19232] U[19535] D'[19547],cube,,Playground,custom_rules,U' D R D B2 R' L U B' L' D2 L2 U F2 U L2 B2 L2 D' L2 U' R2,random_state,custom_rules,,,,8,BU,0,0,19547,66,71,89,3.38,6582,12965,"",0,Cross,x' U' F2' U' B2',x'[0] U'[0] F2'[269] U'[450] B2'[946],false,true,946,0,946,946,4,4,6,4.23,F2L Slot 1,U' F U' F' U2 L' U' L,U'[1584] F[1827] U'[2000] F'[2172] U2[2801] L'[3048] U'[3305] L[3652],false,true,2706,881,1825,3652,8,8,9,4.38,F2L Slot 2,L U2 L' U' F' U' F,L[4469] U2[4742] L'[4821] U'[5007] F'[5440] U'[5742] F[5956],false,true,2304,817,1487,5956,7,7,8,4.71,F2L Slot 3,U' B U' B' U L U' L',U'[6336] B[6544] U'[6719] B'[6889] U[7040] L[7468] U'[7703] L'[7872],false,true,1916,588,1328,7872,8,8,8,6.02,F2L Slot 4,R' U R U2 B U B',R'[8081] U[8164] R[8422] U2[9116] B[9343] U[9457] B'[9550],false,true,1678,209,1469,9550,7,7,8,4.77,OLL,U2' B U B2' U' B' R B U B U' R',U2'[10456] B[10565] U[10656] B2'[10827] U'[10994] B'[11180] R[11221] B[11291] U[11469] B[11551] U'[11643] R'[12142],false,true,2592,1015,1577,12142,12,12,14,7.61,PLL,F U' B U2 F' U S' L' B L2 F' L B' S2' L' S2' L2' S2' L' S2',F[15214] U'[15419] B[15632] U2[15886] F'[16035] U[16206] S'[16361] L'[16504] B[16629] L2[16844] F'[16946] L[17116] B'[17186] S2'[18272] L'[18385] S2'[18581] L2'[18793] S2'[18985] L'[19148] S2'[19547],false,true,7405,3072,4333,19547,20,25,36,4.62,,,,,,,,,,,,,,,,,,,,,,,,,,,,23,FL->FR 24,"[BL,BR]->FR 60",3,34,Nb,,
e6ac6453-bfe7-4403-822b-9182b023b767,2023-09-15 00:44:03 UTC,false,18098,CFOP,Gan Smart Cube,Gan i Carry,Gan 356i,Jacob Pfeifer,false,false,23179,18098,,B[0] L[199] F[534] D'[1149] R[1383] R[1516] D[2571] D[2681] L'[3058] D[3182] L[3352] D[3611] D[3722] R[3871] D'[4063] R'[4369] L[6344] D[6484] L'[6720] F[7205] D[7396] F'[7591] F'[7767] D[7903] F[8021] D'[8191] L[8651] D'[8812] L'[9082] D'[9851] L'[10416] D'[10784] L[10848] D[11923] D[12032] R[12286] D[12387] R'[12492] D[12703] R'[12827] B[12942] R[13057] B'[13258] D[13501] D[13588] R'[13677] B[13786] R[13852] B'[14045] D'[14997] R'[15539] D'[15632] R[15720] F[16593] F[16668] U[16883] L'[17074] D[17123] L[17345] D'[17457] L[17532] U'[17821] F[17932] F[17995] D[18098],cube,,Playground,custom_rules,U D2 R B' U2 L D' R B U R2 B2 R2 D' F2 L2 U2 R2 D F2 R2 D,random_state,custom_rules,,,,8,DB,0,0,18098,57,57,65,3.15,7959,10139,"",0,Cross,z2 B R F U' L2,z2[0] B[0] R[199] F[534] U'[1149] L2[1516],false,true,1516,0,1516,1516,5,5,6,3.3,F2L Slot 1,U2 R' U R U2 L U' L',U2[2681] R'[3058] U[3182] R[3352] U2[3722] L[3871] U'[4063] L'[4369],false,true,2853,1542,1311,4369,8,8,10,6.1,F2L Slot 2,R U R' F U F',R[6344] U[6484] R'[6720] F[7205] U[7396] F'[7591],false,true,3222,1975,1247,7591,6,6,6,4.81,F2L Slot 3,F' U F U' R U' R',F'[7767] U[7903] F[8021] U'[8191] R[8651] U'[8812] R'[9082],false,true,1491,176,1315,9082,7,7,7,5.32,F2L Slot 4,U' R' U' R,U'[9851] R'[10416] U'[10784] R[10848],false,true,1766,1334,432,10848,4,4,4,9.26,OLL,U2 L U L' U L' B L B' U2 L' B L B',U2[12032] L[12286] U[12387] L'[12492] U[12703] L'[12827] B[12942] L[13057] B'[13258] U2[13588] L'[13677] B[13786] L[13852] B'[14045],false,true,3197,1438,1759,14045,14,14,16,7.96,PLL,U' L' U' L F2 D R' U R U' R D' F2 U,U'[14997] L'[15539] U'[15632] L[15720] F2[16668] D[16883] R'[17074] U[17123] R[17345] U'[17457] R[17532] D'[17821] F2[17995] U[18098],false,true,4053,1494,2559,18098,14,14,16,5.47,,,,,,,,,,,,,,,,,,,,,,,,,,,,139,FL->FR 33,"[FL,BL]->FR 40",12,17,Gb,,
02b694ae-6873-4205-85a6-cdf383276a01,2023-09-15 00:45:12 UTC,false,13054,CFOP,Gan Smart Cube,Gan i Carry,Gan 356i,Jacob Pfeifer,false,false,39763,13054,,D'[0] L[217] R'[307] F[866] F[1064] R'[1513] F[1606] R[1791] R[1954] F'[2195] R'[2613] F[3447] R'[3916] F'[4051] R[4137] F[4236] R'[4416] F'[4532] R[4626] F[4771] R'[5036] F'[5250] R[5432] F[5870] F[6307] L[6546] F[6708] F[6834] L'[7284] F[7393] F[7521] D[7922] F[8096] D'[8355] F[8895] L[9422] F[9549] L'[9651] L'[10109] U[10163] L[10273] U'[10463] F[11273] L[11824] L[11926] F[12133] L[12324] F[12404] L'[12483] F'[12561] L'[12798] F'[12897] L'[12969] F[12998] L'[13054],cube,,Playground,custom_rules,L F R2 L2 B2 R D' F' U' R2 D F2 U R2 B2 U2 F2 D R2 B2 R2 B2,random_state,custom_rules,,,,8,FU,0,0,13054,47,48,55,3.6,6153,6901,"",1,Cross,D' M',D'[0] M'[307],false,true,307,0,307,307,2,3,3,6.51,F2L Slot 1,U2 R' U R2 U' R',U2[1064] R'[1513] U[1606] R2[1954] U'[2195] R'[2613],false,true,2306,1206,1100,2613,6,6,8,5.45,F2L Slot 2,U R' U' R U R' U' R U R' U' R,U[3447] R'[3916] U'[4051] R[4137] U[4236] R'[4416] U'[4532] R[4626] U[4771] R'[5036] U'[5250] R[5432],false,true,2819,1303,1516,5432,12,12,12,7.92,F2L Slot 3,U2 L U2 L' U2 F U F',U2[6307] L[6546] U2[6834] L'[7284] U2[7521] F[7922] U[8096] F'[8355],false,true,2923,1114,1809,8355,8,8,11,4.42,F2L Slot 4,U L U L2' B L B',U[8895] L[9422] U[9549] L2'[10109] B[10163] L[10273] B'[10463],false,true,2108,1067,1041,10463,7,7,8,6.72,OLL,,"",true,false,0,0,0,10463,0,0,0,0,PLL,U L2 U L U L' U' L' U' L' U L',U[11273] L2[11926] U[12133] L[12324] U[12404] L'[12483] U'[12561] L'[12798] U'[12897] L'[12969] U[12998] L'[13054],false,true,2591,1463,1128,13054,12,12,13,10.64,,,,,,,,,,,,,,,,,,,,,,,,,,,,79,FL->FR 43,"[BL,BR]->FR 19",7,Solved,Ub,,
1de55b87-c631-40ad-9b8e-db9f9113aef2,2023-09-15 11:47:55 UTC,false,16429,CFOP,Gan Smart Cube,Gan i Carry,Gan 356i,Jacob Pfeifer,false,false,26962,16429,,D[0] B'[244] L'[748] F[1038] L'[1653] B'[2350] L'[2667] R'[3272] B[3476] R'[3705] B'[3898] R'[4138] D[4625] R'[4842] D'[5131] R[5920] B'[6548] R'[6767] B[7044] R[7550] R[7651] D'[8189] R[8283] D[8391] R[8683] R[8806] D'[9209] R[9321] D[9434] R[10017] F[10161] R'[10352] F'[10581] R'[10828] U'[11201] U[11269] R[11440] U[11578] F'[11682] U'[11825] F[11881] U[12839] F[12974] D'[13067] F'[13187] U'[13400] F[13439] D[13571] F'[13756] R'[14586] F[14769] D[14895] R'[14959] D'[15058] R'[15144] D[15199] R[15292] D'[15368] F'[15421] D[15512] R[15645] D'[15694] R'[15824] D'[15940] F[15977] D[16097] F'[16281] R'[16429],cube,,Playground,custom_rules,R U D2 B' L' F2 B' L2 B R' F2 U B2 U D L2 D' L2 F2 D' B2,random_state,custom_rules,,,,8,RU,0,0,16429,66,66,68,4.02,6069,10360,"",0,Cross,z' R B' D' F D' B' D',z'[0] R[0] B'[244] D'[748] F[1038] D'[1653] B'[2350] D'[2667],false,true,2667,0,2667,2667,7,7,7,2.62,F2L Slot 1,U' B U' B' U' R U' R',U'[3272] B[3476] U'[3705] B'[3898] U'[4138] R[4625] U'[4842] R'[5131],false,true,2464,809,1655,5131,8,8,8,4.83,F2L Slot 2,U B' U' B,U[5920] B'[6548] U'[6767] B[7044],false,true,1913,1417,496,7044,4,4,4,8.06,F2L Slot 3,U2 R' U R U2 R' U R,U2[7651] R'[8189] U[8283] R[8391] U2[8806] R'[9209] U[9321] R[9434],false,true,2390,1145,1245,9434,8,8,10,6.43,F2L Slot 4,U F U' F' U' L' L U L F' L' F,U[10017] F[10161] U'[10352] F'[10581] U'[10828] L'[11201] L[11269] U[11440] L[11578] F'[11682] L'[11825] F[11881],false,true,2447,727,1720,11881,12,12,12,6.98,OLL,L F R' F' L' F R F',L[12839] F[12974] R'[13067] F'[13187] L'[13400] F[13439] R[13571] F'[13756],false,true,1875,958,917,13756,8,8,8,8.72,PLL,U' F R U' R' U' R U R' F' R U R' U' R' F R F' U',U'[14586] F[14769] R[14895] U'[14959] R'[15058] U'[15144] R[15199] U[15292] R'[15368] F'[15421] R[15512] U[15645] R'[15694] U'[15824] R'[15940] F[15977] R[16097] F'[16281] U'[16429],false,true,2673,1013,1660,16429,19,19,19,11.45,,,,,,,,,,,,,,,,,,,,,,,,,,,,84,BL->FR 12,"[FL,BR]->FR 38",28,24,Y,,
7b216ac1-5106-4820-a23d-83e0e538bf9b,2023-09-15 11:33:59 UTC,false,16621,CFOP,Gan Smart Cube,Gan i Carry,Gan 356i,Jacob Pfeifer,false,false,6610,16621,,R[0] F'[349] R[482] B[776] R[1079] U[1583] F'[2519] D[2595] F[2736] F[2883] D[3137] F'[3479] F'[4926] D[5006] F[5143] D[5423] B'[5731] D'[6066] B[6223] D'[6713] F'[7200] D'[7387] F[7579] D'[8054] R[8497] D[8654] R'[8913] D[8970] D[9071] L'[9279] D'[9585] L[9682] D[9994] B'[10505] D[10581] B[10696] D'[10783] B'[10911] D'[11035] B[11073] B[11822] B[11892] U[11985] B'[12166] D[12259] D[12357] B[12427] U'[12602] B'[12767] D[12834] D[12895] B'[12999] D[14104] F[14619] D[14731] D[14822] F'[14917] D[15110] D[15191] F[15280] L'[15378] F'[15486] D'[15609] F[15647] D[15768] F[15823] L[16079] F'[16149] F'[16396] D[16524] D[16621],cube,,Playground,custom_rules,U F' L' B D2 L2 B R2 L F U' L2 B2 U2 L2 U' B2 U' R2 D' B2 U2,random_state,custom_rules,,,,8,DB,0,0,16621,62,62,71,3.73,6563,10058,"",0,Cross,z2 L F' L B L D,z2[0] L[0] F'[349] L[482] B[776] L[1079] D[1583],false,true,1583,0,1583,1583,6,6,6,3.79,F2L Slot 1,F' U F2 U F',F'[2519] U[2595] F2[2883] U[3137] F'[3479],false,true,1896,936,960,3479,5,5,6,5.21,F2L Slot 2,F' U F U B' U' B U' F' U' F,F'[4926] U[5006] F[5143] U[5423] B'[5731] U'[6066] B[6223] U'[6713] F'[7200] U'[7387] F[7579],false,true,4100,1447,2653,7579,11,11,11,4.15,F2L Slot 3,U' L U L' U2 R' U' R,U'[8054] L[8497] U[8654] L'[8913] U2[9071] R'[9279] U'[9585] R[9682],false,true,2103,918,1185,9682,8,8,9,6.75,F2L Slot 4,U B' U B U' B' U' B,U[9994] B'[10505] U[10581] B[10696] U'[10783] B'[10911] U'[11035] B[11073],false,true,1391,823,568,11073,8,8,8,14.08,OLL,B2 D B' U2 B D' B' U2 B',B2[11892] D[11985] B'[12166] U2[12357] B[12427] D'[12602] B'[12767] U2[12895] B'[12999],false,true,1926,819,1107,12999,9,9,12,8.13,PLL,U F U2 F' U2 F R' F' U' F U F R F2' U2,U[14104] F[14619] U2[14822] F'[14917] U2[15191] F[15280] R'[15378] F'[15486] U'[15609] F[15647] U[15768] F[15823] R[16079] F2'[16396] U2[16621],false,true,3622,1620,2002,16621,15,15,19,7.49,,,,,,,,,,,,,,,,,,,,,,,,,,,,8,FL->FR 62,"[FL,BL]->FR 57",6,23,Ra,,
21651f2d-93fd-4633-9f53-ff8a0ffaac2a,2023-09-15 11:34:44 UTC,false,18464,CFOP,Gan Smart Cube,Gan i Carry,Gan 356i,Jacob Pfeifer,false,false,10645,18464,,L'[0] F'[616] F'[775] L[896] F[1225] U[1488] U[1657] B'[1984] B'[2120] U[3346] U[4416] B'[4806] U[4877] B[5085] U[5255] L'[5785] U[5856] L[6098] U[7672] R'[8044] U[8117] R[8296] U'[8447] U[8696] U'[9055] B[9187] U[9398] B'[9624] B'[10194] U[10245] B[10412] U[10704] U[10792] B'[11171] U[11253] B[11422] U'[11568] U'[11910] R[12414] U[12622] U[12713] R'[12800] U[13367] F'[13886] U'[14047] F[14112] F[14860] F[14936] D[15015] F'[15161] U[15288] U[15375] F[15429] D'[15611] F'[15765] U[15812] U[15863] F'[15957] U[16593] F[16800] U[16949] F'[17050] L'[17148] F[17241] U[17444] F'[17504] U'[17616] F'[17860] L[17894] F[17961] F[18016] U'[18065] F'[18272] U[18307] U[18464],cube,,Playground,custom_rules,U D' F D' R' U R B R' F' L' F2 U2 L2 B2 D F2 U B2 L2 U2 R2,random_state,custom_rules,,,,8,UF,0,0,18464,63,63,75,3.41,7861,10603,"",0,Cross,L' F2' L F U2 B2',L'[0] F2'[775] L[896] F[1225] U2[1657] B2'[2120],false,true,2120,0,2120,2120,6,6,9,2.83,F2L Slot 1,U U B' U B U L' U L,U[3346] U[4416] B'[4806] U[4877] B[5085] U[5255] L'[5785] U[5856] L[6098],false,true,3978,2686,1292,6098,9,9,9,6.97,F2L Slot 2,U R' U R U' U U' B U B',U[7672] R'[8044] U[8117] R[8296] U'[8447] U[8696] U'[9055] B[9187] U[9398] B'[9624],false,true,3526,1946,1580,9624,10,10,10,6.33,F2L Slot 3,B' U B U2 B' U B,B'[10194] U[10245] B[10412] U2[10792] B'[11171] U[11253] B[11422],false,true,1798,570,1228,11422,7,7,8,5.7,F2L Slot 4,U2' R U2 R' U F' U' F,U2'[11910] R[12414] U2[12713] R'[12800] U[13367] F'[13886] U'[14047] F[14112],false,true,2690,992,1698,14112,8,8,10,4.71,OLL,F2 D F' U2 F D' F' U2 F',F2[14936] D[15015] F'[15161] U2[15375] F[15429] D'[15611] F'[15765] U2[15863] F'[15957],false,true,1845,824,1021,15957,9,9,12,8.81,PLL,U F U F' L' F U F' U' F' L F2 U' F' U2,U[16593] F[16800] U[16949] F'[17050] L'[17148] F[17241] U[17444] F'[17504] U'[17616] F'[17860] L[17894] F2[18016] U'[18065] F'[18272] U2[18464],false,true,2507,843,1664,18464,15,15,17,9.01,,,,,,,,,,,,,,,,,,,,,,,,,,,,143,BL->FR 8,"[FL,BR]->FR 38",24,23,Jb,,
ad6c8e6d-76bc-42ab-ac45-d1cf14eafef9,2023-09-15 11:35:29 UTC,false,18183,CFOP,Gan Smart Cube,Gan i Carry,Gan 356i,Jacob Pfeifer,false,false,13997,18183,,F[0] L'[213] L'[529] L'[1703] L'[1955] R[2239] R[2316] U'[2539] U'[2625] L'[3299] D'[3519] L[3615] D'[4890] R'[5044] D[5094] R[5388] R[5469] D'[5821] R[5906] D[6048] D[7100] R[7216] R[7294] D'[7458] R'[7656] D[7766] R[7937] D'[8447] F[10620] R'[10845] F'[11125] R'[11999] B'[12168] R'[12622] B[12733] R[12964] R[13331] U[13476] R'[13606] U'[13728] R[14346] U[14597] R[14754] U'[14844] R'[14939] U'[15191] B[15237] U[15325] U[15403] R[15569] U'[15651] R'[15715] B'[15900] U[16938] R[17065] U'[17118] B'[17216] U[17279] R[17463] U'[17528] R'[17630] U'[17792] B[17831] U[17910] U[17961] R'[18006] U'[18095] R'[18183],cube,,Playground,custom_rules,U' F D B2 R U' D B L F2 U R2 U F2 D F2 D2 F2 R2 U' F2,random_state,custom_rules,,,,8,RU,0,0,18183,60,61,68,3.3,7450,10733,"",0,Cross,z' F D2' D' E U F2' D' B' D,z'[0] F[0] D2'[529] D'[1703] E[2239] U[2316] F2'[2625] D'[3299] B'[3519] D[3615],false,true,3615,0,3615,3615,9,10,12,2.49,F2L Slot 1,B' U' B U2 B' U B,B'[4890] U'[5044] B[5094] U2[5469] B'[5821] U[5906] B[6048],false,true,2433,1275,1158,6048,7,7,8,6.04,F2L Slot 2,B U2 B' U' B U B',B[7100] U2[7294] B'[7458] U'[7656] B[7766] U[7937] B'[8447],false,true,2399,1052,1347,8447,7,7,8,5.2,F2L Slot 3,R U' R',R[10620] U'[10845] R'[11125],false,true,2678,2173,505,11125,3,3,3,5.94,F2L Slot 4,U' L' U' L U2 F U' F',U'[11999] L'[12168] U'[12622] L[12733] U2[13331] F[13476] U'[13606] F'[13728],false,true,2603,1043,1560,13728,8,8,9,5.13,OLL,U F U F' U' F' L F2 U F' U' L',U[14346] F[14597] U[14754] F'[14844] U'[14939] F'[15191] L[15237] F2[15403] U[15569] F'[15651] U'[15715] L'[15900],false,true,2172,869,1303,15900,12,12,13,9.21,PLL,F U F' L' F U F' U' F' L F2 U' F' U',F[16938] U[17065] F'[17118] L'[17216] F[17279] U[17463] F'[17528] U'[17630] F'[17792] L[17831] F2[17961] U'[18006] F'[18095] U'[18183],false,true,2283,1038,1245,18183,14,14,15,11.24,,,,,,,,,,,,,,,,,,,,,,,,,,,,11,BR->FR 19,"[BL,BR]->FR 21",26,9,Jb,,
e96469ad-3740-47bc-9fab-75d566b80007,2023-09-15 11:39:15 UTC,false,17828,CFOP,Gan Smart Cube,Gan i Carry,Gan 356i,Jacob Pfeifer,false,false,6297,17828,,L[0] D'[115] L'[278] F[330] L[422] D[688] D[771] B'[1254] B'[1447] B[1597] B'[1722] F[2930] D[3109] F'[3346] L'[4079] D[4157] L[4357] D[5104] D[5539] D'[6025] L'[6129] F[6429] L[6534] F'[6774] L[6943] D'[7186] L'[7569] R'[7815] D'[8076] R[8277] D'[8483] F[9008] D[9148] F'[9314] D[9941] D'[10465] D'[10748] B'[10932] D'[11106] B[11222] D[11405] D[11508] B'[11661] D[11757] B[11874] D[12489] B[12896] R[13036] R[13132] F'[13246] R'[13399] F[13516] R'[13644] B'[13801] D[14322] D[15060] F'[15421] D[15504] D[15580] F'[15688] D'[16263] L'[16583] F'[16739] L[16801] L[16873] D'[16950] L'[17076] D[17107] L'[17252] F[17355] L[17458] D'[17559] F[17688] D[17828],cube,,Playground,custom_rules,R U' D2 R' F R2 U B' L D L' D R2 L2 B2 U2 B2 D R2 F2 U R2,random_state,custom_rules,,,,8,DB,0,0,17828,65,65,74,3.65,6428,11400,"",0,Cross,z2 R U' R' F R U2 B2',z2[0] R[0] U'[115] R'[278] F[330] R[422] U2[771] B2'[1447],false,true,1447,0,1447,1447,7,7,9,4.84,F2L Slot 1,B B' F U F' R' U R,B[1597] B'[1722] F[2930] U[3109] F'[3346] R'[4079] U[4157] R[4357],false,true,2910,150,2760,4357,8,8,8,2.9,F2L Slot 2,U2 U' R' F R F' R U' R',U2[5539] U'[6025] R'[6129] F[6429] R[6534] F'[6774] R[6943] U'[7186] R'[7569],false,true,3212,1772,1440,7569,9,9,10,6.25,F2L Slot 3,L' U' L U' F U F',L'[7815] U'[8076] L[8277] U'[8483] F[9008] U[9148] F'[9314],false,true,1745,246,1499,9314,7,7,7,4.67,F2L Slot 4,U U2' B' U' B U2 B' U B,U[9941] U2'[10748] B'[10932] U'[11106] B[11222] U2[11508] B'[11661] U[11757] B[11874],false,true,2560,1618,942,11874,9,9,11,9.55,OLL,U B L2 F' L' F L' B',U[12489] B[12896] L2[13132] F'[13246] L'[13399] F[13516] L'[13644] B'[13801],false,true,1927,1022,905,13801,8,8,9,8.84,PLL,U2 F' U2 F' U' R' F' R2 U' R' U R' F R U' F U,U2[15060] F'[15421] U2[15580] F'[15688] U'[16263] R'[16583] F'[16739] R2[16873] U'[16950] R'[17076] U[17107] R'[17252] F[17355] R[17458] U'[17559] F[17688] U[17828],false,true,4027,1620,2407,17828,17,17,20,7.06,,,,,,,,,,,,,,,,,,,,,,,,,,,,42,BR->FR 46,"[BL,BR]->FR 41",11,6,F,,
ecec8d9c-e9ad-4656-b188-94b105b230fe,2023-09-15 11:36:24 UTC,false,23182,CFOP,Gan Smart Cube,Gan i Carry,Gan 356i,Jacob Pfeifer,false,false,9726,23182,,R[0] U'[205] L'[724] L'[808] D[1129] D[1271] F[1683] F[1776] R'[2489] D[2702] R[2925] D[3208] D[3291] F[3750] D[3909] F'[4048] D[4380] F[4517] D'[4684] F'[4835] D[6121] B[6561] D[6793] B'[7002] B'[7185] B[7302] D[7375] L'[7839] D'[8070] L[8196] D[10269] F[10759] D'[10886] D[11555] F'[11770] B'[12269] D[12360] B[12487] D[12765] R[13441] D'[13683] R'[13873] D[14460] D'[14689] D'[15127] D[15641] L[15910] D[16014] L'[16132] D'[16278] D'[16749] F'[16872] D[16925] F[17017] F[18121] L[18239] L[18329] B'[18479] L'[18563] B[18715] L'[19147] F'[19373] D[20666] D[20758] B[21107] B[21183] U'[21458] L[21566] D'[21681] L[21837] D[21958] L'[22050] U[22247] B[22406] B[22473] R[22868] D'[22966] R'[23062] D'[23182],cube,,Playground,custom_rules,R F2 L U R' B' L F' L2 F' U2 F2 U L2 D' F2 R2 D' F2 U2 B2,random_state,custom_rules,,,,8,DB,0,0,23182,68,68,79,2.93,9953,13229,"",0,Cross,z2 L D' R2' U2 F2,z2[0] L[0] D'[205] R2'[808] U2[1271] F2[1776],false,true,1776,0,1776,1776,5,5,8,2.82,F2L Slot 1,L' U L U2 F U F' U F U' F',L'[2489] U[2702] L[2925] U2[3291] F[3750] U[3909] F'[4048] U[4380] F[4517] U'[4684] F'[4835],false,true,3059,713,2346,4835,11,11,12,4.69,F2L Slot 2,U B U B2' B U R' U' R,U[6121] B[6561] U[6793] B2'[7185] B[7302] U[7375] R'[7839] U'[8070] R[8196],false,true,3361,1726,1635,8196,9,9,10,5.5,F2L Slot 3,U F U' U F' B' U B U L U' L',U[10269] F[10759] U'[10886] U[11555] F'[11770] B'[12269] U[12360] B[12487] U[12765] L[13441] U'[13683] L'[13873],false,true,5677,2563,3114,13873,12,12,12,3.85,F2L Slot 4,U U2' U R U R' U2' F' U F,U[14460] U2'[15127] U[15641] R[15910] U[16014] R'[16132] U2'[16749] F'[16872] U[16925] F[17017],false,true,3144,2037,1107,17017,10,10,12,9.03,OLL,F R2 B' R' B R' F',F[18121] R2[18329] B'[18479] R'[18563] B[18715] R'[19147] F'[19373],false,true,2356,1104,1252,19373,7,7,8,5.59,PLL,U2 B2 D' R U' R U R' D B2 L U' L' U',U2[20758] B2[21183] D'[21458] R[21566] U'[21681] R[21837] U[21958] R'[22050] D[22247] B2[22473] L[22868] U'[22966] L'[23062] U'[23182],false,true,3809,1810,1999,23182,14,14,17,7.0,,,,,,,,,,,,,,,,,,,,,,,,,,,,59,BL->FR 48,"[FL,BR]->FR 25",30,6,Gc,,
db1247f4-fe12-48d0-90e3-331fa8621786,2023-09-15 11:37:13 UTC,false,17920,CFOP,Gan Smart Cube,Gan i Carry,Gan 356i,Jacob Pfeifer,false,false,15084,17920,,U'[0] B'[147] B'[291] U[573] F[856] U'[1017] F'[1173] U'[1314] F[1427] U'[1596] F'[1756] U[2008] F[2423] U'[2645] F'[3057] U[3650] U[3776] F'[4249] U'[4387] F[4483] U'[4706] R[5166] U[5328] R'[5617] U'[6488] U'[7843] U'[8071] L[8184] U[8283] U[8352] L'[8455] U'[8604] B[8791] U'[9062] B'[9268] U'[10335] U'[10579] L[10711] U[10809] L'[10990] U[11029] L[11104] U[11210] L'[11317] R[11980] L'[12012] B[12156] R'[12474] L[12506] U[12649] U[12732] R[12909] L'[12942] R'[13195] L[13347] L'[13609] R[13775] B[13986] R'[14103] L[14242] U'[15246] U'[15505] L'[15676] U'[15792] L[15859] F[16302] F[16379] D[16617] R'[16742] U[16883] R[17252] U'[17364] R[17425] D'[17700] F[17779] F[17860] U'[17920],cube,,Playground,custom_rules,D2 L B2 D2 R' U2 D B L2 B2 U D2 F2 U F2 L2 U2 R2 D R2 F2 U2,random_state,custom_rules,,,,8,UF,0,0,17920,62,68,77,3.46,7896,10024,"",0,Cross,U' B2',U'[0] B2'[291],false,true,291,0,291,291,2,2,3,6.87,F2L Slot 1,U F U' F' U' F U' F' U F U' F',U[573] F[856] U'[1017] F'[1173] U'[1314] F[1427] U'[1596] F'[1756] U[2008] F[2423] U'[2645] F'[3057],false,true,2766,565,2201,3057,12,12,12,5.45,F2L Slot 2,U2 F' U' F U' R U R',U2[3776] F'[4249] U'[4387] F[4483] U'[4706] R[5166] U[5328] R'[5617],false,true,2560,1192,1368,5617,8,8,9,5.85,F2L Slot 3,U' U2' L U2 L' U' B U' B',U'[6488] U2'[8071] L[8184] U2[8352] L'[8455] U'[8604] B[8791] U'[9062] B'[9268],false,true,3651,2567,1084,9268,9,9,11,8.3,F2L Slot 4,U2' L U L' U L U L',U2'[10579] L[10711] U[10809] L'[10990] U[11029] L[11104] U[11210] L'[11317],false,true,2049,1443,606,11317,8,8,9,13.2,OLL,M U M' U2 M M' M U M',M[12012] U[12156] M'[12506] U2[12732] M[12942] M'[13347] M[13775] U[13986] M'[14242],false,true,2925,695,2230,14242,9,15,16,4.04,PLL,U2' L' U' L F2 D R' U R U' R D' F2 U',U2'[15505] L'[15676] U'[15792] L[15859] F2[16379] D[16617] R'[16742] U[16883] R[17252] U'[17364] R[17425] D'[17700] F2[17860] U'[17920],false,true,3678,1434,2244,17920,14,14,17,6.24,,,,,,,,,,,,,,,,,,,,,,,,,,,,1,FL->FR 47,"[FL,BL]->FR 9",8,28,Gb,,
534cfc1a-d4b6-4cae-934c-6369c519068a,2023-09-15 11:38:21 UTC,false,18013,CFOP,Gan Smart Cube,Gan i Carry,Gan 356i,Jacob Pfeifer,false,false,36568,18013,,D[0] L'[264] U'[526] L[744] L[838] F[1542] L'[4685] B[4893] B[5035] L[5268] B[5472] B[5624] L'[5894] B[6054] L[6275] B'[6918] B'[7278] R[7515] B'[7700] R'[7877] L[8245] B'[8555] L'[8833] B[9036] R'[9353] B[9420] R[9600] R[9697] B[10009] R'[10376] B[10635] R'[11120] B[11175] R[11332] B'[11538] D[11825] B'[11998] D'[12126] B'[13419] D[13644] B[13742] B[13799] D'[13862] B'[13947] D[14027] B[14105] D'[14197] B'[14247] D[14293] B'[14437] D'[14491] B'[15696] D[15843] D[15927] F'[16190] R[16280] B'[16370] R[16538] B[16644] R'[16741] F[16935] D[17108] D[17169] L[17565] B'[17661] L'[17773] B[18013],cube,,Playground,custom_rules,R' F2 D' R2 L2 D F D L' B' U R2 F2 D2 B2 U' R2 D' B2 U' F2 R2,random_state,custom_rules,,,,8,BU,0,0,18013,59,59,67,3.28,8601,9412,"",0,Cross,x' B L' F' L2 D,x'[0] B[0] L'[264] F'[526] L2[838] D[1542],false,true,1542,0,1542,1542,5,5,6,3.24,F2L Slot 1,L' U2 L U2 L' U L,L'[4685] U2[5035] L[5268] U2[5624] L'[5894] U[6054] L[6275],false,true,4733,3143,1590,6275,7,7,9,4.4,F2L Slot 2,U2' R U' R' L U' L',U2'[7278] R[7515] U'[7700] R'[7877] L[8245] U'[8555] L'[8833],false,true,2558,1240,1318,8833,7,7,8,5.31,F2L Slot 3,U R' U R2 U R',U[9036] R'[9353] U[9420] R2[9697] U[10009] R'[10376],false,true,1543,520,1023,10376,6,6,7,5.87,F2L Slot 4,U R' U R U' B U' B',U[10635] R'[11120] U[11175] R[11332] U'[11538] B[11825] U'[11998] B'[12126],false,true,1750,744,1006,12126,8,8,8,7.95,OLL,U' B U2 B' U' B U B' U' B U' B',U'[13419] B[13644] U2[13799] B'[13862] U'[13947] B[14027] U[14105] B'[14197] U'[14247] B[14293] U'[14437] B'[14491],false,true,2365,1518,847,14491,12,12,13,14.17,PLL,U' B2 D' R U' R U R' D B2 L U' L' U,U'[15696] B2[15927] D'[16190] R[16280] U'[16370] R[16538] U[16644] R'[16741] D[16935] B2[17169] L[17565] U'[17661] L'[17773] U[18013],false,true,3522,1436,2086,18013,14,14,16,6.71,,,,,,,,,,,,,,,,,,,,,,,,,,,,17,BR->FR 69,"[FL,BL]->FR 8",34,21,Gc,,
1283eaab-76d8-40ad-aaec-677c33a6ece9,2023-09-15 11:40:11 UTC,false,18857,CFOP,Gan Smart Cube,Gan i Carry,Gan 356i,Jacob Pfeifer,false,false,20206,18857,,U[0] R[223] U'[466] R[678] F'[1261] F'[2139] L'[2277] F[2352] B[2772] L[2874] B'[3054] L'[3249] L'[3755] U'[3924] L[4035] U[4215] U[5049] L[5244] U'[5466] L[5628] F'[6413] L'[6794] F[6954] B'[8062] L[8177] B[8345] L[8567] L[8684] D'[9045] L'[9273] D[9436] L'[10734] L'[11165] B'[11593] L[11635] B[11804] L[11904] B'[12081] L[12171] B[12294] L'[12416] B'[12527] L[12581] B[12692] F[13706] L[13857] L[14094] F'[14226] F'[14500] D[14539] F[14681] D'[14874] L[15141] L[15239] F'[15330] D[15433] F[15533] D'[15723] L'[16674] L'[16897] F'[17077] L[17150] B'[17314] L[17520] L[17598] F[17679] L'[18092] F'[18307] L[18363] L[18431] F[18516] B[18637] L[18857],cube,,Playground,custom_rules,F' U' F L U' L2 U2 D R' U' B2 D' B2 U B2 D' B2 D L2 F2 U R2,random_state,custom_rules,,,,8,LU,0,0,18857,64,64,73,3.39,7345,11512,"",0,Cross,z R D R' D F',z[0] R[0] D[223] R'[466] D[678] F'[1261],false,true,1261,0,1261,1261,5,5,5,3.97,F2L Slot 1,F' U' F B U B' U2' R' U R,F'[2139] U'[2277] F[2352] B[2772] U[2874] B'[3054] U2'[3755] R'[3924] U[4035] R[4215],false,true,2954,878,2076,4215,10,10,11,4.82,F2L Slot 2,R U R' U F' U' F,R[5049] U[5244] R'[5466] U[5628] F'[6413] U'[6794] F[6954],false,true,2739,834,1905,6954,7,7,7,3.67,F2L Slot 3,B' U B U2 L' U' L,B'[8062] U[8177] B[8345] U2[8684] L'[9045] U'[9273] L[9436],false,true,2482,1108,1374,9436,7,7,8,5.09,F2L Slot 4,U2' B' U B U B' U B U' B' U B,U2'[11165] B'[11593] U[11635] B[11804] U[11904] B'[12081] U[12171] B[12294] U'[12416] B'[12527] U[12581] B[12692],false,true,3256,2157,1099,12692,12,12,13,10.92,OLL,F U2 F2' L F L' U2 F' L F L',F[13706] U2[14094] F2'[14500] L[14539] F[14681] L'[14874] U2[15239] F'[15330] L[15433] F[15533] L'[15723],false,true,3031,1014,2017,15723,11,11,14,5.45,PLL,U2' F' U B' U2 F U' F' U2 F B U,U2'[16897] F'[17077] U[17150] B'[17314] U2[17598] F[17679] U'[18092] F'[18307] U2[18431] F[18516] B[18637] U[18857],false,true,3134,1354,1780,18857,12,12,15,6.74,,,,,,,,,,,,,,,,,,,,,,,,,,,,150,BR->FR 48,"[BL,BR]->FR 6",22,1,Ja,,
5e48d92a-0dc7-430c-8c01-527315de8c60,2023-09-15 11:41:27 UTC,false,18722,CFOP,Gan Smart Cube,Gan i Carry,Gan 356i,Jacob Pfeifer,false,false,34206,18722,,B[0] R[349] B'[854] B'[1168] R'[1679] D[1769] R[1990] R[2094] F[2710] R'[3067] F[3158] R[3266] F[3545] F[3721] L[4122] F[4245] L'[4526] U[6047] F[6236] F[6390] U'[6718] F[7017] U[7326] F'[7566] U'[7746] D'[8024] F[8114] D[8276] F[8489] F[8605] R[9046] F[9230] R'[9756] F[10086] L'[10429] F[10559] L[10748] F[10914] F[11028] D[11412] F[11556] D'[11667] F[12197] F[12300] U[12630] L[12815] D'[12940] L'[13337] U'[13499] L[13546] D[13697] L'[13950] F'[16011] D'[16216] F[16261] D'[16365] F'[16740] R'[17046] D'[17165] R[17225] R[17290] F'[17360] R'[17480] F[17515] R'[17652] D[17742] R[17859] D[18047] F[18407] F[18722],cube,,Playground,custom_rules,F2 L F' U' D' R B' R' U' F' U2 R2 U' L2 U' R2 L2 U R2 D2 B2 L2,random_state,custom_rules,,,,8,FU,0,0,18722,61,61,70,3.26,6674,12048,"",0,Cross,x D R D2' R' F R2,x[0] D[0] R[349] D2'[1168] R'[1679] F[1769] R2[2094],false,true,2094,0,2094,2094,6,6,8,2.87,F2L Slot 1,U R' U R U2 L U L',U[2710] R'[3067] U[3158] R[3266] U2[3721] L[4122] U[4245] L'[4526],false,true,2432,973,1459,4526,8,8,9,5.48,F2L Slot 2,B U2 B' U B U' B',B[6047] U2[6390] B'[6718] U[7017] B[7326] U'[7566] B'[7746],false,true,3220,1521,1699,7746,7,7,8,4.12,F2L Slot 3,F' U F U2 R U R',F'[8024] U[8114] F[8276] U2[8605] R[9046] U[9230] R'[9756],false,true,2010,278,1732,9756,7,7,8,4.04,F2L Slot 4,U L' U L U2 F U F',U[10086] L'[10429] U[10559] L[10748] U2[11028] F[11412] U[11556] F'[11667],false,true,1911,673,1238,11667,8,8,9,6.46,OLL,U2 B L F' L' B' L F L',U2[12300] B[12630] L[12815] F'[12940] L'[13337] B'[13499] L[13546] F[13697] L'[13950],false,true,2283,963,1320,13950,9,9,10,6.82,PLL,U' F' U F' U' R' F' R2 U' R' U R' F R F U2,U'[16011] F'[16216] U[16261] F'[16365] U'[16740] R'[17046] F'[17165] R2[17290] U'[17360] R'[17480] U[17515] R'[17652] F[17742] R[17859] F[18047] U2[18722],false,true,4772,2266,2506,18722,16,16,18,6.38,,,,,,,,,,,,,,,,,,,,,,,,,,,,8,BR->FR 13,"[BL,BR]->FR 3",3,24,V,,
495169cf-dc46-4bf2-97cb-705b43daa0f5,2023-09-15 11:43:14 UTC,false,20128,CFOP,Gan Smart Cube,Gan i Carry,Gan 356i,Jacob Pfeifer,false,false,7461,20128,,U'[0] B[205] U[1063] L[1936] U'[2191] U'[2461] L'[2728] F[2845] L[2990] L'[4216] L[4397] D'[4872] D'[5164] R[5345] D[5551] R'[5808] L[7137] D'[7244] L'[7363] L'[7747] D[7802] D[7886] L[7986] R'[8426] D[8620] R[8761] D'[9302] D'[10025] L[10451] D[10585] L'[10812] L'[10977] D'[11258] L[11464] L[13514] D'[13631] L'[13747] D'[14056] F'[14313] D[14382] F[14509] L[15349] B[15511] D[15627] B'[15693] D'[15774] L'[16132] R[16141] D[16537] F[16662] D'[16715] F'[16815] R'[16966] D'[17776] D'[18002] B'[18201] D[18306] F'[18480] D[18731] D[18804] B[18909] D'[19015] B'[19549] D[19609] D[19672] B[19812] F[19889] D[20128],cube,,Playground,custom_rules,B D' F2 R' U' B' L' F U' R2 U B2 R2 U2 R2 D' F2 D' B2 U F2 D2,random_state,custom_rules,,,,8,DB,0,0,20128,58,59,68,2.88,8370,11758,"",0,Cross,z2 D' B D R D2' R' F R,z2[0] D'[0] B[205] D[1063] R[1936] D2'[2461] R'[2728] F[2845] R[2990],false,true,2990,0,2990,2990,8,8,9,2.68,F2L Slot 1,R' R U2' L U L',R'[4216] R[4397] U2'[5164] L[5345] U[5551] L'[5808],false,true,2818,1226,1592,5808,6,6,7,3.77,F2L Slot 2,R U' R2' U2 R L' U L,R[7137] U'[7244] R2'[7747] U2[7886] R[7986] L'[8426] U[8620] L[8761],false,true,2953,1329,1624,8761,8,8,10,4.93,F2L Slot 3,U2' R U R2' U' R,U2'[10025] R[10451] U[10585] R2'[10977] U'[11258] R[11464],false,true,2703,1690,1013,11464,6,6,8,5.92,F2L Slot 4,R U' R' U' F' U F,R[13514] U'[13631] R'[13747] U'[14056] F'[14313] U[14382] F[14509],false,true,3045,2050,995,14509,7,7,7,7.04,OLL,R B U B' U' M' B U B' U' L' x',R[15349] B[15511] U[15627] B'[15693] U'[15774] M'[16141] B[16537] U[16662] B'[16715] U'[16815] L'[16966] x'[17371],false,true,2457,840,1617,16966,11,12,12,6.8,PLL,U2' B' U F' U2 B U' B' U2 B F U,U2'[18002] B'[18201] U[18306] F'[18480] U2[18804] B[18909] U'[19015] B'[19549] U2[19672] B[19812] F[19889] U[20128],false,true,3162,1235,1927,20128,12,12,15,6.23,,,,,,,,,,,,,,,,,,,,,,,,,,,,14,FL->FR 79,"[BL,BR]->FR 57",28,2,Ja,,
93e64ad2-6f1a-49ff-b0f7-432a23938ec2,2023-09-15 11:45:00 UTC,false,20257,CFOP,Gan Smart Cube,Gan i Carry,Gan 356i,Jacob Pfeifer,false,false,15457,20257,,D[0] D[103] F'[307] F'[420] L'[871] B'[1154] L'[1947] U[2287] D[4441] F'[4706] D[4809] F[5006] D[5213] B'[5464] D'[5712] B[5850] D[6587] D[6777] F'[7175] D[7255] F[7412] R'[8129] D'[8412] R[8552] D'[9400] L[9687] D[9815] D[9882] L'[10015] D[10323] D[10433] L[10722] D'[11101] L'[11278] D'[12115] D'[12428] B[12586] D[12718] B'[12939] D'[13067] B[13178] D[13273] B'[13352] F'[14363] B[14519] R'[14622] F'[14786] R'[15019] F[15152] R[15397] F[15597] D'[15729] F'[15898] D[15979] F[16323] B'[16383] D'[17293] L[17702] B[17850] D'[17930] B'[18028] D'[18142] B[18222] D[18320] B'[18385] L'[18537] B[18591] D[19092] B'[19168] D'[19318] B'[19489] L[19557] B[19722] L'[19913] D[20175] D[20257],cube,,Playground,custom_rules,R' F B2 D' B U' R2 B D2 L U L2 U B2 L2 U' R2 F2 U2 R2 B2 D2,random_state,custom_rules,,,,8,DB,0,0,20257,67,69,76,3.31,8673,11481,"",0,Cross,z2 U2 F2' R' B' R' D,z2[51] U2[103] F2'[420] R'[871] B'[1154] R'[1947] D[2287],false,true,2184,0,2184,2287,6,6,8,2.75,F2L Slot 1,U F' U F U B' U' B,U[4441] F'[4706] U[4809] F[5006] U[5213] B'[5464] U'[5712] B[5850],false,true,3563,2419,1144,5850,8,8,8,6.99,F2L Slot 2,U2 F' U F L' U' L,U2[6777] F'[7175] U[7255] F[7412] L'[8129] U'[8412] L[8552],false,true,2702,1325,1377,8552,7,7,8,5.08,F2L Slot 3,U' R U2 R' U2 R U' R',U'[9400] R[9687] U2[9882] R'[10015] U2[10433] R[10722] U'[11101] R'[11278],false,true,2726,1135,1591,11278,8,8,10,5.03,F2L Slot 4,U2' B U B' U' B U B',U2'[12428] B[12586] U[12718] B'[12939] U'[13067] B[13178] U[13273] B'[13352],false,true,2074,1308,766,13352,8,8,9,10.44,OLL,S U' F' U' F U F R' F' R S',S[14519] U'[14622] F'[14786] U'[15019] F[15152] U[15397] F[15597] R'[15729] F'[15898] R[15979] S'[16383],false,true,3031,1167,1864,16383,11,13,13,5.9,PLL,U' R B U' B' U' B U B' R' B U B' U' B' R B R' U2,U'[17293] R[17702] B[17850] U'[17930] B'[18028] U'[18142] B[18222] U[18320] B'[18385] R'[18537] B[18591] U[19092] B'[19168] U'[19318] B'[19489] R[19557] B[19722] R'[19913] U2[20257],false,true,3874,1319,2555,20257,19,19,20,7.44,,,,,,,,,,,,,,,,,,,,,,,,,,,,6,FL->FR 6,"[FL,BL]->FR 9",27,30,Y,,
07e6b7eb-3b2e-4632-94f0-656c3ca6a301,2023-09-15 11:42:31 UTC,false,21529,CFOP,Gan Smart Cube,Gan i Carry,Gan 356i,Jacob Pfeifer,false,false,28171,21529,,R[0] B'[162] R'[298] U'[602] L'[1072] F'[1290] L'[1520] D'[1999] D'[2208] L[4644] U'[4831] L'[5012] L'[5275] U'[5524] L[5796] F'[7346] U[7471] U[7593] F[7763] U'[8036] F'[8260] U[8425] F[8586] U'[9892] B'[10081] U[10177] B[10306] U'[10657] B[10834] U[11134] B'[11438] U'[12005] U'[12471] L[12595] U[12700] U[12767] L'[12856] U[13136] U[13191] L[13289] U'[13367] L'[13450] U[14445] U[14532] L[14848] U[14953] L'[15061] U[15101] L[15299] U'[15440] L'[15551] U'[15690] L'[15854] B[15898] L[16030] B'[16225] U'[17430] L[19016] F'[19412] L[19526] B[19703] B[20055] L'[20299] F[20388] L[20514] B[20758] B[21012] L'[21326] L'[21421] U[21453] U[21529],cube,,Playground,custom_rules,U2 F2 D' R' L2 F' L D2 B U F2 L2 U' R2 F2 B2 R2 D B2 R2 U B2,random_state,custom_rules,,,,8,UF,0,0,21529,60,60,71,2.79,10827,10702,"",0,Cross,R B' R' U' L' F' L' D2',R[0] B'[162] R'[298] U'[602] L'[1072] F'[1290] L'[1520] D2'[2208],false,true,2208,0,2208,2208,8,8,9,3.62,F2L Slot 1,L U' L2' U' L,L[4644] U'[4831] L2'[5275] U'[5524] L[5796],false,true,3588,2436,1152,5796,5,5,6,4.34,F2L Slot 2,F' U2 F U' F' U F,F'[7346] U2[7593] F[7763] U'[8036] F'[8260] U[8425] F[8586],false,true,2790,1550,1240,8586,7,7,8,5.65,F2L Slot 3,U' B' U B U' B U B',U'[9892] B'[10081] U[10177] B[10306] U'[10657] B[10834] U[11134] B'[11438],false,true,2852,1495,1357,11438,8,8,8,5.9,F2L Slot 4,U2' L U2 L' U2 L U' L',U2'[12471] L[12595] U2[12767] L'[12856] U2[13191] L[13289] U'[13367] L'[13450],false,true,2012,1157,855,13450,8,8,11,9.36,OLL,U2 L U L' U L U' L' U' L' B L B',U2[14532] L[14848] U[14953] L'[15061] U[15101] L[15299] U'[15440] L'[15551] U'[15690] L'[15854] B[15898] L[16030] B'[16225],false,true,2775,1398,1377,16225,13,13,14,9.44,PLL,U' L F' L B2 L' F L B2 L2' U2,U'[17430] L[19016] F'[19412] L[19526] B2[20055] L'[20299] F[20388] L[20514] B2[21012] L2'[21421] U2[21529],false,true,5304,2791,2513,21529,11,11,15,4.38,,,,,,,,,,,,,,,,,,,,,,,,,,,,18,FL->FR 10,"[FL,BL]->FR 3",9,38,Ab,,
857a519f-95b9-48cb-8dba-22c486856c2b,2023-09-15 11:44:02 UTC,false,17199,CFOP,Gan Smart Cube,Gan i Carry,Gan 356i,Jacob Pfeifer,false,false,16404,17199,,F'[0] F'[126] L[244] U'[758] D'[1204] F[1325] D[1470] R'[3187] B'[3612] R'[3813] B[3921] R[4110] D[4592] R[4733] D'[5032] R[6033] R[6221] U'[6832] R[6916] U[7044] R[7287] D'[7530] R'[7901] D[8040] U'[9313] R'[9516] U[9670] U[9882] R[10080] U'[10425] R[11544] F[11649] R'[11740] F'[11820] R'[12628] F[12806] R[12907] F'[13025] F'[13123] R'[13329] F'[13510] U[13553] F[13642] R[13790] F[13893] R'[13983] U'[14169] R'[15073] U[15280] F[15418] R'[15490] F'[15577] R'[15682] F[15740] R[15842] F'[15950] U'[16014] F[16108] R[16236] F'[16294] R'[16391] F'[16540] U[16577] F[16657] D'[16876] D[17167] U'[17199],cube,,Playground,custom_rules,R L' U' B' U2 L F L' D B' R U B2 R2 U' D' R2 F2 D B2 D',random_state,custom_rules,,,,8,RU,0,0,17199,62,63,67,3.6,8536,8537,"",0,Cross,z' F2' D L' R' F R,z'[63] F2'[126] D[244] L'[758] R'[1204] F[1325] R[1470],false,true,1344,0,1344,1470,6,6,7,4.46,F2L Slot 1,U' B' U' B U R U R',U'[3187] B'[3612] U'[3813] B[3921] U[4110] R[4592] U[4733] R'[5032],false,true,3562,2142,1420,5032,8,8,8,5.63,F2L Slot 2,U2 L' U L U R' U' R,U2[6221] L'[6832] U[6916] L[7044] U[7287] R'[7530] U'[7901] R[8040],false,true,3008,1800,1208,8040,8,8,9,6.62,F2L Slot 3,L' U' L2 U L',L'[9313] U'[9516] L2[9882] U[10080] L'[10425],false,true,2385,1273,1112,10425,5,5,6,4.5,F2L Slot 4,U F U' F',U[11544] F[11649] U'[11740] F'[11820],false,true,1395,1224,171,11820,4,4,4,23.39,OLL,U' F U F2' U' F' L F U F U' L',U'[12628] F[12806] U[12907] F2'[13123] U'[13329] F'[13510] L[13553] F[13642] U[13790] F[13893] U'[13983] L'[14169],false,true,2349,986,1363,14169,12,12,13,8.8,PLL,U' L F U' F' U' F U F' L' F U F' U' F' L F R' M,U'[15073] L[15280] F[15418] U'[15490] F'[15577] U'[15682] F[15740] U[15842] F'[15950] L'[16014] F[16108] U[16236] F'[16294] U'[16391] F'[16540] L[16577] F[16657] R'[16876] M[17199],false,true,3030,1111,1919,17199,19,20,20,9.9,,,,,,,,,,,,,,,,,,,,,,,,,,,,113,FL->FR 6,"[FL,BL]->FR 56",21,34,Y,,
34af30e9-2ba4-444c-9f14-9c9f6466e831,2023-09-15 11:46:07 UTC,false,24399,CFOP,Gan Smart Cube,Gan i Carry,Gan 356i,Jacob Pfeifer,false,false,22588,24399,,L'[0] U'[258] L'[830] F[1043] L'[1354] L'[1641] U'[2329] B[2522] B'[3691] U[3866] B[5083] U'[5208] B'[5375] R[6279] B'[6442] R'[6656] B[6727] R[6872] B'[7045] R'[7277] B[7389] R'[9704] F[9799] R[9922] F'[10050] R'[10205] F[10317] R[10444] F'[10564] R[12574] R[12694] D[13120] R[13252] D'[13389] R'[13641] R'[14082] F'[14339] R[14541] F[14850] R[16143] D'[16694] R[16776] D[16893] R[17384] B[17503] R'[17585] B'[17696] U[18596] R[18843] F[18961] R'[19044] F'[19127] U'[19443] D[19709] B[19921] R[20084] B'[20145] R'[20239] D'[20364] B[21751] B[21830] L'[22090] D[22486] R'[22912] D[23071] R[23176] D'[23268] L[23473] B[23658] B[23717] U[24158] R'[24258] U'[24360] R[24399],cube,,Playground,custom_rules,B U F2 D2 B D' L2 B' R' D2 R2 B2 R2 D' R2 U2 L2 U F2 B2 L2,random_state,custom_rules,,,,8,RU,0,0,24399,68,69,74,2.79,10243,14156,"",0,Cross,z' D' L' D' F D2' L' B B' L B L' B',z'[0] D'[0] L'[258] D'[830] F[1043] D2'[1641] L'[2329] B[2522] B'[3691] L[3866] B[5083] L'[5208] B'[5375],false,true,5375,0,5375,5375,12,12,13,2.23,F2L Slot 1,U B' U' B U B' U' B,U[6279] B'[6442] U'[6656] B[6727] U[6872] B'[7045] U'[7277] B[7389],false,true,2014,1067,947,7389,8,8,8,8.45,F2L Slot 2,U' F U F' U' F U F',U'[9704] F[9799] U[9922] F'[10050] U'[10205] F[10317] U[10444] F'[10564],false,true,3175,2410,765,10564,8,8,8,10.46,F2L Slot 3,U2 R U R' U2' F' U F,U2[12694] R[13120] U[13252] R'[13389] U2'[14082] F'[14339] U[14541] F[14850],false,true,4286,2556,1730,14850,8,8,10,4.62,F2L Slot 4,U R' U R U B U' B',U[16143] R'[16694] U[16776] R[16893] U[17384] B[17503] U'[17585] B'[17696],false,true,2846,1844,1002,17696,8,8,8,7.98,OLL,L U F U' F' M U F U' F' R' x,L[18596] U[18843] F[18961] U'[19044] F'[19127] M[19709] U[19921] F[20084] U'[20145] F'[20239] R'[20364] x[21057],false,true,2668,900,1768,20364,11,12,12,6.22,PLL,B2 D' R U' R U R' D B2 L U' L' U,B2[21830] D'[22090] R[22486] U'[22912] R[23071] U[23176] R'[23268] D[23473] B2[23717] L[24158] U'[24258] L'[24360] U[24399],false,true,4035,1466,2569,24399,13,13,15,5.06,,,,,,,,,,,,,,,,,,,,,,,,,,,,29,FL->FR 27,"[FL,BL]->FR 30",25,22,Gc,,
9046be40-56c5-452d-953d-368fbb807528,2023-09-15 11:46:56 UTC,false,22191,CFOP,Gan Smart Cube,Gan i Carry,Gan 356i,Jacob Pfeifer,false,false,7650,22191,,R'[0] R'[272] F'[714] R'[1003] D[1087] R[1208] F'[1776] D'[1920] L[1995] D[2152] B'[2558] B'[2861] F'[4377] D'[4794] F[4918] D[5167] D[5333] F'[5593] D'[5833] F'[6956] F[7145] U[7486] F'[7658] U'[7776] F'[8091] U[8274] F'[8515] U'[8726] F[9183] U[9484] F'[9664] U'[9971] F'[10671] F'[10984] R[11165] F'[11365] R'[11606] F[11700] R[11879] F[12002] R'[12409] L[13580] F'[13735] L'[13958] F[14177] U'[14554] F[14676] F[14776] U[14884] F[15074] F[15168] U'[15318] F[15417] U[15524] F[16825] F[16987] D'[17328] L[17366] D[17486] F[17649] D'[17735] F'[17802] L'[17960] F[18110] D[18308] D[20036] R'[20194] D[20325] L[20543] L[20924] D'[21113] R[21245] D[21418] L[21564] L[21932] D'[22093] D'[22191],cube,,Playground,custom_rules,U R U D' B U B L U2 R2 B U B2 R2 U F2 D' R2 F2 U F2 L2,random_state,custom_rules,,,,8,FU,0,0,22191,67,67,77,3.02,9483,12436,"",0,Cross,x R2' U' R' F R U' F' L F D2',x[136] R2'[272] U'[714] R'[1003] F[1087] R[1208] U'[1776] F'[1920] L[1995] F[2152] D2'[2861],false,true,2589,0,2589,2861,10,10,12,3.86,F2L Slot 1,U' F' U F2 U' F',U'[4377] F'[4794] U[4918] F2[5333] U'[5593] F'[5833],false,true,2972,1933,1039,5833,6,6,7,5.77,F2L Slot 2,U' U B U' B' U' B U' B' U B U' B',U'[6956] U[7145] B[7486] U'[7658] B'[7776] U'[8091] B[8274] U'[8515] B'[8726] U[9183] B[9484] U'[9664] B'[9971],false,true,4138,1653,2485,9971,13,13,13,5.23,F2L Slot 3,U2' R U' R' U R U R',U2'[10984] R[11165] U'[11365] R'[11606] U[11700] R[11879] U[12002] R'[12409],false,true,2438,1194,1244,12409,8,8,9,6.43,F2L Slot 4,L U' L' U B' U2 B U2 B' U B,L[13580] U'[13735] L'[13958] U[14177] B'[14554] U2[14776] B[14884] U2[15168] B'[15318] U[15417] B[15524],false,true,3115,1171,1944,15524,11,11,13,5.66,OLL,U2 F' L F U F' U' L' U F,U2[16987] F'[17328] L[17366] F[17486] U[17649] F'[17735] U'[17802] L'[17960] U[18110] F[18308],false,true,2784,1804,980,18308,10,10,11,10.2,PLL,F R' F L2 F' R F L2 F2',F[20036] R'[20194] F[20325] L2[20924] F'[21113] R[21245] F[21418] L2[21932] F2'[22191],false,true,3883,1728,2155,22191,9,9,12,4.18,,,,,,,,,,,,,,,,,,,,,,,,,,,,79,BL->FR 1,"[FL,BR]->FR 20",40,40,Ab,,
a11a30de-d552-495b-ad3a-565f4d66a76d,2023-09-17 21:51:42 UTC,false,15836,CFOP,Gan Smart Cube,Gan i Carry,Gan 356i,Jacob Pfeifer,false,false,9362,15836,,R'[0] L'[207] U'[537] L'[749] L'[895] B'[1734] B[2390] U[2711] B[2813] U'[2883] B'[2948] U[3029] B[3119] U'[3227] B'[3310] B'[3561] R[4004] B[4112] R'[4406] L[4786] B[4887] L'[4985] B'[5082] L[5156] B[5252] L'[5371] B'[5468] B'[5731] U[6153] B[6270] U'[6473] B'[6744] D'[6984] B[7081] B[7158] D[7260] B[7489] D'[7625] B'[7754] D[7895] B[8686] R'[9034] B'[9148] R[9277] B[9456] B[9516] R'[10291] B[10326] R[10450] R'[11585] B'[11724] R[11808] B'[11976] R'[12087] B[12140] B[12198] R[12274] U[12627] R[12798] B[12956] R'[13038] B'[13094] U'[13247] B'[14059] B'[14287] U[14406] R[14536] B'[14589] R'[14672] B'[14773] R[14819] B[14898] R'[14970] U'[15027] R[15119] B[15238] R'[15280] B'[15348] R'[15528] U[15568] R[15679] U'[15836],cube,,Playground,custom_rules,D2 B2 R L U' F R' U' B U2 R2 D F2 U2 L2 U' L2 B2 U F2 L2 B2,random_state,custom_rules,,,,8,BU,0,0,15836,75,75,82,4.74,6140,9696,"",0,Cross,x' R' L' F' L2',x'[0] R'[0] L'[207] F'[537] L2'[895],false,true,895,0,895,895,4,4,5,4.47,F2L Slot 1,U' U F U F' U' F U F' U2' R U R',U'[1734] U[2390] F[2711] U[2813] F'[2883] U'[2948] F[3029] U[3119] F'[3227] U2'[3561] R[4004] U[4112] R'[4406],false,true,3511,1816,1695,4406,13,13,14,7.67,F2L Slot 2,L U L' U' L U L' U2' F U F',L[4786] U[4887] L'[4985] U'[5082] L[5156] U[5252] L'[5371] U2'[5731] F[6153] U[6270] F'[6473],false,true,2067,380,1687,6473,11,11,12,6.52,F2L Slot 3,U' B' U2 B U B' U' B,U'[6744] B'[6984] U2[7158] B[7260] U[7489] B'[7625] U'[7754] B[7895],false,true,1422,511,911,7895,8,8,9,8.78,F2L Slot 4,U R' U' R U2 R' U R,U[8686] R'[9034] U'[9148] R[9277] U2[9516] R'[10291] U[10326] R[10450],false,true,2555,1139,1416,10450,8,8,9,5.65,OLL,R' U' R U' R' U2 R F R U R' U' F',R'[11585] U'[11724] R[11808] U'[11976] R'[12087] U2[12198] R[12274] F[12627] R[12798] U[12956] R'[13038] U'[13094] F'[13247],false,true,2797,1135,1662,13247,13,13,14,7.82,PLL,U2' F R U' R' U' R U R' F' R U R' U' R' F R F',U2'[14287] F[14406] R[14536] U'[14589] R'[14672] U'[14773] R[14819] U[14898] R'[14970] F'[15027] R[15119] U[15238] R'[15280] U'[15348] R'[15528] F[15568] R[15679] F'[15836],false,true,2589,1159,1430,15836,18,18,19,12.59,,,,,,,,,,,,,,,,,,,,,,,,,,,,142,BR->FR 94,"[BL,BR]->FR 4",11,42,Y,,
5bb6aea4-5632-429c-a27b-843140afed6e,2023-09-18 17:51:56 UTC,false,13178,CFOP,Gan Smart Cube,Gan i Carry,Gan 356i,Jacob Pfeifer,false,false,12143,13178,,D'[0] L'[300] L'[512] D'[782] F[1241] D'[1494] U'[2030] F'[2352] U[2450] F[2679] U'[2913] B'[3934] U[4090] B[4319] U'[4535] L'[5063] U[5110] L[5319] U'[6016] F'[6466] F[6715] F'[6896] U'[7004] F[7085] U'[7940] B[8074] U[8156] B'[8241] U'[8344] B'[8502] R[8562] B[8636] B[8711] U[8842] B'[8920] U'[8991] R'[9110] B[10283] U[10511] B'[10617] R[11459] R[11557] D'[11838] F[11929] U'[12010] F'[12142] U[12172] F'[12235] D[12677] R[12831] R[12886] U[13118] U[13178],cube,,Playground,custom_rules,R' F2 L2 D' R2 U R L2 B' U F2 D2 B2 L2 U2 D' F2 D' B2 U L2,random_state,custom_rules,,,,8,UF,0,0,13178,48,48,53,3.64,4911,8267,"",1,Cross,D' L2' D' F D',D'[0] L2'[512] D'[782] F[1241] D'[1494],false,true,1494,0,1494,1494,5,5,6,3.35,F2L Slot 1,,"",true,false,0,0,0,1494,0,0,0,0,F2L Slot 2,U' F' U F U' B' U B,U'[2030] F'[2352] U[2450] F[2679] U'[2913] B'[3934] U[4090] B[4319],false,true,2825,858,1967,4319,8,8,8,4.07,F2L Slot 3,U' L' U L,U'[4535] L'[5063] U[5110] L[5319],false,true,1000,744,256,5319,4,4,4,15.63,F2L Slot 4,U' F' F F' U' F,U'[6016] F'[6466] F[6715] F'[6896] U'[7004] F[7085],false,true,1766,1147,619,7085,6,6,6,9.69,OLL,U' B U B' U' B' R B2 U B' U' R',U'[7940] B[8074] U[8156] B'[8241] U'[8344] B'[8502] R[8562] B2[8711] U[8842] B'[8920] U'[8991] R'[9110],false,true,2025,989,1036,9110,12,12,13,11.58,PLL,B U B' R2 D' F U' F' U F' D R2 U2,B[10283] U[10511] B'[10617] R2[11557] D'[11838] F[11929] U'[12010] F'[12142] U[12172] F'[12235] D[12677] R2[12886] U2[13178],false,true,4068,1173,2895,13178,13,13,16,4.49,,,,,,,,,,,,,,,,,,,,,,,,,,,,Solved,FL->FR 12,"[FL,BL]->FR 5",12,9,Gd,,
72b72cef-a7c9-4413-8152-f60d2585f9d9,2023-09-18 17:39:02 UTC,false,21061,CFOP,Gan Smart Cube,Gan i Carry,Gan 356i,Jacob Pfeifer,false,false,17113,21061,,L[0] B'[365] F[408] R'[719] R'[1002] U[1327] B'[1755] U[2018] D'[3695] B'[4223] D'[4413] B[4562] B[4770] D[4948] B'[5651] D'[9278] R[10895] D'[11034] R'[11207] D'[11498] L[11627] D[11781] L'[11954] D'[12047] L[12194] D[12462] L'[13101] D[13432] R'[13681] D[13801] R[13955] D'[14224] R'[14388] D[14475] R[14670] D'[15021] B'[15459] D[15522] B[15633] D'[15735] B'[15850] D'[15993] B[16087] D[16764] R[17098] D[17310] F[17463] D'[17587] F'[17692] D[17771] F[17886] D'[17942] F'[18026] R'[18179] B'[19368] L[19489] B'[19661] R[19808] R[20017] B[20231] L'[20356] B'[20434] R[20581] R[20780] B[20973] B[21061],cube,,Playground,custom_rules,F' B2 R' U2 B U' R' L' F' L2 U' B2 R2 U L2 U2 F2 D B2 U2 L2 F2,random_state,custom_rules,,,,8,DB,0,0,21061,60,61,66,2.85,11018,10043,"",0,Cross,z' D S' L2' D B' D,z'[0] D[0] S'[408] L2'[1002] D[1327] B'[1755] D[2018],false,true,2018,0,2018,2018,6,7,8,2.97,F2L Slot 1,U' B' U' B2 U B',U'[3695] B'[4223] U'[4413] B2[4770] U[4948] B'[5651],false,true,3633,2205,1428,5651,6,6,7,4.2,F2L Slot 2,U' L U' L' U' R U R' U' R U R',U'[9278] L[10895] U'[11034] L'[11207] U'[11498] R[11627] U[11781] R'[11954] U'[12047] R[12194] U[12462] R'[13101],false,true,7450,5244,2206,13101,12,12,12,5.44,F2L Slot 3,U L' U L U' L' U L,U[13432] L'[13681] U[13801] L[13955] U'[14224] L'[14388] U[14475] L[14670],false,true,1569,580,989,14670,8,8,8,8.09,F2L Slot 4,U' B' U B U' B' U' B,U'[15021] B'[15459] U[15522] B[15633] U'[15735] B'[15850] U'[15993] B[16087],false,true,1417,789,628,16087,8,8,8,12.74,OLL,U L U F U' F' U F U' F' L',U[16764] L[17098] U[17310] F[17463] U'[17587] F'[17692] U[17771] F[17886] U'[17942] F'[18026] L'[18179],false,true,2092,1011,1081,18179,11,11,11,10.18,PLL,B' R B' L2 B R' B' L2 B2,B'[19368] R[19489] B'[19661] L2[20017] B[20231] R'[20356] B'[20434] L2[20780] B2[21061],false,true,2882,1189,1693,21061,9,9,12,5.32,,,,,,,,,,,,,,,,,,,,,,,,,,,,80,BR->FR 75,"[BL,BR]->FR 30",6,51,Aa,,
43610d08-91db-462d-9f8d-dfe9c3598712,2023-09-18 17:40:07 UTC,false,20442,CFOP,Gan Smart Cube,Gan i Carry,Gan 356i,Jacob Pfeifer,false,false,24063,20442,,L[0] B[182] L[363] D'[728] B[1269] L'[1404] B'[1533] U'[2165] F[2360] U'[2547] F'[2704] U'[2923] L[3280] U'[3503] L'[3768] U[4534] U[4952] R'[5185] U'[5349] R[5474] U'[5697] B[6148] U[6291] B'[6582] U[6804] U[6910] U'[7304] F'[7431] L[7507] F[7590] L'[7908] F[8051] U'[8239] F'[8480] U'[9918] F'[10246] U[10322] F[10418] U'[11006] U'[11585] U'[11974] R[12145] U'[12260] R'[12392] U'[13231] R'[13619] U'[13711] R[13827] U'[14015] R'[14186] U[14318] U[14433] R[14565] F[15273] R[15433] U[15561] R'[15621] U'[15708] F'[15966] U'[17062] R'[17229] U'[17390] R[17475] B[17918] B[18024] D[18272] L'[18423] U[18518] L[18986] U'[19427] L[19502] D'[19815] B[19908] B[19986] U[20379] U[20442],cube,,Playground,custom_rules,U' B2 R' L' B L2 D2 R' D F R B2 D B2 U F2 D' R2 F2 D F2 B2,random_state,custom_rules,,,,8,UF,0,0,20442,68,68,76,3.33,7349,13093,"",0,Cross,L B L D' B L' B',L[0] B[182] L[363] D'[728] B[1269] L'[1404] B'[1533],false,true,1533,0,1533,1533,7,7,7,4.57,F2L Slot 1,U' F U' F' U' L U' L',U'[2165] F[2360] U'[2547] F'[2704] U'[2923] L[3280] U'[3503] L'[3768],false,true,2235,827,1408,3768,8,8,8,5.68,F2L Slot 2,U2 R' U' R U' B U B',U2[4952] R'[5185] U'[5349] R[5474] U'[5697] B[6148] U[6291] B'[6582],false,true,2814,1417,1397,6582,8,8,9,5.73,F2L Slot 3,U2 U' F' L F L' F U' F',U2[6910] U'[7304] F'[7431] L[7507] F[7590] L'[7908] F[8051] U'[8239] F'[8480],false,true,1898,849,1049,8480,9,9,10,8.58,F2L Slot 4,U' F' U F U3' R U' R',U'[9918] F'[10246] U[10322] F[10418] U3'[11974] R[12145] U'[12260] R'[12392],false,true,3912,1766,2146,12392,8,8,10,3.73,OLL,U' R' U' R U' R' U2 R F R U R' U' F',U'[13231] R'[13619] U'[13711] R[13827] U'[14015] R'[14186] U2[14433] R[14565] F[15273] R[15433] U[15561] R'[15621] U'[15708] F'[15966],false,true,3574,1227,2347,15966,14,14,15,5.97,PLL,U' R' U' R B2 D L' U L U' L D' B2 U2,U'[17062] R'[17229] U'[17390] R[17475] B2[18024] D[18272] L'[18423] U[18518] L[18986] U'[19427] L[19502] D'[19815] B2[19986] U2[20442],false,true,4476,1263,3213,20442,14,14,17,4.36,,,,,,,,,,,,,,,,,,,,,,,,,,,,84,BR->FR 47,"[FL,BL]->FR 40",25,42,Gb,,
638fb7e7-38cb-496f-9716-dbf80dc77cee,2023-09-18 17:41:19 UTC,false,15803,CFOP,Gan Smart Cube,Gan i Carry,Gan 356i,Jacob Pfeifer,false,false,36682,15803,,R'[0] F[158] R[426] F'[642] R'[830] L'[1546] F[1937] L[2163] L[2250] F'[2341] L[2594] F[2778] L'[2860] F'[2985] L[4239] B'[4678] L[4806] B[4971] L'[5198] D[5601] L'[5815] D'[6050] U[7199] U'[7410] L'[7594] B[7907] L[8046] B'[8289] F[9798] U'[9911] F'[10045] U[10137] F'[10505] L[10589] F[10671] L[11380] B'[11576] L'[11676] U[11843] L[12016] B[12203] L'[12356] B'[12574] U'[12748] B[12834] L'[13466] B[13808] L'[14005] B[14099] L[14286] B[14478] L[14580] B[14700] L'[14830] B'[15180] L'[15441] B[15563] B[15626] L'[15803],cube,,Playground,custom_rules,R2 U' B R B2 R2 F L' U L U B2 D2 F2 U F2 U' L2 D' F2 U2 R2,random_state,custom_rules,,,,8,LU,0,0,15803,57,57,59,3.61,7337,8466,"",0,Cross,z D' F D F' D',z[0] D'[0] F[158] D[426] F'[642] D'[830],false,true,830,0,830,830,5,5,5,6.02,F2L Slot 1,U' F U2 F' U F U' F',U'[1546] F[1937] U2[2250] F'[2341] U[2594] F[2778] U'[2860] F'[2985],false,true,2155,1107,1048,2985,8,8,9,7.63,F2L Slot 2,U B' U B U' L U' L',U[4239] B'[4678] U[4806] B[4971] U'[5198] L[5601] U'[5815] L'[6050],false,true,3065,1693,1372,6050,8,8,8,5.83,F2L Slot 3,R R' U' B U B',R[7199] R'[7410] U'[7594] B[7907] U[8046] B'[8289],false,true,2239,1149,1090,8289,6,6,6,5.5,F2L Slot 4,F R' F' R F' U F,F[9798] R'[9911] F'[10045] R[10137] F'[10505] U[10589] F[10671],false,true,2382,1509,873,10671,7,7,7,8.02,OLL,U B' U' R U B U' B' R' B,U[11380] B'[11576] U'[11676] R[11843] U[12016] B[12203] U'[12356] B'[12574] R'[12748] B[12834],false,true,2163,905,1258,12834,10,10,10,7.95,PLL,U' B U' B U B U B U' B' U' B2 U',U'[13466] B[13808] U'[14005] B[14099] U[14286] B[14478] U[14580] B[14700] U'[14830] B'[15180] U'[15441] B2[15626] U'[15803],false,true,2969,974,1995,15803,13,13,14,6.52,,,,,,,,,,,,,,,,,,,,,,,,,,,,13,BR->FR 46,"[BL,BR]->FR 14",34,31,Ua,,
05aa4e23-67d7-478d-979d-f33df76506c6,2023-09-18 17:42:03 UTC,false,21066,CFOP,Gan Smart Cube,Gan i Carry,Gan 356i,Jacob Pfeifer,false,false,6213,21066,,F'[0] R'[196] R[358] R'[616] B[795] L[1245] U'[2128] U'[2397] F[2985] F[3209] F[4155] D[4407] F'[4647] D[4884] D[4995] F'[5463] D'[5822] F[5946] D[6082] F'[6198] D'[6333] F[6400] D[6526] D[6924] R'[7217] D'[7405] R[7527] L'[8340] D[8434] L[8599] D[8885] L[8984] D'[9132] L'[9350] D[9465] B'[10055] D[10117] B[10380] B[11857] D'[12015] B'[12368] D[12532] L'[12891] D'[13026] L[13132] D[13301] L[13427] D'[13536] L'[13623] D[15738] L[15995] B'[16113] L'[16241] D'[16450] L[16509] D[16678] B[17021] D'[17234] L'[17357] L[19051] B'[19159] L[19265] F[19391] F[19579] L'[19774] B[19926] L[20134] F[20380] F[20607] L'[20884] L'[20984] D'[21066],cube,,Playground,custom_rules,B2 L F2 R L U2 F' L U' B R2 B2 R2 B2 L2 U2 F2 U B2 D' L2 U,random_state,custom_rules,,,,8,DB,0,0,21066,65,65,72,3.09,7597,13469,"",0,Cross,z2 F' L' L L' B R D2' F2,z2[0] F'[0] L'[196] L[358] L'[616] B[795] R[1245] D2'[2397] F2[3209],false,true,3209,0,3209,3209,8,8,10,2.49,F2L Slot 1,F U F' U2 F' U' F U F' U' F U2 L' U' L,F[4155] U[4407] F'[4647] U2[4995] F'[5463] U'[5822] F[5946] U[6082] F'[6198] U'[6333] F[6400] U2[6924] L'[7217] U'[7405] L[7527],false,true,4318,946,3372,7527,15,15,17,4.45,F2L Slot 2,R' U R U R U' R' U B' U B,R'[8340] U[8434] R[8599] U[8885] R[8984] U'[9132] R'[9350] U[9465] B'[10055] U[10117] B[10380],false,true,2853,813,2040,10380,11,11,11,5.39,F2L Slot 3,B U' B' U R' U' R,B[11857] U'[12015] B'[12368] U[12532] R'[12891] U'[13026] R[13132],false,true,2752,1477,1275,13132,7,7,7,5.49,F2L Slot 4,U R U' R',U[13301] R[13427] U'[13536] R'[13623],false,true,491,295,196,13623,4,4,4,20.41,OLL,U R B' R' U' R U B U' R',U[15738] R[15995] B'[16113] R'[16241] U'[16450] R[16509] U[16678] B[17021] U'[17234] R'[17357],false,true,3734,2372,1362,17357,10,10,10,7.34,PLL,R B' R F2 R' B R F2 R2' U',R[19051] B'[19159] R[19265] F2[19579] R'[19774] B[19926] R[20134] F2[20607] R2'[20984] U'[21066],false,true,3709,1694,2015,21066,10,10,13,4.96,,,,,,,,,,,,,,,,,,,,,,,,,,,,89,BR->FR 106,"[BL,BR]->FR 18",21,39,Ab,,
8f50cc68-1683-48a2-b739-6673fb718019,2023-09-18 17:42:55 UTC,false,19176,CFOP,Gan Smart Cube,Gan i Carry,Gan 356i,Jacob Pfeifer,false,false,19929,19176,,R[0] U[384] D'[791] F'[1044] L[1723] L[1830] D[2488] D[2612] L'[3705] U[4238] L[4346] L[4488] U'[4653] L[4852] U[5044] L'[5417] U'[5603] L'[5898] D[6077] L'[6262] D'[6464] L[6571] D[6884] L[7398] D'[7738] L[8323] U'[8998] L[9061] U[9210] L[9391] U'[9552] L[9657] U[9772] L'[9972] U'[10205] L[10393] U[10614] L[10817] F[11313] L'[11495] F'[11631] U[12791] B[12953] L[13083] B'[13148] L'[13254] U'[13408] L[13821] U[14034] B[14187] L[14344] B'[14406] L'[14501] U'[14656] L'[15433] B'[15850] L[15913] L[16006] B'[16073] L'[16402] D[17105] D'[17179] D'[17239] B'[17372] D[17440] D[17507] L'[17597] D'[17704] L[18009] D'[18111] B[18254] D[18371] L'[18459] B[18640] L'[18875] L'[19176],cube,,Playground,custom_rules,B L' B' D2 R U F D B2 L F2 B2 U F2 L2 D' B2 U2 B2 R2,random_state,custom_rules,,,,8,LU,0,0,19176,69,69,76,3.6,6413,12763,"",0,Cross,z D R L' F' U2 L2,z[0] D[0] R[384] L'[791] F'[1044] U2[1830] L2[2612],false,true,2612,0,2612,2612,6,6,8,2.3,F2L Slot 1,U' R U2 R' U R U' R',U'[3705] R[4238] U2[4488] R'[4653] U[4852] R[5044] U'[5417] R'[5603],false,true,2991,1626,1365,5603,8,8,9,5.86,F2L Slot 2,U' L U' L' U L U L',U'[5898] L[6077] U'[6262] L'[6464] U[6571] L[6884] U[7398] L'[7738],false,true,2135,474,1661,7738,8,8,8,4.82,F2L Slot 3,U R' U R U R' U R U' R' U R,U[8323] R'[8998] U[9061] R[9210] U[9391] R'[9552] U[9657] R[9772] U'[9972] R'[10205] U[10393] R[10614],false,true,2876,1260,1616,10614,12,12,12,7.43,F2L Slot 4,U F U' F',U[10817] F[11313] U'[11495] F'[11631],false,true,1017,699,318,11631,4,4,4,12.58,OLL,R B U B' U' R' U R B U B' U' R',R[12791] B[12953] U[13083] B'[13148] U'[13254] R'[13408] U[13821] R[14034] B[14187] U[14344] B'[14406] U'[14501] R'[14656],false,true,3025,1160,1865,14656,13,13,13,6.97,PLL,U' B' U2 B' U' L L2' B' L2 U' L' U L' B L U' B U2',U'[15433] B'[15850] U2[16006] B'[16073] U'[16402] L[17105] L2'[17239] B'[17372] L2[17507] U'[17597] L'[17704] U[18009] L'[18111] B[18254] L[18371] U'[18459] B[18640] U2'[19176],false,true,4520,1194,3326,19176,18,18,22,5.41,,,,,,,,,,,,,,,,,,,,,,,,,,,,13,BL->FR 20,"[FL,BR]->FR 22",21,12,F,,
22e6d2bb-788e-4308-b680-3e4658a00e4c,2023-09-18 17:43:34 UTC,false,17578,CFOP,Gan Smart Cube,Gan i Carry,Gan 356i,Jacob Pfeifer,false,false,6569,17578,,U[0] U[127] R[423] R[623] D[1160] D[1309] L[1638] D'[2479] L'[2879] F[3705] R[3947] F'[4138] R[4213] B[4613] R[4762] B'[5066] R[5818] R[5981] F'[6582] R[6650] R[7088] F[7197] F[7369] R[7609] F'[7989] R[8657] R[9143] D[9543] R[9682] D'[9987] R'[10728] U[10866] R'[11012] U'[11149] R'[11566] B'[11782] R[11856] B[11993] R'[12910] B'[13102] F[13238] D[13366] F[13518] D[13646] F'[13699] D'[13831] B[14213] F'[14279] F'[14545] U[14579] F[14729] U'[15084] R'[15976] F[16095] R[16214] F'[16254] U'[16363] F[16402] R[16576] F'[16624] R'[16730] F'[16902] U[16955] F[17024] F[17079] R'[17127] F'[17451] R[17516] R[17578],cube,,Playground,custom_rules,R F2 D' R2 B2 U F2 L F U2 R2 U F2 U D L2 B2 D' B2 U2 R2,random_state,custom_rules,,,,8,RU,0,0,17578,58,60,69,3.3,7031,10420,"",0,Cross,z' L2 U2 R2 D R' D',z'[63] L2[127] U2[623] R2[1309] D[1638] R'[2479] D'[2879],false,true,2752,0,2752,2879,6,6,9,2.18,F2L Slot 1,F U F' U B U B',F[3705] U[3947] F'[4138] U[4213] B[4613] U[4762] B'[5066],false,true,2187,826,1361,5066,7,7,7,5.14,F2L Slot 2,U2 F' U2 F2 U F',U2[5981] F'[6582] U2[7088] F2[7369] U[7609] F'[7989],false,true,2923,1516,1407,7989,6,6,9,4.26,F2L Slot 3,U2 R U R',U2[9143] R[9543] U[9682] R'[9987],false,true,1998,1554,444,9987,4,4,5,9.01,F2L Slot 4,U' L U' L' U' B' U B,U'[10728] L[10866] U'[11012] L'[11149] U'[11566] B'[11782] U[11856] B[11993],false,true,2006,879,1127,11993,8,8,8,7.1,OLL,U' S' U F U F' U' S F' L F L',U'[12910] S'[13238] U[13366] F[13518] U[13646] F'[13699] U'[13831] S[14279] F'[14545] L[14579] F[14729] L'[15084],false,true,3091,1245,1846,15084,12,14,14,6.5,PLL,U' F U F' L' F U F' U' F' L F2 U' F' U2,U'[15976] F[16095] U[16214] F'[16254] L'[16363] F[16402] U[16576] F'[16624] U'[16730] F'[16902] L[16955] F2[17079] U'[17127] F'[17451] U2[17578],false,true,2494,1011,1483,17578,15,15,17,10.11,,,,,,,,,,,,,,,,,,,,,,,,,,,,39,BL->FR 2,"[FL,BR]->FR 14",28,19,Jb,,
7e0d202f-2de8-431c-bbff-ea908d62d6ca,2023-09-18 17:45:20 UTC,false,21545,CFOP,Gan Smart Cube,Gan i Carry,Gan 356i,Jacob Pfeifer,false,false,19412,21545,,D'[0] F'[218] R[454] F[1242] B'[1252] R'[1867] R[3882] F[4062] R'[4318] U[6770] L[6936] U'[7275] L[7363] U[7527] L'[7686] U'[7914] L[8000] L[8096] D'[8395] L[8466] D[8618] L[8862] B[9500] L'[9769] B'[9966] L[10198] B'[10630] L[10876] B[11052] L[11257] L[11362] B'[11565] L[11710] B[11952] L'[13443] F[13682] L[13804] L[13863] F'[13966] L[14247] F[14382] L'[14446] F'[14536] L'[15219] B[15641] D'[15763] B'[15883] L'[16010] B[16069] D[16246] B'[16409] D'[16658] L[16788] D[17107] L'[18626] F'[18817] L[18852] F'[18952] L'[19252] U'[19531] F'[19666] U[19706] U[19777] L'[19867] U'[19997] L[20038] U'[20170] F[20292] U[20406] L'[20784] L[21064] F[21299] L'[21545],cube,,Playground,custom_rules,D L2 D' R U' F' B D2 L' F2 U' L2 D L2 U2 L2 F2 U R2 F2 U R2,random_state,custom_rules,,,,8,LU,0,0,21545,68,69,73,3.16,8142,13403,"",0,Cross,z2 U' F' L S' D' D F D',z2[0] U'[0] F'[218] L[454] S'[1252] D'[1867] D[3882] F[4062] D'[4318],false,true,4318,0,4318,4318,8,9,9,1.85,F2L Slot 1,R U R' U R U' R',R[6770] U[6936] R'[7275] U[7363] R[7527] U'[7686] R'[7914],false,true,3596,2452,1144,7914,7,7,7,6.12,F2L Slot 2,U2 L' U L U B U' B',U2[8096] L'[8395] U[8466] L[8618] U[8862] B[9500] U'[9769] B'[9966],false,true,2052,481,1571,9966,8,8,9,5.09,F2L Slot 3,U B' U B U2 B' U B,U[10198] B'[10630] U[10876] B[11052] U2[11362] B'[11565] U[11710] B[11952],false,true,1986,664,1322,11952,8,8,9,6.05,F2L Slot 4,U' F U2 F' U F U' F',U'[13443] F[13682] U2[13863] F'[13966] U[14247] F[14382] U'[14446] F'[14536],false,true,2584,1730,854,14536,8,8,9,9.37,OLL,U' B L' B' U' B L B' L' U L,U'[15219] B[15641] L'[15763] B'[15883] U'[16010] B[16069] L[16246] B'[16409] L'[16658] U[16788] L[17107],false,true,2571,1105,1466,17107,11,11,11,7.5,PLL,U' F' U F' U' R' F' R2 U' R' U R' F R U' U F U',U'[18626] F'[18817] U[18852] F'[18952] U'[19252] R'[19531] F'[19666] R2[19777] U'[19867] R'[19997] U[20038] R'[20170] F[20292] R[20406] U'[20784] U[21064] F[21299] U'[21545],false,true,4438,1710,2728,21545,18,18,19,6.6,,,,,,,,,,,,,,,,,,,,,,,,,,,,7,FL->FR 94,"[FL,BL]->FR 38",13,13,V,,
35e07fa3-9e1e-434b-8f21-60aa296dac4f,2023-09-18 17:44:25 UTC,false,18706,CFOP,Gan Smart Cube,Gan i Carry,Gan 356i,Jacob Pfeifer,false,false,20024,18706,,D'[0] L'[310] D'[712] D'[981] L'[1552] U[1633] L'[1862] B[1907] U[2961] L'[3331] U[3434] L[3704] U[6182] R[6523] U[6800] R'[7038] U[7229] U[7349] B[7932] U[8060] B'[8183] U[9154] U[9245] F'[9703] U'[9965] F[10042] U[10418] F'[10579] U'[10684] F[10736] U'[11052] B'[11423] U'[11610] B[11820] R[12587] U'[12702] R'[12785] U'[12893] R[13008] U'[13107] R'[13213] U[13296] R[13601] U'[13692] R'[13800] U[14636] L'[14977] U[15037] U[15125] L[15214] U[15405] U[15488] L[15565] F'[15676] L'[15824] F[15878] R[17085] R[17171] U[17388] R[17570] U[17685] R'[17754] U'[17859] R'[18078] U'[18180] R'[18305] U[18354] R'[18566] U'[18706],cube,,Playground,custom_rules,L2 D L B2 D' B' U' R D B L2 U' L2 U2 L2 U L2 D' B2 U R2 D',random_state,custom_rules,,,,8,UF,0,0,18706,63,63,69,3.37,9000,9706,"",0,Cross,D' L' D2' L' U L' B,D'[0] L'[310] D2'[981] L'[1552] U[1633] L'[1862] B[1907],false,true,1907,0,1907,1907,7,7,8,3.67,F2L Slot 1,U L' U L,U[2961] L'[3331] U[3434] L[3704],false,true,1797,1424,373,3704,4,4,4,10.72,F2L Slot 2,U R U R' U2 B U B',U[6182] R[6523] U[6800] R'[7038] U2[7349] B[7932] U[8060] B'[8183],false,true,4479,2819,1660,8183,8,8,9,4.82,F2L Slot 3,U2 F' U' F U F' U' F U' B' U' B,U2[9245] F'[9703] U'[9965] F[10042] U[10418] F'[10579] U'[10684] F[10736] U'[11052] B'[11423] U'[11610] B[11820],false,true,3637,1520,2117,11820,12,12,13,5.67,F2L Slot 4,R U' R' U' R U' R' U R U' R',R[12587] U'[12702] R'[12785] U'[12893] R[13008] U'[13107] R'[13213] U[13296] R[13601] U'[13692] R'[13800],false,true,1980,767,1213,13800,11,11,11,9.07,OLL,U L' U2 L U2 L F' L' F,U[14636] L'[14977] U2[15125] L[15214] U2[15488] L[15565] F'[15676] L'[15824] F[15878],false,true,2078,1177,901,15878,9,9,11,9.99,PLL,R2 U R U R' U' R' U' R' U R' U',R2[17171] U[17388] R[17570] U[17685] R'[17754] U'[17859] R'[18078] U'[18180] R'[18305] U[18354] R'[18566] U'[18706],false,true,2828,1293,1535,18706,12,12,13,7.82,,,,,,,,,,,,,,,,,,,,,,,,,,,,5,BL->FR 39,"[FL,BR]->FR 55",1,7,Ub,,
5c1bdb2e-fa80-44d6-b9d3-a650d286f5b8,2023-09-18 17:46:44 UTC,false,17178,CFOP,Gan Smart Cube,Gan i Carry,Gan 356i,Jacob Pfeifer,false,false,8925,17178,,D[0] R'[242] F[414] D[837] D[918] B'[1338] B'[1583] D[1943] D[2053] F'[2714] R[2866] F[2995] R'[3208] R'[3303] F'[3584] R[3803] L'[4592] F[4712] L[4926] U'[5483] F'[5796] U[5889] D[6902] F'[7065] D'[7280] F[7369] D'[7548] F'[7694] D[8110] L'[9150] F[9228] L[9354] F[9646] F[9750] L'[10015] F[10072] L[10165] F'[11043] F'[11396] F[11924] F[12016] L[12550] F[12660] L'[12712] F[12747] L[12956] F[13041] F[13159] L'[13220] U[13395] L[13555] F[13658] L'[13716] F'[13781] U'[13939] F'[14936] L[15112] L[15179] B'[15423] U[15511] F'[15606] U[15781] F[16085] U'[16166] B[16355] L[16502] L[16573] D[16955] F'[17049] D'[17137] F[17178],cube,,Playground,custom_rules,U L F2 L D B2 U2 B D2 L F' B2 U R2 U F2 L2 U' L2 D F2 B2,random_state,custom_rules,,,,8,FU,0,0,17178,61,61,71,3.55,7280,9898,"",0,Cross,x F R' U F2 D2' F2,x[0] F[0] R'[242] U[414] F2[918] D2'[1583] F2[2053],false,true,2053,0,2053,2053,6,6,9,2.92,F2L Slot 1,U' R U R2' U' R,U'[2714] R[2866] U[2995] R2'[3303] U'[3584] R[3803],false,true,1750,813,937,3803,6,6,7,6.4,F2L Slot 2,L' U L B' U' B,L'[4592] U[4712] L[4926] B'[5483] U'[5796] B[5889],false,true,2086,789,1297,5889,6,6,6,4.63,F2L Slot 3,F U' F' U F' U' F,F[6902] U'[7065] F'[7280] U[7369] F'[7548] U'[7694] F[8110],false,true,2221,1013,1208,8110,7,7,7,5.79,F2L Slot 4,L' U L U2 L' U L,L'[9150] U[9228] L[9354] U2[9750] L'[10015] U[10072] L[10165],false,true,2055,1040,1015,10165,7,7,8,6.9,OLL,U2' U2 L U L' U L U2 L' B L U L' U' B',U2'[11396] U2[12016] L[12550] U[12660] L'[12712] U[12747] L[12956] U2[13159] L'[13220] B[13395] L[13555] U[13658] L'[13716] U'[13781] B'[13939],false,true,3774,2385,1389,13939,15,15,18,10.8,PLL,U' L2 D' B U' B U B' D L2 F U' F' U,U'[14936] L2[15179] D'[15423] B[15511] U'[15606] B[15781] U[16085] B'[16166] D[16355] L2[16573] F[16955] U'[17049] F'[17137] U[17178],false,true,3239,1240,1999,17178,14,14,16,7.0,,,,,,,,,,,,,,,,,,,,,,,,,,,,141,FL->FR 6,"[BL,BR]->FR 23",32,41,Gc,,
c8aefcd5-fcbf-48e5-9829-9b45bec454d2,2023-09-18 17:47:29 UTC,false,15826,CFOP,Gan Smart Cube,Gan i Carry,Gan 356i,Jacob Pfeifer,false,false,15269,15826,,D[0] D[86] B[434] D'[721] L[849] D[999] F[1433] D'[1860] F'[2047] D[2253] F[2450] L[2931] F[3089] L'[3373] F'[3660] D'[3907] F[4042] D[4544] F'[4862] L'[5090] F[5180] L[5426] F'[5902] R[6089] F'[6251] R'[6423] F[6491] F[6595] R[6975] F'[7149] R'[7390] F[7657] F[7872] R'[8170] F'[8290] R[8390] F[8506] F[8615] R'[9012] F[9075] R[9165] F[9886] F[10005] R[10258] F[10358] R'[10440] F[10509] R'[10944] D[11079] R[11167] D'[11370] F[11599] F[11660] R'[11806] D[11857] R[11963] D'[12127] F[13454] L[13665] R'[13674] L[13745] R'[13759] B'[13879] L[14006] R'[14007] L[14363] R'[14375] F'[14539] L[14690] R'[14709] D'[14855] D'[14968] L[15139] R'[15150] L[15266] R'[15313] U'[15393] U'[15505] L[15645] R'[15660] F'[15826],cube,,Playground,custom_rules,L F2 B L D L F' U' F L2 B2 U2 R2 U B2 D R2 U' B2 R2 B2,random_state,custom_rules,,,,8,FU,0,0,15826,62,67,81,3.92,5563,10177,"",0,Cross,x F2 D F' L F,x[43] F2[86] D[434] F'[721] L[849] F[999],false,true,913,0,913,999,5,5,6,5.48,F2L Slot 1,U F' U' F U L U L',U[1433] F'[1860] U'[2047] F[2253] U[2450] L[2931] U[3089] L'[3373],false,true,2374,861,1513,3373,8,8,8,5.29,F2L Slot 2,U' F' U F U' L' U L,U'[3660] F'[3907] U[4042] F[4544] U'[4862] L'[5090] U[5180] L[5426],false,true,2053,534,1519,5426,8,8,8,5.27,F2L Slot 3,U' R U' R' U2 R U' R',U'[5902] R[6089] U'[6251] R'[6423] U2[6595] R[6975] U'[7149] R'[7390],false,true,1964,663,1301,7390,8,8,9,6.15,F2L Slot 4,U2 R' U' R U2 R' U R,U2[7872] R'[8170] U'[8290] R[8390] U2[8615] R'[9012] U[9075] R[9165],false,true,1775,780,995,9165,8,8,10,8.04,OLL,U2 R U R' U R' F R F' U2 R' F R F',U2[10005] R[10258] U[10358] R'[10440] U[10509] R'[10944] F[11079] R[11167] F'[11370] U2[11660] R'[11806] F[11857] R[11963] F'[12127],false,true,2962,1093,1869,12127,14,14,16,7.49,PLL,U M2' U' M2' U' M' U2' M2' U2' M' U',U[13454] M2'[13759] U'[13879] M2'[14375] U'[14539] M'[14709] U2'[14968] M2'[15313] U2'[15505] M'[15660] U'[15826],false,true,3699,1632,2067,15826,11,16,24,5.32,,,,,,,,,,,,,,,,,,,,,,,,,,,,113,FL->FR 71,"[FL,BL]->FR 39",11,17,Z,,
008607c6-6acb-49c5-9ea5-cda1a7ec21a8,2023-09-18 17:46:05 UTC,false,18302,CFOP,Gan Smart Cube,Gan i Carry,Gan 356i,Jacob Pfeifer,false,false,14206,18302,,F'[0] U'[253] B'[893] D[988] D[1094] R[2166] R[2290] B[2421] R'[2535] B'[2704] R'[2964] L[3455] L'[3980] D'[4373] R[4598] D[5154] R[5277] U'[5754] R'[5884] U[5968] R[6118] U'[6281] R'[6406] U[6488] R[6729] R[6917] B'[7331] R'[7547] B[7689] R'[8275] F'[8572] R[8666] F[8817] F[8950] R'[9367] F'[9536] R[9966] F'[10127] R[10318] R[10425] F[10521] R[10743] R[10852] R[11314] D[11606] R[11712] D'[11791] R'[12792] D[13202] D'[13400] D'[13690] R'[13802] D[13911] R'[14168] D'[14301] R[14359] R[14439] D[14501] F[15010] D[15200] R[15339] D'[15409] R'[15498] F'[15741] R[16128] R[16224] D'[16578] R[16635] R[16701] D'[16790] R'[17070] B'[17310] D'[17411] B[17482] B[17544] R'[17612] B'[17719] R[17766] B'[17850] D[18005] B[18097] R'[18188] D[18302],cube,,Playground,custom_rules,U F R' U F R2 B' U R2 D L U2 F2 L2 B2 R2 D F2 D L2 B2 U2,random_state,custom_rules,,,,8,RU,0,0,18302,71,71,83,3.88,5649,12653,"",0,Cross,z' F' L' B' R2,z'[0] F'[0] L'[253] B'[893] R2[1094],false,true,1094,0,1094,1094,4,4,5,3.66,F2L Slot 1,U2 B U' B' U' D D' R' U R,U2[2290] B[2421] U'[2535] B'[2704] U'[2964] D[3455] D'[3980] R'[4373] U[4598] R[5154],false,true,4060,1327,2733,5154,10,10,11,3.66,F2L Slot 2,U L' U' L U L' U' L U2 B' U' B,U[5277] L'[5754] U'[5884] L[5968] U[6118] L'[6281] U'[6406] L[6488] U2[6917] B'[7331] U'[7547] B[7689],false,true,2535,600,1935,7689,12,12,13,6.2,F2L Slot 3,U' F' U F2 U' F',U'[8275] F'[8572] U[8666] F2[8950] U'[9367] F'[9536],false,true,1847,883,964,9536,6,6,7,6.22,F2L Slot 4,U F' U2 F U3 R U R',U[9966] F'[10127] U2[10425] F[10521] U3[11314] R[11606] U[11712] R'[11791],false,true,2255,591,1664,11791,8,8,11,4.81,OLL,U' R R2' U' R U' R' U2 R F R U R' U' F',U'[12792] R[13202] R2'[13690] U'[13802] R[13911] U'[14168] R'[14301] U2[14439] R[14501] F[15010] R[15200] U[15339] R'[15409] U'[15498] F'[15741],false,true,3950,1411,2539,15741,15,15,17,5.91,PLL,U2 R' U2 R' U' B' R' B2 U' B' U B' R B U' R,U2[16224] R'[16578] U2[16701] R'[16790] U'[17070] B'[17310] R'[17411] B2[17544] U'[17612] B'[17719] U[17766] B'[17850] R[18005] B[18097] U'[18188] R[18302],false,true,2561,837,1724,18302,16,16,19,9.28,,,,,,,,,,,,,,,,,,,,,,,,,,,,28,FL->FR 70,"[FL,BL]->FR 55",2,42,F,,
9edb6ae9-5a1c-40be-97ab-24f832fbcfc8,2023-09-18 17:48:08 UTC,false,15511,CFOP,Gan Smart Cube,Gan i Carry,Gan 356i,Jacob Pfeifer,false,false,10551,15511,,F[0] F[95] U'[665] L'[1365] U'[1928] U'[2209] B[2668] B[2818] R[3222] D'[3366] R'[3500] D'[3669] B'[4151] D[4266] B[4432] F[5110] D[5335] D[5440] F'[5656] D[5833] L[6499] D'[6665] L'[6813] D[6969] R'[7312] D[7397] R[7746] D'[8572] L'[8695] D[8757] L[8864] D[9279] B[9370] D'[9466] B'[9541] F'[10628] D'[10815] F[10878] D'[11240] F'[11439] D[11539] F[11684] D[11847] F[11941] L'[12061] F'[12175] L[12217] B[13838] R'[13980] B'[14073] L[14134] B[14305] R[14398] B'[14484] L'[14595] B[14685] R[14782] B'[14867] L[14907] B[15042] R'[15129] B'[15199] L'[15334] D'[15511],cube,,Playground,custom_rules,U2 B' D L F' U2 R2 F U R' U2 B2 R2 D2 R2 U' B2 D' L2 U L2 F2,random_state,custom_rules,,,,8,DB,0,0,15511,60,60,64,3.87,5238,10178,"",0,Cross,z2 F2 D' R' D2' B2,z2[47] F2[95] D'[665] R'[1365] D2'[2209] B2[2818],false,true,2723,0,2723,2818,5,5,8,1.84,F2L Slot 1,L U' L' U' B' U B,L[3222] U'[3366] L'[3500] U'[3669] B'[4151] U[4266] B[4432],false,true,1614,404,1210,4432,7,7,7,5.79,F2L Slot 2,F U2 F' U R U' R',F[5110] U2[5440] F'[5656] U[5833] R[6499] U'[6665] R'[6813],false,true,2381,678,1703,6813,7,7,8,4.11,F2L Slot 3,U L' U L,U[6969] L'[7312] U[7397] L[7746],false,true,933,499,434,7746,4,4,4,9.22,F2L Slot 4,U' R' U R U B U' B',U'[8572] R'[8695] U[8757] R[8864] U[9279] B[9370] U'[9466] B'[9541],false,true,1795,949,846,9541,8,8,8,9.46,OLL,F' U' F U' F' U F U F R' F' R,F'[10628] U'[10815] F[10878] U'[11240] F'[11439] U[11539] F[11684] U[11847] F[11941] R'[12061] F'[12175] R[12217],false,true,2676,1087,1589,12217,12,12,12,7.55,PLL,B L' B' R B L B' R' B L B' R B L' B' R' U',B[13838] L'[13980] B'[14073] R[14134] B[14305] L[14398] B'[14484] R'[14595] B[14685] L[14782] B'[14867] R[14907] B[15042] L'[15129] B'[15199] R'[15334] U'[15511],false,true,3294,1621,1673,15511,17,17,17,10.16,,,,,,,,,,,,,,,,,,,,,,,,,,,,28,BL->FR 9,"[FL,BR]->FR 5",25,36,E,,
9a733bb0-1fff-4390-a839-eb5ca8e49211,2023-09-18 17:48:55 UTC,false,19518,CFOP,Gan Smart Cube,Gan i Carry,Gan 356i,Jacob Pfeifer,false,false,7662,19518,,U[0] L'[579] B[847] F'[897] D[1395] F[1612] D'[1859] U[2291] U[2400] F[2555] U'[2652] F'[2785] U'[2872] F[2950] U'[3100] F'[3589] R[4419] U'[4693] R'[4863] L[6303] U[6697] U[6789] L'[7143] U[7268] L[7421] U'[7784] L'[8351] U'[8943] R'[9186] U[9351] U[9476] R[9651] U'[10017] R'[10236] U[10379] R[10511] U[10836] U'[11458] L'[11686] U[11730] L[11809] U[11931] L'[12124] U[12174] L[12240] U'[12341] L'[12489] U[12541] L[12596] U'[13360] U'[13613] R[14275] B'[14459] B[14893] B[15268] L'[15570] B[15611] L[15704] B'[15836] L'[15977] B[16032] L[16127] B[16391] B[16464] R'[16585] U'[17489] U'[17729] L'[17902] U[17949] U[18025] L[18103] U'[18258] U'[18378] L'[18585] B[18614] L[18728] U[18858] L'[18948] U'[19011] L'[19235] B'[19362] L[19418] L[19473] U'[19518],cube,,Playground,custom_rules,D' B L2 B' R' L' B' U2 D' B' U2 F2 D' F2 U F2 D' R2 D2 R2 B2 U',random_state,custom_rules,,,,8,UF,0,0,19518,73,74,84,3.74,7142,12376,"",0,Cross,z' L D' S D F D',z'[0] L[0] D'[579] S[897] D[1395] F[1612] D'[1859],false,true,1859,0,1859,1859,6,7,7,3.23,F2L Slot 1,U2 F U' F' U' F U' F' R U' R',U2[2400] F[2555] U'[2652] F'[2785] U'[2872] F[2950] U'[3100] F'[3589] R[4419] U'[4693] R'[4863],false,true,3004,696,2308,4863,11,11,12,4.77,F2L Slot 2,L U2 L' U L U' L',L[6303] U2[6789] L'[7143] U[7268] L[7421] U'[7784] L'[8351],false,true,3488,1440,2048,8351,7,7,8,3.42,F2L Slot 3,U' R' U2 R U' R' U R,U'[8943] R'[9186] U2[9476] R[9651] U'[10017] R'[10236] U[10379] R[10511],false,true,2160,835,1325,10511,8,8,9,6.04,F2L Slot 4,U U' L' U L U L' U L U' L' U L,U[10836] U'[11458] L'[11686] U[11730] L[11809] U[11931] L'[12124] U[12174] L[12240] U'[12341] L'[12489] U[12541] L[12596],false,true,2085,1175,910,12596,13,13,13,14.29,OLL,U2' R B' B2 L' B L B' L' B L B2 R',U2'[13613] R[14275] B'[14459] B2[15268] L'[15570] B[15611] L[15704] B'[15836] L'[15977] B[16032] L[16127] B2[16464] R'[16585],false,true,3989,1679,2310,16585,13,13,16,5.63,PLL,U2' L' U2 L U2' L' B L U L' U' L' B' L2 U',U2'[17729] L'[17902] U2[18025] L[18103] U2'[18378] L'[18585] B[18614] L[18728] U[18858] L'[18948] U'[19011] L'[19235] B'[19362] L2[19473] U'[19518],false,true,2933,1317,1616,19518,15,15,19,9.28,,,,,,,,,,,,,,,,,,,,,,,,,,,,1,BL->FR 13,"[FL,BR]->FR 10",22,54,Rb,,
e9463177-0a0b-40eb-8b58-2c51441827cc,2023-09-18 17:49:42 UTC,false,18763,CFOP,Gan Smart Cube,Gan i Carry,Gan 356i,Jacob Pfeifer,false,false,16031,18763,,L[0] D'[351] B[452] L[1145] F[1348] F[1460] L[1646] D[2179] D[2300] L'[3964] F'[4252] L[4420] F[4560] L'[4757] U[5404] L'[5645] U'[5849] L[6086] U'[6331] L'[6629] U[6788] L[7066] F[7418] L[7554] F'[7813] L[8346] L[8506] B'[8884] L[8927] L[9011] B[9104] L[9406] L[9522] B'[9865] L[9972] B[10392] L[10690] U'[11482] L[11599] U[11722] L[11914] L[12039] B[12427] L[12535] B'[12620] L[13585] F'[13901] L[13999] L[14077] F[14149] L[14322] L[14404] F[14931] U'[15058] F'[15170] U[15223] L'[16151] L[16373] B'[16732] L'[16837] B[16928] D[17346] D[17433] R[17623] F'[17750] L[17810] F[18077] L'[18197] F[18291] R'[18519] D[18607] D[18684] L'[18763],cube,,Playground,custom_rules,B D2 R' U2 B R' U F L D R2 B2 D R2 F2 U' L2 U' B2 D2 F2 R2,random_state,custom_rules,,,,8,LU,0,0,18763,63,63,73,3.36,7385,11378,"",0,Cross,z U L' B U F2 U L2,z[0] U[0] L'[351] B[452] U[1145] F2[1460] U[1646] L2[2300],false,true,2300,0,2300,2300,7,7,9,3.04,F2L Slot 1,U' F' U F U' R U' R',U'[3964] F'[4252] U[4420] F[4560] U'[4757] R[5404] U'[5645] R'[5849],false,true,3549,1952,1597,5849,8,8,8,5.01,F2L Slot 2,U R' U' R U F U F',U[6086] R'[6331] U'[6629] R[6788] U[7066] F[7418] U[7554] F'[7813],false,true,1964,482,1482,7813,8,8,8,5.4,F2L Slot 3,U2 B' U2 B U2 B' U B,U2[8506] B'[8884] U2[9011] B[9104] U2[9522] B'[9865] U[9972] B[10392],false,true,2579,1071,1508,10392,8,8,11,5.31,F2L Slot 4,U R' U R U2 B U B',U[10690] R'[11482] U[11599] R[11722] U2[12039] B[12427] U[12535] B'[12620],false,true,2228,1090,1138,12620,8,8,9,7.03,OLL,U F' U2 F U2 F R' F' R,U[13585] F'[13901] U2[14077] F[14149] U2[14404] F[14931] R'[15058] F'[15170] R[15223],false,true,2603,1281,1322,15223,9,9,11,6.81,PLL,U' U B' U' B L2 D F' U F U' F D' L2 U',U'[16151] U[16373] B'[16732] U'[16837] B[16928] L2[17433] D[17623] F'[17750] U[17810] F[18077] U'[18197] F[18291] D'[18519] L2[18684] U'[18763],false,true,3540,1509,2031,18763,15,15,17,7.39,,,,,,,,,,,,,,,,,,,,,,,,,,,,52,BR->FR 71,"[BL,BR]->FR 17",3,7,Gb,,
ca0e9c4b-58b1-4895-84fd-31e2902af80f,2023-09-18 17:50:27 UTC,false,19662,CFOP,Gan Smart Cube,Gan i Carry,Gan 356i,Jacob Pfeifer,false,false,11401,19662,,B[0] L'[209] U'[886] R'[1340] F[1459] F[1558] B'[1891] B'[2143] D'[2780] D'[3088] R[3327] U'[3495] R'[3704] U'[3877] L'[4088] U'[4471] L[4574] U'[5278] U[6014] R'[6474] U[6604] R[6750] U[6973] B'[7554] U[7732] B[7963] U[8412] U[8531] F'[8859] U[8911] U[9012] F[9152] U[9329] U[9436] B[9876] U[10140] B'[10588] U[11339] U'[11743] U[11969] R[12696] U[12802] U[12869] R'[12972] U[13278] R'[13680] F[13748] R[13827] F'[14238] U[14835] U[14926] B[15227] U[15464] L[15568] U'[15652] L'[15715] B'[15896] F[16131] R[16294] U[16423] R'[16479] U'[16561] F'[16685] U[17294] U'[17567] L[17882] U[17967] U[18047] L'[18145] U[18298] U[18362] L[18449] F'[18535] L'[18641] U'[18743] L[18779] U[18885] L[18957] F[19209] L'[19286] L'[19505] U[19602] U[19662],cube,,Playground,custom_rules,U F2 L' D' R2 B R F L' D2 F U2 D' F2 R2 U' B2 R2 U' D2 R2 F2,random_state,custom_rules,,,,8,UF,0,0,19662,70,71,83,3.56,7329,12333,"",0,Cross,B L' U' R' F2 B2' D2',B[0] L'[209] U'[886] R'[1340] F2[1558] B2'[2143] D2'[3088],false,true,3088,0,3088,3088,7,7,10,2.27,F2L Slot 1,R U' R' U' L' U' L,R[3327] U'[3495] R'[3704] U'[3877] L'[4088] U'[4471] L[4574],false,true,1486,239,1247,4574,7,7,7,5.61,F2L Slot 2,U' U R' U R U B' U B,U'[5278] U[6014] R'[6474] U[6604] R[6750] U[6973] B'[7554] U[7732] B[7963],false,true,3389,1900,1489,7963,9,9,9,6.04,F2L Slot 3,U2 F' U2 F U2 B U B',U2[8531] F'[8859] U2[9012] F[9152] U2[9436] B[9876] U[10140] B'[10588],false,true,2625,896,1729,10588,8,8,11,4.63,F2L Slot 4,U U' U R U2 R' U R' F R F',U[11339] U'[11743] U[11969] R[12696] U2[12869] R'[12972] U[13278] R'[13680] F[13748] R[13827] F'[14238],false,true,3650,2108,1542,14238,11,11,12,7.13,OLL,U2 B U L U' L' S' U L U' L' F' z,U2[14926] B[15227] U[15464] L[15568] U'[15652] L'[15715] S'[16131] U[16294] L[16423] U'[16479] L'[16561] F'[16685] z[16989],false,true,2447,989,1458,16685,12,13,14,8.23,PLL,U U' L U2 L' U2 L F' L' U' L U L F L2' U2,U[17294] U'[17567] L[17882] U2[18047] L'[18145] U2[18362] L[18449] F'[18535] L'[18641] U'[18743] L[18779] U[18885] L[18957] F[19209] L2'[19505] U2[19662],false,true,2977,1197,1780,19662,16,16,20,8.99,,,,,,,,,,,,,,,,,,,,,,,,,,,,23,BR->FR 95,"[BL,BR]->FR 2",9,22,Ra,,
72a098f7-d45e-4430-a9e7-1303a81feab1,2023-09-18 17:51:16 UTC,false,23109,CFOP,Gan Smart Cube,Gan i Carry,Gan 356i,Jacob Pfeifer,false,false,13255,23109,,F'[0] U[654] D[916] F[1188] L[1956] B[2176] U'[4060] B[4362] U[4488] L[4718] R'[6253] U[6602] R'[6739] U'[6858] R'[6965] U[7056] R'[7216] U'[7404] F[8084] R'[8313] F'[8530] F'[9621] R[9765] R[9885] F[10013] R'[10202] F'[10329] R[10420] F[10560] R[11263] B'[11667] R'[11872] B[11947] R[12063] B'[12241] R'[12349] B[12410] R[12652] R[12786] D'[13262] R'[13711] D[13840] R[15018] R[15169] R[15522] B'[15658] R'[15749] B[15878] R[15994] R[16069] B'[16447] R[16513] B[16593] R[17251] R[17362] U[17642] R[17842] F[17935] R'[18022] F'[18083] R[18162] F[18256] R'[18317] F'[18401] U'[18542] R'[19662] R'[19945] R[20497] B[20782] U'[20906] B[21037] D[21302] D[21927] B'[22147] U[22212] B[22346] D[22517] D[22741] B'[22933] B'[23109],cube,,Playground,custom_rules,L2 D L' B2 U2 R' U F L F2 U' R2 L2 U L2 D2 F2 D L2 D L2 D2,random_state,custom_rules,,,,8,RU,0,0,23109,70,70,80,3.03,9189,13920,"",0,Cross,z' F' L R F D B L' B L D,z'[0] F'[0] L[654] R[916] F[1188] D[1956] B[2176] L'[4060] B[4362] L[4488] D[4718],false,true,4718,0,4718,4718,10,10,10,2.12,F2L Slot 1,U' L U' L' U' L U' L' F U' F',U'[6253] L[6602] U'[6739] L'[6858] U'[6965] L[7056] U'[7216] L'[7404] F[8084] U'[8313] F'[8530],false,true,3812,1884,1928,8530,11,11,11,5.71,F2L Slot 2,F' U2 F U' F' U F,F'[9621] U2[9885] F[10013] U'[10202] F'[10329] U[10420] F[10560],false,true,2030,1091,939,10560,7,7,8,7.45,F2L Slot 3,U B' U' B U B' U' B U2 R' U' R,U[11263] B'[11667] U'[11872] B[11947] U[12063] B'[12241] U'[12349] B[12410] U2[12786] R'[13262] U'[13711] R[13840],false,true,3280,1107,2173,13840,12,12,13,5.52,F2L Slot 4,U3 B' U' B U2 B' U B,U3[15522] B'[15658] U'[15749] B[15878] U2[16069] B'[16447] U[16513] B[16593],false,true,2753,1818,935,16593,8,8,11,8.56,OLL,U2 L U F U' F' U F U' F' L',U2[17362] L[17642] U[17842] F[17935] U'[18022] F'[18083] U[18162] F[18256] U'[18317] F'[18401] L'[18542],false,true,1949,1049,900,18542,11,11,12,12.22,PLL,U2' U B L' B R2 B' L B R2 B2',U2'[19945] U[20497] B[20782] L'[20906] B[21037] R2[21927] B'[22147] L[22212] B[22346] R2[22741] B2'[23109],false,true,4567,2240,2327,23109,11,11,15,4.73,,,,,,,,,,,,,,,,,,,,,,,,,,,,1,FL->FR 10,"[FL,BL]->FR 58",11,51,Ab,,
eb54cbd1-f8ea-4d0d-aafb-de499e52a7b8,2023-09-18 17:52:46 UTC,false,14134,CFOP,Gan Smart Cube,Gan i Carry,Gan 356i,Jacob Pfeifer,false,false,12233,14134,,U'[0] B'[377] D[771] R[1059] F'[1502] D'[2603] L[2771] D'[2939] L'[3128] B'[3520] D'[3839] B[3940] L'[5125] D'[5329] L[5454] D[5636] F[6139] D[6306] F'[6549] D[6987] D[7449] L[7874] D[8015] L'[8209] D[8581] F'[9038] D'[9366] F[9461] B[9854] D[10023] B'[10167] D'[10652] B[10830] B'[10966] L[11022] B[11159] D[11269] B'[11324] D'[11392] L'[11524] D'[12473] D'[12692] B'[12834] D[12912] F'[13042] D[13281] D[13420] B[13636] D'[13750] B'[13879] D[13923] D[13985] F[14058] B[14134],cube,,Playground,custom_rules,U R D' B U B' U2 L D R F2 B2 U L2 B2 U D2 R2 F2 B2 D,random_state,custom_rules,,,,8,DB,0,0,14134,50,50,54,3.54,6145,7989,"",0,Cross,z2 D' B' U L F',z2[0] D'[0] B'[377] U[771] L[1059] F'[1502],false,true,1502,0,1502,1502,5,5,5,3.33,F2L Slot 1,U' R U' R' B' U' B,U'[2603] R[2771] U'[2939] R'[3128] B'[3520] U'[3839] B[3940],false,true,2438,1269,1169,3940,7,7,7,5.99,F2L Slot 2,R' U' R U F U F',R'[5125] U'[5329] R[5454] U[5636] F[6139] U[6306] F'[6549],false,true,2609,1185,1424,6549,7,7,7,4.92,F2L Slot 3,U2 R U R' U F' U' F,U2[7449] R[7874] U[8015] R'[8209] U[8581] F'[9038] U'[9366] F[9461],false,true,2912,1325,1587,9461,8,8,9,5.04,F2L Slot 4,B U B',B[9854] U[10023] B'[10167],false,true,706,393,313,10167,3,3,3,9.58,OLL,U' B B' R B U B' U' R',U'[10652] B[10830] B'[10966] R[11022] B[11159] U[11269] B'[11324] U'[11392] R'[11524],false,true,1357,663,694,11524,9,9,9,12.97,PLL,U2' B' U F' U2 B U' B' U2 F B,U2'[12692] B'[12834] U[12912] F'[13042] U2[13420] B[13636] U'[13750] B'[13879] U2[13985] F[14058] B[14134],false,true,2610,1310,1300,14134,11,11,14,8.46,,,,,,,,,,,,,,,,,,,,,,,,,,,,23,FL->FR 95,"[FL,BL]->FR 42",14,45,Ja,,
2121f6d7-ab46-4c07-a10f-1527a2e883bf,2023-09-18 17:53:30 UTC,false,16498,CFOP,Gan Smart Cube,Gan i Carry,Gan 356i,Jacob Pfeifer,false,false,12048,16498,,B[0] R[157] U[508] D[920] L'[1337] L'[1426] L'[2064] D[2142] L[2272] L[3096] D[3303] D[3401] L'[3555] D'[3760] R[4064] D[4225] R'[4415] D'[4767] D'[5060] R'[5237] D'[5401] R[5547] D'[5694] F[6131] D[6255] F'[6458] D'[7628] D'[7883] B[8004] D[8093] D[8156] B'[8223] D'[8288] B[8366] D[8449] B'[8784] D[9246] D[9543] L[10112] D[10242] L'[10345] D[10558] L[10658] D'[10755] L'[10848] R'[12090] B[12186] R[12800] R[12874] F'[12975] R'[13071] R'[13133] B'[13224] R[13298] R[13380] F[13487] R'[13616] L[14511] D[14601] L'[14657] D'[14746] L'[14914] F[14982] L[15075] L[15120] D'[15194] D'[15345] D[15678] L'[15903] D'[15986] L[16091] D[16225] L'[16328] F'[16391] D'[16498],cube,,Playground,custom_rules,U B U' D B2 U F D2 L F2 B2 U L2 U B2 D' R2 D L2 U' R2 U,random_state,custom_rules,,,,8,DB,0,0,16498,63,63,75,3.82,6471,10027,"",0,Cross,z2 B L D U R2',z2[0] B[0] L[157] D[508] U[920] R2'[1426],false,true,1426,0,1426,1426,5,5,6,3.51,F2L Slot 1,R' U R R U2 R' U' L U L',R'[2064] U[2142] R[2272] R[3096] U2[3401] R'[3555] U'[3760] L[4064] U[4225] L'[4415],false,true,2989,638,2351,4415,10,10,11,4.25,F2L Slot 2,U2' L' U' L U' F U F',U2'[5060] L'[5237] U'[5401] L[5547] U'[5694] F[6131] U[6255] F'[6458],false,true,2043,822,1221,6458,8,8,9,6.55,F2L Slot 3,U2' B U2 B' U' B U B',U2'[7883] B[8004] U2[8156] B'[8223] U'[8288] B[8366] U[8449] B'[8784],false,true,2326,1546,780,8784,8,8,10,10.26,F2L Slot 4,U2 R U R' U R U' R',U2[9543] R[10112] U[10242] R'[10345] U[10558] R[10658] U'[10755] R'[10848],false,true,2064,1328,736,10848,8,8,9,10.87,OLL,L' B L2 F' L2' B' L2 F L',L'[12090] B[12186] L2[12874] F'[12975] L2'[13133] B'[13224] L2[13380] F[13487] L'[13616],false,true,2768,1242,1526,13616,9,9,12,5.9,PLL,R U R' U' R' F R2 U2' U R' U' R U R' F' U',R[14511] U[14601] R'[14657] U'[14746] R'[14914] F[14982] R2[15120] U2'[15345] U[15678] R'[15903] U'[15986] R[16091] U[16225] R'[16328] F'[16391] U'[16498],false,true,2882,895,1987,16498,16,16,18,8.05,,,,,,,,,,,,,,,,,,,,,,,,,,,,135,FL->FR 47,"[BL,BR]->FR 19",7,50,T,,
b71e2094-a8b5-4436-add4-cab0f3c72365,2023-09-18 17:54:08 UTC,false,18988,CFOP,Gan Smart Cube,Gan i Carry,Gan 356i,Jacob Pfeifer,false,false,6788,18988,,D'[0] L[123] F[403] D[653] D[753] F[978] U'[1205] U'[1359] U'[2724] F[2825] F[2939] U[3071] F[3275] U'[3502] F'[3818] U[3941] F'[6115] R[6323] F'[6441] R'[6589] F[6654] F[6829] D[7478] F'[7937] D'[8132] F[8668] U[8939] F'[9067] U'[9220] F'[9480] F'[9731] R[9917] F'[10277] R'[10498] F[10843] F[10953] R'[11496] F[11530] R[11659] F'[11749] R'[11862] F'[11982] R[12025] F[12861] L'[14122] U'[14257] L[14389] R'[14412] F'[14594] R[14716] F[14836] L'[15037] U[15089] L[15199] F'[16514] F[16802] F[17316] R[17482] F[17589] R'[17638] F'[17713] R'[17971] D[18003] R[18075] R[18133] F'[18177] R'[18240] F'[18365] R[18429] F[18502] R'[18570] D'[18768] F[18988],cube,,Playground,custom_rules,D F B2 D2 F D' R U R2 F' U2 R2 U' L2 B2 U B2 L2 U' R2 D B2,random_state,custom_rules,,,,8,FU,0,0,18988,64,65,73,3.37,9932,9056,"",0,Cross,x F' L U F2 U B2',x[0] F'[0] L[123] U[403] F2[753] U[978] B2'[1359],false,true,1359,0,1359,1359,6,6,8,4.42,F2L Slot 1,B' U2 B U B' U' B,B'[2724] U2[2939] B[3071] U[3275] B'[3502] U'[3818] B[3941],false,true,2582,1365,1217,3941,7,7,8,5.75,F2L Slot 2,U' R U' R' U2 F U' F',U'[6115] R[6323] U'[6441] R'[6589] U2[6829] F[7478] U'[7937] F'[8132],false,true,4191,2382,1809,8132,8,8,9,4.42,F2L Slot 3,U B U' B' U2' R U' R',U[8668] B[8939] U'[9067] B'[9220] U2'[9731] R[9917] U'[10277] R'[10498],false,true,2366,807,1559,10498,8,8,9,5.13,F2L Slot 4,U2 R' U R U' R' U' R,U2[10953] R'[11496] U[11530] R[11659] U'[11749] R'[11862] U'[11982] R[12025],false,true,1527,998,529,12025,8,8,9,15.12,OLL,U L' B' M' B' R B L' D L x',U[12861] L'[14122] B'[14257] M'[14412] B'[14594] R[14716] B[14836] L'[15037] D[15089] L[15199] x'[15856],false,true,3174,2097,1077,15199,10,11,11,9.29,PLL,U' U2 R U R' U' R' F R2 U' R' U' R U R' F' U,U'[16514] U2[17316] R[17482] U[17589] R'[17638] U'[17713] R'[17971] F[18003] R2[18133] U'[18177] R'[18240] U'[18365] R[18429] U[18502] R'[18570] F'[18768] U[18988],false,true,3789,2283,1506,18988,17,17,19,11.29,,,,,,,,,,,,,,,,,,,,,,,,,,,,4,FL->FR 32,"[FL,BL]->FR 32",6,15,T,,
394f9048-7f84-4ed5-9d91-0f51b33aa48d,2023-09-18 17:54:58 UTC,false,18423,CFOP,Gan Smart Cube,Gan i Carry,Gan 356i,Jacob Pfeifer,false,false,12327,18423,,L[0] F'[287] D'[706] R[859] R[993] U[1422] U[1619] F'[3255] L[3816] F'[3970] L'[4146] F'[4679] U'[4839] F[4929] U[5091] F'[6232] F'[6488] D'[6635] F[6708] D[6816] F[6911] D'[7102] F[7186] D[7295] F'[7447] D'[7620] F[7752] D[7934] F[8322] F[8432] L'[9005] F[9147] L[9389] R'[9959] F'[10134] R[10204] F[10329] R'[10482] F'[10610] R[10651] L[12632] F[12721] F[12804] L'[12864] F'[12947] L[12998] F[13095] L'[13176] F'[13235] L[13303] F'[13424] L'[13480] F[14569] F[14651] L[14978] L[15051] B'[15450] U[15593] F'[15698] U[15896] F[16194] U'[16304] F[16348] B[16534] F'[16913] L[17218] L[17291] D[17806] F'[18007] D'[18122] F[18164] F[18423],cube,,Playground,custom_rules,U2 D F' R2 D2 F2 U' R' F' D2 L F2 D' B2 U F2 U' F2 D' R2 L2,random_state,custom_rules,,,,8,FU,0,0,18423,63,63,72,3.42,8934,9489,"",0,Cross,x L U' F' R2 B2,x[0] L[0] U'[287] F'[706] R2[993] B2[1619],false,true,1619,0,1619,1619,5,5,7,3.09,F2L Slot 1,U' L U' L' U' B' U B,U'[3255] L[3816] U'[3970] L'[4146] U'[4679] B'[4839] U[4929] B[5091],false,true,3472,2197,1275,5091,8,8,8,6.27,F2L Slot 2,U2' F' U F U F' U F U' F' U F,U2'[6488] F'[6635] U[6708] F[6816] U[6911] F'[7102] U[7186] F[7295] U'[7447] F'[7620] U[7752] F[7934],false,true,2843,1544,1299,7934,12,12,13,9.24,F2L Slot 3,U2 L' U L,U2[8432] L'[9005] U[9147] L[9389],false,true,1455,1071,384,9389,4,4,5,10.42,F2L Slot 4,R' U' R U R' U' R,R'[9959] U'[10134] R[10204] U[10329] R'[10482] U'[10610] R[10651],false,true,1262,570,692,10651,7,7,7,10.12,OLL,L U2 L' U' L U L' U' L U' L',L[12632] U2[12804] L'[12864] U'[12947] L[12998] U[13095] L'[13176] U'[13235] L[13303] U'[13424] L'[13480],false,true,2829,1981,848,13480,11,11,12,12.97,PLL,U2 L2 D' B U' B U B' U D U' L2 F U' F' U2,U2[14651] L2[15051] D'[15450] B[15593] U'[15698] B[15896] U[16194] B'[16304] U[16348] D[16534] U'[16913] L2[17291] F[17806] U'[18007] F'[18122] U2[18423],false,true,4943,1571,3372,18423,16,16,20,4.74,,,,,,,,,,,,,,,,,,,,,,,,,,,,28,BL->FR 22,"[FL,BR]->FR 5",29,21,Gc,,
d3af11d9-e061-4bd4-ae58-4973985de4ec,2023-09-18 17:55:36 UTC,false,14904,CFOP,Gan Smart Cube,Gan i Carry,Gan 356i,Jacob Pfeifer,false,false,10005,14904,,L'[0] B'[210] R'[656] D'[1099] B[1301] L[1800] B[2049] F'[2896] D[3100] F'[3273] D'[3452] F[3538] D[3691] F[3782] D'[4094] U'[4334] F'[4597] U[4649] F[5029] U'[5172] F'[5424] U[5509] F'[5846] D'[6249] F'[6372] D[6615] F'[7268] U'[7412] F[7480] U[7591] F[7743] U'[8249] F[8304] U[8418] R'[9066] F[9202] R[9363] F[9620] F[9698] L[9812] F'[9979] L'[10125] F'[10627] R[10940] L'[10964] U[11115] R'[11278] L[11411] F[11570] F[11641] R[11834] L'[11961] U[12026] R'[12145] L[12257] F'[13063] F'[13271] L'[13438] F[13487] R'[13630] F[13840] F[13889] L[14000] F'[14088] L'[14241] F[14312] F[14370] L[14455] R[14705] F[14857] F[14904],cube,,Playground,custom_rules,F2 L' B2 D' B' R' D L2 F U2 F2 L2 D F2 R2 U L2 D R2 U2 L2 B2,random_state,custom_rules,,,,8,FU,0,0,14904,61,65,71,4.09,4557,10347,"",0,Cross,x L' D' R' F' D L D,x[0] L'[0] D'[210] R'[656] F'[1099] D[1301] L[1800] D[2049],false,true,2049,0,2049,2049,7,7,7,3.42,F2L Slot 1,U' F U' F' U F U F',U'[2896] F[3100] U'[3273] F'[3452] U[3538] F[3691] U[3782] F'[4094],false,true,2045,1051,994,4094,8,8,8,8.05,F2L Slot 2,B' U' B U B' U' B U' F' U' F,B'[4334] U'[4597] B[4649] U[5029] B'[5172] U'[5424] B[5509] U'[5846] F'[6249] U'[6372] F[6615],false,true,2521,240,2281,6615,11,11,11,4.82,F2L Slot 3,U' B' U B U B' U B R' U R,U'[7268] B'[7412] U[7480] B[7591] U[7743] B'[8249] U[8304] B[8418] R'[9066] U[9202] R[9363],false,true,2748,797,1951,9363,11,11,11,5.64,F2L Slot 4,U2 L U' L',U2[9698] L[9812] U'[9979] L'[10125],false,true,762,449,313,10125,4,4,5,12.78,OLL,U' M U M' U2 M U M',U'[10627] M[10964] U[11115] M'[11411] U2[11641] M[11961] U[12026] M'[12257],false,true,2132,839,1293,12257,8,12,13,6.19,PLL,U2' L' U R' U2 L U' L' U2 L R U2,U2'[13271] L'[13438] U[13487] R'[13630] U2[13889] L[14000] U'[14088] L'[14241] U2[14370] L[14455] R[14705] U2[14904],false,true,2647,1181,1466,14904,12,12,16,8.19,,,,,,,,,,,,,,,,,,,,,,,,,,,,20,FL->FR 91,"[FL,BL]->FR 22",21,28,Ja,,
15a45c7f-e2fc-4569-b37f-e8fa6f34ce5e,2023-09-18 17:56:19 UTC,false,19603,CFOP,Gan Smart Cube,Gan i Carry,Gan 356i,Jacob Pfeifer,false,false,6527,19603,,D'[0] R'[263] D'[637] U'[936] L'[1240] B[1357] U'[2663] U'[2934] R[3096] U[3204] U[3292] R'[3410] U[3635] B[4214] U'[4405] B'[4575] U'[6207] U'[7697] U'[8103] U'[8384] R[8861] R'[8956] U'[9113] R[9225] U[9317] R'[9390] U'[9466] R[9520] U[9599] R'[9682] U'[10890] L[10982] U'[11130] L'[11209] U[11274] L[11345] U'[11424] L'[11496] U'[12390] U'[12761] F[13112] U[13565] R[13658] U'[13744] R'[13822] F'[14048] U[14914] B[15163] L[15299] U[15425] L'[15488] U'[15558] B'[15711] U'[16413] U'[16756] L'[17104] U[17150] L'[17259] U'[17713] F'[18025] L'[18166] F[18213] F[18276] U'[18359] F'[18452] U[18490] F'[18633] L[18738] F[18837] L[19282] U'[19477] U'[19603],cube,,Playground,custom_rules,F D2 L U B2 U' F R D' L' B' U L2 F2 U2 D L2 U2 B2 U L2 B2,random_state,custom_rules,,,,8,UF,0,0,19603,64,64,72,3.26,10334,9269,"",1,Cross,D' R' D' U' L' B,D'[0] R'[263] D'[637] U'[936] L'[1240] B[1357],false,true,1357,0,1357,1357,6,6,6,4.42,F2L Slot 1,,"",true,false,0,0,0,1357,0,0,0,0,F2L Slot 2,U2' R U2 R' U B U' B',U2'[2934] R[3096] U2[3292] R'[3410] U[3635] B[4214] U'[4405] B'[4575],false,true,3218,1739,1479,4575,8,8,10,5.41,F2L Slot 3,U' U3' R R' U' R U R' U' R U R',U'[6207] U3'[8384] R[8861] R'[8956] U'[9113] R[9225] U[9317] R'[9390] U'[9466] R[9520] U[9599] R'[9682],false,true,5107,4286,821,9682,12,12,14,14.62,F2L Slot 4,U' L U' L' U L U' L',U'[10890] L[10982] U'[11130] L'[11209] U[11274] L[11345] U'[11424] L'[11496],false,true,1814,1300,514,11496,8,8,8,15.56,OLL,U2' F U R U' R' F' U B L U L' U' B',U2'[12761] F[13112] U[13565] R[13658] U'[13744] R'[13822] F'[14048] U[14914] B[15163] L[15299] U[15425] L'[15488] U'[15558] B'[15711],false,true,4215,1616,2599,15711,14,14,15,5.39,PLL,U2' L' U L' U' F' L' F2 U' F' U F' L F L U2',U2'[16756] L'[17104] U[17150] L'[17259] U'[17713] F'[18025] L'[18166] F2[18276] U'[18359] F'[18452] U[18490] F'[18633] L[18738] F[18837] L[19282] U2'[19603],false,true,3892,1393,2499,19603,16,16,19,6.4,,,,,,,,,,,,,,,,,,,,,,,,,,,,Solved,BL->FR 9,"[FL,BR]->FR 27",26,4,V,,
ca24b40a-fc52-4e05-8f98-cf2798f84502,2023-09-18 17:57:10 UTC,false,19718,CFOP,Gan Smart Cube,Gan i Carry,Gan 356i,Jacob Pfeifer,false,false,14855,19718,,L[0] R'[301] D[418] R[591] R[890] F'[1356] L[1846] F[2059] L'[2194] F'[2652] L[2710] F[2863] L'[3047] F[3253] R[3821] F[4104] R'[4322] F'[5207] F[6887] F[7114] F'[7393] L[7719] F[7912] L'[8222] F[8447] L[8607] F'[8791] L'[8970] F[9354] L'[9507] F[9669] F[9778] L[9903] F'[10155] D[10538] F[10669] D'[11140] F[11885] R'[12411] F[12472] F[12560] R[12688] F'[12836] F'[13144] R'[13424] F[13493] R[13590] F[14506] F[14594] U'[14960] F'[15250] R'[15499] F[15529] R[15668] U[16014] L[17558] R'[17574] L[17810] R'[17836] B'[18041] L[18365] R'[18373] L[18495] R'[18506] F'[18626] F'[18734] L[18916] R'[18916] L[19009] R'[19020] B'[19158] L[19373] R'[19382] L[19498] R'[19514] F'[19605] F'[19718],cube,,Playground,custom_rules,R2 B' D' B' R U2 R2 U L' B2 U F2 L2 U F2 U2 L2 B2 L2 U' F2 U2,random_state,custom_rules,,,,8,FU,0,0,19718,57,61,77,2.89,9353,10365,"",0,Cross,x L R' F R2,x[0] L[0] R'[301] F[418] R2[890],false,true,890,0,890,890,4,4,5,4.49,F2L Slot 1,U' L U L' U' L U L' U R U R',U'[1356] L[1846] U[2059] L'[2194] U'[2652] L[2710] U[2863] L'[3047] U[3253] R[3821] U[4104] R'[4322],false,true,3432,956,2476,4322,12,12,12,4.85,F2L Slot 2,U' U2 U' L U L' U L U' L',U'[5207] U2[7114] U'[7393] L[7719] U[7912] L'[8222] U[8447] L[8607] U'[8791] L'[8970],false,true,4648,3397,1251,8970,10,10,11,7.99,F2L Slot 3,U L' U2 L U' F U F',U[9354] L'[9507] U2[9778] L[9903] U'[10155] F[10538] U[10669] F'[11140],false,true,2170,537,1633,11140,8,8,9,4.9,F2L Slot 4,U R' U2 R U2' R' U R,U[11885] R'[12411] U2[12560] R[12688] U2'[13144] R'[13424] U[13493] R[13590],false,true,2450,1271,1179,13590,8,8,10,6.79,OLL,U2 B' U' R' U R B,U2[14594] B'[14960] U'[15250] R'[15499] U[15529] R[15668] B[16014],false,true,2424,1370,1054,16014,7,7,8,6.64,PLL,M2' U' M2' U2' M2' U' M2' U2',M2'[17836] U'[18041] M2'[18506] U2'[18734] M2'[19020] U'[19158] M2'[19514] U2'[19718],false,true,3704,1822,1882,19718,8,12,22,4.25,,,,,,,,,,,,,,,,,,,,,,,,,,,,109,BL->FR 7,"[FL,BR]->FR 2",17,43,H,,
4707dc27-b37d-402e-ba84-748cfa8c4d9a,2023-09-18 17:58:02 UTC,false,16807,CFOP,Gan Smart Cube,Gan i Carry,Gan 356i,Jacob Pfeifer,false,false,15685,16807,,R[0] B[143] L[452] L[543] U[794] U[887] D'[1333] F[1668] L'[1897] F'[2036] B[2981] L'[3435] B[3512] B[3662] L[3970] B'[4173] L'[4461] B[4578] L[4726] B[5310] L[5690] B'[5856] L'[6019] B[6117] D'[6486] B'[6681] D[6891] R[7475] B'[7622] R'[7797] B[7951] D[8419] B'[8565] D'[9068] B'[9551] B'[9874] B'[10094] U'[10242] B[10313] U[10812] B[10962] U'[11137] B[11216] U[11317] B'[11434] U'[11584] B[11657] U[11745] B[12419] L[12754] B[12949] U[13057] B'[13108] U'[13199] L'[13727] B[14514] D[15302] B'[15577] D[15708] B[15912] D[16103] B[16219] D[16374] B'[16469] D'[16587] B'[16669] D[16767] D[16807],cube,,Playground,custom_rules,R' B' U F D' R B L' B R' U' B2 U L2 U2 D B2 L2 U' L2 U2 B2,random_state,custom_rules,,,,8,BU,0,0,16807,62,62,68,3.69,6705,10102,"",0,Cross,x' R U L2 F2 B' D L' D',x'[0] R[0] U[143] L2[543] F2[887] B'[1333] D[1668] L'[1897] D'[2036],false,true,2036,0,2036,2036,8,8,10,3.93,F2L Slot 1,U L' U2 L U' L' U L,U[2981] L'[3435] U2[3662] L[3970] U'[4173] L'[4461] U[4578] L[4726],false,true,2690,1399,1291,4726,8,8,9,6.2,F2L Slot 2,U L U' L' U B' U' B,U[5310] L[5690] U'[5856] L'[6019] U[6117] B'[6486] U'[6681] B[6891],false,true,2165,964,1201,6891,8,8,8,6.66,F2L Slot 3,R U' R' U B U' B',R[7475] U'[7622] R'[7797] U[7951] B[8419] U'[8565] B'[9068],false,true,2177,584,1593,9068,7,7,7,4.39,F2L Slot 4,U3' F' U F U F' U F U' F' U F,U3'[10094] F'[10242] U[10313] F[10812] U[10962] F'[11137] U[11216] F[11317] U'[11434] F'[11584] U[11657] F[11745],false,true,2677,1174,1503,11745,12,12,14,7.98,OLL,U L U F U' F' L',U[12419] L[12754] U[12949] F[13057] U'[13108] F'[13199] L'[13727],false,true,1982,1009,973,13727,7,7,7,7.19,PLL,U B U' B U B U B U' B' U' B2,U[14514] B[15302] U'[15577] B[15708] U[15912] B[16103] U[16219] B[16374] U'[16469] B'[16587] U'[16669] B2[16807],false,true,3080,1575,1505,16807,12,12,13,7.97,,,,,,,,,,,,,,,,,,,,,,,,,,,,10,BR->FR 18,"[BL,BR]->FR 60",22,44,Ua,,
52192096-078b-4ddd-94e9-a5ebf5c702b6,2023-09-19 00:10:49 UTC,false,18852,CFOP,Gan Smart Cube,Gan i Carry,Gan 356i,Jacob Pfeifer,false,false,14215,18852,,R[0] F[216] U[487] R[1178] D'[1449] R'[2153] R'[2448] L[4014] B[4653] L'[4795] B'[4917] L[5139] D[5682] L'[5894] D'[6193] L'[6576] U[6785] L'[7018] U'[7251] L[7370] L[7482] U[7800] L'[8065] U'[8258] L[8555] D'[9336] L'[9731] D[9821] L[9983] D'[10492] L'[10610] D[10675] L'[11102] U'[11426] L'[11611] U[11727] L[11929] D'[12336] L'[12521] D[12588] L[12697] D'[12891] L'[12982] D[13053] L[13811] L'[13984] U[14174] L[14309] U'[14433] L[14481] U[14685] L'[14896] B[15196] L'[15330] B'[15444] U'[15509] F[16802] B'[16810] F[16854] B'[16866] R'[16995] F[17093] B'[17094] F[17398] B'[17409] L'[17558] F[17706] B'[17745] U'[17917] U'[18030] F[18223] B'[18231] F[18329] B'[18343] D'[18462] D'[18560] F[18684] B'[18693] L'[18852],cube,,Playground,custom_rules,D2 L' B U' D R F B' U B D F2 U B2 R2 D' F2 D' L2 U2 F2 B2,random_state,custom_rules,,,,8,LU,0,0,18852,64,69,79,3.39,6962,11890,"",0,Cross,z D F R D L' D2',z[0] D[0] F[216] R[487] D[1178] L'[1449] D2'[2448],false,true,2448,0,2448,2448,6,6,7,2.45,F2L Slot 1,U B U' B' U L U' L',U[4014] B[4653] U'[4795] B'[4917] U[5139] L[5682] U'[5894] L'[6193],false,true,3745,2205,1540,6193,8,8,8,5.19,F2L Slot 2,U' R U' R' U2 R U' R',U'[6576] R[6785] U'[7018] R'[7251] U2[7482] R[7800] U'[8065] R'[8258],false,true,2065,592,1473,8258,8,8,9,5.43,F2L Slot 3,U L' U' L U L' U' L U' R' U' R,U[8555] L'[9336] U'[9731] L[9821] U[9983] L'[10492] U'[10610] L[10675] U'[11102] R'[11426] U'[11611] R[11727],false,true,3469,1078,2391,11727,12,12,12,5.02,F2L Slot 4,U L' U' L U L' U' L,U[11929] L'[12336] U'[12521] L[12588] U[12697] L'[12891] U'[12982] L[13053],false,true,1326,609,717,13053,8,8,8,11.16,OLL,U U' R U R' U R U' B U' B' R',U[13811] U'[13984] R[14174] U[14309] R'[14433] U[14481] R[14685] U'[14896] B[15196] U'[15330] B'[15444] R'[15509],false,true,2456,1121,1335,15509,12,12,12,8.99,PLL,S2' U' S2' U' S' U2' S2' U2' S' U',S2'[16866] U'[16995] S2'[17409] U'[17558] S'[17745] U2'[18030] S2'[18343] U2'[18560] S'[18693] U'[18852],false,true,3343,1357,1986,18852,10,15,23,5.04,,,,,,,,,,,,,,,,,,,,,,,,,,,,144,BL->FR 45,"[FL,BR]->FR 55",29,52,Z,,
40ce77c6-954c-4879-aeda-b6104343a334,2023-09-19 00:13:23 UTC,false,26077,CFOP,Gan Smart Cube,Gan i Carry,Gan 356i,Jacob Pfeifer,false,false,51340,26077,,L[0] B'[166] L[325] B[639] R'[1883] B[2415] B'[3114] D'[3281] B[3374] D[3506] F'[3779] F'[4072] U'[5208] B[5296] U[5408] L'[5862] B'[6289] L[6408] B'[7106] R'[7409] B[7514] B[7615] R[7715] B[8071] B[8165] R'[8483] B[8690] R[9124] U[11687] D'[11884] U'[12788] D[12915] B'[13179] R[13561] L'[13652] D[13746] D[13856] R'[13962] L[14113] B[14354] U[14843] D'[14948] R[15046] R[15145] U'[15277] D[15431] B[15654] L[16320] R'[16357] U[16467] U[16552] L'[16723] R[16836] B[18045] R[18324] B[18634] B[19021] R'[19148] B[19402] R[19503] B'[19585] R'[19654] L[20640] U[20760] U[20844] R'[20929] U'[21051] R[21178] U'[21290] L'[21450] L'[23355] B[23601] R'[23775] B[23895] B[23961] L[24232] B'[24346] R[24383] L'[24598] B[24957] R'[25199] B[25540] B[25627] L[25945] B'[26038] R[26077],cube,,Playground,custom_rules,B L' B U B2 U L2 F D' B U' B2 D F2 U R2 F2 R2 U2 B2 L2 U,random_state,custom_rules,,,,8,BU,0,0,26077,67,76,86,2.57,4379,21698,"",3,Cross,x' L U' L U R' U U' B' U B D2' F' U F L' U' L U' R' U2 R U2 R' U R S' S U' M U2 M' U S' U2 S U M' U2 M,x'[0] L[0] U'[166] L[325] U[639] R'[1883] U[2415] U'[3114] B'[3281] U[3374] B[3506] D2'[4072] F'[5208] U[5296] F[5408] L'[5862] U'[6289] L[6408] U'[7106] R'[7409] U2[7615] R[7715] U2[8165] R'[8483] U[8690] R[9124] S'[11884] S[12915] U'[13179] M[13652] U2[13856] M'[14113] U[14354] S'[14948] U2[15145] S[15431] U[15654] M'[16357] U2[16552] M[16836],false,true,16836,0,16836,16836,39,47,53,2.32,F2L Slot 1,,"",true,false,0,0,0,16836,0,0,0,0,F2L Slot 2,,"",true,false,0,0,0,16836,0,0,0,0,F2L Slot 3,,"",true,false,0,0,0,16836,0,0,0,0,F2L Slot 4,U R U2 R' U R U' R',U[18045] R[18324] U2[19021] R'[19148] U[19402] R[19503] U'[19585] R'[19654],false,true,2818,1488,1330,19654,8,8,9,6.02,OLL,L F2 R' F' R F' L',L[20640] F2[20844] R'[20929] F'[21051] R[21178] F'[21290] L'[21450],false,true,1796,986,810,21450,7,7,8,8.64,PLL,L' U R' U2 L U' M F R' F2 L F' R,L'[23355] U[23601] R'[23775] U2[23961] L[24232] U'[24346] M[24598] F[24957] R'[25199] F2[25627] L[25945] F'[26038] R[26077],false,true,4627,1905,2722,26077,13,14,16,4.78,,,,,,,,,,,,,,,,,,,,,,,,,,,,Solved,FL->FR Solved,"[FL,BL]->FR Solved",13,6,Nb,,
08ffebcf-acd0-4292-9f53-6d6e54e26c3b,2023-09-19 00:10:02 UTC,false,18739,CFOP,Gan Smart Cube,Gan i Carry,Gan 356i,Jacob Pfeifer,false,false,17830,18739,,L[0] U[316] U[419] L[704] B[949] L[1328] F[1760] R[2464] R[2587] U'[3241] R[3326] U[3470] D'[3926] R[4036] D[4354] R[4580] U'[4986] R[5085] R[5176] U[5296] U[5464] R[5694] U'[5862] F[7132] R[7242] F'[7319] R'[7417] F[7506] R[7618] F'[7718] R'[7801] F[7901] R[7998] F'[8157] R[9563] R[9847] R[10312] R'[10532] R'[10829] R'[11203] F'[11328] R[11386] F[11484] R[12092] D[12206] R'[12297] D'[12397] R[13562] R[13901] D[14161] R[14261] D'[14349] R[14386] D[14587] R[14675] R[14738] D'[14796] F[14969] D[15110] R[15224] D'[15298] R'[15356] F'[15496] D[16515] D[16714] L[16972] B'[17106] R[17319] B'[17413] R'[17494] B[17597] L'[17798] D[17858] D[17944] F'[18431] R[18495] F[18616] R'[18739],cube,,Playground,custom_rules,F D R' F2 L' F U F R' B R2 B2 D' R2 B2 D2 R2 U' L2 U F2 L2,random_state,custom_rules,,,,8,RU,0,0,18739,66,66,78,3.52,9536,9203,"",0,Cross,z' D L2 D B D F,z'[0] D[0] L2[419] D[704] B[949] D[1328] F[1760],false,true,1760,0,1760,1760,6,6,7,3.41,F2L Slot 1,U2 L' U L R' U R,U2[2587] L'[3241] U[3326] L[3470] R'[3926] U[4036] R[4354],false,true,2594,1481,1113,4354,7,7,8,6.29,F2L Slot 2,U L' U2 L2 U L',U[4580] L'[4986] U2[5176] L2[5464] U[5694] L'[5862],false,true,1508,632,876,5862,6,6,8,6.85,F2L Slot 3,F U F' U' F U F' U' F U F',F[7132] U[7242] F'[7319] U'[7417] F[7506] U[7618] F'[7718] U'[7801] F[7901] U[7998] F'[8157],false,true,2295,1270,1025,8157,11,11,11,10.73,F2L Slot 4,U3 U3' F' U F U R U' R',U3[10312] U3'[11203] F'[11328] U[11386] F[11484] U[12092] R[12206] U'[12297] R'[12397],false,true,4240,3171,1069,12397,9,9,13,8.42,OLL,U2 R U R' U R U2 R' F R U R' U' F',U2[13901] R[14161] U[14261] R'[14349] U[14386] R[14587] U2[14738] R'[14796] F[14969] R[15110] U[15224] R'[15298] U'[15356] F'[15496],false,true,3099,1764,1335,15496,14,14,16,10.49,PLL,R2 D B' U B' U' B D' R2 F' U F U',R2[16714] D[16972] B'[17106] U[17319] B'[17413] U'[17494] B[17597] D'[17798] R2[17944] F'[18431] U[18495] F[18616] U'[18739],false,true,3243,1218,2025,18739,13,13,15,6.42,,,,,,,,,,,,,,,,,,,,,,,,,,,,110,FL->FR 2,"[FL,BL]->FR 37",25,41,Ga,,
8634587b-5462-4379-b2cf-dde68e2c32cf,2023-09-19 00:11:46 UTC,false,15183,CFOP,Gan Smart Cube,Gan i Carry,Gan 356i,Jacob Pfeifer,false,false,15390,15183,,F[0] D[185] D[269] L[566] R[1093] R[1180] D'[1592] R'[1737] D[1847] R[2228] F[2726] R[2880] F'[3146] R[3384] D'[3868] R[3928] D[4051] R[4279] B'[4859] R[4932] B[5361] F'[6586] R'[6797] F[6869] R'[7157] R'[7495] D'[7627] R[7685] D[7820] R[8058] R[8184] D[8419] R'[8681] D'[8949] R[9116] R[9206] B[9579] R'[9697] B'[9807] R'[10398] R'[10808] B[10929] B[11009] L[11142] B'[11319] R[11413] R[11494] B[11565] L'[11756] B'[11971] R[12016] R[12078] B'[12153] B[13795] U'[13898] B[14023] D[14145] D[14333] B'[14531] U[14594] B[14690] D[14802] D[15004] B'[15127] B'[15183],cube,,Playground,custom_rules,U2 D2 L B2 U2 F' D B' L U L2 D R2 D L2 D B2 D2 L2 U' R2 U',random_state,custom_rules,,,,8,RU,0,0,15183,53,53,65,3.49,6447,8736,"",0,Cross,z' F R2 D,z'[0] F[0] R2[269] D[566],false,true,566,0,566,566,3,3,4,5.3,F2L Slot 1,U2 R' U' R U F U F',U2[1180] R'[1592] U'[1737] R[1847] U[2228] F[2726] U[2880] F'[3146],false,true,2580,1026,1554,3146,8,8,9,5.15,F2L Slot 2,U R' U R U B' U B,U[3384] R'[3868] U[3928] R[4051] U[4279] B'[4859] U[4932] B[5361],false,true,2215,722,1493,5361,8,8,8,5.36,F2L Slot 3,F' U' F U2' R' U R U2 R U' R',F'[6586] U'[6797] F[6869] U2'[7495] R'[7627] U[7685] R[7820] U2[8184] R[8419] U'[8681] R'[8949],false,true,3588,1225,2363,8949,11,11,13,4.66,F2L Slot 4,U2 B U' B',U2[9206] B[9579] U'[9697] B'[9807],false,true,858,630,228,9807,4,4,5,17.54,OLL,U2' B2 D B' U2 B D' B' U2 B',U2'[10808] B2[11009] D[11142] B'[11319] U2[11494] B[11565] D'[11756] B'[11971] U2[12078] B'[12153],false,true,2346,1202,1144,12153,10,10,14,8.74,PLL,B L' B R2 B' L B R2 B2',B[13795] L'[13898] B[14023] R2[14333] B'[14531] L[14594] B[14690] R2[15004] B2'[15183],false,true,3030,1642,1388,15183,9,9,12,6.48,,,,,,,,,,,,,,,,,,,,,,,,,,,,113,BR->FR 95,"[FL,BL]->FR 52",21,23,Ab,,
38d24466-0721-44c5-ba82-6efaf76857b6,2023-09-19 00:14:13 UTC,false,15485,CFOP,Gan Smart Cube,Gan i Carry,Gan 356i,Jacob Pfeifer,false,false,12083,15485,,U[0] L[157] F'[583] D[701] L'[1407] F[1546] L[1672] L[1758] F'[2018] L[2121] D'[2564] L'[2796] D[3081] L[3466] L[3646] B'[3958] L[4207] B[4362] L[4578] U[4940] L[5072] U'[5872] L[6307] L[6586] B'[6954] L'[7147] B[7293] L'[7585] B'[7753] L[7815] B[8411] L[9361] L'[9588] B[9711] L[9841] B'[9966] L[10220] B[10325] L'[10413] B'[10473] L'[11336] L'[11593] B[11704] L[11835] B'[11989] L[12046] B[12240] L'[12363] B'[12460] L'[12615] B'[12761] U[12813] B[12920] U'[13125] L'[13851] B[14029] L'[14163] B[14235] L[14461] B[14614] L[14759] B[14848] L'[14964] B'[15104] L'[15142] B[15306] B[15390] L[15485],cube,,Playground,custom_rules,F' R' B2 U B' D R L U L U' R2 B2 U' R2 U' F2 D R2 F2 D F2,random_state,custom_rules,,,,8,LU,0,0,15485,63,63,68,4.07,6239,9246,"",0,Cross,z R U F' L,z[0] R[0] U[157] F'[583] L[701],false,true,701,0,701,701,4,4,4,5.71,F2L Slot 1,U' F U2 F' U L' U' L,U'[1407] F[1546] U2[1758] F'[2018] U[2121] L'[2564] U'[2796] L[3081],false,true,2380,845,1535,3081,8,8,9,5.21,F2L Slot 2,U2 B' U B U R U R',U2[3646] B'[3958] U[4207] B[4362] U[4578] R[4940] U[5072] R'[5872],false,true,2791,877,1914,5872,8,8,9,4.18,F2L Slot 3,U2 B' U' B U' B' U B,U2[6586] B'[6954] U'[7147] B[7293] U'[7585] B'[7753] U[7815] B[8411],false,true,2539,1082,1457,8411,8,8,9,5.49,F2L Slot 4,U U' B U B' U B U' B',U[9361] U'[9588] B[9711] U[9841] B'[9966] U[10220] B[10325] U'[10413] B'[10473],false,true,2062,1300,762,10473,9,9,9,11.81,OLL,U2' B U B' U B U' B' U' B' R B R',U2'[11593] B[11704] U[11835] B'[11989] U[12046] B[12240] U'[12363] B'[12460] U'[12615] B'[12761] R[12813] B[12920] R'[13125],false,true,2652,1231,1421,13125,13,13,14,9.15,PLL,U' B U' B U B U B U' B' U' B2 U,U'[13851] B[14029] U'[14163] B[14235] U[14461] B[14614] U[14759] B[14848] U'[14964] B'[15104] U'[15142] B2[15390] U[15485],false,true,2360,904,1456,15485,13,13,14,8.93,,,,,,,,,,,,,,,,,,,,,,,,,,,,24,FL->FR 8,"[BL,BR]->FR 16",7,38,Ua,,
b42748d9-b855-4be4-b6e2-e2b9b32c554d,2023-09-19 00:15:04 UTC,false,18095,CFOP,Gan Smart Cube,Gan i Carry,Gan 356i,Jacob Pfeifer,false,false,11603,18095,,U'[0] D'[518] R[581] D'[818] F[1076] F[1168] R'[2901] F'[3306] R'[3503] F[3772] R[4608] R'[5065] F[5358] R[5597] F'[5773] R[5896] U'[6247] R'[6431] U[6709] R'[7646] U[7797] R[7924] R[8025] U'[8183] R'[8338] B[8479] R'[8844] B'[9498] R[10104] R[10232] B'[10705] R[10771] B[10879] R'[10966] B'[11073] R'[11174] B[11237] R'[12009] R'[12266] U[12463] R[12748] F[12871] R'[12935] F'[13011] U'[13186] R[13847] D[14127] B[14256] R[14391] B'[14461] R'[14543] D'[14697] B'[15488] B[15632] R[15851] D[16413] B[16535] R'[16589] B'[16688] R'[16796] B[16845] R[16939] B'[16991] D'[17087] B[17178] R[17310] B'[17344] R'[17467] B'[17632] D[17683] B[17772] D'[17977] R'[18095],cube,,Playground,custom_rules,U2 F' B' R U2 F D' F2 U' R' D L2 F2 U' F2 U' R2 U F2 D' F2 D,random_state,custom_rules,,,,8,RU,0,0,18095,69,69,73,3.81,8036,10059,"",0,Cross,z' L' R' U R' F2,z'[0] L'[0] R'[518] U[581] R'[818] F2[1168],false,true,1168,0,1168,1168,5,5,6,4.28,F2L Slot 1,U' F' U' F,U'[2901] F'[3306] U'[3503] F[3772],false,true,2604,2138,466,3772,4,4,4,8.58,F2L Slot 2,U U' F U F' U L' U' L,U[4608] U'[5065] F[5358] U[5597] F'[5773] U[5896] L'[6247] U'[6431] L[6709],false,true,2937,1586,1351,6709,9,9,9,6.66,F2L Slot 3,U' L U2 L' U' B U' B',U'[7646] L[7797] U2[8025] L'[8183] U'[8338] B[8479] U'[8844] B'[9498],false,true,2789,1088,1701,9498,8,8,9,4.7,F2L Slot 4,U2 B' U B U' B' U' B,U2[10232] B'[10705] U[10771] B[10879] U'[10966] B'[11073] U'[11174] B[11237],false,true,1739,1207,532,11237,8,8,9,15.04,OLL,U2' L U F U' F' L' U R B U B' U' R',U2'[12266] L[12463] U[12748] F[12871] U'[12935] F'[13011] L'[13186] U[13847] R[14127] B[14256] U[14391] B'[14461] U'[14543] R'[14697],false,true,3460,1226,2234,14697,14,14,15,6.27,PLL,B' B U R B U' B' U' B U B' R' B U B' U' B' R B R' U',B'[15488] B[15632] U[15851] R[16413] B[16535] U'[16589] B'[16688] U'[16796] B[16845] U[16939] B'[16991] R'[17087] B[17178] U[17310] B'[17344] U'[17467] B'[17632] R[17683] B[17772] R'[17977] U'[18095],false,true,3398,791,2607,18095,21,21,21,8.06,,,,,,,,,,,,,,,,,,,,,,,,,,,,12,BR->FR 48,"[FL,BL]->FR 9",6,4,Y,,
96bd6237-3fac-455b-8ca5-af10e749968b,2023-09-19 00:15:51 UTC,false,17116,CFOP,Gan Smart Cube,Gan i Carry,Gan 356i,Jacob Pfeifer,false,false,11601,17116,,F'[0] D'[180] R[583] R[668] B'[1001] B'[1072] D'[1609] D'[1901] U[2501] U[2689] L[3070] U[3211] L'[3487] L'[3694] U'[3896] L[4176] U[4726] R'[5049] U[5144] R[5390] U'[5583] F'[5992] U[6122] F[6377] U'[7874] R'[8548] U[8662] U[8806] R[8963] U'[9172] R'[9456] U[9610] R[9756] U[10724] U[11104] U[11524] L[11629] U'[11733] L'[11826] U'[12083] B'[12359] U[12402] B[12521] U'[13217] F[13378] U[13449] U[13504] F'[13569] U'[13621] F[13711] U'[13804] F'[13866] U'[14710] U'[14942] F[15068] F[15139] D[15442] R'[15615] U[15836] R'[15924] U'[15994] R[16094] D'[16207] F[16289] F[16371] L'[16820] U[16875] L[16984] U[17116],cube,,Playground,custom_rules,D' F L U2 D' L U' D' F2 R' D R2 U' B2 L2 D B2 U' L2 U L2 F2,random_state,custom_rules,,,,8,UF,0,0,17116,57,57,69,3.33,8216,8900,"",0,Cross,F' D' R2 B2' D2',F'[0] D'[180] R2[668] B2'[1072] D2'[1901],false,true,1901,0,1901,1901,5,5,8,2.63,F2L Slot 1,U2 L U L2' U' L,U2[2689] L[3070] U[3211] L2'[3694] U'[3896] L[4176],false,true,2275,1169,1106,4176,6,6,8,5.42,F2L Slot 2,U R' U R U' F' U F,U[4726] R'[5049] U[5144] R[5390] U'[5583] F'[5992] U[6122] F[6377],false,true,2201,873,1328,6377,8,8,8,6.02,F2L Slot 3,U' R' U2 R U' R' U R,U'[7874] R'[8548] U2[8806] R[8963] U'[9172] R'[9456] U[9610] R[9756],false,true,3379,2171,1208,9756,8,8,9,6.62,F2L Slot 4,U3 L U' L' U' B' U B,U3[11524] L[11629] U'[11733] L'[11826] U'[12083] B'[12359] U[12402] B[12521],false,true,2765,1873,892,12521,8,8,10,8.97,OLL,U' F U2 F' U' F U' F',U'[13217] F[13378] U2[13504] F'[13569] U'[13621] F[13711] U'[13804] F'[13866],false,true,1345,857,488,13866,8,8,9,16.39,PLL,U2' F2 D R' U R' U' R D' F2 L' U L U,U2'[14942] F2[15139] D[15442] R'[15615] U[15836] R'[15924] U'[15994] R[16094] D'[16207] F2[16371] L'[16820] U[16875] L[16984] U[17116],false,true,3250,1273,1977,17116,14,14,17,7.08,,,,,,,,,,,,,,,,,,,,,,,,,,,,141,FL->FR 71,"[FL,BL]->FR 10",28,26,Ga,,
993c6104-9118-4077-9c56-fa2b531fe0d0,2023-09-19 00:16:46 UTC,false,15966,CFOP,Gan Smart Cube,Gan i Carry,Gan 356i,Jacob Pfeifer,false,false,18846,15966,,B'[0] B'[251] R'[614] F[668] R[815] D[1123] U[1714] U[1824] L[2130] U[2427] L'[2744] U[3489] U[3671] R[4066] U[4172] R'[4516] U'[4634] R[4758] U[4837] R'[4940] U'[5021] R[5098] U[5183] R'[5273] U'[5357] U'[5579] L'[5713] U[5764] L[5846] U[6002] L'[6169] U[6242] L[6355] U'[6545] L'[6690] U[6777] L[6873] U[7694] R'[7998] U[8042] R[8132] U'[8210] R'[8290] U'[8393] R[8442] U'[9235] R'[9527] U'[9619] R[9711] U'[9825] R'[9933] U[9975] U[10038] R[10116] F[10454] R[10587] U[10715] R'[10767] U'[10856] F'[11282] U'[12192] U'[12740] R'[13214] U[13281] U[13345] R[13436] U'[13549] U'[13675] R'[13859] F[13902] R[14026] U[14137] R'[14196] U'[14294] R'[14520] F'[15592] R[15670] R[15739] U'[15846] U'[15966],cube,,Playground,custom_rules,U' L2 F2 U R' F B2 D L2 F' D' R2 F2 R2 D R2 U2 R2 U' F2 R2 U',random_state,custom_rules,,,,8,UF,0,0,15966,70,70,80,4.38,6911,8804,"",0,Cross,B2' R' F R D,B2'[251] R'[614] F[668] R[815] D[1123],false,true,872,0,872,1123,5,5,6,5.73,F2L Slot 1,U2 L U L',U2[1824] L[2130] U[2427] L'[2744],false,true,1621,1007,614,2744,4,4,5,6.51,F2L Slot 2,U2 R U R' U' R U R' U' R U R',U2[3671] R[4066] U[4172] R'[4516] U'[4634] R[4758] U[4837] R'[4940] U'[5021] R[5098] U[5183] R'[5273],false,true,2529,1322,1207,5273,12,12,13,9.94,F2L Slot 3,U2' L' U L U L' U L U' L' U L,U2'[5579] L'[5713] U[5764] L[5846] U[6002] L'[6169] U[6242] L[6355] U'[6545] L'[6690] U[6777] L[6873],false,true,1600,440,1160,6873,12,12,13,10.34,F2L Slot 4,U R' U R U' R' U' R,U[7694] R'[7998] U[8042] R[8132] U'[8210] R'[8290] U'[8393] R[8442],false,true,1569,1125,444,8442,8,8,8,18.02,OLL,U' R' U' R U' R' U2 R F R U R' U' F',U'[9235] R'[9527] U'[9619] R[9711] U'[9825] R'[9933] U2[10038] R[10116] F[10454] R[10587] U[10715] R'[10767] U'[10856] F'[11282],false,true,2840,1085,1755,11282,14,14,15,7.98,PLL,U2' R' U2 R U2' R' F R U R' U' R' F' R2 U2',U2'[12740] R'[13214] U2[13345] R[13436] U2'[13675] R'[13859] F[13902] R[14026] U[14137] R'[14196] U'[14294] R'[14520] F'[15592] R2[15739] U2'[15966],false,true,4684,1932,2752,15966,15,15,20,5.45,,,,,,,,,,,,,,,,,,,,,,,,,,,,14,BL->FR 43,"[FL,BR]->FR 22",6,42,Rb,,
e86f1dc6-fccb-4151-9fed-a2ad265d4eb6,2023-09-19 00:18:56 UTC,false,19384,CFOP,Gan Smart Cube,Gan i Carry,Gan 356i,Jacob Pfeifer,false,false,7720,19384,,R[0] R[337] R'[723] L[866] F'[999] L'[1170] U[1346] L'[1601] B[1663] L[1788] D'[2088] D'[2388] R'[3288] U[3448] R[3670] U'[3901] F'[4361] U[4464] F[4653] U'[5737] U'[6308] U'[6582] B'[6809] U[6928] B[7058] U[8055] U'[8390] U[8510] U[8822] R'[9248] U'[9399] R[9490] U'[9731] R'[9886] U[9988] R[10232] U[10484] L'[10674] U[10795] L[10904] U'[11057] L'[11211] U'[11376] L[11436] U[12086] U[12275] R[12674] U[12787] R'[12925] R'[13002] U'[13152] R'[13351] F[13380] R[13479] U[13668] R[13800] U'[13918] F'[14107] U[14856] U[15488] B[15755] U[15930] L[16041] U'[16090] L'[16161] B'[16314] U'[16935] F[17091] R[17189] U[17330] R'[17404] U'[17464] F'[17612] U'[18143] U'[18354] R[18441] U[18528] R'[18598] F'[18669] R[18720] U[18854] R'[18909] U'[18982] R'[19153] F[19175] R[19235] R[19273] U'[19312] R'[19384],cube,,Playground,custom_rules,R2 U' B' U L B R D2 F U' D L2 B2 R2 F2 U2 B2 U' F2 U R2,random_state,custom_rules,,,,8,UF,0,0,19384,78,79,89,4.02,7755,11292,"",0,Cross,x' R2 M' F' L' U L' B L D2',x'[168] R2[337] M'[866] F'[999] L'[1170] U[1346] L'[1601] B[1663] L[1788] D2'[2388],false,true,2051,0,2051,2388,9,10,12,4.39,F2L Slot 1,R' U R U' F' U F,R'[3288] U[3448] R[3670] U'[3901] F'[4361] U[4464] F[4653],false,true,2265,900,1365,4653,7,7,7,5.13,F2L Slot 2,U3' B' U B,U3'[6582] B'[6809] U[6928] B[7058],false,true,2405,2156,249,7058,4,4,6,16.06,F2L Slot 3,U U' U2 R' U' R U' R' U R,U[8055] U'[8390] U2[8822] R'[9248] U'[9399] R[9490] U'[9731] R'[9886] U[9988] R[10232],false,true,3174,2190,984,10232,10,10,11,10.16,F2L Slot 4,U L' U L U' L' U' L,U[10484] L'[10674] U[10795] L[10904] U'[11057] L'[11211] U'[11376] L[11436],false,true,1204,442,762,11436,8,8,8,10.5,OLL,U2 R U R2' U' R' F R U R U' F' U2 B U L U' L' B' U' F R U R' U' F',U2[12275] R[12674] U[12787] R2'[13002] U'[13152] R'[13351] F[13380] R[13479] U[13668] R[13800] U'[13918] F'[14107] U2[15488] B[15755] U[15930] L[16041] U'[16090] L'[16161] B'[16314] U'[16935] F[17091] R[17189] U[17330] R'[17404] U'[17464] F'[17612],false,true,6176,1238,4938,17612,26,26,29,5.27,PLL,U2' R U R' F' R U R' U' R' F R2 U' R',U2'[18354] R[18441] U[18528] R'[18598] F'[18669] R[18720] U[18854] R'[18909] U'[18982] R'[19153] F[19175] R2[19273] U'[19312] R'[19384],false,true,1772,829,943,19384,14,14,16,14.85,,,,,,,,,,,,,,,,,,,,,,,,,,,,83,BL->FR 5,"[FL,BR]->FR 16",6,34,Jb,,
93dcf7f7-a7d7-487b-b81d-ffe5f0f41c5b,2023-09-19 00:20:37 UTC,false,14061,CFOP,Gan Smart Cube,Gan i Carry,Gan 356i,Jacob Pfeifer,false,false,8002,14061,,L[0] B'[209] D[791] R[945] R[1061] B'[1658] U[2214] F[2525] U'[2633] F'[2715] U[2817] F[2919] U'[3102] R[3603] F[3730] R'[3952] R'[4159] F[4284] R[4449] F'[4636] R'[4774] F[4844] F[5071] R[5213] F'[5375] R'[5560] F[5753] R[5993] F[6577] F[6845] F'[7345] L'[7558] F[7729] F'[8008] F[8272] F'[8481] F'[8760] L[8889] F[8980] L'[9173] F'[9272] L[9346] F[9464] L'[9618] F'[9699] L[9761] F'[11076] U'[11578] F'[11666] U[11726] F[11832] U'[11892] F'[11958] U[11999] F[12715] F[12832] U[13141] F[13223] F[13667] U'[13748] F'[13809] U[13910] F'[13999] U'[14061],cube,,Playground,custom_rules,U2 R U' F2 D F D' F2 B L F2 L2 U' R2 L2 D' L2 B2 U2 L2 U,random_state,custom_rules,,,,8,FU,0,0,14061,57,57,64,4.05,5287,8774,"",1,Cross,x L D' F R2 D',x[0] L[0] D'[209] F[791] R2[1061] D'[1658],false,true,1658,0,1658,1658,5,5,6,3.02,F2L Slot 1,B U B' U' B U B' R U R',B[2214] U[2525] B'[2633] U'[2715] B[2817] U[2919] B'[3102] R[3603] U[3730] R'[3952],false,true,2294,556,1738,3952,10,10,10,5.75,F2L Slot 2,R' U R U' R' U2 R U' R' U R,R'[4159] U[4284] R[4449] U'[4636] R'[4774] U2[5071] R[5213] U'[5375] R'[5560] U[5753] R[5993],false,true,2041,207,1834,5993,11,11,12,6.0,F2L Slot 3,U2 U' L' U U' U U2' L U L' U' L U L' U' L,U2[6845] U'[7345] L'[7558] U[7729] U'[8008] U[8272] U2'[8760] L[8889] U[8980] L'[9173] U'[9272] L[9346] U[9464] L'[9618] U'[9699] L[9761],false,true,3768,1565,2203,9761,16,16,18,7.26,F2L Slot 4,U' B' U' B U B' U' B,U'[11076] B'[11578] U'[11666] B[11726] U[11832] B'[11892] U'[11958] B[11999],false,true,2238,1817,421,11999,8,8,8,19.0,OLL,U2 B U2 B' U' B U' B',U2[12832] B[13141] U2[13667] B'[13748] U'[13809] B[13910] U'[13999] B'[14061],false,true,2062,1142,920,14061,8,8,10,8.7,PLL,,"",true,false,0,0,0,14061,0,0,0,0,,,,,,,,,,,,,,,,,,,,,,,,,,,,82,FL->FR 50,"[BL,BR]->FR 37",29,26,Solved,,
a8d3e188-0dd5-4c47-a433-9f261f1379ff,2023-09-19 00:17:28 UTC,false,18201,CFOP,Gan Smart Cube,Gan i Carry,Gan 356i,Jacob Pfeifer,false,false,8174,18201,,U[0] L[154] F'[465] U[717] U[818] F[1260] R'[1457] F'[1585] B'[2016] D'[2471] D'[2775] U'[3927] U[4409] U'[4750] B'[4912] U[4972] U[5077] B[5176] L'[5801] U'[6046] L[6155] U[6392] U[6495] R[6926] U'[7142] R'[7326] U'[8081] L[8600] U'[8851] L'[9096] B[10024] U'[10140] B'[10574] U'[10674] B[10756] U'[10892] B'[10984] U[11035] B[11120] U'[11191] B'[11285] R'[12978] F'[13288] U'[13719] F[13834] U[13967] F'[14111] U'[14213] F[14265] U[14384] R[14659] B[15904] B[15995] D[16245] L'[16364] L'[16691] L[16792] U[16916] L'[17003] U'[17109] L[17221] D'[17371] B[17434] B[17534] R'[17932] U[17970] R[18066] U[18201],cube,,Playground,custom_rules,U L' U' L2 U F' R B' L D B2 U D R2 B2 D F2 U B2 R2 D F2,random_state,custom_rules,,,,8,UF,0,0,18201,61,61,68,3.35,8139,10062,"",0,Cross,U L F' U2 F R' F' B' D2',U[0] L[154] F'[465] U2[818] F[1260] R'[1457] F'[1585] B'[2016] D2'[2775],false,true,2775,0,2775,2775,9,9,11,3.24,F2L Slot 1,U' U U' B' U2 B L' U' L,U'[3927] U[4409] U'[4750] B'[4912] U2[5077] B[5176] L'[5801] U'[6046] L[6155],false,true,3380,2137,1243,6155,9,9,10,7.24,F2L Slot 2,U2 R U' R',U2[6495] R[6926] U'[7142] R'[7326],false,true,1171,771,400,7326,4,4,5,10.0,F2L Slot 3,U' L U' L',U'[8081] L[8600] U'[8851] L'[9096],false,true,1770,1274,496,9096,4,4,4,8.06,F2L Slot 4,B U' B' U' B U' B' U B U' B',B[10024] U'[10140] B'[10574] U'[10674] B[10756] U'[10892] B'[10984] U[11035] B[11120] U'[11191] B'[11285],false,true,2189,928,1261,11285,11,11,11,8.72,OLL,R' F' U' F U F' U' F U R,R'[12978] F'[13288] U'[13719] F[13834] U[13967] F'[14111] U'[14213] F[14265] U[14384] R[14659],false,true,3374,1693,1681,14659,10,10,10,5.95,PLL,B2 D L2' L U L' U' L D' B2 R' U R U,B2[15995] D[16245] L2'[16691] L[16792] U[16916] L'[17003] U'[17109] L[17221] D'[17371] B2[17534] R'[17932] U[17970] R[18066] U[18201],false,true,3542,1336,2206,18201,14,14,17,6.35,,,,,,,,,,,,,,,,,,,,,,,,,,,,4,FL->FR 21,"[BL,BR]->FR 21",1,47,Ga,,
f9183de8-67fd-4202-bce8-ac8b0a41a8c4,2023-09-19 00:18:14 UTC,false,15025,CFOP,Gan Smart Cube,Gan i Carry,Gan 356i,Jacob Pfeifer,false,false,6230,15025,,U[0] F[276] U[455] D[863] L'[1113] D'[1337] D[2117] B[2232] B[2325] D'[2438] B'[2569] B'[2799] L[3207] B[3398] L'[3593] B[4028] B[4114] R'[4556] B[4652] R[4797] B'[5013] D[5669] B'[5931] D'[6084] B'[6362] B'[6636] U[6806] B'[6966] U'[7103] B[7231] R[7919] B'[8182] R'[8369] B[8789] L'[9250] B[9303] B[9392] L[9537] B[9711] L'[9840] B'[10024] L[10061] B[10794] R[11401] B[11504] B[11576] R'[11667] B'[11780] B'[12003] R'[12179] U[12218] R[12331] U'[12519] B'[13193] R[13422] B'[13553] R[13625] B[13821] R[13995] B[14125] R[14244] B'[14366] R'[14501] B'[14573] R[14680] R[14716] B[15025],cube,,Playground,custom_rules,U' R' F R2 F L' D R' F' D R' U2 F2 U' D2 R2 B2 D2 F2 U2 L2 F2,random_state,custom_rules,,,,8,BU,0,0,15025,59,59,67,3.93,5589,9436,"",0,Cross,x' F D F B L' B',x'[0] F[0] D[276] F[455] B[863] L'[1113] B'[1337],false,true,1337,0,1337,1337,6,6,6,4.49,F2L Slot 1,B U2 B' U2' L U L',B[2117] U2[2325] B'[2438] U2'[2799] L[3207] U[3398] L'[3593],false,true,2256,780,1476,3593,7,7,9,4.74,F2L Slot 2,U2 R' U R U' B U' B',U2[4114] R'[4556] U[4652] R[4797] U'[5013] B[5669] U'[5931] B'[6084],false,true,2491,963,1528,6084,8,8,9,5.24,F2L Slot 3,U2' F U' F' U R U' R',U2'[6636] F[6806] U'[6966] F'[7103] U[7231] R[7919] U'[8182] R'[8369],false,true,2285,722,1563,8369,8,8,9,5.12,F2L Slot 4,U L' U2 L U L' U' L,U[8789] L'[9250] U2[9392] L[9537] U[9711] L'[9840] U'[10024] L[10061],false,true,1692,881,811,10061,8,8,9,9.86,OLL,U R U2 R' U2' R' F R F',U[10794] R[11401] U2[11576] R'[11667] U2'[12003] R'[12179] F[12218] R[12331] F'[12519],false,true,2458,1340,1118,12519,9,9,11,8.05,PLL,U' R U' R U R U R U' R' U' R2 U,U'[13193] R[13422] U'[13553] R[13625] U[13821] R[13995] U[14125] R[14244] U'[14366] R'[14501] U'[14573] R2[14716] U[15025],false,true,2506,903,1603,15025,13,13,14,8.11,,,,,,,,,,,,,,,,,,,,,,,,,,,,19,BR->FR 46,"[BL,BR]->FR 60",4,8,Ua,,
f6cc52cd-d6d9-418b-b5e2-b1958d2ebc2a,2023-09-19 00:23:27 UTC,false,15927,CFOP,Gan Smart Cube,Gan i Carry,Gan 356i,Jacob Pfeifer,false,false,16955,15927,,B[0] R'[178] B[304] R'[592] F'[777] F'[910] R'[1278] D[1538] D[1642] R[1989] F'[2308] R[2368] F[2489] R[2623] F'[2780] R[2881] F[2979] R[3200] R[3305] D'[3867] R[3966] D[4237] R'[4955] R[5203] F[5900] R[6008] R[6098] F'[6215] R[6433] F[6714] R'[6957] F'[7056] R[7304] R[7406] F'[7715] R[7803] R[7878] F[7957] R'[8162] D[8903] R[9106] D'[9373] U[10394] R[10518] U'[10640] R[10856] U[10985] U'[11292] R'[11356] R[11615] R'[11649] U'[11780] B[11827] U[11921] B'[12126] R[12821] U[13016] R[13124] U'[13177] R[13210] U[13388] R[13476] R[13539] U'[13580] R'[14270] R'[14464] U[14571] R[14651] U'[14722] B'[14801] U[14848] R[14997] U'[15035] R'[15137] U'[15320] B[15367] U[15445] U[15490] R'[15543] U'[15654] R[15927],cube,,Playground,custom_rules,R F D' B2 R F2 U2 B2 U' R' F2 L2 D2 B2 D F2 U' F2 U2 B2 U L2,random_state,custom_rules,,,,8,RU,0,0,15927,72,72,81,4.52,5890,10037,"",0,Cross,z' B U' B U' F2' U' R2,z'[0] B[0] U'[178] B[304] U'[592] F2'[910] U'[1278] R2[1642],false,true,1642,0,1642,1642,7,7,9,4.26,F2L Slot 1,U F' U F U F' U F U2 R' U R,U[1989] F'[2308] U[2368] F[2489] U[2623] F'[2780] U[2881] F[2979] U2[3305] R'[3867] U[3966] R[4237],false,true,2595,666,1929,4237,12,12,13,6.22,F2L Slot 2,U' U F U2 F' U F U' F',U'[4955] U[5203] F[5900] U2[6098] F'[6215] U[6433] F[6714] U'[6957] F'[7056],false,true,2819,1663,1156,7056,9,9,10,7.79,F2L Slot 3,U2 F' U2 F U' R U R',U2[7406] F'[7715] U2[7878] F[7957] U'[8162] R[8903] U[9106] R'[9373],false,true,2317,659,1658,9373,8,8,10,4.83,F2L Slot 4,L U L' U L L' U' U U' L' B L B',L[10394] U[10518] L'[10640] U[10856] L[10985] L'[11292] U'[11356] U[11615] U'[11649] L'[11780] B[11827] L[11921] B'[12126],false,true,2753,1021,1732,12126,13,13,13,7.51,OLL,U L U L' U L U2 L',U[12821] L[13016] U[13124] L'[13177] U[13210] L[13388] U2[13539] L'[13580],false,true,1454,890,564,13580,8,8,9,14.18,PLL,U2' L U L' B' L U L' U' L' B L2 U' L' U,U2'[14464] L[14571] U[14651] L'[14722] B'[14801] L[14848] U[14997] L'[15035] U'[15137] L'[15320] B[15367] L2[15490] U'[15543] L'[15654] U[15927],false,true,2347,991,1356,15927,15,15,17,11.06,,,,,,,,,,,,,,,,,,,,,,,,,,,,22,BL->FR 13,"[FL,BR]->FR 2",7,27,Jb,,
454b54c5-5954-4049-a76e-0cb11a85e206,2023-09-19 00:24:09 UTC,false,16889,CFOP,Gan Smart Cube,Gan i Carry,Gan 356i,Jacob Pfeifer,false,false,8287,16889,,U'[0] B[108] R[541] F[686] R[945] F[1115] F[1253] D'[2330] F'[2441] R[2521] F[2609] D[3784] F'[4242] D[4337] F[4464] D'[4568] F'[4701] D'[4844] F[5069] L'[6085] D[6149] L[6396] R'[8105] D'[8268] R[8340] R[8584] D'[8725] R'[8815] D'[9030] R[9292] D'[9477] R'[9591] D[9661] B'[9952] D'[10044] B[10103] D'[10721] D'[10947] F'[11275] B[11419] R'[11501] F'[11643] R'[11820] F[11881] R[12048] F[12124] D'[12364] F'[12649] D[12693] F[12971] B'[13020] D'[13942] B'[14174] D[14225] D[14297] B'[14392] D'[14660] R'[14932] B'[15049] R[15084] R[15150] D'[15216] R'[15319] D[15359] R'[15479] B[15580] R[15678] D'[15760] B[16224] D[16815] D[16889],cube,,Playground,custom_rules,L B2 U F' D' L B D' F' R2 U' F2 D F2 D F2 D2 R2 D' R2 L2 D',random_state,custom_rules,,,,8,DB,0,0,16889,63,65,71,3.73,7072,9817,"",0,Cross,z2 D' B L F L F2 U' F' L F,z2[0] D'[0] B[108] L[541] F[686] L[945] F2[1253] U'[2330] F'[2441] L[2521] F[2609],false,true,2609,0,2609,2609,10,10,11,3.83,F2L Slot 1,U F' U F U' F' U' F,U[3784] F'[4242] U[4337] F[4464] U'[4568] F'[4701] U'[4844] F[5069],false,true,2460,1633,827,5069,8,8,8,9.67,F2L Slot 2,R' U R,R'[6085] U[6149] R[6396],false,true,1327,1016,311,6396,3,3,3,9.65,F2L Slot 3,L' U' L,L'[8105] U'[8268] L[8340],false,true,1944,1709,235,8340,3,3,3,12.77,F2L Slot 4,L U' L' U' L U' L' U B' U' B,L[8584] U'[8725] L'[8815] U'[9030] L[9292] U'[9477] L'[9591] U[9661] B'[9952] U'[10044] B[10103],false,true,1763,244,1519,10103,11,11,11,7.24,OLL,U2' S U' F' U' F U F R' F' R S',U2'[10947] S[11419] U'[11501] F'[11643] U'[11820] F[11881] U[12048] F[12124] R'[12364] F'[12649] R[12693] S'[13020],false,true,2917,1316,1601,13020,12,14,15,7.5,PLL,U' B' U2 B' U' L' B' L2 U' L' U L' B L U' B U2,U'[13942] B'[14174] U2[14297] B'[14392] U'[14660] L'[14932] B'[15049] L2[15150] U'[15216] L'[15319] U[15359] L'[15479] B[15580] L[15678] U'[15760] B[16224] U2[16889],false,true,3869,1154,2715,16889,17,17,20,6.26,,,,,,,,,,,,,,,,,,,,,,,,,,,,6,FL->FR 5,"[BL,BR]->FR 12",41,30,F,,
29f0d904-f2ea-4d5f-b235-1f1396694558,2023-09-19 00:24:51 UTC,false,16080,CFOP,Gan Smart Cube,Gan i Carry,Gan 356i,Jacob Pfeifer,false,false,11062,16080,,F[0] B[104] D[437] F[648] F[775] L[1287] B'[1605] L[1708] B[1876] L[2083] F'[2326] L'[2549] F[2749] L[3059] L[3193] D'[3668] L[3738] D[3872] L'[4091] F[4458] L[4579] F'[4894] L[5304] B'[5906] L[5992] B[6111] L'[6405] D[6701] L[6937] D'[7402] L[8983] B[9249] L'[9359] B'[9478] L[9545] U'[9779] L'[9903] U[9964] L[10601] U'[11347] F[11399] U[11509] L[11645] U'[11734] F'[11878] U[11967] F[12228] L'[12445] F'[12586] L[13116] U'[14174] F[14288] U'[14440] B[14548] B[15026] U[15211] F'[15322] U'[15446] B[15529] B[15711] U[15855] U[15930] L[16009] L[16080],cube,,Playground,custom_rules,F U2 L F' U' B' D' L' F U' D F2 L2 U' R2 U F2 R2 F2 R2 F2,random_state,custom_rules,,,,8,LU,0,0,16080,58,58,64,3.61,7579,8501,"",0,Cross,z F B L F2,z[0] F[0] B[104] L[437] F2[775],false,true,775,0,775,775,4,4,5,5.16,F2L Slot 1,U B' U B U F' U' F,U[1287] B'[1605] U[1708] B[1876] U[2083] F'[2326] U'[2549] F[2749],false,true,1974,830,1144,2749,8,8,8,6.99,F2L Slot 2,U2 L' U L U' F U F',U2[3193] L'[3668] U[3738] L[3872] U'[4091] F[4458] U[4579] F'[4894],false,true,2145,919,1226,4894,8,8,9,6.53,F2L Slot 3,U B' U B U' L U L',U[5304] B'[5906] U[5992] B[6111] U'[6405] L[6701] U[6937] L'[7402],false,true,2508,1012,1496,7402,8,8,8,5.35,F2L Slot 4,U B U' B' U R' U' R,U[8983] B[9249] U'[9359] B'[9478] U[9545] R'[9779] U'[9903] R[9964],false,true,2562,1847,715,9964,8,8,8,11.19,OLL,U R' F R U R' F' R F U' F',U[10601] R'[11347] F[11399] R[11509] U[11645] R'[11734] F'[11878] R[11967] F[12228] U'[12445] F'[12586],false,true,2622,1383,1239,12586,11,11,11,8.88,PLL,U R' F R' B2 R F' R' B2 R2 U2,U[13116] R'[14174] F[14288] R'[14440] B2[15026] R[15211] F'[15322] R'[15446] B2[15711] R2[15930] U2[16080],false,true,3494,1588,1906,16080,11,11,15,5.77,,,,,,,,,,,,,,,,,,,,,,,,,,,,6,BR->FR 8,"[BL,BR]->FR 8",18,14,Aa,,
8a2a0418-94f7-4d7c-8d11-eae0f6115c2c,2023-09-19 00:19:56 UTC,false,21269,CFOP,Gan Smart Cube,Gan i Carry,Gan 356i,Jacob Pfeifer,false,false,7072,21269,,D'[0] F'[197] R[266] D'[589] L[1076] B[1417] B[1524] D[2604] D[2746] D'[3161] F'[4106] D[4190] F[4323] D'[4632] B[4734] D[4920] B'[5149] D'[5273] D'[5778] R[5920] D[6079] R'[6587] D'[7902] L[8343] D[8616] L'[9048] D[9288] L[9484] D'[9772] L'[9910] D'[10355] B[11562] D'[11750] B'[11896] D'[13218] D'[13559] D'[13777] F[13904] D'[14015] F'[14125] D[14232] F[14362] D'[14443] F'[14525] D[15591] L'[16231] D'[16550] F'[16751] D[16816] F[16929] R[17189] L[18056] R'[18099] F'[19316] D[19404] D[19474] F[19539] D'[19661] D'[19877] F'[20368] R[20420] F[20522] D[20644] F'[20715] D'[20807] F'[21001] R'[21099] F[21165] F[21208] D'[21269],cube,,Playground,custom_rules,D' R' L2 D' R2 U2 D' F2 B R' U B2 L2 F2 R2 U' F2 U F2 U B2 U2,random_state,custom_rules,,,,8,DB,0,0,21269,61,62,70,2.87,10921,10348,"",0,Cross,z2 U' F' L U' R B2,z2[0] U'[0] F'[197] L[266] U'[589] R[1076] B2[1524],false,true,1524,0,1524,1524,6,6,7,3.94,F2L Slot 1,U2 U' F' U F U' B U B' U2' L U L',U2[2746] U'[3161] F'[4106] U[4190] F[4323] U'[4632] B[4734] U[4920] B'[5149] U2'[5778] L[5920] U[6079] L'[6587],false,true,5063,2582,2481,6587,13,13,15,5.24,F2L Slot 2,U' R U R' U R U' R',U'[7902] R[8343] U[8616] R'[9048] U[9288] R[9484] U'[9772] R'[9910],false,true,3323,1756,1567,9910,8,8,8,5.11,F2L Slot 3,U' B U' B',U'[10355] B[11562] U'[11750] B'[11896],false,true,1986,1652,334,11896,4,4,4,11.98,F2L Slot 4,U3' F U' F' U F U' F',U3'[13777] F[13904] U'[14015] F'[14125] U[14232] F[14362] U'[14443] F'[14525],false,true,2629,2008,621,14525,8,8,10,12.88,OLL,U R' U' F' U F L M x,U[15591] R'[16231] U'[16550] F'[16751] U[16816] F[16929] L[17189] M[18099] x[18707],false,true,3574,1706,1868,18099,8,9,9,4.28,PLL,F' U2 F U2' F' L F U F' U' F' L' F2 U',F'[19316] U2[19474] F[19539] U2'[19877] F'[20368] L[20420] F[20522] U[20644] F'[20715] U'[20807] F'[21001] L'[21099] F2[21208] U'[21269],false,true,3170,1217,1953,21269,14,14,17,7.17,,,,,,,,,,,,,,,,,,,,,,,,,,,,45,BL->FR 7,"[FL,BR]->FR 21",26,43,Rb,,
deb12a90-c2a4-4e4a-ac59-52678feb2d52,2023-09-19 00:21:32 UTC,false,19201,CFOP,Gan Smart Cube,Gan i Carry,Gan 356i,Jacob Pfeifer,false,false,7982,19201,,F[0] R[213] B'[564] D'[1188] D'[1549] L[1928] U'[2662] F[3046] U'[3213] F'[3410] U[3483] U[3576] F[3766] U'[3963] F'[4144] U[4534] U[4647] B'[4960] U'[5205] B[5297] F'[5632] U[5748] F[5991] U'[6279] L[6666] U'[6832] L'[7008] U[7097] U[7200] L[7301] U'[7468] L'[7649] U'[8839] U'[9145] R'[9450] U'[9689] R[9735] U[9951] U[10296] B[10449] U'[10556] B'[10659] U[11229] U[11314] L[11591] U[12043] F[12145] U'[12206] F'[12281] L'[12417] R[12648] B[12781] U[13113] B'[13184] U'[13260] R'[13386] U[14315] U'[14954] U[15274] U'[15758] B[17148] U'[17269] B[17383] U[17602] B[17780] U[17922] B[18078] U'[18209] B'[18679] U'[18851] B[18961] B[19020] U'[19201],cube,,Playground,custom_rules,U L F2 U2 B' D' B2 L' D' F' R2 L2 D F2 B2 D2 L2 F2 B2 U F2 R2,random_state,custom_rules,,,,8,UF,0,0,19201,64,65,73,3.33,9104,10097,"",0,Cross,F R B' D2' L,F[0] R[213] B'[564] D2'[1549] L[1928],false,true,1928,0,1928,1928,5,5,6,2.59,F2L Slot 1,U' F U' F' U2 F U' F',U'[2662] F[3046] U'[3213] F'[3410] U2[3576] F[3766] U'[3963] F'[4144],false,true,2216,1118,1098,4144,8,8,9,7.29,F2L Slot 2,U2 B' U' B F' U F,U2[4647] B'[4960] U'[5205] B[5297] F'[5632] U[5748] F[5991],false,true,1847,816,1031,5991,7,7,8,6.79,F2L Slot 3,U' L U' L' U2 L U' L',U'[6279] L[6666] U'[6832] L'[7008] U2[7200] L[7301] U'[7468] L'[7649],false,true,1658,675,983,7649,8,8,9,8.14,F2L Slot 4,U2' R' U' R U2 B U' B',U2'[9145] R'[9450] U'[9689] R[9735] U2[10296] B[10449] U'[10556] B'[10659],false,true,3010,1801,1209,10659,8,8,10,6.62,OLL,U2 L U F U' F' M U F U' F' R' x,U2[11314] L[11591] U[12043] F[12145] U'[12206] F'[12281] M[12648] U[12781] F[13113] U'[13184] F'[13260] R'[13386] x[13850],false,true,2727,932,1795,13386,12,13,14,6.69,PLL,U U' U U' B U' B U B U B U' B' U' B2 U',U[14315] U'[14954] U[15274] U'[15758] B[17148] U'[17269] B[17383] U[17602] B[17780] U[17922] B[18078] U'[18209] B'[18679] U'[18851] B2[19020] U'[19201],false,true,5815,3762,2053,19201,16,16,17,7.79,,,,,,,,,,,,,,,,,,,,,,,,,,,,51,FL->FR 11,"[BL,BR]->FR 39",26,22,Ua,,
07f3f812-3149-4ec5-979d-538bee0aa6bc,2023-09-19 00:22:35 UTC,false,17188,CFOP,Gan Smart Cube,Gan i Carry,Gan 356i,Jacob Pfeifer,false,false,30490,17188,,L'[0] F'[104] L'[269] U[454] R[1097] B'[1766] D[1987] F'[3161] U'[3619] F'[3891] U[4010] F[4430] U'[4628] F'[4763] U[4841] L'[5399] F'[5707] L[5791] F'[6340] F'[7231] U'[7741] F'[7909] U[8017] F[8213] R[8750] F[8978] R'[9250] F[9933] L[10147] F'[10358] L'[10613] F[11177] F'[11342] R'[11490] F[11552] R[11661] F'[12452] D[12684] F[12903] R[13019] F'[13074] R'[13157] D'[13302] F'[13457] U[13614] L[13768] F[13872] L'[13937] F'[14012] U'[14163] F'[15114] F'[15344] L[15429] F[15549] L'[15607] U[16165] U[16223] B'[16420] R[16502] F'[16602] R'[16722] F[16752] R'[16819] B[17038] U[17151] U[17188],cube,,Playground,custom_rules,B2 R2 F' U2 F R U L D2 F' L2 F2 R2 F2 D' L2 U L2 D2 L2 F2 R2,random_state,custom_rules,,,,8,FU,0,0,17188,63,63,66,3.67,7645,9543,"",0,Cross,x L' U' L' B R D' F,x[0] L'[0] U'[104] L'[269] B[454] R[1097] D'[1766] F[1987],false,true,1987,0,1987,1987,7,7,7,3.52,F2L Slot 1,U' B' U' B U B' U' B L' U' L,U'[3161] B'[3619] U'[3891] B[4010] U[4430] B'[4628] U'[4763] B[4841] L'[5399] U'[5707] L[5791],false,true,3804,1632,2172,5791,11,11,11,5.06,F2L Slot 2,U' U' B' U' B U R U R',U'[6340] U'[7231] B'[7741] U'[7909] B[8017] U[8213] R[8750] U[8978] R'[9250],false,true,3459,1950,1509,9250,9,9,9,5.96,F2L Slot 3,U L U' L',U[9933] L[10147] U'[10358] L'[10613],false,true,1363,897,466,10613,4,4,4,8.58,F2L Slot 4,U U' R' U R,U[11177] U'[11342] R'[11490] U[11552] R[11661],false,true,1048,877,171,11661,5,5,5,29.24,OLL,U' F U R U' R' F' U' B L U L' U' B',U'[12452] F[12684] U[12903] R[13019] U'[13074] R'[13157] F'[13302] U'[13457] B[13614] L[13768] U[13872] L'[13937] U'[14012] B'[14163],false,true,2502,1023,1479,14163,14,14,14,9.47,PLL,U2' L U L' B2 D' R U' R' U R' D B2,U2'[15344] L[15429] U[15549] L'[15607] B2[16223] D'[16420] R[16502] U'[16602] R'[16722] U[16752] R'[16819] D[17038] B2[17188],false,true,3025,1266,1759,17188,13,13,16,7.39,,,,,,,,,,,,,,,,,,,,,,,,,,,,142,FL->FR 95,"[BL,BR]->FR 21",5,3,Gd,,
ce245e04-361f-4ad5-81f3-ae62b918af77,2023-09-19 00:26:37 UTC,false,17788,CFOP,Gan Smart Cube,Gan i Carry,Gan 356i,Jacob Pfeifer,false,false,53138,17788,,R'[0] F[480] R[682] D[1680] L'[2164] F'[2638] D[2971] R'[3193] R'[4339] U[4435] R[4548] U[4818] U[4936] B'[5296] U'[5569] B[5612] U[5958] F[6309] U'[6474] F'[6627] U[6719] F[7006] U[7197] F'[7377] U[7604] U[7731] U'[8030] R[8626] U'[8780] R'[8945] U[9012] R'[9148] U'[9243] R[9330] R[10012] U'[10126] R'[10222] U'[10425] R[10560] U'[10666] R'[10777] U[10839] F'[11103] U'[11175] F[11250] U'[12092] B'[12302] F[12426] R[12588] F[12755] R[12869] F'[12940] R'[13063] F'[13275] F[13437] B[13579] F'[13587] F'[13746] L[13782] F[13953] L'[14197] U[15073] B[15344] U[15496] U[15572] B'[15738] U[15860] U[15908] B[15992] L'[16129] B'[16251] U'[16351] B[16380] U[16831] B[16977] L[17295] B'[17370] B'[17464] U[17737] U[17788],cube,,Playground,custom_rules,U2 R U2 L D2 L' F' D' R F2 U' L2 U2 D' F2 B2 D F2 R2 F2 L2 D',random_state,custom_rules,,,,8,UF,0,0,17788,71,73,80,3.99,6097,11691,"",0,Cross,R' F R D L' F' D R',R'[0] F[480] R[682] D[1680] L'[2164] F'[2638] D[2971] R'[3193],false,true,3193,0,3193,3193,8,8,8,2.51,F2L Slot 1,R' U R U2 B' U' B,R'[4339] U[4435] R[4548] U2[4936] B'[5296] U'[5569] B[5612],false,true,2419,1146,1273,5612,7,7,8,5.5,F2L Slot 2,U F U' F' U F U F',U[5958] F[6309] U'[6474] F'[6627] U[6719] F[7006] U[7197] F'[7377],false,true,1765,697,1068,7377,8,8,8,7.49,F2L Slot 3,U2 U' R U' R' U R' U' R,U2[7731] U'[8030] R[8626] U'[8780] R'[8945] U[9012] R'[9148] U'[9243] R[9330],false,true,1953,1249,704,9330,9,9,10,12.78,F2L Slot 4,R U' R' U' R U' R' U F' U' F,R[10012] U'[10126] R'[10222] U'[10425] R[10560] U'[10666] R'[10777] U[10839] F'[11103] U'[11175] F[11250],false,true,1920,682,1238,11250,11,11,11,8.89,OLL,U' S' U F U F' U' F' F S F' L F L',U'[12092] S'[12426] U[12588] F[12755] U[12869] F'[12940] U'[13063] F'[13275] F[13437] S[13587] F'[13746] L[13782] F[13953] L'[14197],false,true,2947,1176,1771,14197,14,16,16,7.91,PLL,U B U2 B' U2 B L' B' U' B U B L B2' U2,U[15073] B[15344] U2[15572] B'[15738] U2[15908] B[15992] L'[16129] B'[16251] U'[16351] B[16380] U[16831] B[16977] L[17295] B2'[17464] U2[17788],false,true,3591,1147,2444,17788,15,15,19,6.14,,,,,,,,,,,,,,,,,,,,,,,,,,,,6,FL->FR 20,"[BL,BR]->FR 23",41,19,Ra,,
6838880a-0ab5-42ce-a00e-6f2f4d70f5a8,2023-09-19 00:28:32 UTC,false,17738,CFOP,Gan Smart Cube,Gan i Carry,Gan 356i,Jacob Pfeifer,false,false,28204,17738,,U[0] R'[247] R'[373] U[635] L[920] U[1317] D[1853] D[2724] B'[3157] D[3381] L[3845] D'[4026] L'[4235] D'[5122] R'[5282] D[5389] R[5497] B[5881] D[6042] B'[6309] D[7799] D[7936] D[8248] B'[8517] D[8657] D[8750] B[8860] D[9036] B'[9302] D'[9619] B[9712] D'[10542] F[10762] D[10875] F'[10974] D'[11135] D'[11482] R'[11588] D[11642] R[11753] R[13483] F[13728] L'[14038] F[14079] L[14180] F'[14312] L'[14422] F[14488] L[14562] F[14816] F[14903] R'[14994] L'[16318] F[16416] L'[16575] B[16688] B[16862] L[17028] F'[17185] L'[17299] B[17362] B[17557] L[17690] L[17738],cube,,Playground,custom_rules,U D2 L2 U' B' U R U R2 F L2 U' F2 R2 L2 U' B2 R2 D B2 D2 L2,random_state,custom_rules,,,,8,DB,0,0,17738,55,55,64,3.1,8047,9691,"",0,Cross,z2 D L2' D R D U U B',z2[0] D[0] L2'[373] D[635] R[920] D[1317] U[1853] U[2724] B'[3157],false,true,3157,0,3157,3157,8,8,9,2.53,F2L Slot 1,U R U' R',U[3381] R[3845] U'[4026] R'[4235],false,true,1078,688,390,4235,4,4,4,10.26,F2L Slot 2,U' L' U L B U B',U'[5122] L'[5282] U[5389] L[5497] B[5881] U[6042] B'[6309],false,true,2074,1047,1027,6309,7,7,7,6.82,F2L Slot 3,U3 B' U2 B U B' U' B,U3[8248] B'[8517] U2[8750] B[8860] U[9036] B'[9302] U'[9619] B[9712],false,true,3403,2208,1195,9712,8,8,11,6.69,F2L Slot 4,U' F U F' U2' L' U L,U'[10542] F[10762] U[10875] F'[10974] U2'[11482] L'[11588] U[11642] L[11753],false,true,2041,1050,991,11753,8,8,9,8.07,OLL,L F R' F R F' R' F R F2 L',L[13483] F[13728] R'[14038] F[14079] R[14180] F'[14312] R'[14422] F[14488] R[14562] F2[14903] L'[14994],false,true,3241,1730,1511,14994,11,11,12,7.28,PLL,R' F R' B2 R F' R' B2 R2,R'[16318] F[16416] R'[16575] B2[16862] R[17028] F'[17185] R'[17299] B2[17557] R2[17738],false,true,2744,1324,1420,17738,9,9,12,6.34,,,,,,,,,,,,,,,,,,,,,,,,,,,,21,FL->FR 3,"[FL,BL]->FR 4",30,54,Aa,,
73a975bf-3b47-4795-a7e7-4cc4cd23addd,2023-09-19 00:27:33 UTC,false,20269,CFOP,Gan Smart Cube,Gan i Carry,Gan 356i,Jacob Pfeifer,false,false,21802,20269,,U[0] L'[301] F'[573] B[799] U'[988] B'[1141] L'[1554] L'[1809] F[1972] R'[2220] F'[2382] R'[2548] D'[2955] R[3038] D[3301] R'[3914] R[4521] R[4603] D[4905] R'[5348] D'[5476] U[5764] R'[6018] U'[6211] R'[7747] R'[8052] R'[9135] R'[9787] R'[10032] D[10142] R[10269] D'[10410] R[10518] D[10696] R'[10813] D'[10939] R[11491] R'[11704] F[12187] R[12253] R[12324] F'[12535] R[12581] U'[12851] R'[12944] U[13012] R'[13806] R'[14343] D'[14561] F'[14686] D[14842] U'[14853] R'[15045] U[15142] R[15225] D'[15414] F[15467] D[15581] R[17170] U[17428] F'[17533] U[17635] B[17808] B[18184] U'[18731] F[18800] U[19325] B[19550] B[19819] U'[19985] U'[20128] R'[20269],cube,,Playground,custom_rules,D2 B L2 D L B' D L2 B' R D' F2 U B2 U' R2 U' F2 L2 F2 D L2,random_state,custom_rules,,,,8,RU,0,0,20269,59,62,72,2.91,10342,9927,"",0,Cross,z2 D R' S L' B' D2',z2[0] D[0] R'[301] S[799] L'[988] B'[1141] D2'[1809],false,true,1809,0,1809,1809,6,7,8,3.32,F2L Slot 1,F U' F' U' R' U R,F[1972] U'[2220] F'[2382] U'[2548] R'[2955] U[3038] R[3301],false,true,1492,163,1329,3301,7,7,7,5.27,F2L Slot 2,U' U2 R U' M' B' L' x',U'[3914] U2[4603] R[4905] U'[5348] M'[5764] B'[6018] L'[6211] x'[6979],false,true,2910,1604,1306,6211,7,8,9,5.36,F2L Slot 3,U2' U3' R U R' U R U' R',U2'[8052] U3'[10032] R[10142] U[10269] R'[10410] U[10518] R[10696] U'[10813] R'[10939],false,true,4728,3931,797,10939,9,9,12,11.29,F2L Slot 4,U U' F U2 F' U L' U' L,U[11491] U'[11704] F[12187] U2[12324] F'[12535] U[12581] L'[12851] U'[12944] L[13012],false,true,2073,1248,825,13012,9,9,10,10.91,OLL,U2' R' F' M F' L F R' D R x,U2'[14343] R'[14561] F'[14686] M[14853] F'[15045] L[15142] F[15225] R'[15414] D[15467] R[15581] x[16375],false,true,2569,1549,1020,15581,10,11,12,9.8,PLL,U L F' L B2 L' F L B2 L2' U',U[17170] L[17428] F'[17533] L[17635] B2[18184] L'[18731] F[18800] L[19325] B2[19819] L2'[20128] U'[20269],false,true,4688,1847,2841,20269,11,11,14,3.87,,,,,,,,,,,,,,,,,,,,,,,,,,,,112,FL->FR 93,"[BL,BR]->FR 7",24,15,Ab,,
d6765584-53e1-4055-8bc9-75235051a9c9,2023-09-19 00:29:27 UTC,false,14254,CFOP,Gan Smart Cube,Gan i Carry,Gan 356i,Jacob Pfeifer,false,false,24830,14254,,F[0] L[195] L[300] D[600] B[1261] L'[3133] U[3193] L[3644] U'[3947] B'[4362] U[4504] B[4663] F[4838] U'[5054] F'[5221] R'[5673] U'[5825] R[6098] U'[6453] L'[6705] U[6785] U[6873] L[7010] U[7226] F'[7676] U[7785] F[8027] U'[8188] F[8371] U[8461] U[8541] F'[8607] U'[8705] F[8762] U[8843] F'[8916] L'[9828] B[9905] L[10012] F'[10102] L'[10212] B'[10400] L[10455] F[10541] U[11675] U[11836] F[12189] F[12275] D'[12518] L[12609] U'[12681] L[12883] U[13210] L'[13338] D[13536] F[13680] F[13735] R[14102] U'[14186] R'[14254],cube,,Playground,custom_rules,F L2 B2 L D L' F2 U2 L' B' L2 F2 R2 D' F2 R2 U2 R2 F2 R2 D B2,random_state,custom_rules,,,,8,UF,0,0,14254,54,54,60,3.79,5644,8610,"",0,Cross,F L2 D B,F[0] L2[300] D[600] B[1261],false,true,1261,0,1261,1261,4,4,5,3.17,F2L Slot 1,L' U L U' B' U B,L'[3133] U[3193] L[3644] U'[3947] B'[4362] U[4504] B[4663],false,true,3402,1872,1530,4663,7,7,7,4.58,F2L Slot 2,F U' F' R' U' R,F[4838] U'[5054] F'[5221] R'[5673] U'[5825] R[6098],false,true,1435,175,1260,6098,6,6,6,4.76,F2L Slot 3,U' L' U2 L U F' U F,U'[6453] L'[6705] U2[6873] L[7010] U[7226] F'[7676] U[7785] F[8027],false,true,1929,607,1322,8027,8,8,9,6.05,F2L Slot 4,U' F U2 F' U' F U F',U'[8188] F[8371] U2[8541] F'[8607] U'[8705] F[8762] U[8843] F'[8916],false,true,889,344,545,8916,8,8,9,14.68,OLL,L' B L F' L' B' L F,L'[9828] B[9905] L[10012] F'[10102] L'[10212] B'[10400] L[10455] F[10541],false,true,1625,912,713,10541,8,8,8,11.22,PLL,U2 F2 D' L U' L U L' D F2 R U' R',U2[11836] F2[12275] D'[12518] L[12609] U'[12681] L[12883] U[13210] L'[13338] D[13536] F2[13735] R[14102] U'[14186] R'[14254],false,true,3713,1734,1979,14254,13,13,16,6.57,,,,,,,,,,,,,,,,,,,,,,,,,,,,83,BR->FR 23,"[BL,BR]->FR 17",19,25,Gc,,
